Block,Floor,FloorLevel,Room,Size,Size_Category,Price,AvgPrice,Date,Direction,View,Distance,View_Score
49,11,Mid,A,284,Small_Unit,4600000,16197,17/7/2026,North West,8. Normal (Poor Direction - N/W),220.0,4.5
9,10,Low,A,451,Middle_Unit,6140000,13614,17/7/2026,North West,8. Normal (Poor Direction - N/W),600.0,4.5
27,16,Mid,D,688,Large_Unit,8750000,12718,17/7/2026,West,10. Poor Street (Busy Road),450.0,2.0
9,19,Mid,H,327,Small_Unit,4900000,14985,16/7/2026,North East,6. Normal (Good Direction - S/E),600.0,6.0
43,5,Low,C,304,Small_Unit,3980000,13092,16/7/2026,South,6. Normal (Good Direction - S/E),220.0,6.0
44,12,Mid,C,304,Small_Unit,4560000,15000,16/7/2026,South,6. Normal (Good Direction - S/E),150.0,6.0
39,22,Mid,G,304,Small_Unit,4700000,15461,15/7/2026,North,10. Poor Street (Busy Road),180.0,2.0
48,22,Mid,G,304,Small_Unit,4800000,15789,15/7/2026,North,10. Poor Street (Busy Road),200.0,2.0
24,26,High,D,326,Small_Unit,4960000,15215,15/7/2026,West,10. Poor Street (Busy Road),380.0,2.0
17,21,Mid,H,327,Small_Unit,4780000,14618,14/7/2026,North East,6. Normal (Good Direction - S/E),520.0,6.0
45,21,Mid,B,284,Small_Unit,4100000,14437,14/7/2026,West,9. Poor Close (Wall View),150.0,3.0
41,32,High,D,304,Small_Unit,5000000,16447,10/7/2026,South,6. Normal (Good Direction - S/E),220.0,6.0
52,19,Mid,G,304,Small_Unit,4760000,15658,10/7/2026,North East,6. Normal (Good Direction - S/E),280.0,6.0
36,15,Mid,G,307,Small_Unit,4295000,13990,9/7/2026,West,10. Poor Street (Busy Road),300.0,2.0
26,1,Low,G,326,Small_Unit,4380000,13436,9/7/2026,East,10. Poor Street (Busy Road),420.0,2.0
50,6,Low,B,284,Small_Unit,4260000,15000,6/7/2026,North West,8. Normal (Poor Direction - N/W),250.0,4.5
19,4,Low,D,327,Small_Unit,4820000,14740,6/7/2026,South West,6. Normal (Good Direction - S/E),550.0,6.0
49,9,Low,H,304,Small_Unit,4760000,15658,3/7/2026,North East,6. Normal (Good Direction - S/E),220.0,6.0
43,30,High,F,284,Small_Unit,4690000,16514,3/7/2026,East,9. Poor Close (Wall View),220.0,3.0
2,5,Low,G,327,Small_Unit,5050000,15443,3/7/2026,North East,2. Premium (Full River - West/Sun),680.0,8.5
37,9,Low,G,304,Small_Unit,4460000,14671,29/6/2026,North,5. Good Internal (Pool/Garden/Mall),150.0,6.5
30,21,Mid,C,327,Small_Unit,4688900,14339,29/6/2026,West,10. Poor Street (Busy Road),420.0,2.0
52,25,Mid,E,284,Small_Unit,4200000,14789,26/6/2026,South East,6. Normal (Good Direction - S/E),280.0,6.0
45,30,High,D,304,Small_Unit,4300000,14145,26/6/2026,South,6. Normal (Good Direction - S/E),150.0,6.0
46,24,Mid,E,284,Small_Unit,4680000,16479,26/6/2026,East,9. Poor Close (Wall View),180.0,3.0
36,34,High,C,307,Small_Unit,4800000,15635,26/6/2026,East,6. Normal (Good Direction - S/E),300.0,6.0
37,32,High,H,304,Small_Unit,4900000,16118,25/6/2026,North,5. Good Internal (Pool/Garden/Mall),150.0,6.5
30,14,Mid,C,327,Small_Unit,4920000,15046,25/6/2026,West,10. Poor Street (Busy Road),420.0,2.0
45,22,Mid,B,284,Small_Unit,4510000,15880,23/6/2026,West,9. Poor Close (Wall View),150.0,3.0
51,26,High,D,304,Small_Unit,4800000,15789,22/6/2026,South West,6. Normal (Good Direction - S/E),280.0,6.0
32,26,High,E,451,Middle_Unit,6700000,14856,22/6/2026,North,10. Poor Street (Busy Road),380.0,2.0
21,24,Mid,D,327,Small_Unit,3980000,12171,20/6/2026,South West,6. Normal (Good Direction - S/E),500.0,6.0
40,21,Mid,H,304,Small_Unit,4480000,14737,20/6/2026,North,10. Poor Street (Busy Road),200.0,2.0
50,9,Low,F,284,Small_Unit,3993000,14060,15/6/2026,South East,6. Normal (Good Direction - S/E),250.0,6.0
24,14,Mid,G,326,Small_Unit,4900000,15031,15/6/2026,South,10. Poor Street (Busy Road),380.0,2.0
43,13,Mid,E,284,Small_Unit,4100000,14437,15/6/2026,East,9. Poor Close (Wall View),220.0,3.0
10,9,Low,A,451,Middle_Unit,5500000,12195,15/6/2026,North West,1. Premium Plus (Full River/Park),580.0,9.0
39,14,Mid,E,284,Small_Unit,4560000,16056,15/6/2026,West,9. Poor Close (Wall View),180.0,3.0
3,27,High,C,327,Small_Unit,4750000,14526,15/6/2026,South West,2. Premium (Full River - West/Sun),700.0,8.5
11,18,Mid,A,515,Middle_Unit,7300000,14175,12/6/2026,North West,1. Premium Plus (Full River/Park),550.0,9.0
9,18,Mid,C,327,Small_Unit,4880000,14924,12/6/2026,South West,6. Normal (Good Direction - S/E),600.0,6.0
52,18,Mid,H,304,Small_Unit,4400000,14474,12/6/2026,North East,6. Normal (Good Direction - S/E),280.0,6.0
34,25,Mid,D,707,Large_Unit,9350000,13225,11/6/2026,South,10. Poor Street (Busy Road),300.0,2.0
49,8,Low,C,304,Small_Unit,4580000,15066,10/6/2026,South West,6. Normal (Good Direction - S/E),220.0,6.0
17,13,Mid,E,451,Middle_Unit,6250000,13858,9/6/2026,South East,6. Normal (Good Direction - S/E),520.0,6.0
46,31,High,G,304,Small_Unit,4800000,15789,9/6/2026,North,10. Poor Street (Busy Road),180.0,2.0
22,17,Mid,F,484,Middle_Unit,6620000,13678,5/6/2026,South East,6. Normal (Good Direction - S/E),480.0,6.0
16,8,Low,H,327,Small_Unit,4680000,14312,5/6/2026,North East,6. Normal (Good Direction - S/E),500.0,6.0
27,1,Low,A,688,Large_Unit,7150000,10392,5/6/2026,East,9. Poor Close (Wall View),450.0,3.0
39,16,Mid,D,304,Small_Unit,4550000,14967,4/6/2026,South,9. Poor Close (Wall View),180.0,3.0
24,12,Mid,E,447,Middle_Unit,6000000,13423,4/6/2026,North,8. Normal (Poor Direction - N/W),380.0,4.5
49,12,Mid,C,304,Small_Unit,4800000,15789,4/6/2026,South West,6. Normal (Good Direction - S/E),220.0,6.0
3,5,Low,F,451,Middle_Unit,6200000,13747,3/6/2026,South East,3. Premium Partial (Slivers of Water/Park),700.0,8.0
39,22,Mid,F,284,Small_Unit,4910000,17289,3/6/2026,West,9. Poor Close (Wall View),180.0,3.0
51,7,Low,A,284,Small_Unit,4300000,15141,3/6/2026,North West,8. Normal (Poor Direction - N/W),280.0,4.5
1,19,Mid,F,451,Middle_Unit,6500000,14412,3/6/2026,South East,6. Normal (Good Direction - S/E),650.0,6.0
11,29,High,D,504,Middle_Unit,7180000,14246,3/6/2026,South West,6. Normal (Good Direction - S/E),550.0,6.0
22,5,Low,C,484,Middle_Unit,6180000,12769,3/6/2026,South West,6. Normal (Good Direction - S/E),480.0,6.0
9,8,Low,D,327,Small_Unit,4650000,14220,29/5/2026,South West,6. Normal (Good Direction - S/E),600.0,6.0
38,20,Mid,G,304,Small_Unit,4700000,15461,29/5/2026,North,10. Poor Street (Busy Road),150.0,2.0
44,11,Mid,H,304,Small_Unit,4660000,15329,28/5/2026,North,9. Poor Close (Wall View),150.0,3.0
49,18,Mid,B,284,Small_Unit,4800000,16901,26/5/2026,North West,4. Good Open (High Floor City),220.0,7.0
37,14,Mid,B,284,Small_Unit,4550000,16021,26/5/2026,East,6. Normal (Good Direction - S/E),150.0,6.0
4,6,Low,C,853,Large_Unit,10600000,12427,22/5/2026,South West,2. Premium (Full River - West/Sun),720.0,8.5
58,8,Low,C,688,Large_Unit,8350000,12137,22/5/2026,East,Internal Pool View,500.0,4.0
11,28,High,D,504,Middle_Unit,7150000,14187,22/5/2026,South West,6. Normal (Good Direction - S/E),550.0,6.0
23,9,Low,D,327,Small_Unit,4360000,13333,22/5/2026,South West,6. Normal (Good Direction - S/E),350.0,6.0
48,19,Mid,E,284,Small_Unit,3800000,13380,22/5/2026,East,10. Poor Street (Busy Road),200.0,2.0
37,22,Mid,G,304,Small_Unit,4690000,15428,22/5/2026,North,5. Good Internal (Pool/Garden/Mall),150.0,6.5
15,3,Low,C,853,Large_Unit,9000000,10551,22/5/2026,South West,3. Premium Partial (Slivers of Water/Park),650.0,8.0
18,13,Mid,E,504,Middle_Unit,6830000,13552,22/5/2026,South East,6. Normal (Good Direction - S/E),550.0,6.0
7,3,Low,C,484,Middle_Unit,6300000,13017,19/5/2026,South West,2. Premium (Full River - West/Sun),600.0,8.5
34,13,Mid,D,707,Large_Unit,8600000,12164,14/5/2026,South,10. Poor Street (Busy Road),300.0,2.0
2,14,Mid,A,451,Middle_Unit,5850000,12971,14/5/2026,North West,2. Premium (Full River - West/Sun),680.0,8.5
49,9,Low,F,284,Small_Unit,4300000,15141,14/5/2026,South East,6. Normal (Good Direction - S/E),220.0,6.0
17,24,Mid,A,451,Middle_Unit,5400000,11973,11/5/2026,North West,8. Normal (Poor Direction - N/W),520.0,4.5
2,9,Low,G,327,Small_Unit,3180000,9725,11/5/2026,North East,2. Premium (Full River - West/Sun),680.0,8.5
10,2,Low,D,327,Small_Unit,4480000,13700,11/5/2026,South West,3. Premium Partial (Slivers of Water/Park),580.0,8.0
47,10,Low,C,304,Small_Unit,4600000,15132,11/5/2026,South,6. Normal (Good Direction - S/E),180.0,6.0
18,14,Mid,B,515,Middle_Unit,6740000,13087,11/5/2026,North West,8. Normal (Poor Direction - N/W),550.0,4.5
17,9,Low,C,327,Small_Unit,4358000,13327,11/5/2026,South West,6. Normal (Good Direction - S/E),520.0,6.0
43,31,High,H,304,Small_Unit,4628000,15224,8/5/2026,North,9. Poor Close (Wall View),220.0,3.0
38,20,Mid,F,284,Small_Unit,3990000,14049,6/5/2026,West,9. Poor Close (Wall View),150.0,3.0
32,13,Mid,H,327,Small_Unit,4590000,14037,6/5/2026,East,10. Poor Street (Busy Road),380.0,2.0
37,28,High,E,284,Small_Unit,4500000,15845,6/5/2026,West,9. Poor Close (Wall View),150.0,3.0
42,17,Mid,E,284,Small_Unit,3200000,11268,6/5/2026,East,9. Poor Close (Wall View),200.0,3.0
31,22,Mid, A,451,Middle_Unit,6200000,13747,28/4/2026,South,5. Good Internal (Pool/Garden/Mall),400.0,6.5
39,31,High, G,304,Small_Unit,4550000,14967,28/4/2026,North,10. Poor Street (Busy Road),180.0,2.0
11,25,Mid, D,504,Middle_Unit,7180000,14246,28/4/2026,South West,6. Normal (Good Direction - S/E),550.0,6.0
37,15,Mid, G,304,Small_Unit,4690000,15428,28/4/2026,North,5. Good Internal (Pool/Garden/Mall),150.0,6.5
43,31,High, H,304,Small_Unit,4628000,15224,28/4/2026,North,9. Poor Close (Wall View),220.0,3.0
42,3,Low, B,284,Small_Unit,3930000,13838,28/4/2026,West,9. Poor Close (Wall View),200.0,3.0
47,5,Low, C,304,Small_Unit,4600000,15132,28/4/2026,South,6. Normal (Good Direction - S/E),180.0,6.0
17,1,Low, C,327,Small_Unit,3980000,12171,28/4/2026,South West,6. Normal (Good Direction - S/E),520.0,6.0
32,17,Mid, E,451,Middle_Unit,6350000,14080,28/4/2026,North,10. Poor Street (Busy Road),380.0,2.0
48,21,Mid, B,284,Small_Unit,4398000,15486,28/4/2026,West,9. Poor Close (Wall View),200.0,3.0
38,15,Mid, B,284,Small_Unit,4600000,16197,28/4/2026,East,9. Poor Close (Wall View),150.0,3.0
23,5,Low, D,327,Small_Unit,4360000,13333,28/4/2026,South West,6. Normal (Good Direction - S/E),350.0,6.0
18,15,Mid, B,515,Middle_Unit,6740000,13087,28/4/2026,North West,8. Normal (Poor Direction - N/W),550.0,4.5
18,30,High, E,504,Middle_Unit,7180000,14246,28/4/2026,South East,6. Normal (Good Direction - S/E),550.0,6.0
47,15,Mid, A,284,Small_Unit,4187700,14745,28/4/2026,West,9. Poor Close (Wall View),180.0,3.0
47,10,Low, E,284,Small_Unit,4560000,16056,22/4/2026,East,9. Poor Close (Wall View),180.0,3.0
41,16,Mid, H,304,Small_Unit,4395000,14457,22/4/2026,North,10. Poor Street (Busy Road),220.0,2.0
42,17,Mid, C,304,Small_Unit,4560000,15000,22/4/2026,South,6. Normal (Good Direction - S/E),200.0,6.0
48,5,Low, E,284,Small_Unit,4000000,14085,22/4/2026,East,10. Poor Street (Busy Road),200.0,2.0
39,23,Mid, C,304,Small_Unit,4300000,14145,22/4/2026,South,9. Poor Close (Wall View),180.0,3.0
32,18,Mid, E,451,Middle_Unit,5950000,13193,22/4/2026,North,10. Poor Street (Busy Road),380.0,2.0
9,30,High, D,327,Small_Unit,4680000,14312,22/4/2026,South West,6. Normal (Good Direction - S/E),600.0,6.0
40,10,Low, C,304,Small_Unit,4097000,13477,22/4/2026,South,9. Poor Close (Wall View),200.0,3.0
41,10,Low, H,304,Small_Unit,4550000,14967,22/4/2026,North,10. Poor Street (Busy Road),220.0,2.0
21,16,Mid, B,451,Middle_Unit,5480000,12151,22/4/2026,North West,8. Normal (Poor Direction - N/W),500.0,4.5
47,4,Low, D,304,Small_Unit,4000000,13158,22/4/2026,South,6. Normal (Good Direction - S/E),180.0,6.0
17,9,Low, C,327,Small_Unit,4358000,13327,9/4/2026,South West,6. Normal (Good Direction - S/E),520.0,6.0
9,30,High, D,327,Small_Unit,4680000,14312,9/4/2026,South West,6. Normal (Good Direction - S/E),600.0,6.0
21,4,Low, D,327,Small_Unit,4600000,14067,9/4/2026,South West,6. Normal (Good Direction - S/E),500.0,6.0
22,1,Low, E,504,Middle_Unit,5730000,11369,9/4/2026,South East,6. Normal (Good Direction - S/E),480.0,6.0
9,14,Mid, B,451,Middle_Unit,6020000,13348,9/4/2026,North West,8. Normal (Poor Direction - N/W),600.0,4.5
52,7,Low, F,284,Small_Unit,4200000,14789,9/4/2026,South East,6. Normal (Good Direction - S/E),280.0,6.0
17,14,Mid, F,451,Middle_Unit,6250000,13858,9/4/2026,South East,6. Normal (Good Direction - S/E),520.0,6.0
41,19,Mid, B,284,Small_Unit,4700000,16549,9/4/2026,West,10. Poor Street (Busy Road),220.0,2.0
16,9,Low, A,451,Middle_Unit,6130000,13592,9/4/2026,North West,8. Normal (Poor Direction - N/W),500.0,4.5
22,3,Low, C,484,Middle_Unit,5910000,12211,9/4/2026,South West,6. Normal (Good Direction - S/E),480.0,6.0
40,22,Mid, G,304,Small_Unit,4700000,15461,9/4/2026,North,10. Poor Street (Busy Road),200.0,2.0
43,13,Mid, H,304,Small_Unit,3980000,13092,1/4/2026,North,9. Poor Close (Wall View),220.0,3.0
3,20,Mid, C,327,Small_Unit,4800000,14679,30/3/2026,South West,2. Premium (Full River - West/Sun),700.0,8.5
19,10,Low, C,327,Small_Unit,4550000,13914,26/3/2026,South West,6. Normal (Good Direction - S/E),550.0,6.0
32,16,Mid, F,451,Middle_Unit,6200000,13747,24/3/2026,North,10. Poor Street (Busy Road),380.0,2.0
36,32,High, B,478,Middle_Unit,6960000,14561,24/3/2026,North,4. Good Open (High Floor City),300.0,7.0
2,20,Mid, B,451,Middle_Unit,5630000,12483,23/3/2026,North West,2. Premium (Full River - West/Sun),680.0,8.5
41,14,Mid, B,284,Small_Unit,4600000,16197,23/3/2026,West,10. Poor Street (Busy Road),220.0,2.0
23,1,Low, C,327,Small_Unit,3950000,12080,20/3/2026,South West,6. Normal (Good Direction - S/E),350.0,6.0
28,6,Low, D,688,Large_Unit,7730000,11235,20/3/2026,West,9. Poor Close (Wall View),480.0,3.0
24,3,Low, E,447,Middle_Unit,5800000,12975,20/3/2026,North,8. Normal (Poor Direction - N/W),380.0,4.5
8,3,Low, C,327,Small_Unit,4500000,13761,20/3/2026,South West,6. Normal (Good Direction - S/E),620.0,6.0
48,6,Low, F,284,Small_Unit,3800000,13380,19/3/2026,East,10. Poor Street (Busy Road),200.0,2.0
19,17,Mid, G,327,Small_Unit,4780000,14618,18/3/2026,North East,6. Normal (Good Direction - S/E),550.0,6.0
21,7,Low, F,451,Middle_Unit,6380000,14146,13/3/2026,South East,6. Normal (Good Direction - S/E),500.0,6.0
41,11,Mid, H,304,Small_Unit,4100000,13487,13/3/2026,North,10. Poor Street (Busy Road),220.0,2.0
45,28,High, A,284,Small_Unit,4580000,16127,13/3/2026,West,9. Poor Close (Wall View),150.0,3.0
39,31,High, G,304,Small_Unit,4550000,14967,11/3/2026,North,10. Poor Street (Busy Road),180.0,2.0
52,10,Low, H,304,Small_Unit,4180000,13750,11/3/2026,North East,6. Normal (Good Direction - S/E),280.0,6.0
22,25,Mid, A,515,Middle_Unit,6888000,13375,11/3/2026,North West,8. Normal (Poor Direction - N/W),480.0,4.5
16,7,Low, F,451,Middle_Unit,6000000,13304,11/3/2026,South East,6. Normal (Good Direction - S/E),500.0,6.0
4,11,Mid, B,819,Large_Unit,9560000,11673,10/3/2026,North West,2. Premium (Full River - West/Sun),720.0,8.5
14,20,Mid, C,853,Large_Unit,9780000,11465,10/3/2026,South West,6. Normal (Good Direction - S/E),680.0,6.0
17,3,Low, F,451,Middle_Unit,5408800,11993,9/3/2026,South East,6. Normal (Good Direction - S/E),520.0,6.0
29,20,Mid, B,451,Middle_Unit,4800000,10643,6/3/2026,East,9. Poor Close (Wall View),450.0,3.0
45,32,High, A,284,Small_Unit,4500000,15845,5/3/2026,West,9. Poor Close (Wall View),150.0,3.0
44,10,Low, F,284,Small_Unit,4200000,14789,5/3/2026,East,9. Poor Close (Wall View),150.0,3.0
20,9,Low, C,327,Small_Unit,4439000,13575,4/3/2026,South West,6. Normal (Good Direction - S/E),520.0,6.0
40,9,Low, H,304,Small_Unit,4638000,15257,4/3/2026,North,10. Poor Street (Busy Road),200.0,2.0
32,1,Low, H,327,Small_Unit,3980000,12171,4/3/2026,East,10. Poor Street (Busy Road),380.0,2.0
32,9,Low, G,327,Small_Unit,4350000,13303,3/3/2026,East,10. Poor Street (Busy Road),380.0,2.0
26,4,Low, C,326,Small_Unit,4388000,13460,3/3/2026,West,9. Poor Close (Wall View),420.0,3.0
31,24,Mid, E,451,Middle_Unit,5800000,12860,2/3/2026,North,10. Poor Street (Busy Road),400.0,2.0
36,27,High, C,307,Small_Unit,4400000,14332,2/3/2026,East,6. Normal (Good Direction - S/E),300.0,6.0
37,12,Mid, D,304,Small_Unit,4418000,14533,2/3/2026,South,9. Poor Close (Wall View),150.0,3.0
7,25,Mid, D,504,Middle_Unit,6520000,12937,27/2/2026,South West,2. Premium (Full River - West/Sun),600.0,8.5
31,1,Low, E,451,Middle_Unit,5200000,11530,26/2/2026,North,10. Poor Street (Busy Road),400.0,2.0
37,18,Mid, E,284,Small_Unit,4000000,14085,26/2/2026,West,9. Poor Close (Wall View),150.0,3.0
48,8,Low, C,304,Small_Unit,4500000,14803,24/2/2026,South,6. Normal (Good Direction - S/E),200.0,6.0
32,12,Mid, B,451,Middle_Unit,5000000,11086,24/2/2026,South,5. Good Internal (Pool/Garden/Mall),380.0,6.5
37,14,Mid, H,304,Small_Unit,4395000,14457,24/2/2026,North,5. Good Internal (Pool/Garden/Mall),150.0,6.5
36,18,Mid, D,307,Small_Unit,4350000,14169,16/2/2026,East,6. Normal (Good Direction - S/E),300.0,6.0
6,8,Low, D,853,Large_Unit,9600000,11254,16/2/2026,South West,11. Poor Highway (Tai Chung Kiu Noise Penalty),720.0,1.0
8,28,High, A,451,Middle_Unit,6450000,14302,16/2/2026,North West,4. Good Open (High Floor City),620.0,7.0
41,21,Mid, F,284,Small_Unit,4460000,15704,16/2/2026,East,9. Poor Close (Wall View),220.0,3.0
16,14,Mid, D,327,Small_Unit,4420000,13517,13/2/2026,South West,6. Normal (Good Direction - S/E),500.0,6.0
13,11,Mid, A,819,Large_Unit,10560000,12894,13/2/2026,North West,1. Premium Plus (Full River/Park),700.0,9.0
16,1,Low, E,451,Middle_Unit,5380000,11929,13/2/2026,South East,6. Normal (Good Direction - S/E),500.0,6.0
10,23,Mid, C,327,Small_Unit,4640000,14190,13/2/2026,South West,3. Premium Partial (Slivers of Water/Park),580.0,8.0
17,14,Mid, B,451,Middle_Unit,5650000,12528,12/2/2026,North West,8. Normal (Poor Direction - N/W),520.0,4.5
40,4,Low, B,284,Small_Unit,4000000,14085,11/2/2026,East,9. Poor Close (Wall View),200.0,3.0
8,26,High, D,327,Small_Unit,4498000,13755,11/2/2026,South West,6. Normal (Good Direction - S/E),620.0,6.0
52,13,Mid, G,304,Small_Unit,4080000,13421,10/2/2026,North East,6. Normal (Good Direction - S/E),280.0,6.0
37,23,Mid, E,284,Small_Unit,4268000,15028,9/2/2026,West,9. Poor Close (Wall View),150.0,3.0
43,29,High, A,284,Small_Unit,4300000,15141,9/2/2026,West,9. Poor Close (Wall View),220.0,3.0
24,26,High, D,326,Small_Unit,4568000,14012,9/2/2026,West,10. Poor Street (Busy Road),380.0,2.0
52,19,Mid, F,284,Small_Unit,4450000,15669,9/2/2026,South East,6. Normal (Good Direction - S/E),280.0,6.0
49,9,Low, B,284,Small_Unit,3999000,14081,6/2/2026,North West,4. Good Open (High Floor City),220.0,7.0
8,20,Mid, H,327,Small_Unit,4608000,14092,6/2/2026,North East,6. Normal (Good Direction - S/E),620.0,6.0
24,26,High, E,447,Middle_Unit,6600000,14765,6/2/2026,North,8. Normal (Poor Direction - N/W),380.0,4.5
40,14,Mid, A,284,Small_Unit,3800000,13380,4/2/2026,East,9. Poor Close (Wall View),200.0,3.0
32,30,High, D,327,Small_Unit,4210000,12875,3/2/2026,West,9. Poor Close (Wall View),380.0,3.0
39,16,Mid, A,284,Small_Unit,4290000,15106,3/2/2026,East,9. Poor Close (Wall View),180.0,3.0
47,18,Mid, G,304,Small_Unit,4120000,13553,2/2/2026,North,10. Poor Street (Busy Road),180.0,2.0
41,17,Mid, F,284,Small_Unit,4550000,16021,2/2/2026,East,9. Poor Close (Wall View),220.0,3.0
10,25,Mid, D,327,Small_Unit,4680000,14312,30/1/2026,South West,3. Premium Partial (Slivers of Water/Park),580.0,8.0
52,15,Mid, C,304,Small_Unit,4450000,14638,29/1/2026,South West,6. Normal (Good Direction - S/E),280.0,6.0
1,17,Mid, C,327,Small_Unit,4508000,13786,29/1/2026,South West,2. Premium (Full River - West/Sun),650.0,8.5
52,4,Low, F,284,Small_Unit,4050000,14261,28/1/2026,South East,6. Normal (Good Direction - S/E),280.0,6.0
41,22,Mid, A,284,Small_Unit,4370000,15387,26/1/2026,West,10. Poor Street (Busy Road),220.0,2.0
5,4,Low, B,819,Large_Unit,8650000,10562,26/1/2026,North West,2. Premium (Full River - West/Sun),750.0,8.5
9,12,Mid, C,327,Small_Unit,3780000,11560,26/1/2026,South West,6. Normal (Good Direction - S/E),600.0,6.0
9,15,Mid, C,327,Small_Unit,4475000,13685,26/1/2026,South West,6. Normal (Good Direction - S/E),600.0,6.0
9,4,Low, E,451,Middle_Unit,5330000,11818,22/1/2026,South East,4. Good Open (High Floor City),600.0,7.0
16,9,Low, H,327,Small_Unit,4400000,13456,21/1/2026,North East,6. Normal (Good Direction - S/E),500.0,6.0
39,24,Mid, B,284,Small_Unit,4000000,14085,20/1/2026,East,9. Poor Close (Wall View),180.0,3.0
2,11,Mid, C,327,Small_Unit,4350000,13303,19/1/2026,South West,2. Premium (Full River - West/Sun),680.0,8.5
50,32,High, D,304,Small_Unit,4580000,15066,19/1/2026,South West,6. Normal (Good Direction - S/E),250.0,6.0
17,20,Mid, A,451,Middle_Unit,5480000,12151,16/1/2026,North West,8. Normal (Poor Direction - N/W),520.0,4.5
34,19,Mid, C,707,Large_Unit,8500000,12023,14/1/2026,North,4. Good Open (High Floor City),300.0,7.0
42,22,Mid, E,284,Small_Unit,3500000,12324,13/1/2026,East,9. Poor Close (Wall View),200.0,3.0
39,5,Low, B,284,Small_Unit,3995000,14067,13/1/2026,East,9. Poor Close (Wall View),180.0,3.0
25,24,Mid, A,688,Large_Unit,7600000,11047,12/1/2026,North,8. Normal (Poor Direction - N/W),400.0,4.5
21,20,Mid, C,327,Small_Unit,4380000,13394,12/1/2026,South West,6. Normal (Good Direction - S/E),500.0,6.0
42,3,Low, B,284,Small_Unit,3620000,12746,12/1/2026,West,9. Poor Close (Wall View),200.0,3.0
26,8,Low, F,447,Middle_Unit,5480000,12260,9/1/2026,South,10. Poor Street (Busy Road),420.0,2.0
40,15,Mid, H,304,Small_Unit,4250000,13980,9/1/2026,North,10. Poor Street (Busy Road),200.0,2.0
41,3,Low, F,284,Small_Unit,3900000,13732,8/1/2026,East,9. Poor Close (Wall View),220.0,3.0
42,14,Mid, F,284,Small_Unit,4350000,15317,6/1/2026,East,9. Poor Close (Wall View),200.0,3.0
17,11,Mid, G,327,Small_Unit,4510000,13792,6/1/2026,North East,6. Normal (Good Direction - S/E),520.0,6.0
51,12,Mid, E,284,Small_Unit,4150000,14613,6/1/2026,South East,6. Normal (Good Direction - S/E),280.0,6.0
1,2,Low, C,327,Small_Unit,4200000,12844,5/1/2026,South West,2. Premium (Full River - West/Sun),650.0,8.5
38,32,High, F,284,Small_Unit,4310000,15176,5/1/2026,West,9. Poor Close (Wall View),150.0,3.0
50,3,Low, G,304,Small_Unit,3820000,12566,5/1/2026,North East,6. Normal (Good Direction - S/E),250.0,6.0
5,27,High, C,853,Large_Unit,10550000,12368,2/1/2026,South West,2. Premium (Full River - West/Sun),750.0,8.5
46,32,High, A,284,Small_Unit,4338000,15275,2/1/2026,West,4. Good Open (High Floor City),180.0,7.0
33,8,Low, B,820,Large_Unit,9500000,11585,31/12/2025,West,10. Poor Street (Busy Road),350.0,2.0
5,25,Mid, C,853,Large_Unit,10498000,12307,30/12/2025,South West,2. Premium (Full River - West/Sun),750.0,8.5
39,16,Mid, F,284,Small_Unit,3900000,13732,30/12/2025,West,9. Poor Close (Wall View),180.0,3.0
49,5,Low, F,284,Small_Unit,4140000,14577,24/12/2025,South East,6. Normal (Good Direction - S/E),220.0,6.0
44,7,Low, F,284,Small_Unit,4000000,14085,18/12/2025,East,9. Poor Close (Wall View),150.0,3.0
31,14,Mid, E,451,Middle_Unit,5800000,12860,18/12/2025,North,10. Poor Street (Busy Road),400.0,2.0
48,30,High, F,284,Small_Unit,4350000,15317,17/12/2025,East,10. Poor Street (Busy Road),200.0,2.0
48,18,Mid, H,304,Small_Unit,4350000,14309,16/12/2025,North,10. Poor Street (Busy Road),200.0,2.0
26,28,High, G,326,Small_Unit,3980000,12209,15/12/2025,East,10. Poor Street (Busy Road),420.0,2.0
49,17,Mid, D,304,Small_Unit,4300000,14145,15/12/2025,South West,6. Normal (Good Direction - S/E),220.0,6.0
37,7,Low, E,284,Small_Unit,3930000,13838,12/12/2025,West,9. Poor Close (Wall View),150.0,3.0
46,23,Mid, F,284,Small_Unit,4080000,14366,12/12/2025,East,9. Poor Close (Wall View),180.0,3.0
16,6,Low, G,327,Small_Unit,4350000,13303,11/12/2025,North East,6. Normal (Good Direction - S/E),500.0,6.0
15,21,Mid, A,819,Large_Unit,8000000,9768,11/12/2025,North West,1. Premium Plus (Full River/Park),650.0,9.0
43,21,Mid, H,304,Small_Unit,3980000,13092,11/12/2025,North,9. Poor Close (Wall View),220.0,3.0
48,7,Low, D,304,Small_Unit,3990000,13125,10/12/2025,South,6. Normal (Good Direction - S/E),200.0,6.0
3,27,High, F,451,Middle_Unit,6600000,14634,10/12/2025,South East,3. Premium Partial (Slivers of Water/Park),700.0,8.0
45,31,High, B,284,Small_Unit,3980000,14014,10/12/2025,West,9. Poor Close (Wall View),150.0,3.0
49,11,Mid, A,284,Small_Unit,3900000,13732,9/12/2025,North West,8. Normal (Poor Direction - N/W),220.0,4.5
36,17,Mid, C,307,Small_Unit,4080000,13290,9/12/2025,East,6. Normal (Good Direction - S/E),300.0,6.0
4,7,Low, A,819,Large_Unit,8200000,10012,8/12/2025,North West,11. Poor Highway (Tai Chung Kiu Noise Penalty),720.0,1.0
1,18,Mid, G,327,Small_Unit,4400000,13456,8/12/2025,North East,2. Premium (Full River - West/Sun),650.0,8.5
50,5,Low, G,304,Small_Unit,4150000,13651,5/12/2025,North East,6. Normal (Good Direction - S/E),250.0,6.0
26,18,Mid, G,326,Small_Unit,4280000,13129,5/12/2025,East,10. Poor Street (Busy Road),420.0,2.0
39,15,Mid, G,304,Small_Unit,4280000,14079,5/12/2025,North,10. Poor Street (Busy Road),180.0,2.0
44,31,High, F,284,Small_Unit,4060000,14296,4/12/2025,East,9. Poor Close (Wall View),150.0,3.0
48,28,High, H,304,Small_Unit,3750000,12336,2/12/2025,North,10. Poor Street (Busy Road),200.0,2.0
49,15,Mid, A,284,Small_Unit,4035000,14208,2/12/2025,North West,8. Normal (Poor Direction - N/W),220.0,4.5
38,15,Mid, B,284,Small_Unit,4080000,14366,2/12/2025,East,9. Poor Close (Wall View),150.0,3.0
3,17,Mid, A,451,Middle_Unit,6200000,13747,2/12/2025,North West,2. Premium (Full River - West/Sun),700.0,8.5
6,24,Mid, D,853,Large_Unit,9380000,10996,28/11/2025,South West,11. Poor Highway (Tai Chung Kiu Noise Penalty),720.0,1.0
19,15,Mid, H,327,Small_Unit,4250000,12997,27/11/2025,North East,6. Normal (Good Direction - S/E),550.0,6.0
15,22,Mid, A,819,Large_Unit,9380000,11453,25/11/2025,North West,1. Premium Plus (Full River/Park),650.0,9.0
15,18,Mid, C,853,Large_Unit,9200000,10785,25/11/2025,South West,3. Premium Partial (Slivers of Water/Park),650.0,8.0
16,17,Mid, B,451,Middle_Unit,5500000,12195,25/11/2025,North West,8. Normal (Poor Direction - N/W),500.0,4.5
39,26,High, E,284,Small_Unit,4000000,14085,25/11/2025,West,9. Poor Close (Wall View),180.0,3.0
8,12,Mid, B,451,Middle_Unit,5280000,11707,24/11/2025,North West,8. Normal (Poor Direction - N/W),620.0,4.5
15,7,Low, A,819,Large_Unit,8800000,10745,24/11/2025,North West,1. Premium Plus (Full River/Park),650.0,9.0
36,8,Low, H,307,Small_Unit,3950000,12866,21/11/2025,West,10. Poor Street (Busy Road),300.0,2.0
40,10,Low, B,284,Small_Unit,4000000,14085,21/11/2025,East,9. Poor Close (Wall View),200.0,3.0
18,1,Low, B,515,Middle_Unit,5000000,9709,21/11/2025,North West,8. Normal (Poor Direction - N/W),550.0,4.5
42,9,Low, B,284,Small_Unit,3800000,13380,20/11/2025,West,9. Poor Close (Wall View),200.0,3.0
39,3,Low, C,304,Small_Unit,4000000,13158,20/11/2025,South,9. Poor Close (Wall View),180.0,3.0
16,15,Mid, H,327,Small_Unit,4468000,13664,19/11/2025,North East,6. Normal (Good Direction - S/E),500.0,6.0
20,3,Low, C,327,Small_Unit,4100000,12538,19/11/2025,South West,6. Normal (Good Direction - S/E),520.0,6.0
49,5,Low, E,284,Small_Unit,4000000,14085,19/11/2025,South East,6. Normal (Good Direction - S/E),220.0,6.0
22,15,Mid, A,515,Middle_Unit,6550000,12718,18/11/2025,North West,8. Normal (Poor Direction - N/W),480.0,4.5
43,27,High, D,304,Small_Unit,4230000,13914,18/11/2025,South,6. Normal (Good Direction - S/E),220.0,6.0
3,14,Mid, H,327,Small_Unit,4028000,12318,17/11/2025,North East,2. Premium (Full River - West/Sun),700.0,8.5
2,8,Low, G,327,Small_Unit,4000000,12232,14/11/2025,North East,2. Premium (Full River - West/Sun),680.0,8.5
46,14,Mid, H,304,Small_Unit,4180000,13750,14/11/2025,North,10. Poor Street (Busy Road),180.0,2.0
28,9,Low, C,688,Large_Unit,7720000,11221,13/11/2025,West,9. Poor Close (Wall View),480.0,3.0
24,13,Mid, A,447,Middle_Unit,5000000,11186,13/11/2025,East,9. Poor Close (Wall View),380.0,3.0
18,10,Low, F,484,Middle_Unit,5650000,11674,12/11/2025,South East,6. Normal (Good Direction - S/E),550.0,6.0
29,2,Low, D,327,Small_Unit,3980000,12171,11/11/2025,West,10. Poor Street (Busy Road),450.0,2.0
16,14,Mid, E,451,Middle_Unit,5800000,12860,7/11/2025,South East,6. Normal (Good Direction - S/E),500.0,6.0
52,10,Low, H,304,Small_Unit,3750000,12336,6/11/2025,North East,6. Normal (Good Direction - S/E),280.0,6.0
36,8,Low, G,307,Small_Unit,4270000,13909,6/11/2025,West,10. Poor Street (Busy Road),300.0,2.0
36,18,Mid, G,307,Small_Unit,4300000,14007,4/11/2025,West,10. Poor Street (Busy Road),300.0,2.0
29,27,High, A,451,Middle_Unit,6230000,13814,4/11/2025,East,9. Poor Close (Wall View),450.0,3.0
17,10,Low, C,327,Small_Unit,4223000,12914,31/10/2025,South West,6. Normal (Good Direction - S/E),520.0,6.0
30,9,Low, C,327,Small_Unit,4200000,12844,31/10/2025,West,10. Poor Street (Busy Road),420.0,2.0
27,23,Mid, D,688,Large_Unit,8100000,11773,31/10/2025,West,10. Poor Street (Busy Road),450.0,2.0
42,15,Mid, A,284,Small_Unit,3730000,13134,31/10/2025,West,9. Poor Close (Wall View),200.0,3.0
47,13,Mid, G,304,Small_Unit,4100000,13487,30/10/2025,North,10. Poor Street (Busy Road),180.0,2.0
41,6,Low, E,284,Small_Unit,3880000,13662,28/10/2025,East,9. Poor Close (Wall View),220.0,3.0
39,14,Mid, D,304,Small_Unit,4000000,13158,28/10/2025,South,9. Poor Close (Wall View),180.0,3.0
44,27,High, H,304,Small_Unit,4368000,14368,28/10/2025,North,9. Poor Close (Wall View),150.0,3.0
44,10,Low, G,304,Small_Unit,3998000,13151,24/10/2025,North,9. Poor Close (Wall View),150.0,3.0
28,15,Mid, B,688,Large_Unit,7820000,11366,24/10/2025,East,6. Normal (Good Direction - S/E),480.0,6.0
44,19,Mid, A,284,Small_Unit,3700000,13028,24/10/2025,West,9. Poor Close (Wall View),150.0,3.0
9,18,Mid, A,451,Middle_Unit,6100000,13525,24/10/2025,North West,8. Normal (Poor Direction - N/W),600.0,4.5
43,5,Low, F,284,Small_Unit,3600000,12676,23/10/2025,East,9. Poor Close (Wall View),220.0,3.0
18,29,High, D,504,Middle_Unit,6000000,11905,22/10/2025,South West,6. Normal (Good Direction - S/E),550.0,6.0
52,29,High, C,304,Small_Unit,3980000,13092,20/10/2025,South West,6. Normal (Good Direction - S/E),280.0,6.0
39,7,Low, A,284,Small_Unit,4180000,14718,20/10/2025,East,9. Poor Close (Wall View),180.0,3.0
43,8,Low, E,284,Small_Unit,3960000,13944,20/10/2025,East,9. Poor Close (Wall View),220.0,3.0
41,3,Low, A,284,Small_Unit,3988000,14042,20/10/2025,West,10. Poor Street (Busy Road),220.0,2.0
40,17,Mid, F,284,Small_Unit,4438000,15627,17/10/2025,West,10. Poor Street (Busy Road),200.0,2.0
36,11,Mid, H,307,Small_Unit,4260000,13876,16/10/2025,West,10. Poor Street (Busy Road),300.0,2.0
19,13,Mid, B,451,Middle_Unit,5800000,12860,16/10/2025,North West,8. Normal (Poor Direction - N/W),550.0,4.5
31,5,Low, A,451,Middle_Unit,5300000,11752,14/10/2025,South,5. Good Internal (Pool/Garden/Mall),400.0,6.5
8,5,Low, E,451,Middle_Unit,5380000,11929,13/10/2025,South East,4. Good Open (High Floor City),620.0,6.0
38,12,Mid, F,284,Small_Unit,4050000,14261,10/10/2025,West,9. Poor Close (Wall View),150.0,3.0
21,7,Low, G,327,Small_Unit,4080000,12477,10/10/2025,North East,6. Normal (Good Direction - S/E),500.0,6.0
6,27,High, B,819,Large_Unit,9600000,11722,10/10/2025,North West,2. Premium (Full River - West/Sun),720.0,8.5
40,17,Mid, H,304,Small_Unit,4200000,13816,10/10/2025,North,10. Poor Street (Busy Road),200.0,2.0
24,1,Low, C,326,Small_Unit,3820000,11718,10/10/2025,West,10. Poor Street (Busy Road),380.0,2.0
16,19,Mid, G,327,Small_Unit,4480000,13700,8/10/2025,North East,6. Normal (Good Direction - S/E),500.0,6.0
30,16,Mid, C,327,Small_Unit,4310000,13180,8/10/2025,West,10. Poor Street (Busy Road),420.0,2.0
18,28,High, E,504,Middle_Unit,6550000,12996,3/10/2025,South East,6. Normal (Good Direction - S/E),550.0,6.0
44,3,Low, H,304,Small_Unit,3800000,12500,3/10/2025,North,9. Poor Close (Wall View),150.0,3.0
4,9,Low, D,853,Large_Unit,8800000,10317,2/10/2025,South West,2. Premium (Full River - West/Sun),720.0,8.5
2,26,High, H,327,Small_Unit,4280000,13089,2/10/2025,North East,2. Premium (Full River - West/Sun),680.0,8.5
37,11,Mid, F,284,Small_Unit,3820000,13451,2/10/2025,West,9. Poor Close (Wall View),150.0,3.0
3,2,Low, G,327,Small_Unit,3800000,11621,30/9/2025,North East,2. Premium (Full River - West/Sun),700.0,8.5
1,5,Low, G,327,Small_Unit,3980000,12171,26/9/2025,North East,2. Premium (Full River - West/Sun),650.0,8.5
39,20,Mid, C,304,Small_Unit,4220000,13882,26/9/2025,South,9. Poor Close (Wall View),180.0,3.0
41,15,Mid, A,284,Small_Unit,4200000,14789,26/9/2025,West,10. Poor Street (Busy Road),220.0,2.0
12,4,Low, E,504,Middle_Unit,5380000,10675,26/9/2025,South East,1. Premium Plus (Full River/Park),580.0,9.0
43,10,Low, C,304,Small_Unit,4180000,13750,26/9/2025,South,6. Normal (Good Direction - S/E),220.0,6.0
3,18,Mid, F,451,Middle_Unit,5720000,12683,22/9/2025,South East,3. Premium Partial (Slivers of Water/Park),700.0,8.0
52,31,High, C,304,Small_Unit,4350000,14309,22/9/2025,South West,6. Normal (Good Direction - S/E),280.0,6.0
10,6,Low, D,327,Small_Unit,4265000,13043,22/9/2025,South West,3. Premium Partial (Slivers of Water/Park),580.0,8.0
10,16,Mid, C,327,Small_Unit,3980000,12171,19/9/2025,South West,3. Premium Partial (Slivers of Water/Park),580.0,8.0
49,5,Low, D,304,Small_Unit,3990000,13125,19/9/2025,South West,6. Normal (Good Direction - S/E),220.0,6.0
51,9,Low, G,304,Small_Unit,3800000,12500,18/9/2025,North East,6. Normal (Good Direction - S/E),280.0,6.0
45,15,Mid, B,284,Small_Unit,4160000,14648,18/9/2025,West,9. Poor Close (Wall View),150.0,3.0
22,22,Mid, F,484,Middle_Unit,5950000,12293,17/9/2025,South East,6. Normal (Good Direction - S/E),480.0,6.0
9,13,Mid, D,327,Small_Unit,4060000,12416,15/9/2025,South West,6. Normal (Good Direction - S/E),600.0,6.0
45,17,Mid, E,284,Small_Unit,4280000,15070,15/9/2025,East,10. Poor Street (Busy Road),150.0,2.0
17,23,Mid, A,451,Middle_Unit,5000000,11086,12/9/2025,North West,8. Normal (Poor Direction - N/W),520.0,4.5
43,14,Mid, H,304,Small_Unit,3980000,13092,10/9/2025,North,9. Poor Close (Wall View),220.0,3.0
30,6,Low, D,327,Small_Unit,5000000,15291,10/9/2025,West,10. Poor Street (Busy Road),420.0,2.0
9,23,Mid, G,327,Small_Unit,4230000,12936,10/9/2025,North East,6. Normal (Good Direction - S/E),600.0,6.0
36,10,Low, D,307,Small_Unit,4000000,13029,5/9/2025,East,6. Normal (Good Direction - S/E),300.0,6.0
42,16,Mid, G,304,Small_Unit,4050000,13322,4/9/2025,North,9. Poor Close (Wall View),200.0,3.0
42,30,High, G,304,Small_Unit,4100000,13487,4/9/2025,North,9. Poor Close (Wall View),200.0,3.0
52,25,Mid, B,284,Small_Unit,4100000,14437,2/9/2025,North West,8. Normal (Poor Direction - N/W),280.0,4.5
23,22,Mid, G,327,Small_Unit,4200000,12844,2/9/2025,North East,6. Normal (Good Direction - S/E),350.0,6.0
42,24,Mid, A,284,Small_Unit,3975000,13996,2/9/2025,West,9. Poor Close (Wall View),200.0,3.0
40,11,Mid, B,284,Small_Unit,3618000,12739,1/9/2025,East,9. Poor Close (Wall View),200.0,3.0
38,17,Mid, B,284,Small_Unit,3880000,13662,29/8/2025,East,9. Poor Close (Wall View),150.0,3.0
26,1,Low, B,447,Middle_Unit,4680000,10470,29/8/2025,North,8. Normal (Poor Direction - N/W),420.0,4.5
42,16,Mid, F,284,Small_Unit,4100000,14437,28/8/2025,East,9. Poor Close (Wall View),200.0,3.0
39,8,Low, E,284,Small_Unit,3800000,13380,27/8/2025,West,9. Poor Close (Wall View),180.0,3.0
31,7,Low, C,327,Small_Unit,3720000,11376,26/8/2025,West,9. Poor Close (Wall View),400.0,3.0
35,19,Mid, B,707,Large_Unit,7500000,10608,25/8/2025,North,5. Good Internal (Pool/Garden/Mall),320.0,6.5
50,22,Mid, B,284,Small_Unit,3900000,13732,22/8/2025,North West,8. Normal (Poor Direction - N/W),250.0,4.5
41,25,Mid, A,284,Small_Unit,4280000,15070,21/8/2025,West,10. Poor Street (Busy Road),220.0,2.0
45,7,Low, G,304,Small_Unit,3940000,12961,20/8/2025,North,9. Poor Close (Wall View),150.0,3.0
45,10,Low, G,304,Small_Unit,4100000,13487,18/8/2025,North,9. Poor Close (Wall View),150.0,3.0
19,9,Low, C,327,Small_Unit,4280000,13089,18/8/2025,South West,6. Normal (Good Direction - S/E),550.0,6.0
45,28,High, D,304,Small_Unit,4280000,14079,18/8/2025,South,6. Normal (Good Direction - S/E),150.0,6.0
45,14,Mid, C,304,Small_Unit,4000000,13158,18/8/2025,South,6. Normal (Good Direction - S/E),150.0,6.0
52,27,High, G,304,Small_Unit,4338000,14270,15/8/2025,North East,6. Normal (Good Direction - S/E),280.0,6.0
17,3,Low, G,327,Small_Unit,3480000,10642,13/8/2025,North East,6. Normal (Good Direction - S/E),520.0,6.0
51,4,Low, F,284,Small_Unit,3800000,13380,13/8/2025,South East,6. Normal (Good Direction - S/E),280.0,6.0
44,4,Low, F,284,Small_Unit,3800000,13380,11/8/2025,East,9. Poor Close (Wall View),150.0,3.0
16,28,High, F,451,Middle_Unit,6000000,13304,8/8/2025,South East,6. Normal (Good Direction - S/E),500.0,6.0
21,21,Mid, C,327,Small_Unit,4280000,13089,6/8/2025,South West,6. Normal (Good Direction - S/E),500.0,6.0
23,8,Low, H,327,Small_Unit,4218000,12899,4/8/2025,North East,6. Normal (Good Direction - S/E),350.0,6.0
38,29,High, D,304,Small_Unit,3800000,12500,31/7/2025,South,9. Poor Close (Wall View),150.0,3.0
29,9,Low, C,327,Small_Unit,4190000,12813,31/7/2025,West,10. Poor Street (Busy Road),450.0,2.0
22,14,Mid, F,484,Middle_Unit,6100000,12603,31/7/2025,South East,6. Normal (Good Direction - S/E),480.0,6.0
43,12,Mid, B,284,Small_Unit,3850000,13556,31/7/2025,West,9. Poor Close (Wall View),220.0,3.0
51,11,Mid, E,284,Small_Unit,3900000,13732,31/7/2025,South East,6. Normal (Good Direction - S/E),280.0,6.0
42,10,Low, D,304,Small_Unit,3980000,13092,30/7/2025,South,6. Normal (Good Direction - S/E),200.0,6.0
4,6,Low, A,819,Large_Unit,8690000,10611,28/7/2025,North West,11. Poor Highway (Tai Chung Kiu Noise Penalty),720.0,1.0
39,19,Mid, F,284,Small_Unit,4180000,14718,28/7/2025,West,9. Poor Close (Wall View),180.0,3.0
52,23,Mid, A,284,Small_Unit,4100000,14437,25/7/2025,North West,8. Normal (Poor Direction - N/W),280.0,4.5
39,19,Mid, H,304,Small_Unit,4210000,13849,24/7/2025,North,10. Poor Street (Busy Road),180.0,2.0
17,11,Mid, G,327,Small_Unit,3950000,12080,24/7/2025,North East,6. Normal (Good Direction - S/E),520.0,6.0
47,16,Mid, H,304,Small_Unit,4000000,13158,24/7/2025,North,10. Poor Street (Busy Road),180.0,2.0
37,24,Mid, E,284,Small_Unit,3920000,13803,23/7/2025,West,9. Poor Close (Wall View),150.0,3.0
17,20,Mid, A,451,Middle_Unit,5000000,11086,21/7/2025,North West,8. Normal (Poor Direction - N/W),520.0,4.5
10,14,Mid, G,327,Small_Unit,4180000,12783,21/7/2025,North East,1. Premium Plus (Full River/Park),580.0,9.0
40,26,High, A,284,Small_Unit,4100000,14437,18/7/2025,East,9. Poor Close (Wall View),200.0,3.0
45,18,Mid, B,284,Small_Unit,4000000,14085,18/7/2025,West,9. Poor Close (Wall View),150.0,3.0
43,15,Mid, D,304,Small_Unit,3950000,12993,18/7/2025,South,6. Normal (Good Direction - S/E),220.0,6.0
12,15,Mid, F,484,Middle_Unit,6080000,12562,18/7/2025,South East,1. Premium Plus (Full River/Park),580.0,9.0
21,7,Low, C,327,Small_Unit,4550000,13914,17/7/2025,South West,6. Normal (Good Direction - S/E),500.0,6.0
1,22,Mid, C,327,Small_Unit,4398000,13450,16/7/2025,South West,2. Premium (Full River - West/Sun),650.0,8.5
38,7,Low, D,304,Small_Unit,3830000,12599,16/7/2025,South,9. Poor Close (Wall View),150.0,3.0
16,1,Low, D,327,Small_Unit,4050000,12385,15/7/2025,South West,6. Normal (Good Direction - S/E),500.0,6.0
7,23,Mid, C,484,Middle_Unit,5650000,11674,15/7/2025,South West,2. Premium (Full River - West/Sun),600.0,8.5
42,19,Mid, E,284,Small_Unit,3980000,14014,15/7/2025,East,9. Poor Close (Wall View),200.0,3.0
20,8,Low, G,327,Small_Unit,4100000,12538,11/7/2025,North East,6. Normal (Good Direction - S/E),520.0,6.0
31,13,Mid, E,451,Middle_Unit,5130000,11375,11/7/2025,North,10. Poor Street (Busy Road),400.0,2.0
7,6,Low, E,504,Middle_Unit,5450000,10813,11/7/2025,South East,3. Premium Partial (Slivers of Water/Park),600.0,6.0
38,15,Mid, A,284,Small_Unit,4130000,14542,10/7/2025,East,9. Poor Close (Wall View),150.0,3.0
40,19,Mid, F,284,Small_Unit,4180000,14718,10/7/2025,West,10. Poor Street (Busy Road),200.0,2.0
8,7,Low, D,327,Small_Unit,3800000,11621,9/7/2025,South West,6. Normal (Good Direction - S/E),620.0,6.0
18,19,Mid, D,504,Middle_Unit,6380000,12659,9/7/2025,South West,6. Normal (Good Direction - S/E),550.0,6.0
10,18,Mid, C,327,Small_Unit,4500000,13761,9/7/2025,South West,3. Premium Partial (Slivers of Water/Park),580.0,8.0
41,27,High, D,304,Small_Unit,4170000,13717,8/7/2025,South,6. Normal (Good Direction - S/E),220.0,6.0
52,32,High, F,284,Small_Unit,4380000,15423,7/7/2025,South East,6. Normal (Good Direction - S/E),280.0,6.0
3,22,Mid, G,327,Small_Unit,4150000,12691,7/7/2025,North East,2. Premium (Full River - West/Sun),700.0,8.5
19,26,High, F,451,Middle_Unit,5450000,12084,7/7/2025,South East,6. Normal (Good Direction - S/E),550.0,6.0
49,29,High, F,284,Small_Unit,4250000,14965,7/7/2025,South East,6. Normal (Good Direction - S/E),220.0,6.0
47,20,Mid, H,304,Small_Unit,3880000,12763,4/7/2025,North,10. Poor Street (Busy Road),180.0,2.0
22,23,Mid, C,484,Middle_Unit,6000000,12397,4/7/2025,South West,6. Normal (Good Direction - S/E),480.0,6.0
11,30,High, D,504,Middle_Unit,6360000,12619,4/7/2025,South West,6. Normal (Good Direction - S/E),550.0,6.0
10,23,Mid, H,327,Small_Unit,4000000,12232,4/7/2025,North East,1. Premium Plus (Full River/Park),580.0,9.0
44,17,Mid, G,304,Small_Unit,4000000,13158,3/7/2025,North,9. Poor Close (Wall View),150.0,3.0
22,1,Low, A,515,Middle_Unit,5200000,10097,2/7/2025,North West,8. Normal (Poor Direction - N/W),480.0,4.5
52,19,Mid, G,304,Small_Unit,3950000,12993,30/6/2025,North East,6. Normal (Good Direction - S/E),280.0,6.0
42,13,Mid, A,284,Small_Unit,3980000,14014,30/6/2025,West,9. Poor Close (Wall View),200.0,3.0
24,14,Mid, C,326,Small_Unit,4070000,12485,27/6/2025,West,10. Poor Street (Busy Road),380.0,2.0
46,7,Low, A,284,Small_Unit,3725000,13116,27/6/2025,West,4. Good Open (High Floor City),180.0,7.0
1,17,Mid, A,451,Middle_Unit,5000000,11086,25/6/2025,North West,2. Premium (Full River - West/Sun),650.0,8.5
20,10,Low, D,327,Small_Unit,4100000,12538,25/6/2025,South West,6. Normal (Good Direction - S/E),520.0,6.0
44,25,Mid, D,304,Small_Unit,3880000,12763,24/6/2025,South,4. Good Open (High Floor City),150.0,7.0
40,28,High, E,284,Small_Unit,3880000,13662,23/6/2025,West,10. Poor Street (Busy Road),200.0,2.0
27,2,Low, C,688,Large_Unit,6600000,9593,20/6/2025,West,10. Poor Street (Busy Road),450.0,2.0
50,24,Mid, D,304,Small_Unit,4000000,13158,20/6/2025,South West,6. Normal (Good Direction - S/E),250.0,6.0
49,13,Mid, D,304,Small_Unit,3950000,12993,20/6/2025,South West,6. Normal (Good Direction - S/E),220.0,6.0
18,24,Mid, D,504,Middle_Unit,6398000,12694,19/6/2025,South West,6. Normal (Good Direction - S/E),550.0,6.0
30,9,Low, H,327,Small_Unit,3980000,12171,19/6/2025,East,9. Poor Close (Wall View),420.0,3.0
10,24,Mid, D,327,Small_Unit,4200000,12844,18/6/2025,South West,3. Premium Partial (Slivers of Water/Park),580.0,8.0
21,11,Mid, G,327,Small_Unit,4000000,12232,18/6/2025,North East,6. Normal (Good Direction - S/E),500.0,6.0
20,25,Mid, B,451,Middle_Unit,5600000,12417,18/6/2025,North West,8. Normal (Poor Direction - N/W),520.0,4.5
45,11,Mid, F,284,Small_Unit,4230000,14894,18/6/2025,East,10. Poor Street (Busy Road),150.0,2.0
4,15,Mid, D,853,Large_Unit,9180000,10762,18/6/2025,South West,2. Premium (Full River - West/Sun),720.0,8.5
52,10,Low, G,304,Small_Unit,4000000,13158,17/6/2025,North East,6. Normal (Good Direction - S/E),280.0,6.0
37,26,High, D,304,Small_Unit,3800000,12500,17/6/2025,South,9. Poor Close (Wall View),150.0,3.0
23,20,Mid, D,327,Small_Unit,4150000,12691,17/6/2025,South West,6. Normal (Good Direction - S/E),350.0,6.0
14,2,Low, D,853,Large_Unit,8360000,9801,13/6/2025,South West,6. Normal (Good Direction - S/E),680.0,6.0
7,27,High, A,515,Middle_Unit,6100000,11845,12/6/2025,North West,2. Premium (Full River - West/Sun),600.0,8.5
3,27,High, B,451,Middle_Unit,5450000,12084,12/6/2025,North West,2. Premium (Full River - West/Sun),700.0,8.5
2,23,Mid, D,327,Small_Unit,5000000,15291,11/6/2025,South West,2. Premium (Full River - West/Sun),680.0,8.5
51,15,Mid, D,304,Small_Unit,3600000,11842,11/6/2025,South West,6. Normal (Good Direction - S/E),280.0,6.0
43,30,High, G,304,Small_Unit,3980000,13092,5/6/2025,North,9. Poor Close (Wall View),220.0,3.0
39,27,High, E,284,Small_Unit,3790000,13345,5/6/2025,West,9. Poor Close (Wall View),180.0,3.0
26,25,Mid, G,326,Small_Unit,4280000,13129,4/6/2025,East,10. Poor Street (Busy Road),420.0,2.0
37,10,Low, A,284,Small_Unit,3800000,13380,30/5/2025,East,6. Normal (Good Direction - S/E),150.0,6.0
43,25,Mid, G,304,Small_Unit,3945000,12977,29/5/2025,North,9. Poor Close (Wall View),220.0,3.0
45,20,Mid, E,284,Small_Unit,3950000,13908,29/5/2025,East,10. Poor Street (Busy Road),150.0,2.0
40,17,Mid, A,284,Small_Unit,3980000,14014,29/5/2025,East,9. Poor Close (Wall View),200.0,3.0
17,27,High, D,327,Small_Unit,4000000,12232,23/5/2025,South West,6. Normal (Good Direction - S/E),520.0,6.0
3,20,Mid, D,327,Small_Unit,4150000,12691,23/5/2025,South West,2. Premium (Full River - West/Sun),700.0,8.5
26,3,Low, H,326,Small_Unit,4000000,12270,23/5/2025,East,10. Poor Street (Busy Road),420.0,2.0
30,25,Mid, G,327,Small_Unit,3850000,11774,21/5/2025,East,9. Poor Close (Wall View),420.0,3.0
36,4,Low, G,307,Small_Unit,3850000,12541,20/5/2025,West,10. Poor Street (Busy Road),300.0,2.0
18,31,High, B,515,Middle_Unit,5650000,10971,20/5/2025,North West,8. Normal (Poor Direction - N/W),550.0,4.5
46,3,Low, E,284,Small_Unit,3690000,12993,14/5/2025,East,9. Poor Close (Wall View),180.0,3.0
27,17,Mid, C,688,Large_Unit,8000000,11628,13/5/2025,West,10. Poor Street (Busy Road),450.0,2.0
49,4,Low, F,284,Small_Unit,3650000,12852,13/5/2025,South East,6. Normal (Good Direction - S/E),220.0,6.0
44,8,Low, F,284,Small_Unit,3800000,13380,12/5/2025,East,9. Poor Close (Wall View),150.0,3.0
9,15,Mid, G,327,Small_Unit,4160000,12722,12/5/2025,North East,6. Normal (Good Direction - S/E),600.0,6.0
46,16,Mid, E,284,Small_Unit,3850000,13556,12/5/2025,East,9. Poor Close (Wall View),180.0,3.0
31,21,Mid, C,327,Small_Unit,4000000,12232,9/5/2025,West,9. Poor Close (Wall View),400.0,3.0
26,4,Low, C,326,Small_Unit,3800000,11656,7/5/2025,West,9. Poor Close (Wall View),420.0,3.0
17,20,Mid, H,327,Small_Unit,4180000,12783,6/5/2025,North East,6. Normal (Good Direction - S/E),520.0,6.0
17,16,Mid, A,451,Middle_Unit,4950000,10976,6/5/2025,North West,8. Normal (Poor Direction - N/W),520.0,4.5
49,10,Low, C,304,Small_Unit,4000000,13158,2/5/2025,South West,6. Normal (Good Direction - S/E),220.0,6.0
48,5,Low, G,304,Small_Unit,3710000,12204,30/4/2025,North,10. Poor Street (Busy Road),200.0,2.0
5,26,High, B,819,Large_Unit,8900000,10867,29/4/2025,North West,2. Premium (Full River - West/Sun),750.0,8.5
41,13,Mid, F,284,Small_Unit,3730000,13134,28/4/2025,East,9. Poor Close (Wall View),220.0,3.0
43,9,Low, F,284,Small_Unit,3800000,13380,28/4/2025,East,9. Poor Close (Wall View),220.0,3.0
32,7,Low, D,327,Small_Unit,4066800,12437,25/4/2025,West,9. Poor Close (Wall View),380.0,3.0
40,5,Low, A,284,Small_Unit,3900000,13732,25/4/2025,East,9. Poor Close (Wall View),200.0,3.0
37,16,Mid, B,284,Small_Unit,4150000,14613,25/4/2025,East,6. Normal (Good Direction - S/E),150.0,6.0
9,3,Low, C,327,Small_Unit,3630000,11101,24/4/2025,South West,6. Normal (Good Direction - S/E),600.0,6.0
5,12,Mid, A,819,Large_Unit,8780000,10720,23/4/2025,North West,2. Premium (Full River - West/Sun),750.0,8.5
46,27,High, A,284,Small_Unit,3860000,13592,23/4/2025,West,4. Good Open (High Floor City),180.0,7.0
23,23,Mid, D,327,Small_Unit,4268000,13052,22/4/2025,South West,6. Normal (Good Direction - S/E),350.0,6.0
45,18,Mid, B,284,Small_Unit,3660000,12887,17/4/2025,West,9. Poor Close (Wall View),150.0,3.0
47,10,Low, H,304,Small_Unit,3880000,12763,17/4/2025,North,10. Poor Street (Busy Road),180.0,2.0
48,30,High, F,284,Small_Unit,3850000,13556,17/4/2025,East,10. Poor Street (Busy Road),200.0,2.0
49,17,Mid, F,284,Small_Unit,3850000,13556,17/4/2025,South East,6. Normal (Good Direction - S/E),220.0,6.0
16,28,High, C,327,Small_Unit,4180000,12783,17/4/2025,South West,6. Normal (Good Direction - S/E),500.0,6.0
18,14,Mid, C,484,Middle_Unit,5830000,12045,16/4/2025,South West,6. Normal (Good Direction - S/E),550.0,6.0
45,9,Low, H,304,Small_Unit,3740000,12303,14/4/2025,North,9. Poor Close (Wall View),150.0,3.0
20,8,Low, E,451,Middle_Unit,5900000,13082,14/4/2025,South East,6. Normal (Good Direction - S/E),520.0,6.0
32,23,Mid, C,327,Small_Unit,4200000,12844,11/4/2025,West,9. Poor Close (Wall View),380.0,3.0
30,3,Low, D,327,Small_Unit,3700000,11315,10/4/2025,West,10. Poor Street (Busy Road),420.0,2.0
26,24,Mid, C,326,Small_Unit,4200000,12883,10/4/2025,West,9. Poor Close (Wall View),420.0,3.0
18,29,High, C,484,Middle_Unit,5980000,12355,10/4/2025,South West,6. Normal (Good Direction - S/E),550.0,6.0
30,23,Mid, B,451,Middle_Unit,5350000,11863,8/4/2025,South,5. Good Internal (Pool/Garden/Mall),420.0,6.5
50,28,High, H,304,Small_Unit,4180000,13750,8/4/2025,North East,6. Normal (Good Direction - S/E),250.0,6.0
29,19,Mid, F,451,Middle_Unit,5000000,11086,8/4/2025,North,10. Poor Street (Busy Road),450.0,2.0
23,22,Mid, A,451,Middle_Unit,5280000,11707,7/4/2025,North West,8. Normal (Poor Direction - N/W),350.0,4.5
51,11,Mid, D,304,Small_Unit,4280000,14079,2/4/2025,South West,6. Normal (Good Direction - S/E),280.0,6.0
52,11,Mid, H,304,Small_Unit,3880000,12763,2/4/2025,North East,6. Normal (Good Direction - S/E),280.0,6.0
49,15,Mid, C,304,Small_Unit,4000000,13158,1/4/2025,South West,6. Normal (Good Direction - S/E),220.0,6.0
50,32,High, H,304,Small_Unit,4190000,13783,1/4/2025,North East,6. Normal (Good Direction - S/E),250.0,6.0
36,15,Mid, H,307,Small_Unit,3860000,12573,1/4/2025,West,10. Poor Street (Busy Road),300.0,2.0
52,17,Mid, C,304,Small_Unit,4000000,13158,31/3/2025,South West,6. Normal (Good Direction - S/E),280.0,6.0
30,19,Mid, B,451,Middle_Unit,5000000,11086,31/3/2025,South,5. Good Internal (Pool/Garden/Mall),420.0,6.5
44,8,Low, H,304,Small_Unit,3780000,12434,31/3/2025,North,9. Poor Close (Wall View),150.0,3.0
24,15,Mid, A,447,Middle_Unit,5220000,11678,31/3/2025,East,9. Poor Close (Wall View),380.0,3.0
45,5,Low, B,284,Small_Unit,3680000,12958,28/3/2025,West,9. Poor Close (Wall View),150.0,3.0
28,26,High, C,688,Large_Unit,7530000,10945,28/3/2025,West,9. Poor Close (Wall View),480.0,3.0
41,20,Mid, H,304,Small_Unit,4148000,13645,28/3/2025,North,10. Poor Street (Busy Road),220.0,2.0
17,16,Mid, B,451,Middle_Unit,4800000,10643,28/3/2025,North West,8. Normal (Poor Direction - N/W),520.0,4.5
27,7,Low, A,688,Large_Unit,6920000,10058,27/3/2025,East,9. Poor Close (Wall View),450.0,3.0
11,24,Mid, F,484,Middle_Unit,6000000,12397,27/3/2025,South East,1. Premium Plus (Full River/Park),550.0,9.0
23,6,Low, C,327,Small_Unit,3860000,11804,26/3/2025,South West,6. Normal (Good Direction - S/E),350.0,6.0
16,25,Mid, G,327,Small_Unit,5300000,16208,25/3/2025,North East,6. Normal (Good Direction - S/E),500.0,6.0
16,16,Mid, E,451,Middle_Unit,4830000,10710,24/3/2025,South East,6. Normal (Good Direction - S/E),500.0,6.0
19,25,Mid, H,327,Small_Unit,4120000,12599,24/3/2025,North East,6. Normal (Good Direction - S/E),550.0,6.0
22,22,Mid, B,515,Middle_Unit,6200000,12039,24/3/2025,North West,8. Normal (Poor Direction - N/W),480.0,4.5
48,3,Low, H,304,Small_Unit,3860000,12697,24/3/2025,North,10. Poor Street (Busy Road),200.0,2.0
12,12,Mid, B,515,Middle_Unit,5800000,11262,21/3/2025,North West,1. Premium Plus (Full River/Park),580.0,9.0
50,9,Low, E,284,Small_Unit,3900000,13732,20/3/2025,South East,6. Normal (Good Direction - S/E),250.0,6.0
46,17,Mid, D,304,Small_Unit,3880000,12763,14/3/2025,South,6. Normal (Good Direction - S/E),180.0,6.0
36,20,Mid, E,478,Middle_Unit,5850000,12238,14/3/2025,South,5. Good Internal (Pool/Garden/Mall),300.0,6.5
2,2,Low, C,327,Small_Unit,3600000,11009,14/3/2025,South West,2. Premium (Full River - West/Sun),680.0,8.5
45,18,Mid, E,284,Small_Unit,3880000,13662,13/3/2025,East,10. Poor Street (Busy Road),150.0,2.0
11,2,Low, C,484,Middle_Unit,5100000,10537,13/3/2025,South West,3. Premium Partial (Slivers of Water/Park),550.0,8.0
32,1,Low, E,451,Middle_Unit,4500000,9978,12/3/2025,North,10. Poor Street (Busy Road),380.0,2.0
12,8,Low, F,484,Middle_Unit,5288888,10927,12/3/2025,South East,1. Premium Plus (Full River/Park),580.0,9.0
15,12,Mid, D,853,Large_Unit,8380000,9824,12/3/2025,South West,3. Premium Partial (Slivers of Water/Park),650.0,8.0
6,6,Low, B,819,Large_Unit,8950000,10928,11/3/2025,North West,2. Premium (Full River - West/Sun),720.0,8.5
51,6,Low, D,304,Small_Unit,3780000,12434,6/3/2025,South West,6. Normal (Good Direction - S/E),280.0,6.0
44,24,Mid, F,284,Small_Unit,3830000,13486,4/3/2025,East,9. Poor Close (Wall View),150.0,3.0
47,11,Mid, D,304,Small_Unit,4060000,13355,4/3/2025,South,6. Normal (Good Direction - S/E),180.0,6.0
21,21,Mid, G,327,Small_Unit,4080000,12477,28/2/2025,North East,6. Normal (Good Direction - S/E),500.0,6.0
32,2,Low, F,451,Middle_Unit,4880000,10820,28/2/2025,North,10. Poor Street (Busy Road),380.0,2.0
19,28,High, E,451,Middle_Unit,5580000,12373,28/2/2025,South East,6. Normal (Good Direction - S/E),550.0,6.0
43,24,Mid, C,304,Small_Unit,4000000,13158,28/2/2025,South,6. Normal (Good Direction - S/E),220.0,6.0
42,10,Low, G,304,Small_Unit,4100000,13487,25/2/2025,North,9. Poor Close (Wall View),200.0,3.0
24,25,Mid, A,447,Middle_Unit,5400000,12081,20/2/2025,East,9. Poor Close (Wall View),380.0,3.0
32,24,Mid, C,327,Small_Unit,4300000,13150,19/2/2025,West,9. Poor Close (Wall View),380.0,3.0
50,11,Mid, D,304,Small_Unit,3828000,12592,18/2/2025,South West,6. Normal (Good Direction - S/E),250.0,6.0
38,22,Mid, H,304,Small_Unit,4000000,13158,17/2/2025,North,10. Poor Street (Busy Road),150.0,2.0
21,17,Mid, E,451,Middle_Unit,5630000,12483,17/2/2025,South East,6. Normal (Good Direction - S/E),500.0,6.0
30,6,Low, B,451,Middle_Unit,5325000,11807,14/2/2025,South,5. Good Internal (Pool/Garden/Mall),420.0,6.5
24,9,Low, F,447,Middle_Unit,5450000,12192,10/2/2025,North,8. Normal (Poor Direction - N/W),380.0,4.5
39,18,Mid, H,304,Small_Unit,4050000,13322,5/2/2025,North,10. Poor Street (Busy Road),180.0,2.0
13,27,High, D,853,Large_Unit,9500000,11137,5/2/2025,South West,6. Normal (Good Direction - S/E),700.0,6.0
44,23,Mid, G,304,Small_Unit,4118000,13546,4/2/2025,North,9. Poor Close (Wall View),150.0,3.0
48,22,Mid, A,284,Small_Unit,4160000,14648,27/1/2025,West,9. Poor Close (Wall View),200.0,3.0
43,23,Mid, F,284,Small_Unit,4000000,14085,27/1/2025,East,9. Poor Close (Wall View),220.0,3.0
48,29,High, G,304,Small_Unit,3480000,11447,24/1/2025,North,10. Poor Street (Busy Road),200.0,2.0
22,30,High, E,504,Middle_Unit,6000000,11905,20/1/2025,South East,6. Normal (Good Direction - S/E),480.0,6.0
23,2,Low, H,327,Small_Unit,3960000,12110,14/1/2025,North East,6. Normal (Good Direction - S/E),350.0,6.0
32,25,Mid, C,327,Small_Unit,4330000,13242,13/1/2025,West,9. Poor Close (Wall View),380.0,3.0
34,24,Mid, A,707,Large_Unit,8000000,11315,10/1/2025,South,4. Good Open (High Floor City),300.0,7.0
51,20,Mid, F,284,Small_Unit,3750000,13204,3/1/2025,South East,6. Normal (Good Direction - S/E),280.0,6.0
42,17,Mid, D,304,Small_Unit,4080000,13421,31/12/2024,South,6. Normal (Good Direction - S/E),200.0,6.0
44,12,Mid, F,284,Small_Unit,3620000,12746,31/12/2024,East,9. Poor Close (Wall View),150.0,3.0
4,4,Low, D,853,Large_Unit,8250000,9672,30/12/2024,South West,2. Premium (Full River - West/Sun),720.0,8.5
43,4,Low, B,284,Small_Unit,3300000,11620,30/12/2024,West,9. Poor Close (Wall View),220.0,3.0
18,24,Mid, F,484,Middle_Unit,5500000,11364,27/12/2024,South East,6. Normal (Good Direction - S/E),550.0,6.0
19,18,Mid, G,327,Small_Unit,3900000,11927,27/12/2024,North East,6. Normal (Good Direction - S/E),550.0,6.0
8,6,Low, H,327,Small_Unit,4320000,13211,24/12/2024,North East,6. Normal (Good Direction - S/E),620.0,6.0
23,26,High, E,451,Middle_Unit,5280000,11707,23/12/2024,South East,6. Normal (Good Direction - S/E),350.0,6.0
12,10,Low, A,515,Middle_Unit,5980000,11612,13/12/2024,North West,1. Premium Plus (Full River/Park),580.0,9.0
40,8,Low, A,284,Small_Unit,4000000,14085,12/12/2024,East,9. Poor Close (Wall View),200.0,3.0
19,6,Low, C,327,Small_Unit,5160000,15780,12/12/2024,South West,6. Normal (Good Direction - S/E),550.0,6.0
32,16,Mid, A,451,Middle_Unit,5530000,12262,6/12/2024,South,5. Good Internal (Pool/Garden/Mall),380.0,6.5
23,20,Mid, C,327,Small_Unit,4400000,13456,6/12/2024,South West,6. Normal (Good Direction - S/E),350.0,6.0
21,22,Mid, F,451,Middle_Unit,5300000,11752,5/12/2024,South East,6. Normal (Good Direction - S/E),500.0,6.0
1,22,Mid, C,327,Small_Unit,3900000,11927,4/12/2024,South West,2. Premium (Full River - West/Sun),650.0,8.5
46,5,Low, A,284,Small_Unit,3600000,12676,4/12/2024,West,4. Good Open (High Floor City),180.0,7.0
35,34,High, C,707,Large_Unit,8120000,11485,4/12/2024,North,4. Good Open (High Floor City),320.0,7.0
26,21,Mid, D,326,Small_Unit,4438000,13613,3/12/2024,West,9. Poor Close (Wall View),420.0,3.0
16,29,High, B,451,Middle_Unit,5750000,12749,3/12/2024,North West,8. Normal (Poor Direction - N/W),500.0,4.5
24,18,Mid, H,326,Small_Unit,4330000,13282,3/12/2024,South,10. Poor Street (Busy Road),380.0,2.0
16,14,Mid, F,451,Middle_Unit,6100000,13525,3/12/2024,South East,6. Normal (Good Direction - S/E),500.0,6.0
37,28,High, C,304,Small_Unit,4168000,13711,3/12/2024,South,9. Poor Close (Wall View),150.0,3.0
4,18,Mid, B,819,Large_Unit,8920000,10891,2/12/2024,North West,2. Premium (Full River - West/Sun),720.0,8.5
48,18,Mid, F,284,Small_Unit,4280000,15070,2/12/2024,East,10. Poor Street (Busy Road),200.0,2.0
52,27,High, E,284,Small_Unit,4350000,15317,2/12/2024,South East,6. Normal (Good Direction - S/E),280.0,6.0
37,29,High, D,304,Small_Unit,4150000,13651,2/12/2024,South,9. Poor Close (Wall View),150.0,3.0
50,28,High, G,304,Small_Unit,4380000,14408,27/11/2024,North East,6. Normal (Good Direction - S/E),250.0,6.0
43,9,Low, D,304,Small_Unit,3750000,12336,27/11/2024,South,6. Normal (Good Direction - S/E),220.0,6.0
24,17,Mid, E,447,Middle_Unit,5480000,12260,27/11/2024,North,8. Normal (Poor Direction - N/W),380.0,4.5
36,3,Low, B,478,Middle_Unit,4600000,9623,27/11/2024,North,4. Good Open (High Floor City),300.0,7.0
34,32,High, B,707,Large_Unit,7950000,11245,25/11/2024,North,5. Good Internal (Pool/Garden/Mall),300.0,6.5
31,3,Low, D,327,Small_Unit,4030000,12324,22/11/2024,West,9. Poor Close (Wall View),400.0,3.0
31,29,High, G,327,Small_Unit,4338000,13266,21/11/2024,East,9. Poor Close (Wall View),400.0,3.0
34,22,Mid, A,707,Large_Unit,7680000,10863,20/11/2024,South,4. Good Open (High Floor City),300.0,7.0
40,11,Mid, H,304,Small_Unit,3780000,12434,20/11/2024,North,10. Poor Street (Busy Road),200.0,2.0
11,4,Low, B,515,Middle_Unit,5250000,10194,20/11/2024,North West,1. Premium Plus (Full River/Park),550.0,9.0
20,24,Mid, H,327,Small_Unit,4220000,12905,20/11/2024,North East,6. Normal (Good Direction - S/E),520.0,6.0
24,4,Low, D,326,Small_Unit,4050000,12423,19/11/2024,West,10. Poor Street (Busy Road),380.0,2.0
20,16,Mid, H,327,Small_Unit,4190000,12813,19/11/2024,North East,6. Normal (Good Direction - S/E),520.0,6.0
52,5,Low, E,284,Small_Unit,3776000,13296,14/11/2024,South East,6. Normal (Good Direction - S/E),280.0,6.0
45,4,Low, F,284,Small_Unit,3800000,13380,13/11/2024,East,10. Poor Street (Busy Road),150.0,2.0
44,5,Low, B,284,Small_Unit,4100000,14437,8/11/2024,West,9. Poor Close (Wall View),150.0,3.0
50,8,Low, A,284,Small_Unit,3900000,13732,8/11/2024,North West,8. Normal (Poor Direction - N/W),250.0,4.5
48,11,Mid, B,284,Small_Unit,4040000,14225,7/11/2024,West,9. Poor Close (Wall View),200.0,3.0
45,19,Mid, A,284,Small_Unit,3880000,13662,6/11/2024,West,9. Poor Close (Wall View),150.0,3.0
23,21,Mid, C,327,Small_Unit,4360000,13333,1/11/2024,South West,6. Normal (Good Direction - S/E),350.0,6.0
3,27,High, B,451,Middle_Unit,5600000,12417,31/10/2024,North West,2. Premium (Full River - West/Sun),700.0,8.5
40,3,Low, C,304,Small_Unit,3900000,12829,30/10/2024,South,9. Poor Close (Wall View),200.0,3.0
3,12,Mid, F,451,Middle_Unit,5100000,11308,29/10/2024,South East,3. Premium Partial (Slivers of Water/Park),700.0,8.0
30,28,High, D,327,Small_Unit,4250000,12997,28/10/2024,West,10. Poor Street (Busy Road),420.0,2.0
24,30,High, D,326,Small_Unit,5088000,15607,28/10/2024,West,10. Poor Street (Busy Road),380.0,2.0
44,11,Mid, E,284,Small_Unit,4000000,14085,25/10/2024,East,9. Poor Close (Wall View),150.0,3.0
49,20,Mid, A,284,Small_Unit,3550000,12500,25/10/2024,North West,8. Normal (Poor Direction - N/W),220.0,4.5
44,11,Mid, F,284,Small_Unit,3660000,12887,25/10/2024,East,9. Poor Close (Wall View),150.0,3.0
23,13,Mid, C,327,Small_Unit,4000000,12232,24/10/2024,South West,6. Normal (Good Direction - S/E),350.0,6.0
11,9,Low, D,504,Middle_Unit,5530000,10972,24/10/2024,South West,6. Normal (Good Direction - S/E),550.0,6.0
16,19,Mid, C,327,Small_Unit,4250000,12997,24/10/2024,South West,6. Normal (Good Direction - S/E),500.0,6.0
48,17,Mid, D,304,Small_Unit,4200000,13816,23/10/2024,South,6. Normal (Good Direction - S/E),200.0,6.0
8,18,Mid, D,327,Small_Unit,4100000,12538,23/10/2024,South West,6. Normal (Good Direction - S/E),620.0,6.0
16,8,Low, G,327,Small_Unit,4280000,13089,23/10/2024,North East,6. Normal (Good Direction - S/E),500.0,6.0
51,20,Mid, H,304,Small_Unit,4500000,14803,23/10/2024,North East,6. Normal (Good Direction - S/E),280.0,6.0
30,17,Mid, H,327,Small_Unit,3500000,10703,22/10/2024,East,9. Poor Close (Wall View),420.0,3.0
43,5,Low, G,304,Small_Unit,3550000,11678,22/10/2024,North,9. Poor Close (Wall View),220.0,3.0
27,10,Low, A,688,Large_Unit,7200000,10465,22/10/2024,East,9. Poor Close (Wall View),450.0,3.0
1,19,Mid, D,327,Small_Unit,4380000,13394,21/10/2024,South West,2. Premium (Full River - West/Sun),650.0,8.5
11,17,Mid, C,484,Middle_Unit,5350000,11054,18/10/2024,South West,3. Premium Partial (Slivers of Water/Park),550.0,8.0
29,8,Low, G,327,Small_Unit,4198000,12838,17/10/2024,South,9. Poor Close (Wall View),450.0,3.0
5,6,Low, A,819,Large_Unit,8580000,10476,16/10/2024,North West,2. Premium (Full River - West/Sun),750.0,8.5
24,19,Mid, D,326,Small_Unit,4150000,12730,15/10/2024,West,10. Poor Street (Busy Road),380.0,2.0
25,2,Low, C,688,Large_Unit,6398000,9299,15/10/2024,West,9. Poor Close (Wall View),400.0,3.0
48,24,Mid, B,284,Small_Unit,4120000,14507,9/10/2024,West,9. Poor Close (Wall View),200.0,3.0
44,15,Mid, A,284,Small_Unit,3870000,13627,7/10/2024,West,9. Poor Close (Wall View),150.0,3.0
44,23,Mid, G,304,Small_Unit,4340000,14276,4/10/2024,North,9. Poor Close (Wall View),150.0,3.0
46,29,High, G,304,Small_Unit,3780000,12434,3/10/2024,North,10. Poor Street (Busy Road),180.0,2.0
45,31,High, E,284,Small_Unit,3900000,13732,30/9/2024,East,10. Poor Street (Busy Road),150.0,2.0
15,19,Mid, B,819,Large_Unit,8280000,10110,27/9/2024,North West,1. Premium Plus (Full River/Park),650.0,9.0
38,15,Mid, B,284,Small_Unit,3680000,12958,27/9/2024,East,9. Poor Close (Wall View),150.0,3.0
37,13,Mid, H,304,Small_Unit,4068000,13382,27/9/2024,North,5. Good Internal (Pool/Garden/Mall),150.0,6.5
16,7,Low, B,451,Middle_Unit,5160000,11441,27/9/2024,North West,8. Normal (Poor Direction - N/W),500.0,4.5
19,24,Mid, C,327,Small_Unit,4250000,12997,23/9/2024,South West,6. Normal (Good Direction - S/E),550.0,6.0
11,27,High, A,515,Middle_Unit,5800000,11262,20/9/2024,North West,1. Premium Plus (Full River/Park),550.0,9.0
16,22,Mid, C,327,Small_Unit,4250000,12997,20/9/2024,South West,6. Normal (Good Direction - S/E),500.0,6.0
44,10,Low, C,304,Small_Unit,4028000,13250,19/9/2024,South,6. Normal (Good Direction - S/E),150.0,6.0
11,12,Mid, B,515,Middle_Unit,5500000,10680,17/9/2024,North West,1. Premium Plus (Full River/Park),550.0,9.0
29,13,Mid, D,327,Small_Unit,3750000,11468,17/9/2024,West,10. Poor Street (Busy Road),450.0,2.0
18,33,High, C,484,Middle_Unit,6500000,13430,16/9/2024,South West,6. Normal (Good Direction - S/E),550.0,6.0
48,11,Mid, H,304,Small_Unit,3850000,12664,13/9/2024,North,10. Poor Street (Busy Road),200.0,2.0
16,3,Low, C,327,Small_Unit,3900000,11927,13/9/2024,South West,6. Normal (Good Direction - S/E),500.0,6.0
35,22,Mid, A,707,Large_Unit,7800000,11033,11/9/2024,South,10. Poor Street (Busy Road),320.0,2.0
24,19,Mid, G,326,Small_Unit,4180000,12822,10/9/2024,South,10. Poor Street (Busy Road),380.0,2.0
29,28,High, A,451,Middle_Unit,5700000,12639,9/9/2024,East,9. Poor Close (Wall View),450.0,3.0
20,3,Low, D,327,Small_Unit,3890000,11896,9/9/2024,South West,6. Normal (Good Direction - S/E),520.0,6.0
45,3,Low, B,284,Small_Unit,3500000,12324,9/9/2024,West,9. Poor Close (Wall View),150.0,3.0
46,31,High, C,304,Small_Unit,4200000,13816,9/9/2024,South,6. Normal (Good Direction - S/E),180.0,6.0
32,24,Mid, D,327,Small_Unit,3950000,12080,5/9/2024,West,9. Poor Close (Wall View),380.0,3.0
51,14,Mid, D,304,Small_Unit,3620000,11908,5/9/2024,South West,6. Normal (Good Direction - S/E),280.0,6.0
24,12,Mid, C,326,Small_Unit,4220000,12945,5/9/2024,West,10. Poor Street (Busy Road),380.0,2.0
40,15,Mid, E,284,Small_Unit,4000000,14085,4/9/2024,West,10. Poor Street (Busy Road),200.0,2.0
49,5,Low, C,304,Small_Unit,4500000,14803,30/8/2024,South West,6. Normal (Good Direction - S/E),220.0,6.0
21,26,High, D,327,Small_Unit,3780000,11560,28/8/2024,South West,6. Normal (Good Direction - S/E),500.0,6.0
33,4,Low, D,854,Large_Unit,7480000,8759,23/8/2024,East,6. Normal (Good Direction - S/E),350.0,6.0
27,13,Mid, B,688,Large_Unit,6900000,10029,23/8/2024,East,9. Poor Close (Wall View),450.0,3.0
49,30,High, D,304,Small_Unit,4200000,13816,23/8/2024,South West,6. Normal (Good Direction - S/E),220.0,6.0
44,19,Mid, C,304,Small_Unit,3800000,12500,22/8/2024,South,6. Normal (Good Direction - S/E),150.0,6.0
30,30,High, F,451,Middle_Unit,6220000,13792,21/8/2024,North,9. Poor Close (Wall View),420.0,3.0
22,21,Mid, D,504,Middle_Unit,5000000,9921,21/8/2024,South West,6. Normal (Good Direction - S/E),480.0,6.0
46,13,Mid, B,284,Small_Unit,3890000,13697,20/8/2024,West,10. Poor Street (Busy Road),180.0,2.0
12,26,High, F,484,Middle_Unit,6200000,12810,19/8/2024,South East,1. Premium Plus (Full River/Park),580.0,9.0
41,4,Low, B,284,Small_Unit,3890000,13697,16/8/2024,West,10. Poor Street (Busy Road),220.0,2.0
41,17,Mid, G,304,Small_Unit,4268000,14039,16/8/2024,North,10. Poor Street (Busy Road),220.0,2.0
23,21,Mid, A,451,Middle_Unit,5500000,12195,15/8/2024,North West,8. Normal (Poor Direction - N/W),350.0,4.5
50,6,Low, A,284,Small_Unit,4030000,14190,14/8/2024,North West,8. Normal (Poor Direction - N/W),250.0,4.5
23,11,Mid, C,327,Small_Unit,4520000,13823,13/8/2024,South West,6. Normal (Good Direction - S/E),350.0,6.0
40,15,Mid, F,284,Small_Unit,3880000,13662,12/8/2024,West,10. Poor Street (Busy Road),200.0,2.0
31,30,High, E,451,Middle_Unit,5500000,12195,12/8/2024,North,10. Poor Street (Busy Road),400.0,2.0
47,11,Mid, H,304,Small_Unit,3900000,12829,9/8/2024,North,10. Poor Street (Busy Road),180.0,2.0
47,17,Mid, G,304,Small_Unit,4100000,13487,9/8/2024,North,10. Poor Street (Busy Road),180.0,2.0
51,18,Mid, C,304,Small_Unit,4100000,13487,9/8/2024,South West,6. Normal (Good Direction - S/E),280.0,6.0
30,2,Low, C,327,Small_Unit,3973000,12150,8/8/2024,West,10. Poor Street (Busy Road),420.0,2.0
10,13,Mid, G,327,Small_Unit,4500000,13761,6/8/2024,North East,1. Premium Plus (Full River/Park),580.0,9.0
18,10,Low, F,484,Middle_Unit,7000000,14463,5/8/2024,South East,6. Normal (Good Direction - S/E),550.0,6.0
32,19,Mid, B,451,Middle_Unit,5000000,11086,2/8/2024,South,5. Good Internal (Pool/Garden/Mall),380.0,6.5
12,19,Mid, D,504,Middle_Unit,6168000,12238,2/8/2024,South West,3. Premium Partial (Slivers of Water/Park),580.0,8.0
37,13,Mid, F,284,Small_Unit,4340000,15282,31/7/2024,West,9. Poor Close (Wall View),150.0,3.0
12,15,Mid, B,515,Middle_Unit,6200000,12039,30/7/2024,North West,1. Premium Plus (Full River/Park),580.0,9.0
3,3,Low, D,327,Small_Unit,3950000,12080,30/7/2024,South West,2. Premium (Full River - West/Sun),700.0,8.5
40,28,High, G,304,Small_Unit,4450000,14638,29/7/2024,North,10. Poor Street (Busy Road),200.0,2.0
2,5,Low, D,327,Small_Unit,4150000,12691,26/7/2024,South West,2. Premium (Full River - West/Sun),680.0,8.5
16,27,High, F,451,Middle_Unit,6080000,13481,24/7/2024,South East,6. Normal (Good Direction - S/E),500.0,6.0
16,11,Mid, H,327,Small_Unit,4100000,12538,22/7/2024,North East,6. Normal (Good Direction - S/E),500.0,6.0
50,27,High, H,304,Small_Unit,4400000,14474,17/7/2024,North East,6. Normal (Good Direction - S/E),250.0,6.0
48,15,Mid, B,284,Small_Unit,4150000,14613,17/7/2024,West,9. Poor Close (Wall View),200.0,3.0
9,27,High, G,327,Small_Unit,4300000,13150,17/7/2024,North East,6. Normal (Good Direction - S/E),600.0,6.0
4,9,Low, B,819,Large_Unit,7800000,9524,17/7/2024,North West,2. Premium (Full River - West/Sun),720.0,8.5
23,11,Mid, H,327,Small_Unit,4480000,13700,16/7/2024,North East,6. Normal (Good Direction - S/E),350.0,6.0
51,7,Low, A,284,Small_Unit,3850000,13556,15/7/2024,North West,8. Normal (Poor Direction - N/W),280.0,4.5
47,11,Mid, D,304,Small_Unit,3950000,12993,15/7/2024,South,6. Normal (Good Direction - S/E),180.0,6.0
34,13,Mid, C,707,Large_Unit,8000000,11315,11/7/2024,North,4. Good Open (High Floor City),300.0,7.0
43,30,High, E,284,Small_Unit,3800000,13380,9/7/2024,East,9. Poor Close (Wall View),220.0,3.0
48,24,Mid, G,304,Small_Unit,4400000,14474,9/7/2024,North,10. Poor Street (Busy Road),200.0,2.0
11,29,High, D,504,Middle_Unit,6300000,12500,9/7/2024,South West,6. Normal (Good Direction - S/E),550.0,6.0
51,5,Low, G,304,Small_Unit,3400000,11184,8/7/2024,North East,6. Normal (Good Direction - S/E),280.0,6.0
48,4,Low, F,284,Small_Unit,3800000,13380,5/7/2024,East,10. Poor Street (Busy Road),200.0,2.0
51,13,Mid, D,304,Small_Unit,4150000,13651,5/7/2024,South West,6. Normal (Good Direction - S/E),280.0,6.0
12,28,High, B,515,Middle_Unit,6458000,12540,4/7/2024,North West,1. Premium Plus (Full River/Park),580.0,9.0
7,7,Low, F,484,Middle_Unit,5500000,11364,4/7/2024,South East,6. Normal (Good Direction - S/E),600.0,6.0
45,8,Low, H,304,Small_Unit,4180000,13750,2/7/2024,North,9. Poor Close (Wall View),150.0,3.0
4,7,Low, D,853,Large_Unit,8500000,9965,2/7/2024,South West,2. Premium (Full River - West/Sun),720.0,8.5
35,17,Mid, B,707,Large_Unit,7300000,10325,28/6/2024,North,5. Good Internal (Pool/Garden/Mall),320.0,6.5
16,23,Mid, C,327,Small_Unit,4350000,13303,28/6/2024,South West,6. Normal (Good Direction - S/E),500.0,6.0
45,22,Mid, F,284,Small_Unit,4380000,15423,27/6/2024,East,10. Poor Street (Busy Road),150.0,2.0
19,26,High, A,451,Middle_Unit,6000000,13304,27/6/2024,North West,8. Normal (Poor Direction - N/W),550.0,4.5
45,16,Mid, F,284,Small_Unit,4065000,14313,25/6/2024,East,10. Poor Street (Busy Road),150.0,2.0
50,9,Low, G,304,Small_Unit,4085000,13438,25/6/2024,North East,6. Normal (Good Direction - S/E),250.0,6.0
16,20,Mid, B,451,Middle_Unit,5538000,12279,25/6/2024,North West,8. Normal (Poor Direction - N/W),500.0,4.5
43,4,Low, G,304,Small_Unit,3740000,12303,24/6/2024,North,9. Poor Close (Wall View),220.0,3.0
19,7,Low, H,327,Small_Unit,4100000,12538,21/6/2024,North East,6. Normal (Good Direction - S/E),550.0,6.0
50,19,Mid, F,284,Small_Unit,4080000,14366,21/6/2024,South East,6. Normal (Good Direction - S/E),250.0,6.0
49,22,Mid, C,304,Small_Unit,4250000,13980,20/6/2024,South West,6. Normal (Good Direction - S/E),220.0,6.0
3,21,Mid, F,451,Middle_Unit,6800000,15078,19/6/2024,South East,3. Premium Partial (Slivers of Water/Park),700.0,8.0
8,25,Mid, B,451,Middle_Unit,6260000,13880,19/6/2024,North West,8. Normal (Poor Direction - N/W),620.0,4.5
23,26,High, C,327,Small_Unit,4050000,12385,18/6/2024,South West,6. Normal (Good Direction - S/E),350.0,6.0
37,20,Mid, C,304,Small_Unit,4410000,14507,18/6/2024,South,9. Poor Close (Wall View),150.0,3.0
8,27,High, C,327,Small_Unit,4790000,14648,17/6/2024,South West,6. Normal (Good Direction - S/E),620.0,6.0
14,8,Low, C,853,Large_Unit,8800000,10317,17/6/2024,South West,6. Normal (Good Direction - S/E),680.0,6.0
17,18,Mid, D,327,Small_Unit,4000000,12232,17/6/2024,South West,6. Normal (Good Direction - S/E),520.0,6.0
9,10,Low, B,451,Middle_Unit,5800000,12860,14/6/2024,North West,8. Normal (Poor Direction - N/W),600.0,4.5
9,30,High, E,451,Middle_Unit,5850000,12971,13/6/2024,South East,4. Good Open (High Floor City),600.0,7.0
40,18,Mid, D,304,Small_Unit,4530000,14901,13/6/2024,South,9. Poor Close (Wall View),200.0,3.0
42,9,Low, H,304,Small_Unit,4378000,14401,12/6/2024,North,9. Poor Close (Wall View),200.0,3.0
13,10,Low, A,819,Large_Unit,9702000,11846,12/6/2024,North West,1. Premium Plus (Full River/Park),700.0,9.0
27,18,Mid, C,688,Large_Unit,8200000,11919,12/6/2024,West,10. Poor Street (Busy Road),450.0,2.0
25,24,Mid, C,688,Large_Unit,8500000,12355,7/6/2024,West,9. Poor Close (Wall View),400.0,3.0
47,21,Mid, D,304,Small_Unit,4320000,14211,7/6/2024,South,6. Normal (Good Direction - S/E),180.0,6.0
22,18,Mid, C,484,Middle_Unit,6190000,12789,6/6/2024,South West,6. Normal (Good Direction - S/E),480.0,6.0
24,4,Low, F,447,Middle_Unit,5100000,11409,5/6/2024,North,8. Normal (Poor Direction - N/W),380.0,4.5
23,18,Mid, D,327,Small_Unit,4500000,13761,4/6/2024,South West,6. Normal (Good Direction - S/E),350.0,6.0
31,26,High, E,451,Middle_Unit,6180000,13703,3/6/2024,North,10. Poor Street (Busy Road),400.0,2.0
45,21,Mid, C,304,Small_Unit,4500000,14803,30/5/2024,South,6. Normal (Good Direction - S/E),150.0,6.0
36,12,Mid, D,307,Small_Unit,4500000,14658,30/5/2024,East,6. Normal (Good Direction - S/E),300.0,6.0
39,15,Mid, B,284,Small_Unit,4000000,14085,30/5/2024,East,9. Poor Close (Wall View),180.0,3.0
11,15,Mid, D,504,Middle_Unit,6000000,11905,29/5/2024,South West,6. Normal (Good Direction - S/E),550.0,6.0
38,27,High, E,284,Small_Unit,4300000,15141,28/5/2024,West,9. Poor Close (Wall View),150.0,3.0
12,28,High, F,484,Middle_Unit,5900000,12190,28/5/2024,South East,1. Premium Plus (Full River/Park),580.0,9.0
23,21,Mid, G,327,Small_Unit,4390000,13425,28/5/2024,North East,6. Normal (Good Direction - S/E),350.0,6.0
6,11,Mid, D,853,Large_Unit,9000000,10551,24/5/2024,South West,11. Poor Highway (Tai Chung Kiu Noise Penalty),720.0,1.0
44,21,Mid, A,284,Small_Unit,4000000,14085,22/5/2024,West,9. Poor Close (Wall View),150.0,3.0
23,7,Low, F,451,Middle_Unit,5400000,11973,22/5/2024,South East,6. Normal (Good Direction - S/E),350.0,6.0
14,13,Mid, A,819,Large_Unit,9200000,11233,21/5/2024,North West,1. Premium Plus (Full River/Park),680.0,9.0
10,27,High, C,327,Small_Unit,4660000,14251,17/5/2024,South West,3. Premium Partial (Slivers of Water/Park),580.0,8.0
48,14,Mid, G,304,Small_Unit,4400000,14474,17/5/2024,North,10. Poor Street (Busy Road),200.0,2.0
7,11,Mid, A,515,Middle_Unit,6380000,12388,16/5/2024,North West,2. Premium (Full River - West/Sun),600.0,8.5
37,18,Mid, C,304,Small_Unit,3700000,12171,14/5/2024,South,9. Poor Close (Wall View),150.0,3.0
28,28,High, C,688,Large_Unit,8280000,12035,13/5/2024,West,9. Poor Close (Wall View),480.0,3.0
27,13,Mid, C,688,Large_Unit,7700000,11192,9/5/2024,West,10. Poor Street (Busy Road),450.0,2.0
1,23,Mid, G,327,Small_Unit,4580000,14006,8/5/2024,North East,2. Premium (Full River - West/Sun),650.0,8.5
36,6,Low, C,307,Small_Unit,3810000,12410,6/5/2024,East,6. Normal (Good Direction - S/E),300.0,6.0
18,18,Mid, C,484,Middle_Unit,6500000,13430,6/5/2024,South West,6. Normal (Good Direction - S/E),550.0,6.0
41,16,Mid, C,304,Small_Unit,4350000,14309,3/5/2024,South,6. Normal (Good Direction - S/E),220.0,6.0
37,15,Mid, G,304,Small_Unit,4238000,13941,2/5/2024,North,5. Good Internal (Pool/Garden/Mall),150.0,6.5
11,4,Low, D,504,Middle_Unit,5600000,11111,30/4/2024,South West,6. Normal (Good Direction - S/E),550.0,6.0
8,1,Low, D,327,Small_Unit,4200000,12844,30/4/2024,South West,6. Normal (Good Direction - S/E),620.0,6.0
9,19,Mid, G,327,Small_Unit,4450000,13609,24/4/2024,North East,6. Normal (Good Direction - S/E),600.0,6.0
5,19,Mid, D,853,Large_Unit,10080000,11817,22/4/2024,South West,2. Premium (Full River - West/Sun),750.0,8.5
43,31,High, A,284,Small_Unit,4500000,15845,22/4/2024,West,9. Poor Close (Wall View),220.0,3.0
4,11,Mid, C,853,Large_Unit,9600000,11254,22/4/2024,South West,2. Premium (Full River - West/Sun),720.0,8.5
50,20,Mid, G,304,Small_Unit,4488000,14763,19/4/2024,North East,6. Normal (Good Direction - S/E),250.0,6.0
2,8,Low, H,327,Small_Unit,3930000,12018,19/4/2024,North East,2. Premium (Full River - West/Sun),680.0,8.5
50,23,Mid, C,304,Small_Unit,4480000,14737,19/4/2024,South West,6. Normal (Good Direction - S/E),250.0,6.0
12,23,Mid, F,484,Middle_Unit,6300000,13017,19/4/2024,South East,1. Premium Plus (Full River/Park),580.0,9.0
52,12,Mid, H,304,Small_Unit,4175000,13734,18/4/2024,North East,6. Normal (Good Direction - S/E),280.0,6.0
23,11,Mid, G,327,Small_Unit,4623000,14138,18/4/2024,North East,6. Normal (Good Direction - S/E),350.0,6.0
41,11,Mid, B,284,Small_Unit,4060000,14296,18/4/2024,West,10. Poor Street (Busy Road),220.0,2.0
28,24,Mid, C,688,Large_Unit,8080000,11744,18/4/2024,West,9. Poor Close (Wall View),480.0,3.0
17,26,High, G,327,Small_Unit,4500000,13761,17/4/2024,North East,6. Normal (Good Direction - S/E),520.0,6.0
41,16,Mid, A,284,Small_Unit,4600000,16197,17/4/2024,West,10. Poor Street (Busy Road),220.0,2.0
48,12,Mid, H,304,Small_Unit,4500000,14803,15/4/2024,North,10. Poor Street (Busy Road),200.0,2.0
35,12,Mid, B,707,Large_Unit,8080000,11429,12/4/2024,North,5. Good Internal (Pool/Garden/Mall),320.0,6.5
45,16,Mid, B,284,Small_Unit,4480000,15775,12/4/2024,West,9. Poor Close (Wall View),150.0,3.0
29,11,Mid, B,451,Middle_Unit,6000000,13304,12/4/2024,East,9. Poor Close (Wall View),450.0,3.0
38,19,Mid, D,304,Small_Unit,4450000,14638,12/4/2024,South,9. Poor Close (Wall View),150.0,3.0
52,9,Low, A,284,Small_Unit,3900000,13732,12/4/2024,North West,8. Normal (Poor Direction - N/W),280.0,4.5
24,6,Low, G,326,Small_Unit,3900000,11963,12/4/2024,South,10. Poor Street (Busy Road),380.0,2.0
1,14,Mid, C,327,Small_Unit,4150000,12691,11/4/2024,South West,2. Premium (Full River - West/Sun),650.0,8.5
43,15,Mid, F,284,Small_Unit,4150000,14613,11/4/2024,East,9. Poor Close (Wall View),220.0,3.0
51,3,Low, G,304,Small_Unit,3900000,12829,11/4/2024,North East,6. Normal (Good Direction - S/E),280.0,6.0
17,10,Low, H,327,Small_Unit,4300000,13150,11/4/2024,North East,6. Normal (Good Direction - S/E),520.0,6.0
42,15,Mid, E,284,Small_Unit,4300000,15141,11/4/2024,East,9. Poor Close (Wall View),200.0,3.0
26,30,High, H,326,Small_Unit,5220000,16012,11/4/2024,East,10. Poor Street (Busy Road),420.0,2.0
44,12,Mid, G,304,Small_Unit,4350000,14309,10/4/2024,North,9. Poor Close (Wall View),150.0,3.0
50,3,Low, D,304,Small_Unit,3600000,11842,9/4/2024,South West,6. Normal (Good Direction - S/E),250.0,6.0
9,14,Mid, G,327,Small_Unit,4680000,14312,8/4/2024,North East,6. Normal (Good Direction - S/E),600.0,6.0
37,4,Low, F,284,Small_Unit,4100000,14437,8/4/2024,West,9. Poor Close (Wall View),150.0,3.0
49,8,Low, G,304,Small_Unit,4300000,14145,8/4/2024,North East,6. Normal (Good Direction - S/E),220.0,6.0
11,20,Mid, A,515,Middle_Unit,6850000,13301,5/4/2024,North West,1. Premium Plus (Full River/Park),550.0,9.0
10,13,Mid, C,327,Small_Unit,4460000,13639,5/4/2024,South West,3. Premium Partial (Slivers of Water/Park),580.0,8.0
8,11,Mid, H,327,Small_Unit,4080000,12477,3/4/2024,North East,6. Normal (Good Direction - S/E),620.0,6.0
49,20,Mid, C,304,Small_Unit,4100000,13487,3/4/2024,South West,6. Normal (Good Direction - S/E),220.0,6.0
36,20,Mid, D,307,Small_Unit,3800000,12378,3/4/2024,East,6. Normal (Good Direction - S/E),300.0,6.0
51,23,Mid, F,284,Small_Unit,4200000,14789,3/4/2024,South East,6. Normal (Good Direction - S/E),280.0,6.0
2,11,Mid, C,327,Small_Unit,4300000,13150,2/4/2024,South West,2. Premium (Full River - West/Sun),680.0,8.5
44,9,Low, F,284,Small_Unit,3880000,13662,2/4/2024,East,9. Poor Close (Wall View),150.0,3.0
51,5,Low, E,284,Small_Unit,3700000,13028,2/4/2024,South East,6. Normal (Good Direction - S/E),280.0,6.0
19,10,Low, A,451,Middle_Unit,5550000,12306,2/4/2024,North West,8. Normal (Poor Direction - N/W),550.0,4.5
42,32,High, E,284,Small_Unit,4200000,14789,2/4/2024,East,9. Poor Close (Wall View),200.0,3.0
40,19,Mid, E,284,Small_Unit,3950000,13908,28/3/2024,West,10. Poor Street (Busy Road),200.0,2.0
1,25,Mid, C,327,Small_Unit,4300000,13150,28/3/2024,South West,2. Premium (Full River - West/Sun),650.0,8.5
24,13,Mid, C,326,Small_Unit,4280000,13129,27/3/2024,West,10. Poor Street (Busy Road),380.0,2.0
8,20,Mid, H,327,Small_Unit,4380000,13394,26/3/2024,North East,6. Normal (Good Direction - S/E),620.0,6.0
51,21,Mid, D,304,Small_Unit,4500000,14803,25/3/2024,South West,6. Normal (Good Direction - S/E),280.0,6.0
41,14,Mid, B,284,Small_Unit,3100000,10915,25/3/2024,West,10. Poor Street (Busy Road),220.0,2.0
12,1,Low, A,515,Middle_Unit,5400000,10485,25/3/2024,North West,1. Premium Plus (Full River/Park),580.0,9.0
16,26,High, E,451,Middle_Unit,5750000,12749,25/3/2024,South East,6. Normal (Good Direction - S/E),500.0,6.0
23,11,Mid, H,327,Small_Unit,4128000,12624,22/3/2024,North East,6. Normal (Good Direction - S/E),350.0,6.0
5,22,Mid, C,853,Large_Unit,9100000,10668,22/3/2024,South West,2. Premium (Full River - West/Sun),750.0,8.5
40,26,High, F,284,Small_Unit,4220000,14859,22/3/2024,West,10. Poor Street (Busy Road),200.0,2.0
36,21,Mid, F,478,Middle_Unit,5220000,10921,20/3/2024,South,5. Good Internal (Pool/Garden/Mall),300.0,6.5
43,24,Mid, F,284,Small_Unit,4190000,14754,20/3/2024,East,9. Poor Close (Wall View),220.0,3.0
46,5,Low, B,284,Small_Unit,3050000,10739,20/3/2024,West,10. Poor Street (Busy Road),180.0,2.0
19,21,Mid, H,327,Small_Unit,4300000,13150,19/3/2024,North East,6. Normal (Good Direction - S/E),550.0,6.0
50,15,Mid, A,284,Small_Unit,4180000,14718,19/3/2024,North West,8. Normal (Poor Direction - N/W),250.0,4.5
29,1,Low, B,451,Middle_Unit,5000000,11086,18/3/2024,East,9. Poor Close (Wall View),450.0,3.0
6,20,Mid, A,819,Large_Unit,8330000,10171,18/3/2024,North West,2. Premium (Full River - West/Sun),720.0,8.5
48,27,High, D,304,Small_Unit,3720000,12237,18/3/2024,South,6. Normal (Good Direction - S/E),200.0,6.0
2,10,Low, H,327,Small_Unit,4250000,12997,14/3/2024,North East,2. Premium (Full River - West/Sun),680.0,8.5
39,17,Mid, D,304,Small_Unit,3950000,12993,14/3/2024,South,9. Poor Close (Wall View),180.0,3.0
50,10,Low, E,284,Small_Unit,3830000,13486,14/3/2024,South East,6. Normal (Good Direction - S/E),250.0,6.0
32,29,High, B,451,Middle_Unit,5600000,12417,12/3/2024,South,5. Good Internal (Pool/Garden/Mall),380.0,6.5
41,18,Mid, G,304,Small_Unit,3860000,12697,11/3/2024,North,10. Poor Street (Busy Road),220.0,2.0
31,10,Low, G,327,Small_Unit,3500000,10703,8/3/2024,East,9. Poor Close (Wall View),400.0,3.0
7,1,Low, A,515,Middle_Unit,5200000,10097,8/3/2024,North West,2. Premium (Full River - West/Sun),600.0,8.5
21,20,Mid, G,327,Small_Unit,4000000,12232,7/3/2024,North East,6. Normal (Good Direction - S/E),500.0,6.0
8,3,Low, B,451,Middle_Unit,5650000,12528,5/3/2024,North West,8. Normal (Poor Direction - N/W),620.0,4.5
24,16,Mid, D,326,Small_Unit,4500000,13804,27/2/2024,West,10. Poor Street (Busy Road),380.0,2.0
5,21,Mid, A,819,Large_Unit,8300000,10134,27/2/2024,North West,2. Premium (Full River - West/Sun),750.0,8.5
48,5,Low, E,284,Small_Unit,3700000,13028,23/2/2024,East,10. Poor Street (Busy Road),200.0,2.0
14,23,Mid, A,819,Large_Unit,9900000,12088,21/2/2024,North West,1. Premium Plus (Full River/Park),680.0,9.0
41,23,Mid, B,284,Small_Unit,3700000,13028,20/2/2024,West,10. Poor Street (Busy Road),220.0,2.0
26,4,Low, G,326,Small_Unit,3880000,11902,20/2/2024,East,10. Poor Street (Busy Road),420.0,2.0
50,3,Low, H,304,Small_Unit,3830000,12599,19/2/2024,North East,6. Normal (Good Direction - S/E),250.0,6.0
41,3,Low, G,304,Small_Unit,3620000,11908,9/2/2024,North,10. Poor Street (Busy Road),220.0,2.0
40,11,Mid, C,304,Small_Unit,3880000,12763,9/2/2024,South,9. Poor Close (Wall View),200.0,3.0
7,31,High, B,515,Middle_Unit,6000000,11650,8/2/2024,North West,2. Premium (Full River - West/Sun),600.0,8.5
12,5,Low, B,515,Middle_Unit,5300000,10291,8/2/2024,North West,1. Premium Plus (Full River/Park),580.0,9.0
22,24,Mid, E,504,Middle_Unit,5860000,11627,7/2/2024,South East,6. Normal (Good Direction - S/E),480.0,6.0
27,4,Low, C,688,Large_Unit,6500000,9448,7/2/2024,West,10. Poor Street (Busy Road),450.0,2.0
32,17,Mid, E,451,Middle_Unit,5000000,11086,7/2/2024,North,10. Poor Street (Busy Road),380.0,2.0
47,8,Low, D,304,Small_Unit,4080000,13421,2/2/2024,South,6. Normal (Good Direction - S/E),180.0,6.0
9,4,Low, A,451,Middle_Unit,5580000,12373,2/2/2024,North West,8. Normal (Poor Direction - N/W),600.0,4.5
29,14,Mid, H,327,Small_Unit,4200000,12844,2/2/2024,South,9. Poor Close (Wall View),450.0,3.0
10,7,Low, G,327,Small_Unit,4050000,12385,31/1/2024,North East,1. Premium Plus (Full River/Park),580.0,9.0
26,3,Low, A,447,Middle_Unit,5100000,11409,30/1/2024,North,8. Normal (Poor Direction - N/W),420.0,4.5
28,19,Mid, D,688,Large_Unit,7800000,11337,30/1/2024,West,9. Poor Close (Wall View),480.0,3.0
43,10,Low, D,304,Small_Unit,4000000,13158,30/1/2024,South,6. Normal (Good Direction - S/E),220.0,6.0
29,13,Mid, G,327,Small_Unit,4200000,12844,29/1/2024,South,9. Poor Close (Wall View),450.0,3.0
16,20,Mid, D,327,Small_Unit,4430000,13547,24/1/2024,South West,6. Normal (Good Direction - S/E),500.0,6.0
30,22,Mid, G,327,Small_Unit,4688000,14336,19/1/2024,East,9. Poor Close (Wall View),420.0,3.0
5,5,Low, D,853,Large_Unit,8880000,10410,18/1/2024,South West,2. Premium (Full River - West/Sun),750.0,8.5
25,5,Low, C,688,Large_Unit,7200000,10465,16/1/2024,West,9. Poor Close (Wall View),400.0,3.0
40,5,Low, C,304,Small_Unit,3880000,12763,16/1/2024,South,9. Poor Close (Wall View),200.0,3.0
21,19,Mid, D,327,Small_Unit,4280000,13089,16/1/2024,South West,6. Normal (Good Direction - S/E),500.0,6.0
17,16,Mid, B,451,Middle_Unit,5200000,11530,15/1/2024,North West,8. Normal (Poor Direction - N/W),520.0,4.5
19,24,Mid, B,451,Middle_Unit,5500000,12195,12/1/2024,North West,8. Normal (Poor Direction - N/W),550.0,4.5
9,29,High, C,327,Small_Unit,4260000,13028,12/1/2024,South West,6. Normal (Good Direction - S/E),600.0,6.0
38,17,Mid, H,304,Small_Unit,4050000,13322,11/1/2024,North,10. Poor Street (Busy Road),150.0,2.0
9,22,Mid, A,451,Middle_Unit,5210000,11552,10/1/2024,North West,8. Normal (Poor Direction - N/W),600.0,4.5
24,8,Low, H,326,Small_Unit,4100000,12577,10/1/2024,South,10. Poor Street (Busy Road),380.0,2.0
39,8,Low, H,304,Small_Unit,3950000,12993,3/1/2024,North,10. Poor Street (Busy Road),180.0,2.0
48,30,High, H,304,Small_Unit,3770000,12401,27/12/2023,North,10. Poor Street (Busy Road),200.0,2.0
41,27,High, G,304,Small_Unit,4138000,13612,21/12/2023,North,10. Poor Street (Busy Road),220.0,2.0
4,10,Low, C,853,Large_Unit,9450000,11079,15/12/2023,South West,2. Premium (Full River - West/Sun),720.0,8.5
30,22,Mid, E,451,Middle_Unit,5650000,12528,15/12/2023,North,9. Poor Close (Wall View),420.0,3.0
14,4,Low, D,853,Large_Unit,9200000,10785,11/12/2023,South West,6. Normal (Good Direction - S/E),680.0,6.0
26,12,Mid, B,447,Middle_Unit,5710000,12774,11/12/2023,North,8. Normal (Poor Direction - N/W),420.0,4.5
17,9,Low, C,327,Small_Unit,4010000,12263,8/12/2023,South West,6. Normal (Good Direction - S/E),520.0,6.0
32,6,Low, G,327,Small_Unit,4308000,13174,6/12/2023,East,10. Poor Street (Busy Road),380.0,2.0
43,22,Mid, H,304,Small_Unit,4280000,14079,5/12/2023,North,9. Poor Close (Wall View),220.0,3.0
23,23,Mid, C,327,Small_Unit,4680000,14312,4/12/2023,South West,6. Normal (Good Direction - S/E),350.0,6.0
47,28,High, D,304,Small_Unit,4380000,14408,4/12/2023,South,6. Normal (Good Direction - S/E),180.0,6.0
44,10,Low, A,284,Small_Unit,3900000,13732,1/12/2023,West,9. Poor Close (Wall View),150.0,3.0
37,11,Mid, D,304,Small_Unit,4180000,13750,29/11/2023,South,9. Poor Close (Wall View),150.0,3.0
32,19,Mid, C,327,Small_Unit,4730000,14465,28/11/2023,West,9. Poor Close (Wall View),380.0,3.0
34,28,High, C,707,Large_Unit,8980000,12702,27/11/2023,North,4. Good Open (High Floor City),300.0,7.0
9,17,Mid, C,327,Small_Unit,4820000,14740,24/11/2023,South West,6. Normal (Good Direction - S/E),600.0,6.0
47,16,Mid, A,284,Small_Unit,3860000,13592,22/11/2023,West,9. Poor Close (Wall View),180.0,3.0
44,12,Mid, E,284,Small_Unit,3900000,13732,21/11/2023,East,9. Poor Close (Wall View),150.0,3.0
20,10,Low, B,451,Middle_Unit,5700000,12639,21/11/2023,North West,8. Normal (Poor Direction - N/W),520.0,4.5
30,13,Mid, H,327,Small_Unit,4260000,13028,21/11/2023,East,9. Poor Close (Wall View),420.0,3.0
50,10,Low, D,304,Small_Unit,4000000,13158,20/11/2023,South West,6. Normal (Good Direction - S/E),250.0,6.0
38,11,Mid, B,284,Small_Unit,4168000,14676,17/11/2023,East,9. Poor Close (Wall View),150.0,3.0
16,25,Mid, C,327,Small_Unit,4800000,14679,17/11/2023,South West,6. Normal (Good Direction - S/E),500.0,6.0
48,27,High, F,284,Small_Unit,3700000,13028,16/11/2023,East,10. Poor Street (Busy Road),200.0,2.0
46,10,Low, H,304,Small_Unit,4400000,14474,16/11/2023,North,10. Poor Street (Busy Road),180.0,2.0
42,20,Mid, D,304,Small_Unit,4190000,13783,15/11/2023,South,6. Normal (Good Direction - S/E),200.0,6.0
32,11,Mid, D,327,Small_Unit,4600000,14067,14/11/2023,West,9. Poor Close (Wall View),380.0,3.0
50,23,Mid, G,304,Small_Unit,4368000,14368,10/11/2023,North East,6. Normal (Good Direction - S/E),250.0,6.0
20,24,Mid, E,451,Middle_Unit,6700000,14856,10/11/2023,South East,6. Normal (Good Direction - S/E),520.0,6.0
4,1,Low, D,853,Large_Unit,8560000,10035,9/11/2023,South West,2. Premium (Full River - West/Sun),720.0,8.5
41,25,Mid, D,304,Small_Unit,4200000,13816,8/11/2023,South,6. Normal (Good Direction - S/E),220.0,6.0
48,8,Low, D,304,Small_Unit,4050000,13322,8/11/2023,South,6. Normal (Good Direction - S/E),200.0,6.0
23,19,Mid, F,451,Middle_Unit,6000000,13304,7/11/2023,South East,6. Normal (Good Direction - S/E),350.0,6.0
47,21,Mid, C,304,Small_Unit,4200000,13816,6/11/2023,South,6. Normal (Good Direction - S/E),180.0,6.0
30,7,Low, H,327,Small_Unit,4100000,12538,1/11/2023,East,9. Poor Close (Wall View),420.0,3.0
39,4,Low, A,284,Small_Unit,3780000,13310,1/11/2023,East,9. Poor Close (Wall View),180.0,3.0
30,24,Mid, H,327,Small_Unit,4300000,13150,30/10/2023,East,9. Poor Close (Wall View),420.0,3.0
21,27,High, E,451,Middle_Unit,6500000,14412,27/10/2023,South East,6. Normal (Good Direction - S/E),500.0,6.0
20,27,High, D,327,Small_Unit,5000000,15291,25/10/2023,South West,6. Normal (Good Direction - S/E),520.0,6.0
30,11,Mid, A,451,Middle_Unit,5880000,13038,25/10/2023,South,5. Good Internal (Pool/Garden/Mall),420.0,6.5
15,3,Low, D,853,Large_Unit,9600000,11254,25/10/2023,South West,3. Premium Partial (Slivers of Water/Park),650.0,8.0
49,22,Mid, G,304,Small_Unit,3980000,13092,24/10/2023,North East,6. Normal (Good Direction - S/E),220.0,6.0
43,12,Mid, B,284,Small_Unit,3778000,13303,17/10/2023,West,9. Poor Close (Wall View),220.0,3.0
36,34,High, H,307,Small_Unit,4250000,13844,16/10/2023,West,10. Poor Street (Busy Road),300.0,2.0
52,31,High, C,304,Small_Unit,4200000,13816,16/10/2023,South West,6. Normal (Good Direction - S/E),280.0,6.0
49,32,High, E,284,Small_Unit,4068000,14324,13/10/2023,South East,6. Normal (Good Direction - S/E),220.0,6.0
3,16,Mid, F,451,Middle_Unit,6400000,14191,11/10/2023,South East,3. Premium Partial (Slivers of Water/Park),700.0,8.0
7,14,Mid, B,515,Middle_Unit,6070000,11786,6/10/2023,North West,2. Premium (Full River - West/Sun),600.0,8.5
25,17,Mid, B,688,Large_Unit,7900000,11483,5/10/2023,North,8. Normal (Poor Direction - N/W),400.0,4.5
39,26,High, D,304,Small_Unit,4380000,14408,4/10/2023,South,9. Poor Close (Wall View),180.0,3.0
4,22,Mid, A,819,Large_Unit,9000000,10989,29/9/2023,North West,11. Poor Highway (Tai Chung Kiu Noise Penalty),720.0,1.0
36,4,Low, A,478,Middle_Unit,5928000,12402,27/9/2023,North,9. Poor Close (Wall View),300.0,3.0
44,25,Mid, B,284,Small_Unit,4350000,15317,26/9/2023,West,9. Poor Close (Wall View),150.0,3.0
30,13,Mid, A,451,Middle_Unit,5900000,13082,25/9/2023,South,5. Good Internal (Pool/Garden/Mall),420.0,6.5
28,23,Mid, A,688,Large_Unit,7790000,11323,25/9/2023,East,6. Normal (Good Direction - S/E),480.0,6.0
41,28,High, E,284,Small_Unit,4410000,15528,22/9/2023,East,9. Poor Close (Wall View),220.0,3.0
49,7,Low, H,304,Small_Unit,4500000,14803,19/9/2023,North East,6. Normal (Good Direction - S/E),220.0,6.0
8,4,Low, G,327,Small_Unit,4500000,13761,15/9/2023,North East,6. Normal (Good Direction - S/E),620.0,6.0
38,26,High, E,284,Small_Unit,4450000,15669,14/9/2023,West,9. Poor Close (Wall View),150.0,3.0
9,4,Low, H,327,Small_Unit,5100000,15596,13/9/2023,North East,6. Normal (Good Direction - S/E),600.0,6.0
52,3,Low, E,284,Small_Unit,3800000,13380,13/9/2023,South East,6. Normal (Good Direction - S/E),280.0,6.0
20,20,Mid, D,327,Small_Unit,5400000,16514,12/9/2023,South West,6. Normal (Good Direction - S/E),520.0,6.0
30,23,Mid, H,327,Small_Unit,4900000,14985,12/9/2023,East,9. Poor Close (Wall View),420.0,3.0
22,8,Low, D,504,Middle_Unit,6000000,11905,11/9/2023,South West,6. Normal (Good Direction - S/E),480.0,6.0
43,30,High, B,284,Small_Unit,4280000,15070,11/9/2023,West,9. Poor Close (Wall View),220.0,3.0
39,10,Low, F,284,Small_Unit,4510000,15880,11/9/2023,West,9. Poor Close (Wall View),180.0,3.0
21,15,Mid, D,327,Small_Unit,5070000,15505,11/9/2023,South West,6. Normal (Good Direction - S/E),500.0,6.0
37,6,Low, A,284,Small_Unit,4500000,15845,7/9/2023,East,6. Normal (Good Direction - S/E),150.0,6.0
51,23,Mid, D,304,Small_Unit,4280000,14079,6/9/2023,South West,6. Normal (Good Direction - S/E),280.0,6.0
7,26,High, B,515,Middle_Unit,6700000,13010,6/9/2023,North West,2. Premium (Full River - West/Sun),600.0,8.5
29,7,Low, B,451,Middle_Unit,5830000,12927,4/9/2023,East,9. Poor Close (Wall View),450.0,3.0
16,22,Mid, A,451,Middle_Unit,6780000,15033,4/9/2023,North West,8. Normal (Poor Direction - N/W),500.0,4.5
17,24,Mid, G,327,Small_Unit,4750000,14526,4/9/2023,North East,6. Normal (Good Direction - S/E),520.0,6.0
1,17,Mid, A,451,Middle_Unit,5500000,12195,21/8/2023,North West,2. Premium (Full River - West/Sun),650.0,8.5
1,11,Mid, H,327,Small_Unit,4880000,14924,17/8/2023,North East,2. Premium (Full River - West/Sun),650.0,8.5
45,23,Mid, A,284,Small_Unit,4500000,15845,15/8/2023,West,9. Poor Close (Wall View),150.0,3.0
39,12,Mid, H,304,Small_Unit,4980000,16382,7/8/2023,North,10. Poor Street (Busy Road),180.0,2.0
40,13,Mid, C,304,Small_Unit,4830000,15888,3/8/2023,South,9. Poor Close (Wall View),200.0,3.0
15,21,Mid, D,853,Large_Unit,10800000,12661,2/8/2023,South West,3. Premium Partial (Slivers of Water/Park),650.0,8.0
11,22,Mid, F,484,Middle_Unit,6980000,14421,2/8/2023,South East,1. Premium Plus (Full River/Park),550.0,9.0
45,21,Mid, B,284,Small_Unit,4700000,16549,2/8/2023,West,9. Poor Close (Wall View),150.0,3.0
8,28,High, G,327,Small_Unit,6000000,18349,1/8/2023,North East,6. Normal (Good Direction - S/E),620.0,6.0
16,24,Mid, H,327,Small_Unit,5200000,15902,28/7/2023,North East,6. Normal (Good Direction - S/E),500.0,6.0
43,4,Low, B,284,Small_Unit,4500000,15845,28/7/2023,West,9. Poor Close (Wall View),220.0,3.0
8,13,Mid, D,327,Small_Unit,4300000,13150,27/7/2023,South West,6. Normal (Good Direction - S/E),620.0,6.0
24,27,High, A,447,Middle_Unit,7250000,16219,27/7/2023,East,9. Poor Close (Wall View),380.0,3.0
12,20,Mid, A,515,Middle_Unit,7180000,13942,26/7/2023,North West,1. Premium Plus (Full River/Park),580.0,9.0
46,12,Mid, C,304,Small_Unit,5180000,17039,26/7/2023,South,6. Normal (Good Direction - S/E),180.0,6.0
45,25,Mid, C,304,Small_Unit,5080000,16711,19/7/2023,South,6. Normal (Good Direction - S/E),150.0,6.0
45,13,Mid, D,304,Small_Unit,4950000,16283,18/7/2023,South,6. Normal (Good Direction - S/E),150.0,6.0
18,22,Mid, E,504,Middle_Unit,7310000,14504,14/7/2023,South East,6. Normal (Good Direction - S/E),550.0,6.0
51,27,High, B,284,Small_Unit,4300000,15141,13/7/2023,North West,8. Normal (Poor Direction - N/W),280.0,4.5
32,9,Low, E,451,Middle_Unit,6000000,13304,11/7/2023,North,10. Poor Street (Busy Road),380.0,2.0
3,20,Mid, H,327,Small_Unit,5260000,16086,5/7/2023,North East,2. Premium (Full River - West/Sun),700.0,8.5
46,22,Mid, C,304,Small_Unit,4880000,16053,5/7/2023,South,6. Normal (Good Direction - S/E),180.0,6.0
34,32,High, C,707,Large_Unit,9700000,13720,4/7/2023,North,4. Good Open (High Floor City),300.0,7.0
46,18,Mid, D,304,Small_Unit,5100000,16776,3/7/2023,South,6. Normal (Good Direction - S/E),180.0,6.0
21,23,Mid, A,451,Middle_Unit,6630000,14701,30/6/2023,North West,8. Normal (Poor Direction - N/W),500.0,4.5
44,6,Low, F,284,Small_Unit,4450000,15669,29/6/2023,East,9. Poor Close (Wall View),150.0,3.0
33,17,Mid, A,820,Large_Unit,11580000,14122,28/6/2023,East,6. Normal (Good Direction - S/E),350.0,6.0
31,16,Mid, C,327,Small_Unit,5260000,16086,26/6/2023,West,9. Poor Close (Wall View),400.0,3.0
22,1,Low, E,504,Middle_Unit,6000000,11905,23/6/2023,South East,6. Normal (Good Direction - S/E),480.0,6.0
4,12,Mid, D,853,Large_Unit,10500000,12309,21/6/2023,South West,2. Premium (Full River - West/Sun),720.0,8.5
47,28,High, G,304,Small_Unit,5200000,17105,15/6/2023,North,10. Poor Street (Busy Road),180.0,2.0
37,31,High, E,284,Small_Unit,4800000,16901,15/6/2023,West,9. Poor Close (Wall View),150.0,3.0
11,24,Mid, C,484,Middle_Unit,6380000,13182,13/6/2023,South West,3. Premium Partial (Slivers of Water/Park),550.0,8.0
43,22,Mid, D,304,Small_Unit,4500000,14803,12/6/2023,South,6. Normal (Good Direction - S/E),220.0,6.0
50,21,Mid, A,284,Small_Unit,5070000,17852,9/6/2023,North West,8. Normal (Poor Direction - N/W),250.0,4.5
47,30,High, C,304,Small_Unit,5180000,17039,8/6/2023,South,6. Normal (Good Direction - S/E),180.0,6.0
46,7,Low, B,284,Small_Unit,4800000,16901,7/6/2023,West,10. Poor Street (Busy Road),180.0,2.0
13,7,Low, D,853,Large_Unit,9600000,11254,6/6/2023,South West,6. Normal (Good Direction - S/E),700.0,6.0
24,7,Low, F,447,Middle_Unit,6695000,14978,31/5/2023,North,8. Normal (Poor Direction - N/W),380.0,4.5
36,15,Mid, D,307,Small_Unit,5150000,16775,24/5/2023,East,6. Normal (Good Direction - S/E),300.0,6.0
9,13,Mid, A,451,Middle_Unit,6000000,13304,24/5/2023,North West,8. Normal (Poor Direction - N/W),600.0,4.5
1,20,Mid, G,327,Small_Unit,5600000,17125,23/5/2023,North East,2. Premium (Full River - West/Sun),650.0,8.5
46,9,Low, A,284,Small_Unit,4530000,15951,22/5/2023,West,4. Good Open (High Floor City),180.0,7.0
39,22,Mid, F,284,Small_Unit,5320000,18732,19/5/2023,West,9. Poor Close (Wall View),180.0,3.0
9,14,Mid, C,327,Small_Unit,5600000,17125,19/5/2023,South West,6. Normal (Good Direction - S/E),600.0,6.0
25,13,Mid, B,688,Large_Unit,8500000,12355,19/5/2023,North,8. Normal (Poor Direction - N/W),400.0,4.5
38,3,Low, B,284,Small_Unit,4800000,16901,18/5/2023,East,9. Poor Close (Wall View),150.0,3.0
49,3,Low, B,284,Small_Unit,4500000,15845,16/5/2023,North West,4. Good Open (High Floor City),220.0,7.0
36,15,Mid, D,307,Small_Unit,5150000,16775,16/5/2023,East,6. Normal (Good Direction - S/E),300.0,6.0
30,5,Low, B,451,Middle_Unit,6550000,14523,15/5/2023,South,5. Good Internal (Pool/Garden/Mall),420.0,6.5
39,30,High, H,304,Small_Unit,5280000,17368,15/5/2023,North,10. Poor Street (Busy Road),180.0,2.0
4,21,Mid, D,853,Large_Unit,9800000,11489,12/5/2023,South West,2. Premium (Full River - West/Sun),720.0,8.5
35,3,Low, D,707,Large_Unit,8800000,12447,12/5/2023,South,10. Poor Street (Busy Road),320.0,2.0
46,3,Low, H,304,Small_Unit,5000000,16447,12/5/2023,North,10. Poor Street (Busy Road),180.0,2.0
36,7,Low, D,307,Small_Unit,4960000,16156,10/5/2023,East,6. Normal (Good Direction - S/E),300.0,6.0
40,16,Mid, D,304,Small_Unit,5120000,16842,10/5/2023,South,9. Poor Close (Wall View),200.0,3.0
8,23,Mid, C,327,Small_Unit,5530000,16911,10/5/2023,South West,6. Normal (Good Direction - S/E),620.0,6.0
34,4,Low, A,707,Large_Unit,8330000,11782,9/5/2023,South,4. Good Open (High Floor City),300.0,7.0
5,26,High, A,819,Large_Unit,9550000,11661,4/5/2023,North West,2. Premium (Full River - West/Sun),750.0,8.5
40,16,Mid, B,284,Small_Unit,4900000,17254,4/5/2023,East,9. Poor Close (Wall View),200.0,3.0
24,10,Low, A,447,Middle_Unit,5000000,11186,28/4/2023,East,9. Poor Close (Wall View),380.0,3.0
40,27,High, H,304,Small_Unit,5398000,17757,27/4/2023,North,10. Poor Street (Busy Road),200.0,2.0
22,18,Mid, C,484,Middle_Unit,7158000,14789,27/4/2023,South West,6. Normal (Good Direction - S/E),480.0,6.0
40,15,Mid, A,284,Small_Unit,5200000,18310,27/4/2023,East,9. Poor Close (Wall View),200.0,3.0
34,25,Mid, C,707,Large_Unit,9330000,13197,26/4/2023,North,4. Good Open (High Floor City),300.0,7.0
51,3,Low, B,284,Small_Unit,4690000,16514,25/4/2023,North West,8. Normal (Poor Direction - N/W),280.0,4.5
48,7,Low, C,304,Small_Unit,4700000,15461,21/4/2023,South,6. Normal (Good Direction - S/E),200.0,6.0
39,21,Mid, A,284,Small_Unit,5150000,18134,21/4/2023,East,9. Poor Close (Wall View),180.0,3.0
22,18,Mid, E,504,Middle_Unit,7220000,14325,21/4/2023,South East,6. Normal (Good Direction - S/E),480.0,6.0
1,13,Mid, D,327,Small_Unit,5260000,16086,20/4/2023,South West,2. Premium (Full River - West/Sun),650.0,8.5
26,27,High, D,326,Small_Unit,5480000,16810,20/4/2023,West,9. Poor Close (Wall View),420.0,3.0
8,30,High, E,451,Middle_Unit,7800000,17295,20/4/2023,South East,4. Good Open (High Floor City),620.0,6.0
24,1,Low, D,326,Small_Unit,4618000,14166,20/4/2023,West,10. Poor Street (Busy Road),380.0,2.0
48,13,Mid, E,284,Small_Unit,4740000,16690,19/4/2023,East,10. Poor Street (Busy Road),200.0,2.0
46,15,Mid, E,284,Small_Unit,4800000,16901,18/4/2023,East,9. Poor Close (Wall View),180.0,3.0
51,4,Low, C,304,Small_Unit,4250000,13980,17/4/2023,South West,6. Normal (Good Direction - S/E),280.0,6.0
34,25,Mid, A,707,Large_Unit,9630000,13621,17/4/2023,South,4. Good Open (High Floor City),300.0,7.0
10,1,Low, B,451,Middle_Unit,5350000,11863,17/4/2023,North West,10. Poor Street (Busy Road),580.0,2.0
12,5,Low, A,515,Middle_Unit,6980000,13553,17/4/2023,North West,1. Premium Plus (Full River/Park),580.0,9.0
31,4,Low, A,451,Middle_Unit,6949800,15410,17/4/2023,South,5. Good Internal (Pool/Garden/Mall),400.0,6.5
52,5,Low, B,284,Small_Unit,4100000,14437,17/4/2023,North West,8. Normal (Poor Direction - N/W),280.0,4.5
44,32,High, A,284,Small_Unit,5500000,19366,14/4/2023,West,9. Poor Close (Wall View),150.0,3.0
24,6,Low, D,326,Small_Unit,4730000,14509,14/4/2023,West,10. Poor Street (Busy Road),380.0,2.0
51,32,High, D,304,Small_Unit,5510000,18125,12/4/2023,South West,6. Normal (Good Direction - S/E),280.0,6.0
11,14,Mid, D,504,Middle_Unit,7350000,14583,12/4/2023,South West,6. Normal (Good Direction - S/E),550.0,6.0
4,1,Low, A,819,Large_Unit,8900000,10867,12/4/2023,North West,11. Poor Highway (Tai Chung Kiu Noise Penalty),720.0,1.0
43,21,Mid, C,304,Small_Unit,5480000,18026,11/4/2023,South,6. Normal (Good Direction - S/E),220.0,6.0
43,18,Mid, C,304,Small_Unit,5180000,17039,3/4/2023,South,6. Normal (Good Direction - S/E),220.0,6.0
19,11,Mid, F,451,Middle_Unit,6500000,14412,3/4/2023,South East,6. Normal (Good Direction - S/E),550.0,6.0
16,9,Low, H,327,Small_Unit,5268000,16110,31/3/2023,North East,6. Normal (Good Direction - S/E),500.0,6.0
5,17,Mid, A,819,Large_Unit,10380000,12674,31/3/2023,North West,2. Premium (Full River - West/Sun),750.0,8.5
26,29,High, C,326,Small_Unit,5500000,16871,31/3/2023,West,9. Poor Close (Wall View),420.0,3.0
49,18,Mid, A,284,Small_Unit,5030000,17711,29/3/2023,North West,8. Normal (Poor Direction - N/W),220.0,4.5
49,9,Low, C,304,Small_Unit,4000000,13158,29/3/2023,South West,6. Normal (Good Direction - S/E),220.0,6.0
2,12,Mid, B,451,Middle_Unit,6450000,14302,29/3/2023,North West,2. Premium (Full River - West/Sun),680.0,8.5
9,7,Low, D,327,Small_Unit,5420000,16575,28/3/2023,South West,6. Normal (Good Direction - S/E),600.0,6.0
12,24,Mid, D,504,Middle_Unit,7050000,13988,28/3/2023,South West,3. Premium Partial (Slivers of Water/Park),580.0,8.0
23,25,Mid, F,451,Middle_Unit,6880000,15255,27/3/2023,South East,6. Normal (Good Direction - S/E),350.0,6.0
12,14,Mid, A,515,Middle_Unit,7620000,14796,27/3/2023,North West,1. Premium Plus (Full River/Park),580.0,9.0
28,27,High, C,688,Large_Unit,8650000,12573,27/3/2023,West,9. Poor Close (Wall View),480.0,3.0
21,28,High, A,451,Middle_Unit,7140000,15831,23/3/2023,North West,8. Normal (Poor Direction - N/W),500.0,4.5
38,27,High, A,284,Small_Unit,5000000,17606,23/3/2023,East,9. Poor Close (Wall View),150.0,3.0
29,13,Mid, C,327,Small_Unit,5380000,16453,23/3/2023,West,10. Poor Street (Busy Road),450.0,2.0
38,14,Mid, A,284,Small_Unit,4880000,17183,23/3/2023,East,9. Poor Close (Wall View),150.0,3.0
26,22,Mid, D,326,Small_Unit,5380000,16503,22/3/2023,West,9. Poor Close (Wall View),420.0,3.0
9,15,Mid, B,451,Middle_Unit,6830000,15144,21/3/2023,North West,8. Normal (Poor Direction - N/W),600.0,4.5
19,2,Low, H,327,Small_Unit,4950000,15138,21/3/2023,North East,6. Normal (Good Direction - S/E),550.0,6.0
36,30,High, G,301,Small_Unit,5100000,16944,20/3/2023,West,10. Poor Street (Busy Road),300.0,2.0
8,16,Mid, G,327,Small_Unit,5399000,16511,17/3/2023,North East,6. Normal (Good Direction - S/E),620.0,6.0
48,18,Mid, H,304,Small_Unit,4000000,13158,15/3/2023,North,10. Poor Street (Busy Road),200.0,2.0
47,11,Mid, A,284,Small_Unit,4850000,17077,15/3/2023,West,9. Poor Close (Wall View),180.0,3.0
16,26,High, C,327,Small_Unit,5400000,16514,15/3/2023,South West,6. Normal (Good Direction - S/E),500.0,6.0
50,21,Mid, D,304,Small_Unit,5200000,17105,15/3/2023,South West,6. Normal (Good Direction - S/E),250.0,6.0
9,16,Mid, G,327,Small_Unit,5380000,16453,15/3/2023,North East,6. Normal (Good Direction - S/E),600.0,6.0
4,23,Mid, B,819,Large_Unit,10300000,12576,13/3/2023,North West,2. Premium (Full River - West/Sun),720.0,8.5
3,17,Mid, A,451,Middle_Unit,6780000,15033,10/3/2023,North West,2. Premium (Full River - West/Sun),700.0,8.5
29,4,Low, B,451,Middle_Unit,6280000,13925,10/3/2023,East,9. Poor Close (Wall View),450.0,3.0
21,10,Low, B,451,Middle_Unit,6380000,14146,9/3/2023,North West,8. Normal (Poor Direction - N/W),500.0,4.5
44,29,High, G,304,Small_Unit,5380000,17697,9/3/2023,North,9. Poor Close (Wall View),150.0,3.0
17,19,Mid, B,451,Middle_Unit,6250000,13858,8/3/2023,North West,8. Normal (Poor Direction - N/W),520.0,4.5
38,15,Mid, H,304,Small_Unit,4880000,16053,8/3/2023,North,10. Poor Street (Busy Road),150.0,2.0
31,27,High, B,451,Middle_Unit,6880000,15255,8/3/2023,South,5. Good Internal (Pool/Garden/Mall),400.0,6.5
28,23,Mid, D,688,Large_Unit,9168000,13326,7/3/2023,West,9. Poor Close (Wall View),480.0,3.0
50,17,Mid, C,304,Small_Unit,4700000,15461,6/3/2023,South West,6. Normal (Good Direction - S/E),250.0,6.0
17,22,Mid, F,451,Middle_Unit,6500000,14412,6/3/2023,South East,6. Normal (Good Direction - S/E),520.0,6.0
43,13,Mid, B,284,Small_Unit,5180000,18239,6/3/2023,West,9. Poor Close (Wall View),220.0,3.0
44,26,High, D,304,Small_Unit,4950000,16283,6/3/2023,South,4. Good Open (High Floor City),150.0,7.0
18,21,Mid, A,515,Middle_Unit,7260000,14097,6/3/2023,North West,8. Normal (Poor Direction - N/W),550.0,4.5
30,9,Low, F,451,Middle_Unit,5400000,11973,3/3/2023,North,9. Poor Close (Wall View),420.0,3.0
42,3,Low, H,304,Small_Unit,4380000,14408,3/3/2023,North,9. Poor Close (Wall View),200.0,3.0
31,12,Mid, F,451,Middle_Unit,6550000,14523,3/3/2023,North,10. Poor Street (Busy Road),400.0,2.0
29,26,High, C,327,Small_Unit,5220000,15963,3/3/2023,West,10. Poor Street (Busy Road),450.0,2.0
26,17,Mid, F,447,Middle_Unit,6680000,14944,3/3/2023,South,10. Poor Street (Busy Road),420.0,2.0
39,25,Mid, F,284,Small_Unit,5030000,17711,2/3/2023,West,9. Poor Close (Wall View),180.0,3.0
40,23,Mid, G,304,Small_Unit,4830000,15888,2/3/2023,North,10. Poor Street (Busy Road),200.0,2.0
51,28,High, D,304,Small_Unit,5100000,16776,2/3/2023,South West,6. Normal (Good Direction - S/E),280.0,6.0
2,1,Low, E,451,Middle_Unit,5480000,12151,2/3/2023,South East,3. Premium Partial (Slivers of Water/Park),680.0,8.0
38,13,Mid, A,284,Small_Unit,4780000,16831,1/3/2023,East,9. Poor Close (Wall View),150.0,3.0
49,14,Mid, G,304,Small_Unit,5120000,16842,1/3/2023,North East,6. Normal (Good Direction - S/E),220.0,6.0
47,31,High, H,304,Small_Unit,5180000,17039,28/2/2023,North,10. Poor Street (Busy Road),180.0,2.0
9,2,Low, A,451,Middle_Unit,6000000,13304,28/2/2023,North West,8. Normal (Poor Direction - N/W),600.0,4.5
3,11,Mid, G,327,Small_Unit,5150000,15749,28/2/2023,North East,2. Premium (Full River - West/Sun),700.0,8.5
28,27,High, D,688,Large_Unit,8700000,12645,27/2/2023,West,9. Poor Close (Wall View),480.0,3.0
17,5,Low, H,327,Small_Unit,4780000,14618,24/2/2023,North East,6. Normal (Good Direction - S/E),520.0,6.0
16,13,Mid, D,327,Small_Unit,5200000,15902,23/2/2023,South West,6. Normal (Good Direction - S/E),500.0,6.0
3,10,Low, B,451,Middle_Unit,6300000,13969,23/2/2023,North West,2. Premium (Full River - West/Sun),700.0,8.5
15,6,Low, D,853,Large_Unit,10380000,12169,22/2/2023,South West,3. Premium Partial (Slivers of Water/Park),650.0,8.0
8,14,Mid, F,451,Middle_Unit,6290000,13947,22/2/2023,South East,6. Normal (Good Direction - S/E),620.0,6.0
45,12,Mid, B,284,Small_Unit,4700000,16549,22/2/2023,West,9. Poor Close (Wall View),150.0,3.0
10,10,Low, E,451,Middle_Unit,5630000,12483,17/2/2023,South East,1. Premium Plus (Full River/Park),580.0,9.0
3,6,Low, B,451,Middle_Unit,6180000,13703,17/2/2023,North West,2. Premium (Full River - West/Sun),700.0,8.5
50,24,Mid, G,304,Small_Unit,5150000,16941,16/2/2023,North East,6. Normal (Good Direction - S/E),250.0,6.0
29,2,Low, A,451,Middle_Unit,5968000,13233,15/2/2023,East,9. Poor Close (Wall View),450.0,3.0
37,16,Mid, D,304,Small_Unit,5180000,17039,15/2/2023,South,9. Poor Close (Wall View),150.0,3.0
42,32,High, A,284,Small_Unit,5200000,18310,15/2/2023,West,9. Poor Close (Wall View),200.0,3.0
46,16,Mid, C,304,Small_Unit,4800000,15789,14/2/2023,South,6. Normal (Good Direction - S/E),180.0,6.0
32,1,Low, B,451,Middle_Unit,5250000,11641,14/2/2023,South,5. Good Internal (Pool/Garden/Mall),380.0,6.5
46,32,High, F,284,Small_Unit,5010000,17641,14/2/2023,East,9. Poor Close (Wall View),180.0,3.0
47,32,High, D,304,Small_Unit,5000000,16447,14/2/2023,South,6. Normal (Good Direction - S/E),180.0,6.0
9,14,Mid, D,327,Small_Unit,5180000,15841,13/2/2023,South West,6. Normal (Good Direction - S/E),600.0,6.0
8,7,Low, C,327,Small_Unit,4880000,14924,13/2/2023,South West,6. Normal (Good Direction - S/E),620.0,6.0
8,8,Low, F,451,Middle_Unit,6180000,13703,10/2/2023,South East,6. Normal (Good Direction - S/E),620.0,6.0
37,6,Low, E,284,Small_Unit,4300000,15141,10/2/2023,West,9. Poor Close (Wall View),150.0,3.0
19,23,Mid, E,451,Middle_Unit,6100000,13525,10/2/2023,South East,6. Normal (Good Direction - S/E),550.0,6.0
26,29,High, B,447,Middle_Unit,6600000,14765,10/2/2023,North,8. Normal (Poor Direction - N/W),420.0,4.5
25,16,Mid, B,688,Large_Unit,9150000,13299,10/2/2023,North,8. Normal (Poor Direction - N/W),400.0,4.5
4,19,Mid, A,819,Large_Unit,9368000,11438,10/2/2023,North West,11. Poor Highway (Tai Chung Kiu Noise Penalty),720.0,1.0
17,25,Mid, C,327,Small_Unit,4628000,14153,9/2/2023,South West,6. Normal (Good Direction - S/E),520.0,6.0
20,22,Mid, F,451,Middle_Unit,6100000,13525,9/2/2023,South East,6. Normal (Good Direction - S/E),520.0,6.0
20,3,Low, F,451,Middle_Unit,5578000,12368,7/2/2023,South East,6. Normal (Good Direction - S/E),520.0,6.0
14,16,Mid, B,819,Large_Unit,10000000,12210,7/2/2023,North West,1. Premium Plus (Full River/Park),680.0,9.0
9,20,Mid, F,451,Middle_Unit,6420000,14235,7/2/2023,South East,6. Normal (Good Direction - S/E),600.0,6.0
35,14,Mid, C,707,Large_Unit,8990000,12716,6/2/2023,North,4. Good Open (High Floor City),320.0,7.0
31,2,Low, H,327,Small_Unit,4360000,13333,6/2/2023,East,9. Poor Close (Wall View),400.0,3.0
32,27,High, C,327,Small_Unit,5150000,15749,3/2/2023,West,9. Poor Close (Wall View),380.0,3.0
44,18,Mid, D,304,Small_Unit,4780000,15724,3/2/2023,South,4. Good Open (High Floor City),150.0,7.0
40,18,Mid, E,284,Small_Unit,4540000,15986,2/2/2023,West,10. Poor Street (Busy Road),200.0,2.0
47,10,Low, D,304,Small_Unit,4730000,15559,2/2/2023,South,6. Normal (Good Direction - S/E),180.0,6.0
20,5,Low, E,451,Middle_Unit,6360000,14102,2/2/2023,South East,6. Normal (Good Direction - S/E),520.0,6.0
18,22,Mid, A,515,Middle_Unit,7000000,13592,1/2/2023,North West,8. Normal (Poor Direction - N/W),550.0,4.5
42,25,Mid, E,284,Small_Unit,4580000,16127,1/2/2023,East,9. Poor Close (Wall View),200.0,3.0
25,11,Mid, A,688,Large_Unit,8280000,12035,1/2/2023,North,8. Normal (Poor Direction - N/W),400.0,4.5
10,3,Low, C,327,Small_Unit,4480000,13700,31/1/2023,South West,3. Premium Partial (Slivers of Water/Park),580.0,8.0
46,30,High, H,304,Small_Unit,4700000,15461,27/1/2023,North,10. Poor Street (Busy Road),180.0,2.0
17,25,Mid, B,451,Middle_Unit,5500000,12195,20/1/2023,North West,8. Normal (Poor Direction - N/W),520.0,4.5
46,25,Mid, H,304,Small_Unit,4580000,15066,19/1/2023,North,10. Poor Street (Busy Road),180.0,2.0
36,26,High, C,307,Small_Unit,4800000,15635,19/1/2023,East,6. Normal (Good Direction - S/E),300.0,6.0
36,16,Mid, C,307,Small_Unit,4600000,14984,18/1/2023,East,6. Normal (Good Direction - S/E),300.0,6.0
14,12,Mid, B,819,Large_Unit,10000000,12210,18/1/2023,North West,1. Premium Plus (Full River/Park),680.0,9.0
37,20,Mid, H,304,Small_Unit,4580000,15066,18/1/2023,North,5. Good Internal (Pool/Garden/Mall),150.0,6.5
7,28,High, A,515,Middle_Unit,6200000,12039,17/1/2023,North West,2. Premium (Full River - West/Sun),600.0,8.5
40,7,Low, A,284,Small_Unit,4580000,16127,17/1/2023,East,9. Poor Close (Wall View),200.0,3.0
22,13,Mid, F,484,Middle_Unit,6800000,14050,16/1/2023,South East,6. Normal (Good Direction - S/E),480.0,6.0
17,9,Low, H,327,Small_Unit,5140000,15719,12/1/2023,North East,6. Normal (Good Direction - S/E),520.0,6.0
16,18,Mid, E,451,Middle_Unit,6400000,14191,12/1/2023,South East,6. Normal (Good Direction - S/E),500.0,6.0
51,9,Low, B,284,Small_Unit,4300000,15141,11/1/2023,North West,8. Normal (Poor Direction - N/W),280.0,4.5
16,6,Low, A,451,Middle_Unit,6050000,13415,11/1/2023,North West,8. Normal (Poor Direction - N/W),500.0,4.5
46,17,Mid, A,284,Small_Unit,4400000,15493,10/1/2023,West,4. Good Open (High Floor City),180.0,7.0
24,26,High, B,447,Middle_Unit,6200000,13870,10/1/2023,East,9. Poor Close (Wall View),380.0,3.0
46,31,High, E,284,Small_Unit,4300000,15141,9/1/2023,East,9. Poor Close (Wall View),180.0,3.0
46,19,Mid, D,304,Small_Unit,4400000,14474,9/1/2023,South,6. Normal (Good Direction - S/E),180.0,6.0
2,6,Low, E,451,Middle_Unit,6280000,13925,9/1/2023,South East,3. Premium Partial (Slivers of Water/Park),680.0,8.0
36,11,Mid, E,478,Middle_Unit,6200000,12971,5/1/2023,South,5. Good Internal (Pool/Garden/Mall),300.0,6.5
21,19,Mid, G,327,Small_Unit,5080000,15535,4/1/2023,North East,6. Normal (Good Direction - S/E),500.0,6.0
36,21,Mid, E,478,Middle_Unit,6000000,12552,3/1/2023,South,5. Good Internal (Pool/Garden/Mall),300.0,6.5
50,4,Low, H,304,Small_Unit,4050000,13322,3/1/2023,North East,6. Normal (Good Direction - S/E),250.0,6.0
46,16,Mid, F,284,Small_Unit,4450000,15669,30/12/2022,East,9. Poor Close (Wall View),180.0,3.0
49,4,Low, C,304,Small_Unit,4150000,13651,29/12/2022,South West,6. Normal (Good Direction - S/E),220.0,6.0
43,15,Mid, G,304,Small_Unit,4380000,14408,22/12/2022,North,9. Poor Close (Wall View),220.0,3.0
12,26,High, A,515,Middle_Unit,6700000,13010,21/12/2022,North West,1. Premium Plus (Full River/Park),580.0,9.0
39,17,Mid, E,284,Small_Unit,4220000,14859,21/12/2022,West,9. Poor Close (Wall View),180.0,3.0
44,30,High, B,284,Small_Unit,4440000,15634,21/12/2022,West,9. Poor Close (Wall View),150.0,3.0
49,13,Mid, H,304,Small_Unit,4500000,14803,21/12/2022,North East,6. Normal (Good Direction - S/E),220.0,6.0
8,30,High, C,327,Small_Unit,5650000,17278,19/12/2022,South West,6. Normal (Good Direction - S/E),620.0,6.0
20,20,Mid, A,451,Middle_Unit,5700000,12639,19/12/2022,North West,8. Normal (Poor Direction - N/W),520.0,4.5
20,22,Mid, E,451,Middle_Unit,6080000,13481,15/12/2022,South East,6. Normal (Good Direction - S/E),520.0,6.0
45,29,High, E,284,Small_Unit,4380000,15423,13/12/2022,East,10. Poor Street (Busy Road),150.0,2.0
12,18,Mid, D,504,Middle_Unit,6350000,12599,9/12/2022,South West,3. Premium Partial (Slivers of Water/Park),580.0,8.0
44,28,High, H,304,Small_Unit,4600000,15132,9/12/2022,North,9. Poor Close (Wall View),150.0,3.0
30,18,Mid, G,327,Small_Unit,4950000,15138,8/12/2022,East,9. Poor Close (Wall View),420.0,3.0
52,31,High, D,304,Small_Unit,4450000,14638,8/12/2022,South West,6. Normal (Good Direction - S/E),280.0,6.0
50,30,High, A,284,Small_Unit,4580000,16127,7/12/2022,North West,8. Normal (Poor Direction - N/W),250.0,4.5
44,15,Mid, H,304,Small_Unit,4550000,14967,7/12/2022,North,9. Poor Close (Wall View),150.0,3.0
49,9,Low, A,284,Small_Unit,4230000,14894,7/12/2022,North West,8. Normal (Poor Direction - N/W),220.0,4.5
12,2,Low, F,484,Middle_Unit,6050000,12500,6/12/2022,South East,1. Premium Plus (Full River/Park),580.0,9.0
29,11,Mid, D,327,Small_Unit,5150000,15749,1/12/2022,West,10. Poor Street (Busy Road),450.0,2.0
26,11,Mid, A,447,Middle_Unit,6100000,13647,30/11/2022,North,8. Normal (Poor Direction - N/W),420.0,4.5
26,7,Low, D,326,Small_Unit,4780000,14663,29/11/2022,West,9. Poor Close (Wall View),420.0,3.0
38,20,Mid, B,284,Small_Unit,4150000,14613,25/11/2022,East,9. Poor Close (Wall View),150.0,3.0
22,11,Mid, C,484,Middle_Unit,6230000,12872,25/11/2022,South West,6. Normal (Good Direction - S/E),480.0,6.0
10,5,Low, F,451,Middle_Unit,6180000,13703,25/11/2022,South East,1. Premium Plus (Full River/Park),580.0,9.0
37,9,Low, B,284,Small_Unit,4450000,15669,24/11/2022,East,6. Normal (Good Direction - S/E),150.0,6.0
48,10,Low, F,284,Small_Unit,4550000,16021,23/11/2022,East,10. Poor Street (Busy Road),200.0,2.0
26,7,Low, C,326,Small_Unit,4620000,14172,23/11/2022,West,9. Poor Close (Wall View),420.0,3.0
49,9,Low, D,304,Small_Unit,4880000,16053,21/11/2022,South West,6. Normal (Good Direction - S/E),220.0,6.0
29,16,Mid, D,327,Small_Unit,4980000,15229,18/11/2022,West,10. Poor Street (Busy Road),450.0,2.0
43,21,Mid, F,284,Small_Unit,4200000,14789,18/11/2022,East,9. Poor Close (Wall View),220.0,3.0
48,16,Mid, F,284,Small_Unit,4420000,15563,18/11/2022,East,10. Poor Street (Busy Road),200.0,2.0
20,17,Mid, G,327,Small_Unit,4880000,14924,17/11/2022,North East,6. Normal (Good Direction - S/E),520.0,6.0
10,24,Mid, A,451,Middle_Unit,6500000,14412,17/11/2022,North West,1. Premium Plus (Full River/Park),580.0,9.0
12,29,High, B,515,Middle_Unit,6480000,12583,16/11/2022,North West,1. Premium Plus (Full River/Park),580.0,9.0
8,13,Mid, C,327,Small_Unit,4770000,14587,15/11/2022,South West,6. Normal (Good Direction - S/E),620.0,6.0
22,8,Low, C,484,Middle_Unit,6200000,12810,14/11/2022,South West,6. Normal (Good Direction - S/E),480.0,6.0
1,19,Mid, H,327,Small_Unit,4880000,14924,14/11/2022,North East,2. Premium (Full River - West/Sun),650.0,8.5
1,12,Mid, F,451,Middle_Unit,6220000,13792,11/11/2022,South East,6. Normal (Good Direction - S/E),650.0,6.0
24,4,Low, C,326,Small_Unit,4450000,13650,10/11/2022,West,10. Poor Street (Busy Road),380.0,2.0
48,11,Mid, F,284,Small_Unit,4390000,15458,9/11/2022,East,10. Poor Street (Busy Road),200.0,2.0
31,12,Mid, A,451,Middle_Unit,6380000,14146,9/11/2022,South,5. Good Internal (Pool/Garden/Mall),400.0,6.5
5,12,Mid, D,853,Large_Unit,12000000,14068,8/11/2022,South West,2. Premium (Full River - West/Sun),750.0,8.5
29,2,Low, G,327,Small_Unit,4750000,14526,8/11/2022,South,9. Poor Close (Wall View),450.0,3.0
18,21,Mid, C,484,Middle_Unit,6680000,13802,8/11/2022,South West,6. Normal (Good Direction - S/E),550.0,6.0
49,24,Mid, E,284,Small_Unit,4600000,16197,8/11/2022,South East,6. Normal (Good Direction - S/E),220.0,6.0
37,23,Mid, C,304,Small_Unit,4800000,15789,7/11/2022,South,9. Poor Close (Wall View),150.0,3.0
20,10,Low, G,327,Small_Unit,4880000,14924,4/11/2022,North East,6. Normal (Good Direction - S/E),520.0,6.0
39,10,Low, H,304,Small_Unit,4600000,15132,3/11/2022,North,10. Poor Street (Busy Road),180.0,2.0
48,5,Low, D,304,Small_Unit,4500000,14803,3/11/2022,South,6. Normal (Good Direction - S/E),200.0,6.0
24,28,High, B,447,Middle_Unit,6260000,14004,2/11/2022,East,9. Poor Close (Wall View),380.0,3.0
26,22,Mid, H,326,Small_Unit,5000000,15337,2/11/2022,East,10. Poor Street (Busy Road),420.0,2.0
49,18,Mid, C,304,Small_Unit,4780000,15724,1/11/2022,South West,6. Normal (Good Direction - S/E),220.0,6.0
49,27,High, F,284,Small_Unit,4800000,16901,1/11/2022,South East,6. Normal (Good Direction - S/E),220.0,6.0
43,3,Low, B,284,Small_Unit,4000000,14085,1/11/2022,West,9. Poor Close (Wall View),220.0,3.0
46,20,Mid, B,284,Small_Unit,3950000,13908,1/11/2022,West,10. Poor Street (Busy Road),180.0,2.0
37,29,High, H,304,Small_Unit,4800000,15789,31/10/2022,North,5. Good Internal (Pool/Garden/Mall),150.0,6.5
18,7,Low, F,484,Middle_Unit,6550000,13533,31/10/2022,South East,6. Normal (Good Direction - S/E),550.0,6.0
45,20,Mid, F,284,Small_Unit,4800000,16901,31/10/2022,East,10. Poor Street (Busy Road),150.0,2.0
41,19,Mid, F,284,Small_Unit,4680000,16479,28/10/2022,East,9. Poor Close (Wall View),220.0,3.0
1,2,Low, B,451,Middle_Unit,5650000,12528,27/10/2022,North West,2. Premium (Full River - West/Sun),650.0,8.5
32,23,Mid, A,451,Middle_Unit,6500000,14412,27/10/2022,South,5. Good Internal (Pool/Garden/Mall),380.0,6.5
8,18,Mid, H,327,Small_Unit,5380000,16453,27/10/2022,North East,6. Normal (Good Direction - S/E),620.0,6.0
44,27,High, F,284,Small_Unit,4300000,15141,26/10/2022,East,9. Poor Close (Wall View),150.0,3.0
44,23,Mid, H,304,Small_Unit,4728000,15553,26/10/2022,North,9. Poor Close (Wall View),150.0,3.0
43,5,Low, D,304,Small_Unit,4350000,14309,26/10/2022,South,6. Normal (Good Direction - S/E),220.0,6.0
1,11,Mid, F,451,Middle_Unit,6170000,13681,25/10/2022,South East,6. Normal (Good Direction - S/E),650.0,6.0
26,8,Low, C,326,Small_Unit,4700000,14417,25/10/2022,West,9. Poor Close (Wall View),420.0,3.0
46,26,High, E,284,Small_Unit,4500000,15845,24/10/2022,East,9. Poor Close (Wall View),180.0,3.0
16,7,Low, H,327,Small_Unit,4630000,14159,21/10/2022,North East,6. Normal (Good Direction - S/E),500.0,6.0
9,11,Mid, H,327,Small_Unit,5030000,15382,20/10/2022,North East,6. Normal (Good Direction - S/E),600.0,6.0
29,20,Mid, A,451,Middle_Unit,6430000,14257,19/10/2022,East,9. Poor Close (Wall View),450.0,3.0
29,24,Mid, F,451,Middle_Unit,6700000,14856,17/10/2022,North,10. Poor Street (Busy Road),450.0,2.0
31,25,Mid, E,451,Middle_Unit,6500000,14412,17/10/2022,North,10. Poor Street (Busy Road),400.0,2.0
8,20,Mid, C,327,Small_Unit,5000000,15291,14/10/2022,South West,6. Normal (Good Direction - S/E),620.0,6.0
47,12,Mid, H,304,Small_Unit,5000000,16447,14/10/2022,North,10. Poor Street (Busy Road),180.0,2.0
43,28,High, G,304,Small_Unit,4700000,15461,14/10/2022,North,9. Poor Close (Wall View),220.0,3.0
24,19,Mid, B,447,Middle_Unit,6340000,14183,13/10/2022,East,9. Poor Close (Wall View),380.0,3.0
3,4,Low, C,327,Small_Unit,4540000,13884,13/10/2022,South West,2. Premium (Full River - West/Sun),700.0,8.5
21,2,Low, D,327,Small_Unit,4600000,14067,12/10/2022,South West,6. Normal (Good Direction - S/E),500.0,6.0
48,9,Low, F,284,Small_Unit,4250000,14965,11/10/2022,East,10. Poor Street (Busy Road),200.0,2.0
32,18,Mid, G,327,Small_Unit,4950000,15138,11/10/2022,East,10. Poor Street (Busy Road),380.0,2.0
41,6,Low, C,304,Small_Unit,4700000,15461,11/10/2022,South,6. Normal (Good Direction - S/E),220.0,6.0
37,6,Low, G,304,Small_Unit,4500000,14803,11/10/2022,North,5. Good Internal (Pool/Garden/Mall),150.0,6.5
17,9,Low, G,327,Small_Unit,4800000,14679,7/10/2022,North East,6. Normal (Good Direction - S/E),520.0,6.0
9,9,Low, G,327,Small_Unit,4750000,14526,6/10/2022,North East,6. Normal (Good Direction - S/E),600.0,6.0
20,4,Low, E,451,Middle_Unit,6100000,13525,6/10/2022,South East,6. Normal (Good Direction - S/E),520.0,6.0
1,16,Mid, C,327,Small_Unit,4850000,14832,6/10/2022,South West,2. Premium (Full River - West/Sun),650.0,8.5
29,10,Low, A,451,Middle_Unit,6680000,14812,5/10/2022,East,9. Poor Close (Wall View),450.0,3.0
44,5,Low, E,284,Small_Unit,4550000,16021,5/10/2022,East,9. Poor Close (Wall View),150.0,3.0
21,1,Low, G,327,Small_Unit,4500000,13761,3/10/2022,North East,6. Normal (Good Direction - S/E),500.0,6.0
8,9,Low, B,451,Middle_Unit,6538000,14497,30/9/2022,North West,8. Normal (Poor Direction - N/W),620.0,4.5
43,13,Mid, C,304,Small_Unit,5330000,17533,30/9/2022,South,6. Normal (Good Direction - S/E),220.0,6.0
36,22,Mid, E,478,Middle_Unit,6720000,14059,29/9/2022,South,5. Good Internal (Pool/Garden/Mall),300.0,6.5
45,28,High, A,284,Small_Unit,4770000,16796,29/9/2022,West,9. Poor Close (Wall View),150.0,3.0
38,4,Low, G,304,Small_Unit,4350000,14309,29/9/2022,North,10. Poor Street (Busy Road),150.0,2.0
1,23,Mid, D,327,Small_Unit,4920000,15046,29/9/2022,South West,2. Premium (Full River - West/Sun),650.0,8.5
40,5,Low, E,284,Small_Unit,4120000,14507,28/9/2022,West,10. Poor Street (Busy Road),200.0,2.0
38,6,Low, H,304,Small_Unit,4850000,15954,28/9/2022,North,10. Poor Street (Busy Road),150.0,2.0
28,20,Mid, D,688,Large_Unit,9938000,14445,27/9/2022,West,9. Poor Close (Wall View),480.0,3.0
1,7,Low, B,451,Middle_Unit,6188000,13721,26/9/2022,North West,2. Premium (Full River - West/Sun),650.0,8.5
8,6,Low, C,327,Small_Unit,4680000,14312,23/9/2022,South West,6. Normal (Good Direction - S/E),620.0,6.0
20,11,Mid, H,327,Small_Unit,5030000,15382,22/9/2022,North East,6. Normal (Good Direction - S/E),520.0,6.0
41,27,High, F,284,Small_Unit,4880000,17183,20/9/2022,East,9. Poor Close (Wall View),220.0,3.0
7,21,Mid, A,515,Middle_Unit,7680000,14913,20/9/2022,North West,2. Premium (Full River - West/Sun),600.0,8.5
36,10,Low, E,478,Middle_Unit,6350000,13285,19/9/2022,South,5. Good Internal (Pool/Garden/Mall),300.0,6.5
37,13,Mid, D,304,Small_Unit,5120000,16842,16/9/2022,South,9. Poor Close (Wall View),150.0,3.0
44,27,High, C,304,Small_Unit,5230000,17204,15/9/2022,South,6. Normal (Good Direction - S/E),150.0,6.0
46,10,Low, E,284,Small_Unit,4550000,16021,14/9/2022,East,9. Poor Close (Wall View),180.0,3.0
31,28,High, C,327,Small_Unit,5150000,15749,14/9/2022,West,9. Poor Close (Wall View),400.0,3.0
47,3,Low, A,284,Small_Unit,4400000,15493,14/9/2022,West,9. Poor Close (Wall View),180.0,3.0
47,7,Low, B,284,Small_Unit,4560000,16056,14/9/2022,West,9. Poor Close (Wall View),180.0,3.0
45,19,Mid, A,284,Small_Unit,4598000,16190,14/9/2022,West,9. Poor Close (Wall View),150.0,3.0
32,15,Mid, D,327,Small_Unit,5300000,16208,13/9/2022,West,9. Poor Close (Wall View),380.0,3.0
46,18,Mid, B,284,Small_Unit,4500000,15845,9/9/2022,West,10. Poor Street (Busy Road),180.0,2.0
2,23,Mid, F,451,Middle_Unit,6500000,14412,9/9/2022,South East,3. Premium Partial (Slivers of Water/Park),680.0,6.0
52,7,Low, E,284,Small_Unit,5350000,18838,8/9/2022,South East,6. Normal (Good Direction - S/E),280.0,6.0
19,13,Mid, E,451,Middle_Unit,6750000,14967,8/9/2022,South East,6. Normal (Good Direction - S/E),550.0,6.0
4,12,Mid, C,853,Large_Unit,10100000,11841,8/9/2022,South West,2. Premium (Full River - West/Sun),720.0,8.5
48,20,Mid, E,284,Small_Unit,4450000,15669,7/9/2022,East,10. Poor Street (Busy Road),200.0,2.0
23,16,Mid, A,451,Middle_Unit,6400000,14191,7/9/2022,North West,8. Normal (Poor Direction - N/W),350.0,4.5
52,8,Low, B,284,Small_Unit,4430000,15599,5/9/2022,North West,8. Normal (Poor Direction - N/W),280.0,4.5
40,9,Low, E,284,Small_Unit,5100000,17958,5/9/2022,West,10. Poor Street (Busy Road),200.0,2.0
19,14,Mid, C,327,Small_Unit,5000000,15291,5/9/2022,South West,6. Normal (Good Direction - S/E),550.0,6.0
49,24,Mid, H,304,Small_Unit,4850000,15954,5/9/2022,North East,6. Normal (Good Direction - S/E),220.0,6.0
43,29,High, A,284,Small_Unit,5320000,18732,5/9/2022,West,9. Poor Close (Wall View),220.0,3.0
27,3,Low, D,688,Large_Unit,8830000,12834,2/9/2022,West,10. Poor Street (Busy Road),450.0,2.0
8,21,Mid, C,327,Small_Unit,5800000,17737,2/9/2022,South West,6. Normal (Good Direction - S/E),620.0,6.0
47,7,Low, F,284,Small_Unit,4800000,16901,2/9/2022,East,9. Poor Close (Wall View),180.0,3.0
7,2,Low, C,484,Middle_Unit,6130000,12665,2/9/2022,South West,2. Premium (Full River - West/Sun),600.0,8.5
32,22,Mid, B,451,Middle_Unit,6600000,14634,31/8/2022,South,5. Good Internal (Pool/Garden/Mall),380.0,6.5
49,6,Low, B,284,Small_Unit,4200000,14789,31/8/2022,North West,4. Good Open (High Floor City),220.0,7.0
10,12,Mid, D,327,Small_Unit,5000000,15291,31/8/2022,South West,3. Premium Partial (Slivers of Water/Park),580.0,8.0
20,18,Mid, E,451,Middle_Unit,6300000,13969,30/8/2022,South East,6. Normal (Good Direction - S/E),520.0,6.0
40,32,High, B,284,Small_Unit,5000000,17606,30/8/2022,East,9. Poor Close (Wall View),200.0,3.0
18,7,Low, A,515,Middle_Unit,7330000,14233,24/8/2022,North West,8. Normal (Poor Direction - N/W),550.0,4.5
31,24,Mid, B,451,Middle_Unit,6500000,14412,24/8/2022,South,5. Good Internal (Pool/Garden/Mall),400.0,6.5
8,4,Low, D,327,Small_Unit,5400000,16514,22/8/2022,South West,6. Normal (Good Direction - S/E),620.0,6.0
52,3,Low, C,304,Small_Unit,4900000,16118,19/8/2022,South West,6. Normal (Good Direction - S/E),280.0,6.0
12,27,High, D,504,Middle_Unit,7120000,14127,18/8/2022,South West,3. Premium Partial (Slivers of Water/Park),580.0,8.0
17,19,Mid, G,327,Small_Unit,5850000,17890,18/8/2022,North East,6. Normal (Good Direction - S/E),520.0,6.0
19,7,Low, B,451,Middle_Unit,6300000,13969,17/8/2022,North West,8. Normal (Poor Direction - N/W),550.0,4.5
47,32,High, A,284,Small_Unit,5050000,17782,16/8/2022,West,9. Poor Close (Wall View),180.0,3.0
31,26,High, F,451,Middle_Unit,6700000,14856,16/8/2022,North,10. Poor Street (Busy Road),400.0,2.0
39,19,Mid, A,284,Small_Unit,5320000,18732,12/8/2022,East,9. Poor Close (Wall View),180.0,3.0
46,25,Mid, C,304,Small_Unit,5280000,17368,12/8/2022,South,6. Normal (Good Direction - S/E),180.0,6.0
12,3,Low, F,484,Middle_Unit,6130000,12665,10/8/2022,South East,1. Premium Plus (Full River/Park),580.0,9.0
22,27,High, F,484,Middle_Unit,6580000,13595,10/8/2022,South East,6. Normal (Good Direction - S/E),480.0,6.0
45,8,Low, A,284,Small_Unit,4850000,17077,8/8/2022,West,9. Poor Close (Wall View),150.0,3.0
11,8,Low, D,504,Middle_Unit,6998000,13885,5/8/2022,South West,6. Normal (Good Direction - S/E),550.0,6.0
50,18,Mid, E,284,Small_Unit,5200000,18310,5/8/2022,South East,6. Normal (Good Direction - S/E),250.0,6.0
20,20,Mid, H,327,Small_Unit,5300000,16208,4/8/2022,North East,6. Normal (Good Direction - S/E),520.0,6.0
27,27,High, C,688,Large_Unit,10280000,14942,4/8/2022,West,10. Poor Street (Busy Road),450.0,2.0
42,31,High, F,284,Small_Unit,5500000,19366,3/8/2022,East,9. Poor Close (Wall View),200.0,3.0
48,16,Mid, H,304,Small_Unit,5250000,17270,2/8/2022,North,10. Poor Street (Busy Road),200.0,2.0
39,27,High, F,284,Small_Unit,5000000,17606,2/8/2022,West,9. Poor Close (Wall View),180.0,3.0
51,28,High, A,284,Small_Unit,5138000,18092,1/8/2022,North West,8. Normal (Poor Direction - N/W),280.0,4.5
29,2,Low, E,451,Middle_Unit,6210000,13769,1/8/2022,North,10. Poor Street (Busy Road),450.0,2.0
16,3,Low, A,451,Middle_Unit,6280000,13925,29/7/2022,North West,8. Normal (Poor Direction - N/W),500.0,4.5
42,20,Mid, E,284,Small_Unit,5380000,18944,29/7/2022,East,9. Poor Close (Wall View),200.0,3.0
31,27,High, A,451,Middle_Unit,7050000,15632,29/7/2022,South,5. Good Internal (Pool/Garden/Mall),400.0,6.5
19,27,High, G,327,Small_Unit,6050000,18502,28/7/2022,North East,6. Normal (Good Direction - S/E),550.0,6.0
44,27,High, E,284,Small_Unit,5500000,19366,27/7/2022,East,9. Poor Close (Wall View),150.0,3.0
38,9,Low, C,304,Small_Unit,5180000,17039,26/7/2022,South,9. Poor Close (Wall View),150.0,3.0
39,3,Low, H,304,Small_Unit,5030000,16546,25/7/2022,North,10. Poor Street (Busy Road),180.0,2.0
23,17,Mid, D,327,Small_Unit,5650000,17278,19/7/2022,South West,6. Normal (Good Direction - S/E),350.0,6.0
32,8,Low, G,327,Small_Unit,5680000,17370,18/7/2022,East,10. Poor Street (Busy Road),380.0,2.0
11,13,Mid, D,504,Middle_Unit,6930000,13750,15/7/2022,South West,6. Normal (Good Direction - S/E),550.0,6.0
8,18,Mid, C,327,Small_Unit,5780000,17676,15/7/2022,South West,6. Normal (Good Direction - S/E),620.0,6.0
48,13,Mid, D,304,Small_Unit,5480000,18026,15/7/2022,South,6. Normal (Good Direction - S/E),200.0,6.0
51,20,Mid, H,304,Small_Unit,5400000,17763,13/7/2022,North East,6. Normal (Good Direction - S/E),280.0,6.0
43,27,High, H,304,Small_Unit,4800000,15789,11/7/2022,North,9. Poor Close (Wall View),220.0,3.0
49,25,Mid, H,304,Small_Unit,5200000,17105,11/7/2022,North East,6. Normal (Good Direction - S/E),220.0,6.0
37,7,Low, F,284,Small_Unit,5250000,18486,8/7/2022,West,9. Poor Close (Wall View),150.0,3.0
24,1,Low, E,447,Middle_Unit,6080000,13602,30/6/2022,North,8. Normal (Poor Direction - N/W),380.0,4.5
30,17,Mid, A,451,Middle_Unit,7000000,15521,30/6/2022,South,5. Good Internal (Pool/Garden/Mall),420.0,6.5
36,10,Low, F,478,Middle_Unit,7180000,15021,30/6/2022,South,5. Good Internal (Pool/Garden/Mall),300.0,6.5
22,7,Low, B,515,Middle_Unit,7200000,13981,30/6/2022,North West,8. Normal (Poor Direction - N/W),480.0,4.5
21,13,Mid, A,451,Middle_Unit,7100000,15743,29/6/2022,North West,8. Normal (Poor Direction - N/W),500.0,4.5
41,5,Low, A,284,Small_Unit,4880000,17183,28/6/2022,West,10. Poor Street (Busy Road),220.0,2.0
47,10,Low, A,284,Small_Unit,5400000,19014,24/6/2022,West,9. Poor Close (Wall View),180.0,3.0
23,27,High, D,327,Small_Unit,6100000,18654,24/6/2022,South West,6. Normal (Good Direction - S/E),350.0,6.0
19,4,Low, H,327,Small_Unit,5400000,16514,24/6/2022,North East,6. Normal (Good Direction - S/E),550.0,6.0
30,23,Mid, B,451,Middle_Unit,7000000,15521,23/6/2022,South,5. Good Internal (Pool/Garden/Mall),420.0,6.5
36,7,Low, H,307,Small_Unit,5200000,16938,23/6/2022,West,10. Poor Street (Busy Road),300.0,2.0
36,26,High, B,478,Middle_Unit,8150000,17050,22/6/2022,North,4. Good Open (High Floor City),300.0,7.0
17,12,Mid, F,451,Middle_Unit,7000000,15521,22/6/2022,South East,6. Normal (Good Direction - S/E),520.0,6.0
11,9,Low, E,504,Middle_Unit,7038000,13964,21/6/2022,South East,1. Premium Plus (Full River/Park),550.0,9.0
50,17,Mid, F,284,Small_Unit,5500000,19366,20/6/2022,South East,6. Normal (Good Direction - S/E),250.0,6.0
31,22,Mid, A,451,Middle_Unit,6900000,15299,20/6/2022,South,5. Good Internal (Pool/Garden/Mall),400.0,6.5
26,12,Mid, G,326,Small_Unit,5600000,17178,17/6/2022,East,10. Poor Street (Busy Road),420.0,2.0
30,16,Mid, B,451,Middle_Unit,7250000,16075,16/6/2022,South,5. Good Internal (Pool/Garden/Mall),420.0,6.5
31,9,Low, C,327,Small_Unit,5770000,17645,16/6/2022,West,9. Poor Close (Wall View),400.0,3.0
49,13,Mid, C,304,Small_Unit,5480000,18026,16/6/2022,South West,6. Normal (Good Direction - S/E),220.0,6.0
20,25,Mid, F,451,Middle_Unit,7500000,16630,15/6/2022,South East,6. Normal (Good Direction - S/E),520.0,6.0
21,29,High, A,451,Middle_Unit,7500000,16630,15/6/2022,North West,8. Normal (Poor Direction - N/W),500.0,4.5
36,8,Low, D,307,Small_Unit,5300000,17264,14/6/2022,East,6. Normal (Good Direction - S/E),300.0,6.0
21,22,Mid, H,327,Small_Unit,5750000,17584,14/6/2022,North East,6. Normal (Good Direction - S/E),500.0,6.0
39,23,Mid, H,304,Small_Unit,5750000,18914,13/6/2022,North,10. Poor Street (Busy Road),180.0,2.0
3,26,High, G,327,Small_Unit,6380000,19511,10/6/2022,North East,2. Premium (Full River - West/Sun),700.0,8.5
39,18,Mid, C,304,Small_Unit,5550000,18257,9/6/2022,South,9. Poor Close (Wall View),180.0,3.0
37,10,Low, F,284,Small_Unit,5250000,18486,9/6/2022,West,9. Poor Close (Wall View),150.0,3.0
43,18,Mid, A,284,Small_Unit,5620000,19789,9/6/2022,West,9. Poor Close (Wall View),220.0,3.0
12,4,Low, A,515,Middle_Unit,6240000,12117,9/6/2022,North West,1. Premium Plus (Full River/Park),580.0,9.0
16,6,Low, D,327,Small_Unit,5400000,16514,8/6/2022,South West,6. Normal (Good Direction - S/E),500.0,6.0
16,4,Low, D,327,Small_Unit,5100000,15596,8/6/2022,South West,6. Normal (Good Direction - S/E),500.0,6.0
11,32,High, E,504,Middle_Unit,8330000,16528,8/6/2022,South East,1. Premium Plus (Full River/Park),550.0,9.0
51,8,Low, H,304,Small_Unit,5250000,17270,6/6/2022,North East,6. Normal (Good Direction - S/E),280.0,6.0
38,19,Mid, G,304,Small_Unit,5600000,18421,6/6/2022,North,10. Poor Street (Busy Road),150.0,2.0
11,21,Mid, F,484,Middle_Unit,7600000,15702,2/6/2022,South East,1. Premium Plus (Full River/Park),550.0,9.0
17,19,Mid, H,327,Small_Unit,5450000,16667,2/6/2022,North East,6. Normal (Good Direction - S/E),520.0,6.0
2,24,Mid, B,451,Middle_Unit,7250000,16075,2/6/2022,North West,2. Premium (Full River - West/Sun),680.0,8.5
27,27,High, B,688,Large_Unit,8880000,12907,1/6/2022,East,9. Poor Close (Wall View),450.0,3.0
48,13,Mid, C,304,Small_Unit,5520000,18158,30/5/2022,South,6. Normal (Good Direction - S/E),200.0,6.0
12,2,Low, C,484,Middle_Unit,6550000,13533,27/5/2022,South West,3. Premium Partial (Slivers of Water/Park),580.0,6.0
50,32,High, E,284,Small_Unit,5680000,20000,27/5/2022,South East,6. Normal (Good Direction - S/E),250.0,6.0
32,24,Mid, A,451,Middle_Unit,7200000,15965,27/5/2022,South,5. Good Internal (Pool/Garden/Mall),380.0,6.5
41,15,Mid, D,304,Small_Unit,5500000,18092,26/5/2022,South,6. Normal (Good Direction - S/E),220.0,6.0
46,9,Low, F,284,Small_Unit,5180000,18239,26/5/2022,East,9. Poor Close (Wall View),180.0,3.0
44,32,High, E,284,Small_Unit,5630000,19824,25/5/2022,East,9. Poor Close (Wall View),150.0,3.0
49,23,Mid, G,304,Small_Unit,5770000,18980,25/5/2022,North East,6. Normal (Good Direction - S/E),220.0,6.0
3,9,Low, F,451,Middle_Unit,7100000,15743,25/5/2022,South East,3. Premium Partial (Slivers of Water/Park),700.0,8.0
50,29,High, A,284,Small_Unit,5450000,19190,24/5/2022,North West,8. Normal (Poor Direction - N/W),250.0,4.5
44,5,Low, H,304,Small_Unit,5380000,17697,24/5/2022,North,9. Poor Close (Wall View),150.0,3.0
35,18,Mid, B,707,Large_Unit,9850000,13932,20/5/2022,North,5. Good Internal (Pool/Garden/Mall),320.0,6.5
47,31,High, E,284,Small_Unit,5538000,19500,19/5/2022,East,9. Poor Close (Wall View),180.0,3.0
40,26,High, F,284,Small_Unit,5760000,20282,19/5/2022,West,10. Poor Street (Busy Road),200.0,2.0
3,23,Mid, H,327,Small_Unit,6020000,18410,18/5/2022,North East,2. Premium (Full River - West/Sun),700.0,8.5
7,9,Low, F,484,Middle_Unit,7668000,15843,18/5/2022,South East,6. Normal (Good Direction - S/E),600.0,6.0
46,30,High, G,304,Small_Unit,5723000,18826,17/5/2022,North,10. Poor Street (Busy Road),180.0,2.0
34,35,High, B,707,Large_Unit,11650000,16478,16/5/2022,North,5. Good Internal (Pool/Garden/Mall),300.0,6.5
49,32,High, C,304,Small_Unit,5878000,19336,13/5/2022,South West,6. Normal (Good Direction - S/E),220.0,6.0
52,17,Mid, B,284,Small_Unit,5500000,19366,13/5/2022,North West,8. Normal (Poor Direction - N/W),280.0,4.5
26,3,Low, C,326,Small_Unit,5230000,16043,13/5/2022,West,9. Poor Close (Wall View),420.0,3.0
21,11,Mid, D,327,Small_Unit,6000000,18349,12/5/2022,South West,6. Normal (Good Direction - S/E),500.0,6.0
44,18,Mid, B,284,Small_Unit,5350000,18838,12/5/2022,West,9. Poor Close (Wall View),150.0,3.0
18,13,Mid, A,515,Middle_Unit,7800000,15146,11/5/2022,North West,8. Normal (Poor Direction - N/W),550.0,4.5
15,23,Mid, A,819,Large_Unit,11468000,14002,11/5/2022,North West,1. Premium Plus (Full River/Park),650.0,9.0
17,4,Low, H,327,Small_Unit,5400000,16514,11/5/2022,North East,6. Normal (Good Direction - S/E),520.0,6.0
3,19,Mid, C,327,Small_Unit,5700000,17431,11/5/2022,South West,2. Premium (Full River - West/Sun),700.0,8.5
47,14,Mid, G,304,Small_Unit,5300000,17434,10/5/2022,North,10. Poor Street (Busy Road),180.0,2.0
44,3,Low, F,284,Small_Unit,5100000,17958,10/5/2022,East,9. Poor Close (Wall View),150.0,3.0
36,18,Mid, F,478,Middle_Unit,7880000,16485,10/5/2022,South,5. Good Internal (Pool/Garden/Mall),300.0,6.5
52,28,High, B,284,Small_Unit,5700000,20070,5/5/2022,North West,8. Normal (Poor Direction - N/W),280.0,4.5
43,17,Mid, G,304,Small_Unit,5300000,17434,5/5/2022,North,9. Poor Close (Wall View),220.0,3.0
11,6,Low, A,515,Middle_Unit,7348000,14268,4/5/2022,North West,1. Premium Plus (Full River/Park),550.0,9.0
41,16,Mid, D,304,Small_Unit,5520000,18158,4/5/2022,South,6. Normal (Good Direction - S/E),220.0,6.0
26,20,Mid, F,447,Middle_Unit,7218000,16148,3/5/2022,South,10. Poor Street (Busy Road),420.0,2.0
35,36,High, D,707,Large_Unit,11330000,16025,3/5/2022,South,10. Poor Street (Busy Road),320.0,2.0
26,19,Mid, F,447,Middle_Unit,7330000,16398,29/4/2022,South,10. Poor Street (Busy Road),420.0,2.0
20,13,Mid, E,451,Middle_Unit,7180000,15920,29/4/2022,South East,6. Normal (Good Direction - S/E),520.0,6.0
38,8,Low, E,284,Small_Unit,5220000,18380,29/4/2022,West,9. Poor Close (Wall View),150.0,3.0
30,6,Low, A,451,Middle_Unit,6930000,15366,29/4/2022,South,5. Good Internal (Pool/Garden/Mall),420.0,6.5
38,24,Mid, H,304,Small_Unit,5280000,17368,29/4/2022,North,10. Poor Street (Busy Road),150.0,2.0
10,19,Mid, C,327,Small_Unit,5850000,17890,28/4/2022,South West,3. Premium Partial (Slivers of Water/Park),580.0,8.0
10,22,Mid, A,451,Middle_Unit,7280000,16142,28/4/2022,North West,1. Premium Plus (Full River/Park),580.0,9.0
41,18,Mid, C,304,Small_Unit,5500000,18092,28/4/2022,South,6. Normal (Good Direction - S/E),220.0,6.0
40,29,High, G,304,Small_Unit,5850000,19243,28/4/2022,North,10. Poor Street (Busy Road),200.0,2.0
35,23,Mid, B,707,Large_Unit,9920000,14031,28/4/2022,North,5. Good Internal (Pool/Garden/Mall),320.0,6.5
39,26,High, A,284,Small_Unit,5500000,19366,28/4/2022,East,9. Poor Close (Wall View),180.0,3.0
14,25,Mid, A,819,Large_Unit,12100000,14774,28/4/2022,North West,1. Premium Plus (Full River/Park),680.0,9.0
45,26,High, H,304,Small_Unit,5658000,18612,27/4/2022,North,9. Poor Close (Wall View),150.0,3.0
19,25,Mid, D,327,Small_Unit,5688000,17394,27/4/2022,South West,6. Normal (Good Direction - S/E),550.0,6.0
47,19,Mid, F,284,Small_Unit,5380000,18944,27/4/2022,East,9. Poor Close (Wall View),180.0,3.0
42,17,Mid, F,284,Small_Unit,5550000,19542,27/4/2022,East,9. Poor Close (Wall View),200.0,3.0
41,16,Mid, E,284,Small_Unit,5000000,17606,27/4/2022,East,9. Poor Close (Wall View),220.0,3.0
47,5,Low, A,284,Small_Unit,5040000,17746,26/4/2022,West,9. Poor Close (Wall View),180.0,3.0
32,25,Mid, F,451,Middle_Unit,7150000,15854,26/4/2022,North,10. Poor Street (Busy Road),380.0,2.0
23,14,Mid, C,327,Small_Unit,5750000,17584,26/4/2022,South West,6. Normal (Good Direction - S/E),350.0,6.0
43,7,Low, F,284,Small_Unit,5150000,18134,26/4/2022,East,9. Poor Close (Wall View),220.0,3.0
10,12,Mid, C,327,Small_Unit,5280000,16147,26/4/2022,South West,3. Premium Partial (Slivers of Water/Park),580.0,8.0
31,18,Mid, D,327,Small_Unit,5900000,18043,26/4/2022,West,9. Poor Close (Wall View),400.0,3.0
3,2,Low, E,451,Middle_Unit,6680000,14812,25/4/2022,South East,3. Premium Partial (Slivers of Water/Park),700.0,8.0
47,8,Low, C,304,Small_Unit,5150000,16941,25/4/2022,South,6. Normal (Good Direction - S/E),180.0,6.0
15,27,High, D,853,Large_Unit,13000000,15240,25/4/2022,South West,3. Premium Partial (Slivers of Water/Park),650.0,8.0
24,30,High, C,326,Small_Unit,5500000,16871,25/4/2022,West,10. Poor Street (Busy Road),380.0,2.0
7,16,Mid, C,484,Middle_Unit,7980000,16488,22/4/2022,South West,2. Premium (Full River - West/Sun),600.0,8.5
37,19,Mid, D,304,Small_Unit,5750000,18914,22/4/2022,South,9. Poor Close (Wall View),150.0,3.0
1,6,Low, H,327,Small_Unit,5230000,15994,22/4/2022,North East,2. Premium (Full River - West/Sun),650.0,8.5
24,17,Mid, F,447,Middle_Unit,7440000,16644,21/4/2022,North,8. Normal (Poor Direction - N/W),380.0,4.5
26,11,Mid, D,326,Small_Unit,5850000,17945,21/4/2022,West,9. Poor Close (Wall View),420.0,3.0
19,26,High, C,327,Small_Unit,5980000,18287,21/4/2022,South West,6. Normal (Good Direction - S/E),550.0,6.0
46,6,Low, G,304,Small_Unit,5230000,17204,20/4/2022,North,10. Poor Street (Busy Road),180.0,2.0
44,19,Mid, G,304,Small_Unit,5200000,17105,20/4/2022,North,9. Poor Close (Wall View),150.0,3.0
36,27,High, D,307,Small_Unit,5650000,18404,19/4/2022,East,6. Normal (Good Direction - S/E),300.0,6.0
42,11,Mid, A,284,Small_Unit,5250000,18486,12/4/2022,West,9. Poor Close (Wall View),200.0,3.0
41,23,Mid, A,284,Small_Unit,5260000,18521,12/4/2022,West,10. Poor Street (Busy Road),220.0,2.0
2,25,Mid, D,327,Small_Unit,5800000,17737,11/4/2022,South West,2. Premium (Full River - West/Sun),680.0,8.5
38,24,Mid, E,284,Small_Unit,5220000,18380,11/4/2022,West,9. Poor Close (Wall View),150.0,3.0
30,5,Low, H,327,Small_Unit,5200000,15902,11/4/2022,East,9. Poor Close (Wall View),420.0,3.0
40,6,Low, A,284,Small_Unit,5058000,17810,11/4/2022,East,9. Poor Close (Wall View),200.0,3.0
38,29,High, H,304,Small_Unit,5580000,18355,8/4/2022,North,10. Poor Street (Busy Road),150.0,2.0
20,12,Mid, C,327,Small_Unit,5550000,16972,8/4/2022,South West,6. Normal (Good Direction - S/E),520.0,6.0
50,6,Low, D,304,Small_Unit,5300000,17434,8/4/2022,South West,6. Normal (Good Direction - S/E),250.0,6.0
16,3,Low, C,327,Small_Unit,4950000,15138,6/4/2022,South West,6. Normal (Good Direction - S/E),500.0,6.0
45,28,High, C,304,Small_Unit,5200000,17105,4/4/2022,South,6. Normal (Good Direction - S/E),150.0,6.0
34,27,High, A,707,Large_Unit,9180000,12984,1/4/2022,South,4. Good Open (High Floor City),300.0,7.0
12,31,High, C,484,Middle_Unit,6600000,13636,31/3/2022,South West,3. Premium Partial (Slivers of Water/Park),580.0,6.0
46,32,High, C,304,Small_Unit,5600000,18421,31/3/2022,South,6. Normal (Good Direction - S/E),180.0,6.0
8,30,High, C,327,Small_Unit,5650000,17278,30/3/2022,South West,6. Normal (Good Direction - S/E),620.0,6.0
19,5,Low, G,327,Small_Unit,5200000,15902,24/3/2022,North East,6. Normal (Good Direction - S/E),550.0,6.0
9,17,Mid, E,451,Middle_Unit,7200000,15965,22/3/2022,South East,4. Good Open (High Floor City),600.0,7.0
2,25,Mid, C,327,Small_Unit,5500000,16820,22/3/2022,South West,2. Premium (Full River - West/Sun),680.0,8.5
31,3,Low, G,327,Small_Unit,5180000,15841,21/3/2022,East,9. Poor Close (Wall View),400.0,3.0
50,14,Mid, B,284,Small_Unit,5100000,17958,21/3/2022,North West,8. Normal (Poor Direction - N/W),250.0,4.5
7,32,High, B,515,Middle_Unit,7280000,14136,18/3/2022,North West,2. Premium (Full River - West/Sun),600.0,8.5
3,1,Low, D,327,Small_Unit,5050000,15443,18/3/2022,South West,2. Premium (Full River - West/Sun),700.0,8.5
39,24,Mid, E,284,Small_Unit,5330000,18768,17/3/2022,West,9. Poor Close (Wall View),180.0,3.0
44,16,Mid, E,284,Small_Unit,5150000,18134,16/3/2022,East,9. Poor Close (Wall View),150.0,3.0
7,15,Mid, B,515,Middle_Unit,7690000,14932,16/3/2022,North West,2. Premium (Full River - West/Sun),600.0,8.5
10,4,Low, A,451,Middle_Unit,6880000,15255,15/3/2022,North West,1. Premium Plus (Full River/Park),580.0,9.0
39,5,Low, D,304,Small_Unit,5230000,17204,14/3/2022,South,9. Poor Close (Wall View),180.0,3.0
52,28,High, A,284,Small_Unit,5480000,19296,14/3/2022,North West,8. Normal (Poor Direction - N/W),280.0,4.5
38,18,Mid, D,304,Small_Unit,5180000,17039,14/3/2022,South,9. Poor Close (Wall View),150.0,3.0
45,11,Mid, D,304,Small_Unit,5600000,18421,11/3/2022,South,6. Normal (Good Direction - S/E),150.0,6.0
3,25,Mid, B,451,Middle_Unit,7200000,15965,11/3/2022,North West,2. Premium (Full River - West/Sun),700.0,8.5
23,26,High, B,451,Middle_Unit,7480000,16585,11/3/2022,North West,8. Normal (Poor Direction - N/W),350.0,4.5
44,32,High, D,304,Small_Unit,5680000,18684,10/3/2022,South,4. Good Open (High Floor City),150.0,7.0
43,22,Mid, A,284,Small_Unit,5380000,18944,10/3/2022,West,9. Poor Close (Wall View),220.0,3.0
20,11,Mid, D,327,Small_Unit,5500000,16820,10/3/2022,South West,6. Normal (Good Direction - S/E),520.0,6.0
38,6,Low, F,284,Small_Unit,5200000,18310,9/3/2022,West,9. Poor Close (Wall View),150.0,3.0
39,24,Mid, G,304,Small_Unit,5490000,18059,9/3/2022,North,10. Poor Street (Busy Road),180.0,2.0
52,12,Mid, B,284,Small_Unit,5260000,18521,9/3/2022,North West,8. Normal (Poor Direction - N/W),280.0,4.5
17,19,Mid, F,451,Middle_Unit,7800000,17295,8/3/2022,South East,6. Normal (Good Direction - S/E),520.0,6.0
17,17,Mid, H,327,Small_Unit,5500000,16820,8/3/2022,North East,6. Normal (Good Direction - S/E),520.0,6.0
47,14,Mid, C,304,Small_Unit,5250000,17270,8/3/2022,South,6. Normal (Good Direction - S/E),180.0,6.0
10,3,Low, F,451,Middle_Unit,6000000,13304,7/3/2022,South East,1. Premium Plus (Full River/Park),580.0,9.0
23,27,High, G,327,Small_Unit,6100000,18654,7/3/2022,North East,6. Normal (Good Direction - S/E),350.0,6.0
19,20,Mid, F,451,Middle_Unit,7800000,17295,4/3/2022,South East,6. Normal (Good Direction - S/E),550.0,6.0
6,3,Low, A,819,Large_Unit,9980000,12186,3/3/2022,North West,2. Premium (Full River - West/Sun),720.0,8.5
22,6,Low, A,515,Middle_Unit,8000000,15534,1/3/2022,North West,8. Normal (Poor Direction - N/W),480.0,4.5
31,17,Mid, D,327,Small_Unit,5700000,17431,1/3/2022,West,9. Poor Close (Wall View),400.0,3.0
50,16,Mid, D,304,Small_Unit,5350000,17599,28/2/2022,South West,6. Normal (Good Direction - S/E),250.0,6.0
47,19,Mid, C,304,Small_Unit,5280000,17368,28/2/2022,South,6. Normal (Good Direction - S/E),180.0,6.0
52,29,High, A,284,Small_Unit,5480000,19296,25/2/2022,North West,8. Normal (Poor Direction - N/W),280.0,4.5
51,6,Low, E,284,Small_Unit,5150000,18134,24/2/2022,South East,6. Normal (Good Direction - S/E),280.0,6.0
16,10,Low, H,327,Small_Unit,5960000,18226,24/2/2022,North East,6. Normal (Good Direction - S/E),500.0,6.0
12,33,High, D,504,Middle_Unit,8600000,17063,24/2/2022,South West,3. Premium Partial (Slivers of Water/Park),580.0,8.0
16,30,High, B,451,Middle_Unit,8180000,18137,22/2/2022,North West,8. Normal (Poor Direction - N/W),500.0,4.5
16,20,Mid, F,451,Middle_Unit,7200000,15965,22/2/2022,South East,6. Normal (Good Direction - S/E),500.0,6.0
39,17,Mid, G,304,Small_Unit,5650000,18586,21/2/2022,North,10. Poor Street (Busy Road),180.0,2.0
26,4,Low, A,447,Middle_Unit,7000000,15660,18/2/2022,North,8. Normal (Poor Direction - N/W),420.0,4.5
49,23,Mid, E,284,Small_Unit,5400000,19014,18/2/2022,South East,6. Normal (Good Direction - S/E),220.0,6.0
29,28,High, H,327,Small_Unit,6280000,19205,17/2/2022,South,9. Poor Close (Wall View),450.0,3.0
33,3,Low, D,854,Large_Unit,10000000,11710,17/2/2022,East,6. Normal (Good Direction - S/E),350.0,6.0
41,29,High, A,284,Small_Unit,5250000,18486,17/2/2022,West,10. Poor Street (Busy Road),220.0,2.0
21,18,Mid, B,451,Middle_Unit,7200000,15965,17/2/2022,North West,8. Normal (Poor Direction - N/W),500.0,4.5
50,31,High, F,284,Small_Unit,5580000,19648,16/2/2022,South East,6. Normal (Good Direction - S/E),250.0,6.0
7,2,Low, F,484,Middle_Unit,6830000,14112,15/2/2022,South East,6. Normal (Good Direction - S/E),600.0,6.0
32,6,Low, H,327,Small_Unit,5220000,15963,15/2/2022,East,10. Poor Street (Busy Road),380.0,2.0
51,18,Mid, E,284,Small_Unit,5280000,18592,14/2/2022,South East,6. Normal (Good Direction - S/E),280.0,6.0
38,16,Mid, H,304,Small_Unit,5380000,17697,11/2/2022,North,10. Poor Street (Busy Road),150.0,2.0
51,11,Mid, B,284,Small_Unit,5128000,18056,10/2/2022,North West,8. Normal (Poor Direction - N/W),280.0,4.5
16,13,Mid, E,451,Middle_Unit,7150000,15854,9/2/2022,South East,6. Normal (Good Direction - S/E),500.0,6.0
51,10,Low, G,304,Small_Unit,5460000,17961,8/2/2022,North East,6. Normal (Good Direction - S/E),280.0,6.0
34,34,High, A,707,Large_Unit,9978000,14113,8/2/2022,South,4. Good Open (High Floor City),300.0,7.0
49,22,Mid, E,284,Small_Unit,5080000,17887,8/2/2022,South East,6. Normal (Good Direction - S/E),220.0,6.0
41,18,Mid, B,284,Small_Unit,5500000,19366,8/2/2022,West,10. Poor Street (Busy Road),220.0,2.0
10,28,High, H,327,Small_Unit,6100000,18654,7/2/2022,North East,1. Premium Plus (Full River/Park),580.0,9.0
47,12,Mid, D,304,Small_Unit,5520000,18158,7/2/2022,South,6. Normal (Good Direction - S/E),180.0,6.0
7,22,Mid, E,504,Middle_Unit,8050000,15972,7/2/2022,South East,3. Premium Partial (Slivers of Water/Park),600.0,6.0
36,14,Mid, B,478,Middle_Unit,7400000,15481,7/2/2022,North,4. Good Open (High Floor City),300.0,7.0
37,17,Mid, A,284,Small_Unit,5250000,18486,4/2/2022,East,6. Normal (Good Direction - S/E),150.0,6.0
51,21,Mid, H,304,Small_Unit,5918000,19467,4/2/2022,North East,6. Normal (Good Direction - S/E),280.0,6.0
32,10,Low, C,327,Small_Unit,5550000,16972,31/1/2022,West,9. Poor Close (Wall View),380.0,3.0
26,2,Low, F,447,Middle_Unit,6650000,14877,31/1/2022,South,10. Poor Street (Busy Road),420.0,2.0
45,24,Mid, H,304,Small_Unit,5599000,18418,31/1/2022,North,9. Poor Close (Wall View),150.0,3.0
47,26,High, D,304,Small_Unit,5538000,18217,28/1/2022,South,6. Normal (Good Direction - S/E),180.0,6.0
47,32,High, E,284,Small_Unit,5620000,19789,27/1/2022,East,9. Poor Close (Wall View),180.0,3.0
11,15,Mid, C,484,Middle_Unit,7530000,15558,27/1/2022,South West,3. Premium Partial (Slivers of Water/Park),550.0,8.0
46,15,Mid, D,304,Small_Unit,5700000,18750,26/1/2022,South,6. Normal (Good Direction - S/E),180.0,6.0
39,22,Mid, A,284,Small_Unit,5320000,18732,26/1/2022,East,9. Poor Close (Wall View),180.0,3.0
25,19,Mid, C,688,Large_Unit,9000000,13081,25/1/2022,West,9. Poor Close (Wall View),400.0,3.0
10,30,High, F,451,Middle_Unit,8600000,19069,24/1/2022,South East,1. Premium Plus (Full River/Park),580.0,9.0
15,1,Low, B,819,Large_Unit,9990000,12198,21/1/2022,North West,1. Premium Plus (Full River/Park),650.0,9.0
37,26,High, E,284,Small_Unit,5540000,19507,21/1/2022,West,9. Poor Close (Wall View),150.0,3.0
16,5,Low, C,327,Small_Unit,5700000,17431,21/1/2022,South West,6. Normal (Good Direction - S/E),500.0,6.0
52,15,Mid, A,284,Small_Unit,5260000,18521,21/1/2022,North West,8. Normal (Poor Direction - N/W),280.0,4.5
43,30,High, F,284,Small_Unit,5250000,18486,20/1/2022,East,9. Poor Close (Wall View),220.0,3.0
11,18,Mid, F,484,Middle_Unit,7950000,16426,19/1/2022,South East,1. Premium Plus (Full River/Park),550.0,9.0
7,3,Low, E,504,Middle_Unit,7450000,14782,18/1/2022,South East,3. Premium Partial (Slivers of Water/Park),600.0,6.0
42,24,Mid, B,284,Small_Unit,5338000,18796,18/1/2022,West,9. Poor Close (Wall View),200.0,3.0
42,30,High, F,284,Small_Unit,4400000,15493,17/1/2022,East,9. Poor Close (Wall View),200.0,3.0
43,28,High, E,284,Small_Unit,5570000,19613,17/1/2022,East,9. Poor Close (Wall View),220.0,3.0
19,5,Low, H,327,Small_Unit,5300000,16208,17/1/2022,North East,6. Normal (Good Direction - S/E),550.0,6.0
47,3,Low, B,284,Small_Unit,4818000,16965,17/1/2022,West,9. Poor Close (Wall View),180.0,3.0
17,20,Mid, C,327,Small_Unit,6070000,18563,14/1/2022,South West,6. Normal (Good Direction - S/E),520.0,6.0
8,26,High, E,451,Middle_Unit,7525000,16685,14/1/2022,South East,4. Good Open (High Floor City),620.0,6.0
44,12,Mid, C,304,Small_Unit,6000000,19737,13/1/2022,South,6. Normal (Good Direction - S/E),150.0,6.0
7,15,Mid, E,504,Middle_Unit,7920000,15714,12/1/2022,South East,3. Premium Partial (Slivers of Water/Park),600.0,6.0
50,17,Mid, B,284,Small_Unit,5500000,19366,12/1/2022,North West,8. Normal (Poor Direction - N/W),250.0,4.5
44,20,Mid, E,284,Small_Unit,5680000,20000,11/1/2022,East,9. Poor Close (Wall View),150.0,3.0
13,10,Low, D,853,Large_Unit,11168000,13093,10/1/2022,South West,6. Normal (Good Direction - S/E),700.0,6.0
35,35,High, C,707,Large_Unit,11200000,15842,10/1/2022,North,4. Good Open (High Floor City),320.0,7.0
23,21,Mid, H,327,Small_Unit,5580000,17064,10/1/2022,North East,6. Normal (Good Direction - S/E),350.0,6.0
1,21,Mid, D,327,Small_Unit,6290000,19235,10/1/2022,South West,2. Premium (Full River - West/Sun),650.0,8.5
51,19,Mid, A,284,Small_Unit,5450000,19190,7/1/2022,North West,8. Normal (Poor Direction - N/W),280.0,4.5
3,5,Low, E,451,Middle_Unit,6850000,15188,7/1/2022,South East,3. Premium Partial (Slivers of Water/Park),700.0,8.0
40,5,Low, C,304,Small_Unit,5200000,17105,5/1/2022,South,9. Poor Close (Wall View),200.0,3.0
21,2,Low, C,327,Small_Unit,5290000,16177,4/1/2022,South West,6. Normal (Good Direction - S/E),500.0,6.0
24,14,Mid, D,326,Small_Unit,5900000,18098,3/1/2022,West,10. Poor Street (Busy Road),380.0,2.0
21,25,Mid, H,327,Small_Unit,5330000,16300,3/1/2022,North East,6. Normal (Good Direction - S/E),500.0,6.0
26,28,High, E,447,Middle_Unit,7650000,17114,30/12/2021,South,10. Poor Street (Busy Road),420.0,2.0
16,10,Low, D,327,Small_Unit,6000000,18349,29/12/2021,South West,6. Normal (Good Direction - S/E),500.0,6.0
31,16,Mid, D,327,Small_Unit,6200000,18960,28/12/2021,West,9. Poor Close (Wall View),400.0,3.0
31,20,Mid, A,451,Middle_Unit,7368000,16337,23/12/2021,South,5. Good Internal (Pool/Garden/Mall),400.0,6.5
11,12,Mid, C,484,Middle_Unit,7750000,16012,22/12/2021,South West,3. Premium Partial (Slivers of Water/Park),550.0,8.0
40,9,Low, F,284,Small_Unit,5400000,19014,22/12/2021,West,10. Poor Street (Busy Road),200.0,2.0
32,15,Mid, H,327,Small_Unit,6160000,18838,21/12/2021,East,10. Poor Street (Busy Road),380.0,2.0
44,18,Mid, A,284,Small_Unit,5100000,17958,21/12/2021,West,9. Poor Close (Wall View),150.0,3.0
5,17,Mid, D,853,Large_Unit,12960000,15193,21/12/2021,South West,2. Premium (Full River - West/Sun),750.0,8.5
10,28,High, D,327,Small_Unit,6280000,19205,21/12/2021,South West,3. Premium Partial (Slivers of Water/Park),580.0,8.0
1,24,Mid, H,327,Small_Unit,6180000,18899,21/12/2021,North East,2. Premium (Full River - West/Sun),650.0,8.5
1,15,Mid, G,327,Small_Unit,6330000,19358,20/12/2021,North East,2. Premium (Full River - West/Sun),650.0,8.5
17,1,Low, D,327,Small_Unit,5000000,15291,16/12/2021,South West,6. Normal (Good Direction - S/E),520.0,6.0
52,6,Low, F,284,Small_Unit,5150000,18134,15/12/2021,South East,6. Normal (Good Direction - S/E),280.0,6.0
26,16,Mid, A,447,Middle_Unit,7500000,16779,14/12/2021,North,8. Normal (Poor Direction - N/W),420.0,4.5
10,3,Low, D,327,Small_Unit,5330000,16300,13/12/2021,South West,3. Premium Partial (Slivers of Water/Park),580.0,8.0
43,20,Mid, D,304,Small_Unit,5770000,18980,13/12/2021,South,6. Normal (Good Direction - S/E),220.0,6.0
21,15,Mid, B,451,Middle_Unit,7080000,15698,10/12/2021,North West,8. Normal (Poor Direction - N/W),500.0,4.5
26,30,High, C,326,Small_Unit,6100000,18712,10/12/2021,West,9. Poor Close (Wall View),420.0,3.0
41,32,High, A,284,Small_Unit,5550000,19542,9/12/2021,West,10. Poor Street (Busy Road),220.0,2.0
30,15,Mid, H,327,Small_Unit,5730000,17523,9/12/2021,East,9. Poor Close (Wall View),420.0,3.0
4,6,Low, C,853,Large_Unit,10800000,12661,9/12/2021,South West,2. Premium (Full River - West/Sun),720.0,8.5
52,16,Mid, C,304,Small_Unit,5730000,18849,9/12/2021,South West,6. Normal (Good Direction - S/E),280.0,6.0
46,23,Mid, H,304,Small_Unit,5200000,17105,9/12/2021,North,10. Poor Street (Busy Road),180.0,2.0
49,8,Low, F,284,Small_Unit,5400000,19014,8/12/2021,South East,6. Normal (Good Direction - S/E),220.0,6.0
45,10,Low, H,304,Small_Unit,5550000,18257,7/12/2021,North,9. Poor Close (Wall View),150.0,3.0
22,15,Mid, C,484,Middle_Unit,7950000,16426,3/12/2021,South West,6. Normal (Good Direction - S/E),480.0,6.0
44,21,Mid, H,304,Small_Unit,5880000,19342,3/12/2021,North,9. Poor Close (Wall View),150.0,3.0
25,15,Mid, D,688,Large_Unit,8380000,12180,3/12/2021,West,9. Poor Close (Wall View),400.0,3.0
40,9,Low, H,304,Small_Unit,5660000,18618,2/12/2021,North,10. Poor Street (Busy Road),200.0,2.0
16,4,Low, A,451,Middle_Unit,6500000,14412,1/12/2021,North West,8. Normal (Poor Direction - N/W),500.0,4.5
52,6,Low, C,304,Small_Unit,5280000,17368,1/12/2021,South West,6. Normal (Good Direction - S/E),280.0,6.0
49,28,High, B,284,Small_Unit,5600000,19718,1/12/2021,North West,4. Good Open (High Floor City),220.0,7.0
35,28,High, A,707,Large_Unit,10300000,14569,29/11/2021,South,10. Poor Street (Busy Road),320.0,2.0
44,21,Mid, B,284,Small_Unit,5330000,18768,29/11/2021,West,9. Poor Close (Wall View),150.0,3.0
49,16,Mid, E,284,Small_Unit,5000000,17606,29/11/2021,South East,6. Normal (Good Direction - S/E),220.0,6.0
40,24,Mid, F,284,Small_Unit,5630000,19824,29/11/2021,West,10. Poor Street (Busy Road),200.0,2.0
42,16,Mid, B,284,Small_Unit,5000000,17606,29/11/2021,West,9. Poor Close (Wall View),200.0,3.0
20,13,Mid, F,451,Middle_Unit,6800000,15078,26/11/2021,South East,6. Normal (Good Direction - S/E),520.0,6.0
18,11,Mid, B,515,Middle_Unit,8200000,15922,26/11/2021,North West,8. Normal (Poor Direction - N/W),550.0,4.5
26,11,Mid, C,326,Small_Unit,6090000,18681,26/11/2021,West,9. Poor Close (Wall View),420.0,3.0
46,29,High, H,304,Small_Unit,5700000,18750,25/11/2021,North,10. Poor Street (Busy Road),180.0,2.0
41,8,Low, A,284,Small_Unit,5480000,19296,25/11/2021,West,10. Poor Street (Busy Road),220.0,2.0
10,11,Mid, C,327,Small_Unit,5920000,18104,24/11/2021,South West,3. Premium Partial (Slivers of Water/Park),580.0,8.0
37,10,Low, C,304,Small_Unit,5500000,18092,24/11/2021,South,9. Poor Close (Wall View),150.0,3.0
43,14,Mid, C,304,Small_Unit,5680000,18684,24/11/2021,South,6. Normal (Good Direction - S/E),220.0,6.0
52,5,Low, A,284,Small_Unit,4760000,16761,23/11/2021,North West,8. Normal (Poor Direction - N/W),280.0,4.5
38,32,High, G,304,Small_Unit,5999000,19734,23/11/2021,North,10. Poor Street (Busy Road),150.0,2.0
37,18,Mid, G,304,Small_Unit,5690000,18717,22/11/2021,North,5. Good Internal (Pool/Garden/Mall),150.0,6.5
1,1,Low, E,451,Middle_Unit,6400000,14191,18/11/2021,South East,6. Normal (Good Direction - S/E),650.0,6.0
50,20,Mid, E,284,Small_Unit,5480000,19296,18/11/2021,South East,6. Normal (Good Direction - S/E),250.0,6.0
2,20,Mid, G,327,Small_Unit,5850000,17890,17/11/2021,North East,2. Premium (Full River - West/Sun),680.0,8.5
52,10,Low, E,284,Small_Unit,5600000,19718,16/11/2021,South East,6. Normal (Good Direction - S/E),280.0,6.0
45,26,High, G,304,Small_Unit,5950000,19572,11/11/2021,North,9. Poor Close (Wall View),150.0,3.0
50,10,Low, C,304,Small_Unit,5500000,18092,11/11/2021,South West,6. Normal (Good Direction - S/E),250.0,6.0
10,4,Low, C,327,Small_Unit,5513000,16859,10/11/2021,South West,3. Premium Partial (Slivers of Water/Park),580.0,8.0
51,18,Mid, B,284,Small_Unit,5320000,18732,9/11/2021,North West,8. Normal (Poor Direction - N/W),280.0,4.5
26,9,Low, C,326,Small_Unit,6080000,18650,8/11/2021,West,9. Poor Close (Wall View),420.0,3.0
19,12,Mid, E,451,Middle_Unit,7200000,15965,8/11/2021,South East,6. Normal (Good Direction - S/E),550.0,6.0
46,5,Low, C,304,Small_Unit,5270000,17336,8/11/2021,South,6. Normal (Good Direction - S/E),180.0,6.0
31,21,Mid, G,327,Small_Unit,6080000,18593,5/11/2021,East,9. Poor Close (Wall View),400.0,3.0
23,24,Mid, H,327,Small_Unit,5800000,17737,5/11/2021,North East,6. Normal (Good Direction - S/E),350.0,6.0
51,16,Mid, A,284,Small_Unit,5850000,20599,5/11/2021,North West,8. Normal (Poor Direction - N/W),280.0,4.5
29,19,Mid, C,327,Small_Unit,5210000,15933,3/11/2021,West,10. Poor Street (Busy Road),450.0,2.0
6,2,Low, D,853,Large_Unit,9980000,11700,3/11/2021,South West,11. Poor Highway (Tai Chung Kiu Noise Penalty),720.0,1.0
23,20,Mid, H,327,Small_Unit,6200000,18960,2/11/2021,North East,6. Normal (Good Direction - S/E),350.0,6.0
1,3,Low, A,451,Middle_Unit,7180000,15920,29/10/2021,North West,2. Premium (Full River - West/Sun),650.0,8.5
14,17,Mid, B,819,Large_Unit,13000000,15873,27/10/2021,North West,1. Premium Plus (Full River/Park),680.0,9.0
27,9,Low, C,688,Large_Unit,9980000,14506,26/10/2021,West,10. Poor Street (Busy Road),450.0,2.0
10,26,High, H,327,Small_Unit,5880000,17982,26/10/2021,North East,1. Premium Plus (Full River/Park),580.0,9.0
43,21,Mid, B,284,Small_Unit,5600000,19718,26/10/2021,West,9. Poor Close (Wall View),220.0,3.0
38,16,Mid, E,284,Small_Unit,5000000,17606,25/10/2021,West,9. Poor Close (Wall View),150.0,3.0
2,18,Mid, G,327,Small_Unit,6220000,19021,22/10/2021,North East,2. Premium (Full River - West/Sun),680.0,8.5
12,27,High, C,484,Middle_Unit,8180000,16901,22/10/2021,South West,3. Premium Partial (Slivers of Water/Park),580.0,6.0
38,10,Low, H,304,Small_Unit,5730000,18849,22/10/2021,North,10. Poor Street (Busy Road),150.0,2.0
46,5,Low, E,284,Small_Unit,5450000,19190,21/10/2021,East,9. Poor Close (Wall View),180.0,3.0
42,32,High, D,304,Small_Unit,5780000,19013,19/10/2021,South,6. Normal (Good Direction - S/E),200.0,6.0
47,15,Mid, F,284,Small_Unit,5150000,18134,18/10/2021,East,9. Poor Close (Wall View),180.0,3.0
47,21,Mid, F,284,Small_Unit,5330000,18768,18/10/2021,East,9. Poor Close (Wall View),180.0,3.0
26,1,Low, E,447,Middle_Unit,6500000,14541,18/10/2021,South,10. Poor Street (Busy Road),420.0,2.0
8,10,Low, C,327,Small_Unit,5660000,17309,15/10/2021,South West,6. Normal (Good Direction - S/E),620.0,6.0
34,3,Low, B,707,Large_Unit,8712000,12322,12/10/2021,North,5. Good Internal (Pool/Garden/Mall),300.0,6.5
48,23,Mid, B,284,Small_Unit,5800000,20423,11/10/2021,West,9. Poor Close (Wall View),200.0,3.0
50,31,High, E,284,Small_Unit,5650000,19894,11/10/2021,South East,6. Normal (Good Direction - S/E),250.0,6.0
29,2,Low, B,451,Middle_Unit,6668000,14785,8/10/2021,East,9. Poor Close (Wall View),450.0,3.0
32,27,High, G,327,Small_Unit,6270000,19174,8/10/2021,East,10. Poor Street (Busy Road),380.0,2.0
18,26,High, B,515,Middle_Unit,8510000,16524,7/10/2021,North West,8. Normal (Poor Direction - N/W),550.0,4.5
45,21,Mid, C,304,Small_Unit,5480000,18026,7/10/2021,South,6. Normal (Good Direction - S/E),150.0,6.0
45,21,Mid, G,304,Small_Unit,6100000,20066,7/10/2021,North,9. Poor Close (Wall View),150.0,3.0
50,7,Low, H,304,Small_Unit,5680000,18684,7/10/2021,North East,6. Normal (Good Direction - S/E),250.0,6.0
42,18,Mid, F,284,Small_Unit,5810000,20458,7/10/2021,East,9. Poor Close (Wall View),200.0,3.0
36,22,Mid, D,307,Small_Unit,5880000,19153,5/10/2021,East,6. Normal (Good Direction - S/E),300.0,6.0
23,20,Mid, E,451,Middle_Unit,7700000,17073,5/10/2021,South East,6. Normal (Good Direction - S/E),350.0,6.0
31,21,Mid, H,327,Small_Unit,6250000,19113,5/10/2021,East,9. Poor Close (Wall View),400.0,3.0
39,20,Mid, H,304,Small_Unit,5400000,17763,5/10/2021,North,10. Poor Street (Busy Road),180.0,2.0
39,3,Low, B,284,Small_Unit,5200000,18310,4/10/2021,East,9. Poor Close (Wall View),180.0,3.0
21,3,Low, C,327,Small_Unit,5500000,16820,30/9/2021,South West,6. Normal (Good Direction - S/E),500.0,6.0
8,2,Low, C,327,Small_Unit,5985000,18303,30/9/2021,South West,6. Normal (Good Direction - S/E),620.0,6.0
44,31,High, C,304,Small_Unit,5730000,18849,28/9/2021,South,6. Normal (Good Direction - S/E),150.0,6.0
1,11,Mid, G,327,Small_Unit,6020000,18410,27/9/2021,North East,2. Premium (Full River - West/Sun),650.0,8.5
37,18,Mid, A,284,Small_Unit,5680000,20000,24/9/2021,East,6. Normal (Good Direction - S/E),150.0,6.0
49,12,Mid, F,284,Small_Unit,5520000,19437,23/9/2021,South East,6. Normal (Good Direction - S/E),220.0,6.0
29,5,Low, D,327,Small_Unit,5900000,18043,21/9/2021,West,10. Poor Street (Busy Road),450.0,2.0
23,6,Low, G,327,Small_Unit,5650000,17278,21/9/2021,North East,6. Normal (Good Direction - S/E),350.0,6.0
52,10,Low, A,284,Small_Unit,5425000,19102,20/9/2021,North West,8. Normal (Poor Direction - N/W),280.0,4.5
26,24,Mid, B,447,Middle_Unit,7780000,17405,17/9/2021,North,8. Normal (Poor Direction - N/W),420.0,4.5
31,20,Mid, F,451,Middle_Unit,7738000,17157,16/9/2021,North,10. Poor Street (Busy Road),400.0,2.0
25,1,Low, C,688,Large_Unit,8280000,12035,14/9/2021,West,9. Poor Close (Wall View),400.0,3.0
2,18,Mid, D,327,Small_Unit,6400000,19572,14/9/2021,South West,2. Premium (Full River - West/Sun),680.0,8.5
12,22,Mid, A,515,Middle_Unit,8250000,16019,13/9/2021,North West,1. Premium Plus (Full River/Park),580.0,9.0
51,23,Mid, A,284,Small_Unit,5880000,20704,13/9/2021,North West,8. Normal (Poor Direction - N/W),280.0,4.5
47,29,High, C,304,Small_Unit,5600000,18421,10/9/2021,South,6. Normal (Good Direction - S/E),180.0,6.0
44,28,High, A,284,Small_Unit,6000000,21127,9/9/2021,West,9. Poor Close (Wall View),150.0,3.0
37,17,Mid, F,284,Small_Unit,5510000,19401,8/9/2021,West,9. Poor Close (Wall View),150.0,3.0
20,26,High, D,327,Small_Unit,6250000,19113,7/9/2021,South West,6. Normal (Good Direction - S/E),520.0,6.0
37,28,High, D,304,Small_Unit,5850000,19243,7/9/2021,South,9. Poor Close (Wall View),150.0,3.0
47,22,Mid, E,284,Small_Unit,5700000,20070,7/9/2021,East,9. Poor Close (Wall View),180.0,3.0
29,22,Mid, B,451,Middle_Unit,7780000,17251,6/9/2021,East,9. Poor Close (Wall View),450.0,3.0
40,10,Low, B,284,Small_Unit,5300000,18662,6/9/2021,East,9. Poor Close (Wall View),200.0,3.0
27,19,Mid, A,688,Large_Unit,10280000,14942,3/9/2021,East,9. Poor Close (Wall View),450.0,3.0
18,25,Mid, F,484,Middle_Unit,7998000,16525,1/9/2021,South East,6. Normal (Good Direction - S/E),550.0,6.0
39,3,Low, A,284,Small_Unit,5280000,18592,31/8/2021,East,9. Poor Close (Wall View),180.0,3.0
45,25,Mid, E,284,Small_Unit,5840000,20563,31/8/2021,East,10. Poor Street (Busy Road),150.0,2.0
47,12,Mid, F,284,Small_Unit,5400000,19014,26/8/2021,East,9. Poor Close (Wall View),180.0,3.0
44,31,High, E,284,Small_Unit,5580000,19648,25/8/2021,East,9. Poor Close (Wall View),150.0,3.0
29,6,Low, G,327,Small_Unit,6080000,18593,25/8/2021,South,9. Poor Close (Wall View),450.0,3.0
40,6,Low, E,284,Small_Unit,5330000,18768,23/8/2021,West,10. Poor Street (Busy Road),200.0,2.0
10,17,Mid, D,327,Small_Unit,6150000,18807,23/8/2021,South West,3. Premium Partial (Slivers of Water/Park),580.0,8.0
22,9,Low, E,504,Middle_Unit,7500000,14881,20/8/2021,South East,6. Normal (Good Direction - S/E),480.0,6.0
32,23,Mid, D,327,Small_Unit,6200000,18960,19/8/2021,West,9. Poor Close (Wall View),380.0,3.0
10,18,Mid, F,451,Middle_Unit,7650000,16962,18/8/2021,South East,1. Premium Plus (Full River/Park),580.0,9.0
48,27,High, E,284,Small_Unit,4900000,17254,18/8/2021,East,10. Poor Street (Busy Road),200.0,2.0
17,18,Mid, G,327,Small_Unit,6080000,18593,17/8/2021,North East,6. Normal (Good Direction - S/E),520.0,6.0
3,18,Mid, H,327,Small_Unit,6200000,18960,16/8/2021,North East,2. Premium (Full River - West/Sun),700.0,8.5
52,17,Mid, E,284,Small_Unit,5800000,20423,16/8/2021,South East,6. Normal (Good Direction - S/E),280.0,6.0
45,9,Low, G,304,Small_Unit,5658000,18612,13/8/2021,North,9. Poor Close (Wall View),150.0,3.0
36,18,Mid, B,478,Middle_Unit,7950000,16632,13/8/2021,North,4. Good Open (High Floor City),300.0,7.0
21,19,Mid, C,327,Small_Unit,6200000,18960,13/8/2021,South West,6. Normal (Good Direction - S/E),500.0,6.0
12,30,High, E,504,Middle_Unit,8315000,16498,13/8/2021,South East,1. Premium Plus (Full River/Park),580.0,9.0
6,4,Low, B,819,Large_Unit,10980000,13407,12/8/2021,North West,2. Premium (Full River - West/Sun),720.0,8.5
3,8,Low, C,327,Small_Unit,5860000,17920,11/8/2021,South West,2. Premium (Full River - West/Sun),700.0,8.5
38,27,High, G,304,Small_Unit,5730000,18849,11/8/2021,North,10. Poor Street (Busy Road),150.0,2.0
43,19,Mid, A,284,Small_Unit,5700000,20070,11/8/2021,West,9. Poor Close (Wall View),220.0,3.0
50,12,Mid, A,284,Small_Unit,5400000,19014,11/8/2021,North West,8. Normal (Poor Direction - N/W),250.0,4.5
45,19,Mid, C,304,Small_Unit,5800000,19079,11/8/2021,South,6. Normal (Good Direction - S/E),150.0,6.0
50,15,Mid, H,304,Small_Unit,5765000,18964,11/8/2021,North East,6. Normal (Good Direction - S/E),250.0,6.0
38,7,Low, F,284,Small_Unit,5540000,19507,11/8/2021,West,9. Poor Close (Wall View),150.0,3.0
1,10,Low, A,451,Middle_Unit,7650000,16962,10/8/2021,North West,2. Premium (Full River - West/Sun),650.0,8.5
36,25,Mid, G,307,Small_Unit,5650000,18404,10/8/2021,West,10. Poor Street (Busy Road),300.0,2.0
10,27,High, G,327,Small_Unit,6300000,19266,9/8/2021,North East,1. Premium Plus (Full River/Park),580.0,9.0
33,12,Mid, B,820,Large_Unit,12698000,15485,9/8/2021,West,10. Poor Street (Busy Road),350.0,2.0
32,3,Low, D,327,Small_Unit,5355000,16376,9/8/2021,West,9. Poor Close (Wall View),380.0,3.0
41,27,High, C,304,Small_Unit,5480000,18026,9/8/2021,South,6. Normal (Good Direction - S/E),220.0,6.0
20,16,Mid, F,451,Middle_Unit,7680000,17029,6/8/2021,South East,6. Normal (Good Direction - S/E),520.0,6.0
11,22,Mid, C,484,Middle_Unit,8190000,16921,6/8/2021,South West,3. Premium Partial (Slivers of Water/Park),550.0,8.0
42,18,Mid, C,304,Small_Unit,5780000,19013,4/8/2021,South,6. Normal (Good Direction - S/E),200.0,6.0
2,19,Mid, B,451,Middle_Unit,7650000,16962,3/8/2021,North West,2. Premium (Full River - West/Sun),680.0,8.5
1,5,Low, H,327,Small_Unit,5800000,17737,3/8/2021,North East,2. Premium (Full River - West/Sun),650.0,8.5
28,19,Mid, B,688,Large_Unit,9980000,14506,3/8/2021,East,6. Normal (Good Direction - S/E),480.0,6.0
31,13,Mid, C,327,Small_Unit,5930000,18135,3/8/2021,West,9. Poor Close (Wall View),400.0,3.0
52,5,Low, D,304,Small_Unit,5500000,18092,3/8/2021,South West,6. Normal (Good Direction - S/E),280.0,6.0
31,17,Mid, F,451,Middle_Unit,7628000,16914,2/8/2021,North,10. Poor Street (Busy Road),400.0,2.0
44,17,Mid, F,284,Small_Unit,5650000,19894,30/7/2021,East,9. Poor Close (Wall View),150.0,3.0
2,24,Mid, A,451,Middle_Unit,7900000,17517,30/7/2021,North West,2. Premium (Full River - West/Sun),680.0,8.5
20,22,Mid, A,451,Middle_Unit,7650000,16962,29/7/2021,North West,8. Normal (Poor Direction - N/W),520.0,4.5
10,5,Low, A,451,Middle_Unit,7250000,16075,29/7/2021,North West,1. Premium Plus (Full River/Park),580.0,9.0
13,10,Low, C,853,Large_Unit,11900000,13951,29/7/2021,South West,3. Premium Partial (Slivers of Water/Park),700.0,8.0
9,24,Mid, G,327,Small_Unit,6000000,18349,29/7/2021,North East,6. Normal (Good Direction - S/E),600.0,6.0
21,24,Mid, F,451,Middle_Unit,7600000,16851,28/7/2021,South East,6. Normal (Good Direction - S/E),500.0,6.0
39,13,Mid, H,304,Small_Unit,5630000,18520,28/7/2021,North,10. Poor Street (Busy Road),180.0,2.0
40,7,Low, B,284,Small_Unit,5350000,18838,26/7/2021,East,9. Poor Close (Wall View),200.0,3.0
42,11,Mid, F,284,Small_Unit,5550000,19542,26/7/2021,East,9. Poor Close (Wall View),200.0,3.0
18,25,Mid, B,515,Middle_Unit,8180000,15883,23/7/2021,North West,8. Normal (Poor Direction - N/W),550.0,4.5
46,25,Mid, B,284,Small_Unit,5750000,20246,23/7/2021,West,10. Poor Street (Busy Road),180.0,2.0
3,7,Low, F,451,Middle_Unit,7480000,16585,23/7/2021,South East,3. Premium Partial (Slivers of Water/Park),700.0,8.0
21,19,Mid, H,327,Small_Unit,5900000,18043,22/7/2021,North East,6. Normal (Good Direction - S/E),500.0,6.0
46,6,Low, E,284,Small_Unit,5330000,18768,21/7/2021,East,9. Poor Close (Wall View),180.0,3.0
6,27,High, D,853,Large_Unit,12880000,15100,21/7/2021,South West,11. Poor Highway (Tai Chung Kiu Noise Penalty),720.0,1.0
29,1,Low, C,327,Small_Unit,5618000,17180,20/7/2021,West,10. Poor Street (Busy Road),450.0,2.0
35,24,Mid, A,707,Large_Unit,10400000,14710,19/7/2021,South,10. Poor Street (Busy Road),320.0,2.0
48,27,High, G,304,Small_Unit,5800000,19079,19/7/2021,North,10. Poor Street (Busy Road),200.0,2.0
46,22,Mid, B,284,Small_Unit,5800000,20423,16/7/2021,West,10. Poor Street (Busy Road),180.0,2.0
16,24,Mid, C,327,Small_Unit,5950000,18196,16/7/2021,South West,6. Normal (Good Direction - S/E),500.0,6.0
23,14,Mid, D,327,Small_Unit,5900000,18043,16/7/2021,South West,6. Normal (Good Direction - S/E),350.0,6.0
23,5,Low, D,327,Small_Unit,5600000,17125,16/7/2021,South West,6. Normal (Good Direction - S/E),350.0,6.0
22,10,Low, F,484,Middle_Unit,7920000,16364,14/7/2021,South East,6. Normal (Good Direction - S/E),480.0,6.0
26,21,Mid, E,447,Middle_Unit,7000000,15660,14/7/2021,South,10. Poor Street (Busy Road),420.0,2.0
39,23,Mid, F,284,Small_Unit,5720000,20141,14/7/2021,West,9. Poor Close (Wall View),180.0,3.0
23,7,Low, C,327,Small_Unit,5730000,17523,13/7/2021,South West,6. Normal (Good Direction - S/E),350.0,6.0
2,16,Mid, E,451,Middle_Unit,7860000,17428,13/7/2021,South East,3. Premium Partial (Slivers of Water/Park),680.0,8.0
50,18,Mid, F,284,Small_Unit,5600000,19718,13/7/2021,South East,6. Normal (Good Direction - S/E),250.0,6.0
11,19,Mid, E,504,Middle_Unit,8250000,16369,12/7/2021,South East,1. Premium Plus (Full River/Park),550.0,9.0
28,8,Low, D,688,Large_Unit,10000000,14535,12/7/2021,West,9. Poor Close (Wall View),480.0,3.0
50,5,Low, A,284,Small_Unit,5280000,18592,12/7/2021,North West,8. Normal (Poor Direction - N/W),250.0,4.5
20,21,Mid, G,327,Small_Unit,5180000,15841,9/7/2021,North East,6. Normal (Good Direction - S/E),520.0,6.0
44,17,Mid, D,304,Small_Unit,5780000,19013,9/7/2021,South,4. Good Open (High Floor City),150.0,7.0
49,27,High, A,284,Small_Unit,5438000,19148,9/7/2021,North West,8. Normal (Poor Direction - N/W),220.0,4.5
46,17,Mid, B,284,Small_Unit,5600000,19718,8/7/2021,West,10. Poor Street (Busy Road),180.0,2.0
48,30,High, A,284,Small_Unit,5660000,19930,8/7/2021,West,9. Poor Close (Wall View),200.0,3.0
17,16,Mid, D,327,Small_Unit,5980000,18287,7/7/2021,South West,6. Normal (Good Direction - S/E),520.0,6.0
52,22,Mid, E,284,Small_Unit,5400000,19014,7/7/2021,South East,6. Normal (Good Direction - S/E),280.0,6.0
37,8,Low, G,304,Small_Unit,5330000,17533,6/7/2021,North,5. Good Internal (Pool/Garden/Mall),150.0,6.5
2,2,Low, F,451,Middle_Unit,6880000,15255,6/7/2021,South East,3. Premium Partial (Slivers of Water/Park),680.0,6.0
41,8,Low, E,284,Small_Unit,5350000,18838,6/7/2021,East,9. Poor Close (Wall View),220.0,3.0
47,32,High, H,304,Small_Unit,5628000,18513,6/7/2021,North,10. Poor Street (Busy Road),180.0,2.0
36,11,Mid, G,307,Small_Unit,5000000,16287,6/7/2021,West,10. Poor Street (Busy Road),300.0,2.0
16,11,Mid, G,327,Small_Unit,6110000,18685,5/7/2021,North East,6. Normal (Good Direction - S/E),500.0,6.0
49,22,Mid, F,284,Small_Unit,5680000,20000,5/7/2021,South East,6. Normal (Good Direction - S/E),220.0,6.0
52,11,Mid, H,304,Small_Unit,4850000,15954,5/7/2021,North East,6. Normal (Good Direction - S/E),280.0,6.0
41,23,Mid, E,284,Small_Unit,5660000,19930,2/7/2021,East,9. Poor Close (Wall View),220.0,3.0
47,19,Mid, E,284,Small_Unit,5560000,19577,2/7/2021,East,9. Poor Close (Wall View),180.0,3.0
23,20,Mid, F,451,Middle_Unit,7900000,17517,30/6/2021,South East,6. Normal (Good Direction - S/E),350.0,6.0
21,1,Low, C,327,Small_Unit,5200000,15902,30/6/2021,South West,6. Normal (Good Direction - S/E),500.0,6.0
52,30,High, D,304,Small_Unit,5400000,17763,30/6/2021,South West,6. Normal (Good Direction - S/E),280.0,6.0
39,28,High, E,284,Small_Unit,5650000,19894,29/6/2021,West,9. Poor Close (Wall View),180.0,3.0
16,30,High, G,327,Small_Unit,5920000,18104,28/6/2021,North East,6. Normal (Good Direction - S/E),500.0,6.0
47,13,Mid, F,284,Small_Unit,5500000,19366,25/6/2021,East,9. Poor Close (Wall View),180.0,3.0
17,13,Mid, B,451,Middle_Unit,7880000,17472,24/6/2021,North West,8. Normal (Poor Direction - N/W),520.0,4.5
47,20,Mid, A,284,Small_Unit,5750000,20246,24/6/2021,West,9. Poor Close (Wall View),180.0,3.0
45,7,Low, E,284,Small_Unit,5550000,19542,24/6/2021,East,10. Poor Street (Busy Road),150.0,2.0
38,31,High, B,284,Small_Unit,5600000,19718,22/6/2021,East,9. Poor Close (Wall View),150.0,3.0
50,15,Mid, B,284,Small_Unit,5700000,20070,22/6/2021,North West,8. Normal (Poor Direction - N/W),250.0,4.5
35,8,Low, A,707,Large_Unit,10700000,15134,21/6/2021,South,10. Poor Street (Busy Road),320.0,2.0
51,11,Mid, C,304,Small_Unit,5500000,18092,21/6/2021,South West,6. Normal (Good Direction - S/E),280.0,6.0
39,14,Mid, E,284,Small_Unit,5500000,19366,18/6/2021,West,9. Poor Close (Wall View),180.0,3.0
29,29,High, E,451,Middle_Unit,7850000,17406,18/6/2021,North,10. Poor Street (Busy Road),450.0,2.0
29,11,Mid, C,327,Small_Unit,6080000,18593,18/6/2021,West,10. Poor Street (Busy Road),450.0,2.0
44,13,Mid, B,284,Small_Unit,5650000,19894,17/6/2021,West,9. Poor Close (Wall View),150.0,3.0
26,4,Low, B,447,Middle_Unit,6000000,13423,17/6/2021,North,8. Normal (Poor Direction - N/W),420.0,4.5
4,20,Mid, C,853,Large_Unit,13000000,15240,16/6/2021,South West,2. Premium (Full River - West/Sun),720.0,8.5
18,15,Mid, C,484,Middle_Unit,8000000,16529,16/6/2021,South West,6. Normal (Good Direction - S/E),550.0,6.0
44,10,Low, H,304,Small_Unit,5580000,18355,15/6/2021,North,9. Poor Close (Wall View),150.0,3.0
31,11,Mid, H,327,Small_Unit,6020000,18410,15/6/2021,East,9. Poor Close (Wall View),400.0,3.0
11,23,Mid, F,484,Middle_Unit,8000000,16529,11/6/2021,South East,1. Premium Plus (Full River/Park),550.0,9.0
43,5,Low, G,304,Small_Unit,4800000,15789,11/6/2021,North,9. Poor Close (Wall View),220.0,3.0
19,11,Mid, A,451,Middle_Unit,7380000,16364,11/6/2021,North West,8. Normal (Poor Direction - N/W),550.0,4.5
3,26,High, F,451,Middle_Unit,7850000,17406,11/6/2021,South East,3. Premium Partial (Slivers of Water/Park),700.0,8.0
17,9,Low, E,451,Middle_Unit,6950000,15410,11/6/2021,South East,6. Normal (Good Direction - S/E),520.0,6.0
18,10,Low, B,515,Middle_Unit,8200000,15922,11/6/2021,North West,8. Normal (Poor Direction - N/W),550.0,4.5
26,5,Low, C,326,Small_Unit,5814000,17834,11/6/2021,West,9. Poor Close (Wall View),420.0,3.0
44,28,High, G,304,Small_Unit,5930000,19507,10/6/2021,North,9. Poor Close (Wall View),150.0,3.0
10,11,Mid, F,451,Middle_Unit,7420000,16452,10/6/2021,South East,1. Premium Plus (Full River/Park),580.0,9.0
36,34,High, B,478,Middle_Unit,7380000,15439,9/6/2021,North,4. Good Open (High Floor City),300.0,7.0
40,32,High, E,284,Small_Unit,5880000,20704,9/6/2021,West,10. Poor Street (Busy Road),200.0,2.0
48,28,High, E,284,Small_Unit,4600000,16197,9/6/2021,East,10. Poor Street (Busy Road),200.0,2.0
50,7,Low, F,284,Small_Unit,5450000,19190,9/6/2021,South East,6. Normal (Good Direction - S/E),250.0,6.0
7,11,Mid, C,484,Middle_Unit,7680000,15868,9/6/2021,South West,2. Premium (Full River - West/Sun),600.0,8.5
9,9,Low, D,327,Small_Unit,5700000,17431,8/6/2021,South West,6. Normal (Good Direction - S/E),600.0,6.0
48,29,High, H,304,Small_Unit,5700000,18750,7/6/2021,North,10. Poor Street (Busy Road),200.0,2.0
29,9,Low, G,327,Small_Unit,5800000,17737,7/6/2021,South,9. Poor Close (Wall View),450.0,3.0
44,28,High, D,304,Small_Unit,5800000,19079,4/6/2021,South,4. Good Open (High Floor City),150.0,7.0
14,11,Mid, D,853,Large_Unit,11800000,13834,4/6/2021,South West,6. Normal (Good Direction - S/E),680.0,6.0
23,12,Mid, H,327,Small_Unit,6120000,18716,4/6/2021,North East,6. Normal (Good Direction - S/E),350.0,6.0
23,12,Mid, D,327,Small_Unit,5880000,17982,4/6/2021,South West,6. Normal (Good Direction - S/E),350.0,6.0
44,5,Low, A,284,Small_Unit,5350000,18838,3/6/2021,West,9. Poor Close (Wall View),150.0,3.0
19,2,Low, C,327,Small_Unit,5480000,16758,3/6/2021,South West,6. Normal (Good Direction - S/E),550.0,6.0
23,20,Mid, C,327,Small_Unit,6270000,19174,3/6/2021,South West,6. Normal (Good Direction - S/E),350.0,6.0
9,26,High, F,451,Middle_Unit,8000000,17738,2/6/2021,South East,6. Normal (Good Direction - S/E),600.0,6.0
23,21,Mid, E,451,Middle_Unit,7500000,16630,2/6/2021,South East,6. Normal (Good Direction - S/E),350.0,6.0
25,12,Mid, B,688,Large_Unit,9800000,14244,1/6/2021,North,8. Normal (Poor Direction - N/W),400.0,4.5
43,24,Mid, F,284,Small_Unit,5200000,18310,1/6/2021,East,9. Poor Close (Wall View),220.0,3.0
38,12,Mid, E,284,Small_Unit,5450000,19190,1/6/2021,West,9. Poor Close (Wall View),150.0,3.0
9,13,Mid, H,327,Small_Unit,5880000,17982,1/6/2021,North East,6. Normal (Good Direction - S/E),600.0,6.0
9,10,Low, D,327,Small_Unit,5880000,17982,1/6/2021,South West,6. Normal (Good Direction - S/E),600.0,6.0
40,14,Mid, D,304,Small_Unit,4900000,16118,31/5/2021,South,9. Poor Close (Wall View),200.0,3.0
24,9,Low, C,326,Small_Unit,5630000,17270,31/5/2021,West,10. Poor Street (Busy Road),380.0,2.0
6,9,Low, A,819,Large_Unit,11380000,13895,31/5/2021,North West,2. Premium (Full River - West/Sun),720.0,8.5
49,21,Mid, E,284,Small_Unit,5550000,19542,31/5/2021,South East,6. Normal (Good Direction - S/E),220.0,6.0
39,30,High, C,304,Small_Unit,5830000,19178,28/5/2021,South,9. Poor Close (Wall View),180.0,3.0
26,20,Mid, H,326,Small_Unit,6000000,18405,28/5/2021,East,10. Poor Street (Busy Road),420.0,2.0
17,16,Mid, H,327,Small_Unit,5000000,15291,28/5/2021,North East,6. Normal (Good Direction - S/E),520.0,6.0
29,22,Mid, F,451,Middle_Unit,7700000,17073,28/5/2021,North,10. Poor Street (Busy Road),450.0,2.0
22,1,Low, B,515,Middle_Unit,6950000,13495,27/5/2021,North West,8. Normal (Poor Direction - N/W),480.0,4.5
37,15,Mid, A,284,Small_Unit,5450000,19190,26/5/2021,East,6. Normal (Good Direction - S/E),150.0,6.0
40,7,Low, F,284,Small_Unit,5480000,19296,26/5/2021,West,10. Poor Street (Busy Road),200.0,2.0
21,15,Mid, F,451,Middle_Unit,7000000,15521,26/5/2021,South East,6. Normal (Good Direction - S/E),500.0,6.0
9,29,High, E,451,Middle_Unit,7800000,17295,26/5/2021,South East,4. Good Open (High Floor City),600.0,7.0
40,12,Mid, H,304,Small_Unit,5760000,18947,25/5/2021,North,10. Poor Street (Busy Road),200.0,2.0
8,1,Low, G,327,Small_Unit,5300000,16208,24/5/2021,North East,6. Normal (Good Direction - S/E),620.0,6.0
32,8,Low, A,451,Middle_Unit,7050000,15632,24/5/2021,South,5. Good Internal (Pool/Garden/Mall),380.0,6.5
10,23,Mid, H,327,Small_Unit,5500000,16820,21/5/2021,North East,1. Premium Plus (Full River/Park),580.0,9.0
31,15,Mid, C,327,Small_Unit,5920000,18104,21/5/2021,West,9. Poor Close (Wall View),400.0,3.0
18,11,Mid, E,504,Middle_Unit,7618000,15115,21/5/2021,South East,6. Normal (Good Direction - S/E),550.0,6.0
34,21,Mid, C,707,Large_Unit,10000000,14144,20/5/2021,North,4. Good Open (High Floor City),300.0,7.0
17,27,High, B,451,Middle_Unit,7700000,17073,18/5/2021,North West,8. Normal (Poor Direction - N/W),520.0,4.5
39,21,Mid, F,284,Small_Unit,5550000,19542,18/5/2021,West,9. Poor Close (Wall View),180.0,3.0
45,23,Mid, B,284,Small_Unit,5700000,20070,17/5/2021,West,9. Poor Close (Wall View),150.0,3.0
26,10,Low, E,447,Middle_Unit,7300000,16331,17/5/2021,South,10. Poor Street (Busy Road),420.0,2.0
24,26,High, H,326,Small_Unit,6150000,18865,17/5/2021,South,10. Poor Street (Busy Road),380.0,2.0
46,27,High, E,284,Small_Unit,5800000,20423,14/5/2021,East,9. Poor Close (Wall View),180.0,3.0
22,29,High, B,515,Middle_Unit,8180000,15883,14/5/2021,North West,8. Normal (Poor Direction - N/W),480.0,4.5
12,27,High, B,515,Middle_Unit,8058000,15647,13/5/2021,North West,1. Premium Plus (Full River/Park),580.0,9.0
52,22,Mid, F,284,Small_Unit,5680000,20000,13/5/2021,South East,6. Normal (Good Direction - S/E),280.0,6.0
25,20,Mid, A,688,Large_Unit,10000000,14535,13/5/2021,North,8. Normal (Poor Direction - N/W),400.0,4.5
40,12,Mid, G,304,Small_Unit,6000000,19737,12/5/2021,North,10. Poor Street (Busy Road),200.0,2.0
15,17,Mid, A,819,Large_Unit,10000000,12210,11/5/2021,North West,1. Premium Plus (Full River/Park),650.0,9.0
31,13,Mid, H,327,Small_Unit,5700000,17431,11/5/2021,East,9. Poor Close (Wall View),400.0,3.0
49,11,Mid, D,304,Small_Unit,5380000,17697,10/5/2021,South West,6. Normal (Good Direction - S/E),220.0,6.0
32,30,High, B,451,Middle_Unit,7800000,17295,7/5/2021,South,5. Good Internal (Pool/Garden/Mall),380.0,6.5
47,28,High, E,284,Small_Unit,5050000,17782,7/5/2021,East,9. Poor Close (Wall View),180.0,3.0
5,10,Low, A,819,Large_Unit,12380000,15116,7/5/2021,North West,2. Premium (Full River - West/Sun),750.0,8.5
24,22,Mid, B,447,Middle_Unit,7980000,17852,6/5/2021,East,9. Poor Close (Wall View),380.0,3.0
31,22,Mid, C,327,Small_Unit,6150000,18807,5/5/2021,West,9. Poor Close (Wall View),400.0,3.0
44,28,High, C,304,Small_Unit,5780000,19013,5/5/2021,South,6. Normal (Good Direction - S/E),150.0,6.0
29,20,Mid, B,451,Middle_Unit,7880000,17472,5/5/2021,East,9. Poor Close (Wall View),450.0,3.0
51,14,Mid, D,304,Small_Unit,5100000,16776,4/5/2021,South West,6. Normal (Good Direction - S/E),280.0,6.0
17,5,Low, C,327,Small_Unit,5700000,17431,4/5/2021,South West,6. Normal (Good Direction - S/E),520.0,6.0
23,9,Low, C,327,Small_Unit,5950000,18196,4/5/2021,South West,6. Normal (Good Direction - S/E),350.0,6.0
36,14,Mid, H,307,Small_Unit,5400000,17590,3/5/2021,West,10. Poor Street (Busy Road),300.0,2.0
49,18,Mid, H,304,Small_Unit,5800000,19079,3/5/2021,North East,6. Normal (Good Direction - S/E),220.0,6.0
24,30,High, F,447,Middle_Unit,8000000,17897,3/5/2021,North,8. Normal (Poor Direction - N/W),380.0,4.5
2,24,Mid, H,327,Small_Unit,5895000,18028,3/5/2021,North East,2. Premium (Full River - West/Sun),680.0,8.5
36,9,Low, A,478,Middle_Unit,7700000,16109,30/4/2021,North,9. Poor Close (Wall View),300.0,3.0
22,8,Low, A,515,Middle_Unit,7920000,15379,30/4/2021,North West,8. Normal (Poor Direction - N/W),480.0,4.5
18,28,High, C,484,Middle_Unit,7930000,16384,30/4/2021,South West,6. Normal (Good Direction - S/E),550.0,6.0
47,24,Mid, C,304,Small_Unit,5580000,18355,30/4/2021,South,6. Normal (Good Direction - S/E),180.0,6.0
18,6,Low, D,504,Middle_Unit,7850000,15575,29/4/2021,South West,6. Normal (Good Direction - S/E),550.0,6.0
10,10,Low, D,327,Small_Unit,5780000,17676,29/4/2021,South West,3. Premium Partial (Slivers of Water/Park),580.0,8.0
34,8,Low, D,707,Large_Unit,9730000,13762,28/4/2021,South,10. Poor Street (Busy Road),300.0,2.0
21,4,Low, C,327,Small_Unit,5650000,17278,28/4/2021,South West,6. Normal (Good Direction - S/E),500.0,6.0
52,21,Mid, A,284,Small_Unit,5500000,19366,27/4/2021,North West,8. Normal (Poor Direction - N/W),280.0,4.5
38,32,High, B,284,Small_Unit,5700000,20070,27/4/2021,East,9. Poor Close (Wall View),150.0,3.0
21,29,High, G,327,Small_Unit,5990000,18318,26/4/2021,North East,6. Normal (Good Direction - S/E),500.0,6.0
20,13,Mid, H,327,Small_Unit,5700000,17431,26/4/2021,North East,6. Normal (Good Direction - S/E),520.0,6.0
36,32,High, C,307,Small_Unit,5780000,18827,26/4/2021,East,6. Normal (Good Direction - S/E),300.0,6.0
49,9,Low, C,304,Small_Unit,4600000,15132,23/4/2021,South West,6. Normal (Good Direction - S/E),220.0,6.0
3,18,Mid, E,451,Middle_Unit,7750000,17184,23/4/2021,South East,3. Premium Partial (Slivers of Water/Park),700.0,8.0
25,24,Mid, C,688,Large_Unit,10300000,14971,23/4/2021,West,9. Poor Close (Wall View),400.0,3.0
23,10,Low, G,327,Small_Unit,5600000,17125,23/4/2021,North East,6. Normal (Good Direction - S/E),350.0,6.0
52,23,Mid, B,284,Small_Unit,5580000,19648,23/4/2021,North West,8. Normal (Poor Direction - N/W),280.0,4.5
2,15,Mid, E,451,Middle_Unit,7400000,16408,23/4/2021,South East,3. Premium Partial (Slivers of Water/Park),680.0,8.0
47,20,Mid, E,284,Small_Unit,5200000,18310,23/4/2021,East,9. Poor Close (Wall View),180.0,3.0
26,30,High, F,447,Middle_Unit,7750000,17338,22/4/2021,South,10. Poor Street (Busy Road),420.0,2.0
51,4,Low, E,284,Small_Unit,5265000,18539,22/4/2021,South East,6. Normal (Good Direction - S/E),280.0,6.0
39,7,Low, G,304,Small_Unit,5600000,18421,21/4/2021,North,10. Poor Street (Busy Road),180.0,2.0
33,4,Low, A,820,Large_Unit,9600000,11707,21/4/2021,East,6. Normal (Good Direction - S/E),350.0,6.0
17,10,Low, G,327,Small_Unit,5970000,18257,21/4/2021,North East,6. Normal (Good Direction - S/E),520.0,6.0
15,17,Mid, D,853,Large_Unit,11800000,13834,20/4/2021,South West,3. Premium Partial (Slivers of Water/Park),650.0,8.0
39,13,Mid, G,304,Small_Unit,5630000,18520,19/4/2021,North,10. Poor Street (Busy Road),180.0,2.0
50,25,Mid, A,284,Small_Unit,5180000,18239,19/4/2021,North West,8. Normal (Poor Direction - N/W),250.0,4.5
37,14,Mid, G,304,Small_Unit,5500000,18092,16/4/2021,North,5. Good Internal (Pool/Garden/Mall),150.0,6.5
49,16,Mid, D,304,Small_Unit,5300000,17434,16/4/2021,South West,6. Normal (Good Direction - S/E),220.0,6.0
50,10,Low, B,284,Small_Unit,5470000,19261,16/4/2021,North West,8. Normal (Poor Direction - N/W),250.0,4.5
41,22,Mid, D,304,Small_Unit,5500000,18092,16/4/2021,South,6. Normal (Good Direction - S/E),220.0,6.0
48,14,Mid, B,284,Small_Unit,5430000,19120,15/4/2021,West,9. Poor Close (Wall View),200.0,3.0
49,24,Mid, B,284,Small_Unit,4860000,17113,14/4/2021,North West,4. Good Open (High Floor City),220.0,7.0
1,4,Low, C,327,Small_Unit,5300000,16208,14/4/2021,South West,2. Premium (Full River - West/Sun),650.0,8.5
19,16,Mid, E,451,Middle_Unit,7500000,16630,13/4/2021,South East,6. Normal (Good Direction - S/E),550.0,6.0
15,15,Mid, A,819,Large_Unit,11380000,13895,13/4/2021,North West,1. Premium Plus (Full River/Park),650.0,9.0
31,11,Mid, D,327,Small_Unit,5920000,18104,13/4/2021,West,9. Poor Close (Wall View),400.0,3.0
11,2,Low, F,484,Middle_Unit,6500000,13430,12/4/2021,South East,1. Premium Plus (Full River/Park),550.0,9.0
51,25,Mid, G,304,Small_Unit,6000000,19737,12/4/2021,North East,6. Normal (Good Direction - S/E),280.0,6.0
40,12,Mid, F,284,Small_Unit,5450000,19190,9/4/2021,West,10. Poor Street (Busy Road),200.0,2.0
47,5,Low, E,284,Small_Unit,5200000,18310,9/4/2021,East,9. Poor Close (Wall View),180.0,3.0
16,3,Low, B,451,Middle_Unit,6000000,13304,8/4/2021,North West,8. Normal (Poor Direction - N/W),500.0,4.5
49,18,Mid, B,284,Small_Unit,5768000,20310,8/4/2021,North West,4. Good Open (High Floor City),220.0,7.0
17,3,Low, H,327,Small_Unit,5380000,16453,8/4/2021,North East,6. Normal (Good Direction - S/E),520.0,6.0
32,14,Mid, C,327,Small_Unit,5900000,18043,7/4/2021,West,9. Poor Close (Wall View),380.0,3.0
39,32,High, F,284,Small_Unit,6160000,21690,7/4/2021,West,9. Poor Close (Wall View),180.0,3.0
7,4,Low, E,504,Middle_Unit,7650000,15179,7/4/2021,South East,3. Premium Partial (Slivers of Water/Park),600.0,6.0
48,23,Mid, G,304,Small_Unit,5500000,18092,1/4/2021,North,10. Poor Street (Busy Road),200.0,2.0
22,25,Mid, E,504,Middle_Unit,8400000,16667,1/4/2021,South East,6. Normal (Good Direction - S/E),480.0,6.0
44,29,High, D,304,Small_Unit,5600000,18421,1/4/2021,South,4. Good Open (High Floor City),150.0,7.0
44,15,Mid, D,304,Small_Unit,5830000,19178,1/4/2021,South,4. Good Open (High Floor City),150.0,7.0
43,14,Mid, D,304,Small_Unit,5460000,17961,1/4/2021,South,6. Normal (Good Direction - S/E),220.0,6.0
32,13,Mid, G,327,Small_Unit,5750000,17584,31/3/2021,East,10. Poor Street (Busy Road),380.0,2.0
38,5,Low, C,304,Small_Unit,5280000,17368,30/3/2021,South,9. Poor Close (Wall View),150.0,3.0
4,6,Low, D,853,Large_Unit,10780000,12638,30/3/2021,South West,2. Premium (Full River - West/Sun),720.0,8.5
20,6,Low, A,451,Middle_Unit,7013800,15552,30/3/2021,North West,8. Normal (Poor Direction - N/W),520.0,4.5
8,7,Low, F,451,Middle_Unit,7150000,15854,30/3/2021,South East,6. Normal (Good Direction - S/E),620.0,6.0
8,7,Low, D,327,Small_Unit,5828000,17823,30/3/2021,South West,6. Normal (Good Direction - S/E),620.0,6.0
47,29,High, B,284,Small_Unit,5000000,17606,30/3/2021,West,9. Poor Close (Wall View),180.0,3.0
43,5,Low, E,284,Small_Unit,5160000,18169,29/3/2021,East,9. Poor Close (Wall View),220.0,3.0
43,3,Low, C,304,Small_Unit,5300000,17434,29/3/2021,South,6. Normal (Good Direction - S/E),220.0,6.0
1,24,Mid, A,451,Middle_Unit,7500000,16630,26/3/2021,North West,2. Premium (Full River - West/Sun),650.0,8.5
24,1,Low, F,447,Middle_Unit,6000000,13423,26/3/2021,North,8. Normal (Poor Direction - N/W),380.0,4.5
20,9,Low, F,451,Middle_Unit,7330000,16253,26/3/2021,South East,6. Normal (Good Direction - S/E),520.0,6.0
49,22,Mid, A,284,Small_Unit,5600000,19718,25/3/2021,North West,8. Normal (Poor Direction - N/W),220.0,4.5
32,22,Mid, A,451,Middle_Unit,7850000,17406,25/3/2021,South,5. Good Internal (Pool/Garden/Mall),380.0,6.5
5,16,Mid, C,853,Large_Unit,11800000,13834,24/3/2021,South West,2. Premium (Full River - West/Sun),750.0,8.5
45,20,Mid, C,304,Small_Unit,5580000,18355,23/3/2021,South,6. Normal (Good Direction - S/E),150.0,6.0
43,32,High, A,284,Small_Unit,5680000,20000,19/3/2021,West,9. Poor Close (Wall View),220.0,3.0
45,25,Mid, G,304,Small_Unit,5480000,18026,18/3/2021,North,9. Poor Close (Wall View),150.0,3.0
37,19,Mid, H,304,Small_Unit,5650000,18586,18/3/2021,North,5. Good Internal (Pool/Garden/Mall),150.0,6.5
33,20,Mid, A,820,Large_Unit,11500000,14024,18/3/2021,East,6. Normal (Good Direction - S/E),350.0,6.0
37,26,High, H,304,Small_Unit,5600000,18421,17/3/2021,North,5. Good Internal (Pool/Garden/Mall),150.0,6.5
17,8,Low, G,327,Small_Unit,5200000,15902,17/3/2021,North East,6. Normal (Good Direction - S/E),520.0,6.0
17,21,Mid, A,451,Middle_Unit,7550000,16741,17/3/2021,North West,8. Normal (Poor Direction - N/W),520.0,4.5
31,6,Low, A,451,Middle_Unit,7000000,15521,17/3/2021,South,5. Good Internal (Pool/Garden/Mall),400.0,6.5
3,18,Mid, F,451,Middle_Unit,7680000,17029,16/3/2021,South East,3. Premium Partial (Slivers of Water/Park),700.0,8.0
21,12,Mid, D,327,Small_Unit,5895000,18028,16/3/2021,South West,6. Normal (Good Direction - S/E),500.0,6.0
51,4,Low, H,304,Small_Unit,5200000,17105,16/3/2021,North East,6. Normal (Good Direction - S/E),280.0,6.0
43,12,Mid, G,304,Small_Unit,5480000,18026,16/3/2021,North,9. Poor Close (Wall View),220.0,3.0
35,26,High, C,707,Large_Unit,10770000,15233,16/3/2021,North,4. Good Open (High Floor City),320.0,7.0
38,9,Low, F,284,Small_Unit,5380000,18944,15/3/2021,West,9. Poor Close (Wall View),150.0,3.0
39,17,Mid, D,304,Small_Unit,5000000,16447,12/3/2021,South,9. Poor Close (Wall View),180.0,3.0
24,1,Low, A,447,Middle_Unit,5950000,13311,11/3/2021,East,9. Poor Close (Wall View),380.0,3.0
9,19,Mid, B,451,Middle_Unit,7280000,16142,11/3/2021,North West,8. Normal (Poor Direction - N/W),600.0,4.5
31,7,Low, E,451,Middle_Unit,6870000,15233,10/3/2021,North,10. Poor Street (Busy Road),400.0,2.0
10,11,Mid, H,327,Small_Unit,5200000,15902,10/3/2021,North East,1. Premium Plus (Full River/Park),580.0,9.0
31,10,Low, C,327,Small_Unit,5600000,17125,9/3/2021,West,9. Poor Close (Wall View),400.0,3.0
22,20,Mid, C,484,Middle_Unit,7000000,14463,9/3/2021,South West,6. Normal (Good Direction - S/E),480.0,6.0
45,6,Low, C,304,Small_Unit,5300000,17434,9/3/2021,South,6. Normal (Good Direction - S/E),150.0,6.0
8,6,Low, H,327,Small_Unit,5550000,16972,8/3/2021,North East,6. Normal (Good Direction - S/E),620.0,6.0
49,31,High, E,284,Small_Unit,5900000,20775,8/3/2021,South East,6. Normal (Good Direction - S/E),220.0,6.0
33,17,Mid, C,854,Large_Unit,11380000,13326,8/3/2021,West,10. Poor Street (Busy Road),350.0,2.0
2,7,Low, D,327,Small_Unit,5700000,17431,4/3/2021,South West,2. Premium (Full River - West/Sun),680.0,8.5
46,19,Mid, B,284,Small_Unit,4800000,16901,3/3/2021,West,10. Poor Street (Busy Road),180.0,2.0
41,5,Low, C,304,Small_Unit,5290000,17401,3/3/2021,South,6. Normal (Good Direction - S/E),220.0,6.0
11,25,Mid, D,504,Middle_Unit,8068000,16008,3/3/2021,South West,6. Normal (Good Direction - S/E),550.0,6.0
47,15,Mid, G,304,Small_Unit,5330000,17533,3/3/2021,North,10. Poor Street (Busy Road),180.0,2.0
25,10,Low, A,688,Large_Unit,9950000,14462,2/3/2021,North,8. Normal (Poor Direction - N/W),400.0,4.5
48,29,High, A,284,Small_Unit,5380000,18944,2/3/2021,West,9. Poor Close (Wall View),200.0,3.0
43,32,High, B,284,Small_Unit,5890000,20739,1/3/2021,West,9. Poor Close (Wall View),220.0,3.0
39,11,Mid, B,284,Small_Unit,5300000,18662,1/3/2021,East,9. Poor Close (Wall View),180.0,3.0
37,26,High, B,284,Small_Unit,5600000,19718,26/2/2021,East,6. Normal (Good Direction - S/E),150.0,6.0
33,6,Low, D,854,Large_Unit,10380000,12155,26/2/2021,East,6. Normal (Good Direction - S/E),350.0,6.0
22,9,Low, D,504,Middle_Unit,8080000,16032,26/2/2021,South West,6. Normal (Good Direction - S/E),480.0,6.0
32,15,Mid, F,451,Middle_Unit,7700000,17073,25/2/2021,North,10. Poor Street (Busy Road),380.0,2.0
35,30,High, B,707,Large_Unit,8900000,12588,25/2/2021,North,5. Good Internal (Pool/Garden/Mall),320.0,6.5
2,10,Low, B,451,Middle_Unit,6580000,14590,25/2/2021,North West,2. Premium (Full River - West/Sun),680.0,8.5
18,17,Mid, A,515,Middle_Unit,8108000,15744,23/2/2021,North West,8. Normal (Poor Direction - N/W),550.0,4.5
41,6,Low, B,284,Small_Unit,4300000,15141,23/2/2021,West,10. Poor Street (Busy Road),220.0,2.0
2,13,Mid, G,327,Small_Unit,5600000,17125,23/2/2021,North East,2. Premium (Full River - West/Sun),680.0,8.5
25,27,High, A,688,Large_Unit,10000000,14535,23/2/2021,North,8. Normal (Poor Direction - N/W),400.0,4.5
42,32,High, B,284,Small_Unit,5630000,19824,23/2/2021,West,9. Poor Close (Wall View),200.0,3.0
46,31,High, D,304,Small_Unit,5600000,18421,23/2/2021,South,6. Normal (Good Direction - S/E),180.0,6.0
10,20,Mid, A,451,Middle_Unit,7350000,16297,22/2/2021,North West,1. Premium Plus (Full River/Park),580.0,9.0
40,12,Mid, B,284,Small_Unit,5450000,19190,19/2/2021,East,9. Poor Close (Wall View),200.0,3.0
48,11,Mid, B,284,Small_Unit,5380000,18944,19/2/2021,West,9. Poor Close (Wall View),200.0,3.0
52,18,Mid, E,284,Small_Unit,5338000,18796,19/2/2021,South East,6. Normal (Good Direction - S/E),280.0,6.0
40,9,Low, C,304,Small_Unit,5330000,17533,18/2/2021,South,9. Poor Close (Wall View),200.0,3.0
28,3,Low, A,688,Large_Unit,9068000,13180,17/2/2021,East,6. Normal (Good Direction - S/E),480.0,6.0
19,30,High, C,327,Small_Unit,5930000,18135,17/2/2021,South West,6. Normal (Good Direction - S/E),550.0,6.0
10,4,Low, F,451,Middle_Unit,6750000,14967,17/2/2021,South East,1. Premium Plus (Full River/Park),580.0,9.0
38,28,High, A,284,Small_Unit,5500000,19366,17/2/2021,East,9. Poor Close (Wall View),150.0,3.0
48,9,Low, E,284,Small_Unit,5120000,18028,17/2/2021,East,10. Poor Street (Busy Road),200.0,2.0
52,17,Mid, A,284,Small_Unit,5360000,18873,16/2/2021,North West,8. Normal (Poor Direction - N/W),280.0,4.5
52,20,Mid, A,284,Small_Unit,5520000,19437,16/2/2021,North West,8. Normal (Poor Direction - N/W),280.0,4.5
20,15,Mid, F,451,Middle_Unit,7180000,15920,16/2/2021,South East,6. Normal (Good Direction - S/E),520.0,6.0
9,26,High, D,327,Small_Unit,6000000,18349,11/2/2021,South West,6. Normal (Good Direction - S/E),600.0,6.0
16,4,Low, F,451,Middle_Unit,6080000,13481,11/2/2021,South East,6. Normal (Good Direction - S/E),500.0,6.0
38,14,Mid, F,284,Small_Unit,5300000,18662,10/2/2021,West,9. Poor Close (Wall View),150.0,3.0
51,23,Mid, G,304,Small_Unit,5350000,17599,10/2/2021,North East,6. Normal (Good Direction - S/E),280.0,6.0
38,8,Low, C,304,Small_Unit,4850000,15954,10/2/2021,South,9. Poor Close (Wall View),150.0,3.0
39,10,Low, C,304,Small_Unit,5320000,17500,9/2/2021,South,9. Poor Close (Wall View),180.0,3.0
42,3,Low, A,284,Small_Unit,5000000,17606,9/2/2021,West,9. Poor Close (Wall View),200.0,3.0
46,27,High, G,304,Small_Unit,5600000,18421,9/2/2021,North,10. Poor Street (Busy Road),180.0,2.0
42,25,Mid, D,304,Small_Unit,5800000,19079,8/2/2021,South,6. Normal (Good Direction - S/E),200.0,6.0
19,6,Low, C,327,Small_Unit,5600000,17125,8/2/2021,South West,6. Normal (Good Direction - S/E),550.0,6.0
44,18,Mid, F,284,Small_Unit,5000000,17606,8/2/2021,East,9. Poor Close (Wall View),150.0,3.0
52,8,Low, G,304,Small_Unit,5300000,17434,5/2/2021,North East,6. Normal (Good Direction - S/E),280.0,6.0
21,27,High, D,327,Small_Unit,5730000,17523,5/2/2021,South West,6. Normal (Good Direction - S/E),500.0,6.0
45,6,Low, E,284,Small_Unit,4360000,15352,5/2/2021,East,10. Poor Street (Busy Road),150.0,2.0
46,19,Mid, G,304,Small_Unit,5220000,17171,5/2/2021,North,10. Poor Street (Busy Road),180.0,2.0
39,3,Low, D,304,Small_Unit,5000000,16447,4/2/2021,South,9. Poor Close (Wall View),180.0,3.0
9,26,High, G,327,Small_Unit,5688000,17394,4/2/2021,North East,6. Normal (Good Direction - S/E),600.0,6.0
12,12,Mid, B,515,Middle_Unit,6800000,13204,4/2/2021,North West,1. Premium Plus (Full River/Park),580.0,9.0
9,6,Low, D,327,Small_Unit,5370000,16422,4/2/2021,South West,6. Normal (Good Direction - S/E),600.0,6.0
9,18,Mid, H,327,Small_Unit,5790000,17706,4/2/2021,North East,6. Normal (Good Direction - S/E),600.0,6.0
36,29,High, C,307,Small_Unit,5700000,18567,4/2/2021,East,6. Normal (Good Direction - S/E),300.0,6.0
41,30,High, A,284,Small_Unit,5880000,20704,3/2/2021,West,10. Poor Street (Busy Road),220.0,2.0
48,17,Mid, G,304,Small_Unit,5220000,17171,3/2/2021,North,10. Poor Street (Busy Road),200.0,2.0
45,26,High, D,304,Small_Unit,5500000,18092,2/2/2021,South,6. Normal (Good Direction - S/E),150.0,6.0
41,12,Mid, G,304,Small_Unit,5000000,16447,29/1/2021,North,10. Poor Street (Busy Road),220.0,2.0
7,1,Low, A,515,Middle_Unit,6820000,13243,29/1/2021,North West,2. Premium (Full River - West/Sun),600.0,8.5
48,25,Mid, B,284,Small_Unit,5600000,19718,29/1/2021,West,9. Poor Close (Wall View),200.0,3.0
12,19,Mid, A,515,Middle_Unit,8038000,15608,29/1/2021,North West,1. Premium Plus (Full River/Park),580.0,9.0
51,19,Mid, B,284,Small_Unit,4800000,16901,28/1/2021,North West,8. Normal (Poor Direction - N/W),280.0,4.5
21,25,Mid, A,451,Middle_Unit,6380000,14146,28/1/2021,North West,8. Normal (Poor Direction - N/W),500.0,4.5
20,2,Low, E,451,Middle_Unit,6250000,13858,27/1/2021,South East,6. Normal (Good Direction - S/E),520.0,6.0
16,25,Mid, E,451,Middle_Unit,7370000,16341,27/1/2021,South East,6. Normal (Good Direction - S/E),500.0,6.0
30,4,Low, E,451,Middle_Unit,6750000,14967,27/1/2021,North,9. Poor Close (Wall View),420.0,3.0
52,17,Mid, H,304,Small_Unit,5000000,16447,25/1/2021,North East,6. Normal (Good Direction - S/E),280.0,6.0
5,7,Low, A,819,Large_Unit,10500000,12821,25/1/2021,North West,2. Premium (Full River - West/Sun),750.0,8.5
23,21,Mid, D,327,Small_Unit,6000000,18349,22/1/2021,South West,6. Normal (Good Direction - S/E),350.0,6.0
45,30,High, E,284,Small_Unit,5380000,18944,22/1/2021,East,10. Poor Street (Busy Road),150.0,2.0
3,13,Mid, F,451,Middle_Unit,5900000,13082,22/1/2021,South East,3. Premium Partial (Slivers of Water/Park),700.0,8.0
36,30,High, H,307,Small_Unit,5550000,18078,22/1/2021,West,10. Poor Street (Busy Road),300.0,2.0
20,21,Mid, F,451,Middle_Unit,6830000,15144,22/1/2021,South East,6. Normal (Good Direction - S/E),520.0,6.0
47,30,High, G,304,Small_Unit,5360000,17632,22/1/2021,North,10. Poor Street (Busy Road),180.0,2.0
28,21,Mid, D,688,Large_Unit,9920000,14419,21/1/2021,West,9. Poor Close (Wall View),480.0,3.0
50,19,Mid, B,284,Small_Unit,5380000,18944,20/1/2021,North West,8. Normal (Poor Direction - N/W),250.0,4.5
3,23,Mid, B,451,Middle_Unit,7380000,16364,20/1/2021,North West,2. Premium (Full River - West/Sun),700.0,8.5
2,2,Low, B,451,Middle_Unit,6300000,13969,20/1/2021,North West,2. Premium (Full River - West/Sun),680.0,8.5
31,14,Mid, D,327,Small_Unit,5400000,16514,20/1/2021,West,9. Poor Close (Wall View),400.0,3.0
20,13,Mid, B,451,Middle_Unit,7280000,16142,19/1/2021,North West,8. Normal (Poor Direction - N/W),520.0,4.5
31,23,Mid, H,327,Small_Unit,5518000,16875,18/1/2021,East,9. Poor Close (Wall View),400.0,3.0
48,7,Low, H,304,Small_Unit,5380000,17697,18/1/2021,North,10. Poor Street (Busy Road),200.0,2.0
33,16,Mid, C,854,Large_Unit,9800000,11475,15/1/2021,West,10. Poor Street (Busy Road),350.0,2.0
16,14,Mid, C,327,Small_Unit,5500000,16820,14/1/2021,South West,6. Normal (Good Direction - S/E),500.0,6.0
48,4,Low, A,284,Small_Unit,4848000,17070,14/1/2021,West,9. Poor Close (Wall View),200.0,3.0
19,17,Mid, D,327,Small_Unit,5900000,18043,12/1/2021,South West,6. Normal (Good Direction - S/E),550.0,6.0
21,14,Mid, A,451,Middle_Unit,7190000,15942,12/1/2021,North West,8. Normal (Poor Direction - N/W),500.0,4.5
30,27,High, B,451,Middle_Unit,7750000,17184,12/1/2021,South,5. Good Internal (Pool/Garden/Mall),420.0,6.5
24,13,Mid, E,447,Middle_Unit,7450000,16667,12/1/2021,North,8. Normal (Poor Direction - N/W),380.0,4.5
50,25,Mid, E,284,Small_Unit,5350000,18838,12/1/2021,South East,6. Normal (Good Direction - S/E),250.0,6.0
3,11,Mid, D,327,Small_Unit,5610000,17156,12/1/2021,South West,2. Premium (Full River - West/Sun),700.0,8.5
51,22,Mid, C,304,Small_Unit,5600000,18421,11/1/2021,South West,6. Normal (Good Direction - S/E),280.0,6.0
19,13,Mid, D,327,Small_Unit,5820000,17798,11/1/2021,South West,6. Normal (Good Direction - S/E),550.0,6.0
50,15,Mid, D,304,Small_Unit,5380000,17697,11/1/2021,South West,6. Normal (Good Direction - S/E),250.0,6.0
36,7,Low, E,478,Middle_Unit,7450000,15586,8/1/2021,South,5. Good Internal (Pool/Garden/Mall),300.0,6.5
46,10,Low, G,304,Small_Unit,5300000,17434,8/1/2021,North,10. Poor Street (Busy Road),180.0,2.0
2,7,Low, C,327,Small_Unit,5400000,16514,8/1/2021,South West,2. Premium (Full River - West/Sun),680.0,8.5
21,16,Mid, H,327,Small_Unit,5790000,17706,8/1/2021,North East,6. Normal (Good Direction - S/E),500.0,6.0
47,17,Mid, F,284,Small_Unit,5110000,17993,7/1/2021,East,9. Poor Close (Wall View),180.0,3.0
11,33,High, D,504,Middle_Unit,8528000,16921,7/1/2021,South West,6. Normal (Good Direction - S/E),550.0,6.0
45,10,Low, C,304,Small_Unit,5380000,17697,7/1/2021,South,6. Normal (Good Direction - S/E),150.0,6.0
46,16,Mid, G,304,Small_Unit,5080000,16711,6/1/2021,North,10. Poor Street (Busy Road),180.0,2.0
31,29,High, D,327,Small_Unit,5600000,17125,6/1/2021,West,9. Poor Close (Wall View),400.0,3.0
38,27,High, B,284,Small_Unit,5380000,18944,6/1/2021,East,9. Poor Close (Wall View),150.0,3.0
47,12,Mid, E,284,Small_Unit,5180000,18239,5/1/2021,East,9. Poor Close (Wall View),180.0,3.0
49,31,High, B,284,Small_Unit,5360000,18873,5/1/2021,North West,4. Good Open (High Floor City),220.0,7.0
3,21,Mid, F,451,Middle_Unit,7950000,17627,5/1/2021,South East,3. Premium Partial (Slivers of Water/Park),700.0,8.0
1,8,Low, E,451,Middle_Unit,7130000,15809,5/1/2021,South East,6. Normal (Good Direction - S/E),650.0,6.0
29,10,Low, G,327,Small_Unit,5600000,17125,5/1/2021,South,9. Poor Close (Wall View),450.0,3.0
25,12,Mid, A,688,Large_Unit,10000000,14535,4/1/2021,North,8. Normal (Poor Direction - N/W),400.0,4.5
3,27,High, E,451,Middle_Unit,7900000,17517,31/12/2020,South East,3. Premium Partial (Slivers of Water/Park),700.0,8.0
11,25,Mid, C,484,Middle_Unit,8088000,16711,30/12/2020,South West,3. Premium Partial (Slivers of Water/Park),550.0,8.0
46,28,High, H,304,Small_Unit,5500000,18092,30/12/2020,North,10. Poor Street (Busy Road),180.0,2.0
50,23,Mid, F,284,Small_Unit,5500000,19366,30/12/2020,South East,6. Normal (Good Direction - S/E),250.0,6.0
44,26,High, H,304,Small_Unit,5600000,18421,29/12/2020,North,9. Poor Close (Wall View),150.0,3.0
22,10,Low, A,515,Middle_Unit,7700000,14951,28/12/2020,North West,8. Normal (Poor Direction - N/W),480.0,4.5
40,32,High, H,304,Small_Unit,5990000,19704,28/12/2020,North,10. Poor Street (Busy Road),200.0,2.0
1,22,Mid, F,451,Middle_Unit,7780000,17251,24/12/2020,South East,6. Normal (Good Direction - S/E),650.0,6.0
19,9,Low, A,451,Middle_Unit,7250000,16075,24/12/2020,North West,8. Normal (Poor Direction - N/W),550.0,4.5
31,15,Mid, E,451,Middle_Unit,7300000,16186,22/12/2020,North,10. Poor Street (Busy Road),400.0,2.0
12,8,Low, C,484,Middle_Unit,7580000,15661,22/12/2020,South West,3. Premium Partial (Slivers of Water/Park),580.0,6.0
43,20,Mid, G,304,Small_Unit,5450000,17928,18/12/2020,North,9. Poor Close (Wall View),220.0,3.0
49,26,High, C,304,Small_Unit,4430000,14572,18/12/2020,South West,6. Normal (Good Direction - S/E),220.0,6.0
48,3,Low, E,284,Small_Unit,5400000,19014,18/12/2020,East,10. Poor Street (Busy Road),200.0,2.0
24,14,Mid, B,447,Middle_Unit,7200000,16107,17/12/2020,East,9. Poor Close (Wall View),380.0,3.0
9,11,Mid, D,327,Small_Unit,5750000,17584,16/12/2020,South West,6. Normal (Good Direction - S/E),600.0,6.0
45,7,Low, B,284,Small_Unit,5160000,18169,16/12/2020,West,9. Poor Close (Wall View),150.0,3.0
7,26,High, A,515,Middle_Unit,8200000,15922,16/12/2020,North West,2. Premium (Full River - West/Sun),600.0,8.5
48,15,Mid, A,284,Small_Unit,5060000,17817,15/12/2020,West,9. Poor Close (Wall View),200.0,3.0
50,26,High, B,284,Small_Unit,5580000,19648,14/12/2020,North West,8. Normal (Poor Direction - N/W),250.0,4.5
51,20,Mid, G,304,Small_Unit,5600000,18421,11/12/2020,North East,6. Normal (Good Direction - S/E),280.0,6.0
37,11,Mid, C,304,Small_Unit,5700000,18750,10/12/2020,South,9. Poor Close (Wall View),150.0,3.0
3,2,Low, B,451,Middle_Unit,6300000,13969,9/12/2020,North West,2. Premium (Full River - West/Sun),700.0,8.5
15,18,Mid, D,853,Large_Unit,11630000,13634,9/12/2020,South West,3. Premium Partial (Slivers of Water/Park),650.0,8.0
44,27,High, F,284,Small_Unit,5450000,19190,9/12/2020,East,9. Poor Close (Wall View),150.0,3.0
21,6,Low, H,327,Small_Unit,5650000,17278,8/12/2020,North East,6. Normal (Good Direction - S/E),500.0,6.0
38,30,High, C,304,Small_Unit,5500000,18092,8/12/2020,South,9. Poor Close (Wall View),150.0,3.0
34,28,High, D,707,Large_Unit,10000000,14144,7/12/2020,South,10. Poor Street (Busy Road),300.0,2.0
16,30,High, H,327,Small_Unit,6010000,18379,7/12/2020,North East,6. Normal (Good Direction - S/E),500.0,6.0
48,13,Mid, B,284,Small_Unit,5200000,18310,7/12/2020,West,9. Poor Close (Wall View),200.0,3.0
26,24,Mid, C,326,Small_Unit,6280000,19264,4/12/2020,West,9. Poor Close (Wall View),420.0,3.0
19,22,Mid, D,327,Small_Unit,6100000,18654,3/12/2020,South West,6. Normal (Good Direction - S/E),550.0,6.0
29,25,Mid, A,451,Middle_Unit,7550000,16741,3/12/2020,East,9. Poor Close (Wall View),450.0,3.0
39,24,Mid, F,284,Small_Unit,5350000,18838,3/12/2020,West,9. Poor Close (Wall View),180.0,3.0
38,30,High, F,284,Small_Unit,5500000,19366,2/12/2020,West,9. Poor Close (Wall View),150.0,3.0
7,12,Mid, C,484,Middle_Unit,7500000,15496,1/12/2020,South West,2. Premium (Full River - West/Sun),600.0,8.5
40,29,High, A,284,Small_Unit,5388000,18972,1/12/2020,East,9. Poor Close (Wall View),200.0,3.0
45,18,Mid, D,304,Small_Unit,5538000,18217,1/12/2020,South,6. Normal (Good Direction - S/E),150.0,6.0
45,7,Low, H,304,Small_Unit,5000000,16447,1/12/2020,North,9. Poor Close (Wall View),150.0,3.0
31,2,Low, B,451,Middle_Unit,6510000,14435,1/12/2020,South,5. Good Internal (Pool/Garden/Mall),400.0,6.5
45,24,Mid, D,304,Small_Unit,5310000,17467,1/12/2020,South,6. Normal (Good Direction - S/E),150.0,6.0
36,19,Mid, C,307,Small_Unit,5620000,18306,30/11/2020,East,6. Normal (Good Direction - S/E),300.0,6.0
40,13,Mid, F,284,Small_Unit,4600000,16197,27/11/2020,West,10. Poor Street (Busy Road),200.0,2.0
49,11,Mid, G,304,Small_Unit,5580000,18355,26/11/2020,North East,6. Normal (Good Direction - S/E),220.0,6.0
16,26,High, H,327,Small_Unit,5700000,17431,25/11/2020,North East,6. Normal (Good Direction - S/E),500.0,6.0
2,15,Mid, H,327,Small_Unit,5580000,17064,25/11/2020,North East,2. Premium (Full River - West/Sun),680.0,8.5
34,17,Mid, B,707,Large_Unit,9850000,13932,24/11/2020,North,5. Good Internal (Pool/Garden/Mall),300.0,6.5
30,13,Mid, F,451,Middle_Unit,7280000,16142,24/11/2020,North,9. Poor Close (Wall View),420.0,3.0
44,7,Low, F,284,Small_Unit,5000000,17606,20/11/2020,East,9. Poor Close (Wall View),150.0,3.0
24,13,Mid, D,326,Small_Unit,5780000,17730,20/11/2020,West,10. Poor Street (Busy Road),380.0,2.0
38,7,Low, C,304,Small_Unit,5180000,17039,20/11/2020,South,9. Poor Close (Wall View),150.0,3.0
3,5,Low, D,327,Small_Unit,5480000,16758,20/11/2020,South West,2. Premium (Full River - West/Sun),700.0,8.5
52,25,Mid, H,304,Small_Unit,5360000,17632,20/11/2020,North East,6. Normal (Good Direction - S/E),280.0,6.0
43,18,Mid, G,304,Small_Unit,5320000,17500,20/11/2020,North,9. Poor Close (Wall View),220.0,3.0
16,30,High, A,451,Middle_Unit,7980000,17694,20/11/2020,North West,8. Normal (Poor Direction - N/W),500.0,4.5
43,4,Low, C,304,Small_Unit,5000000,16447,19/11/2020,South,6. Normal (Good Direction - S/E),220.0,6.0
3,12,Mid, A,451,Middle_Unit,6960000,15432,18/11/2020,North West,2. Premium (Full River - West/Sun),700.0,8.5
9,17,Mid, D,327,Small_Unit,4980000,15229,18/11/2020,South West,6. Normal (Good Direction - S/E),600.0,6.0
46,20,Mid, C,304,Small_Unit,4700000,15461,18/11/2020,South,6. Normal (Good Direction - S/E),180.0,6.0
17,5,Low, A,451,Middle_Unit,6450000,14302,18/11/2020,North West,8. Normal (Poor Direction - N/W),520.0,4.5
41,15,Mid, H,304,Small_Unit,5680000,18684,18/11/2020,North,10. Poor Street (Busy Road),220.0,2.0
8,25,Mid, D,327,Small_Unit,5600000,17125,18/11/2020,South West,6. Normal (Good Direction - S/E),620.0,6.0
43,30,High, D,304,Small_Unit,5580000,18355,17/11/2020,South,6. Normal (Good Direction - S/E),220.0,6.0
27,27,High, A,688,Large_Unit,9600000,13953,17/11/2020,East,9. Poor Close (Wall View),450.0,3.0
39,6,Low, F,284,Small_Unit,5030000,17711,17/11/2020,West,9. Poor Close (Wall View),180.0,3.0
21,17,Mid, D,327,Small_Unit,5850000,17890,16/11/2020,South West,6. Normal (Good Direction - S/E),500.0,6.0
47,9,Low, H,304,Small_Unit,5260000,17303,16/11/2020,North,10. Poor Street (Busy Road),180.0,2.0
8,3,Low, G,327,Small_Unit,5310000,16239,13/11/2020,North East,6. Normal (Good Direction - S/E),620.0,6.0
44,18,Mid, H,304,Small_Unit,5250000,17270,13/11/2020,North,9. Poor Close (Wall View),150.0,3.0
8,6,Low, B,451,Middle_Unit,7100000,15743,13/11/2020,North West,8. Normal (Poor Direction - N/W),620.0,4.5
48,7,Low, F,284,Small_Unit,4800000,16901,12/11/2020,East,10. Poor Street (Busy Road),200.0,2.0
12,13,Mid, D,504,Middle_Unit,7628000,15135,12/11/2020,South West,3. Premium Partial (Slivers of Water/Park),580.0,8.0
44,14,Mid, C,304,Small_Unit,5230000,17204,12/11/2020,South,6. Normal (Good Direction - S/E),150.0,6.0
44,25,Mid, H,304,Small_Unit,5200000,17105,10/11/2020,North,9. Poor Close (Wall View),150.0,3.0
19,24,Mid, C,327,Small_Unit,5588000,17089,10/11/2020,South West,6. Normal (Good Direction - S/E),550.0,6.0
20,22,Mid, G,327,Small_Unit,5500000,16820,9/11/2020,North East,6. Normal (Good Direction - S/E),520.0,6.0
2,16,Mid, G,327,Small_Unit,5790000,17706,6/11/2020,North East,2. Premium (Full River - West/Sun),680.0,8.5
45,14,Mid, C,304,Small_Unit,5590000,18388,5/11/2020,South,6. Normal (Good Direction - S/E),150.0,6.0
50,3,Low, H,304,Small_Unit,4950000,16283,4/11/2020,North East,6. Normal (Good Direction - S/E),250.0,6.0
8,27,High, H,327,Small_Unit,5700000,17431,3/11/2020,North East,6. Normal (Good Direction - S/E),620.0,6.0
33,1,Low, D,854,Large_Unit,9725000,11388,3/11/2020,East,6. Normal (Good Direction - S/E),350.0,6.0
46,29,High, A,284,Small_Unit,5270000,18556,3/11/2020,West,4. Good Open (High Floor City),180.0,7.0
34,25,Mid, B,707,Large_Unit,10000000,14144,3/11/2020,North,5. Good Internal (Pool/Garden/Mall),300.0,6.5
42,7,Low, D,304,Small_Unit,5080000,16711,3/11/2020,South,6. Normal (Good Direction - S/E),200.0,6.0
52,31,High, F,284,Small_Unit,5380000,18944,2/11/2020,South East,6. Normal (Good Direction - S/E),280.0,6.0
31,28,High, D,327,Small_Unit,6000000,18349,2/11/2020,West,9. Poor Close (Wall View),400.0,3.0
42,27,High, C,304,Small_Unit,5700000,18750,2/11/2020,South,6. Normal (Good Direction - S/E),200.0,6.0
40,11,Mid, D,304,Small_Unit,5180000,17039,2/11/2020,South,9. Poor Close (Wall View),200.0,3.0
10,7,Low, D,327,Small_Unit,5080000,15535,30/10/2020,South West,3. Premium Partial (Slivers of Water/Park),580.0,8.0
44,12,Mid, G,304,Small_Unit,5350000,17599,30/10/2020,North,9. Poor Close (Wall View),150.0,3.0
41,11,Mid, D,304,Small_Unit,4950000,16283,29/10/2020,South,6. Normal (Good Direction - S/E),220.0,6.0
50,24,Mid, H,304,Small_Unit,5650000,18586,28/10/2020,North East,6. Normal (Good Direction - S/E),250.0,6.0
17,7,Low, B,451,Middle_Unit,6700000,14856,28/10/2020,North West,8. Normal (Poor Direction - N/W),520.0,4.5
26,19,Mid, D,326,Small_Unit,5575000,17101,28/10/2020,West,9. Poor Close (Wall View),420.0,3.0
44,12,Mid, C,304,Small_Unit,5260000,17303,27/10/2020,South,6. Normal (Good Direction - S/E),150.0,6.0
30,1,Low, E,451,Middle_Unit,6630000,14701,27/10/2020,North,9. Poor Close (Wall View),420.0,3.0
31,29,High, B,451,Middle_Unit,7550000,16741,27/10/2020,South,5. Good Internal (Pool/Garden/Mall),400.0,6.5
38,5,Low, D,304,Small_Unit,5050000,16612,27/10/2020,South,9. Poor Close (Wall View),150.0,3.0
2,5,Low, G,327,Small_Unit,5450000,16667,23/10/2020,North East,2. Premium (Full River - West/Sun),680.0,8.5
25,20,Mid, D,688,Large_Unit,9350000,13590,20/10/2020,West,9. Poor Close (Wall View),400.0,3.0
17,3,Low, B,451,Middle_Unit,6300000,13969,19/10/2020,North West,8. Normal (Poor Direction - N/W),520.0,4.5
1,8,Low, D,327,Small_Unit,5760000,17615,19/10/2020,South West,2. Premium (Full River - West/Sun),650.0,8.5
23,13,Mid, E,451,Middle_Unit,7450000,16519,16/10/2020,South East,6. Normal (Good Direction - S/E),350.0,6.0
51,27,High, G,304,Small_Unit,5200000,17105,16/10/2020,North East,6. Normal (Good Direction - S/E),280.0,6.0
10,15,Mid, H,327,Small_Unit,5580000,17064,16/10/2020,North East,1. Premium Plus (Full River/Park),580.0,9.0
38,16,Mid, B,284,Small_Unit,5500000,19366,16/10/2020,East,9. Poor Close (Wall View),150.0,3.0
6,10,Low, C,853,Large_Unit,12000000,14068,16/10/2020,South West,11. Poor Highway (Tai Chung Kiu Noise Penalty),720.0,1.0
29,9,Low, F,451,Middle_Unit,7280000,16142,15/10/2020,North,10. Poor Street (Busy Road),450.0,2.0
32,5,Low, D,327,Small_Unit,6000000,18349,15/10/2020,West,9. Poor Close (Wall View),380.0,3.0
19,18,Mid, E,451,Middle_Unit,7680000,17029,14/10/2020,South East,6. Normal (Good Direction - S/E),550.0,6.0
44,31,High, A,284,Small_Unit,5300000,18662,12/10/2020,West,9. Poor Close (Wall View),150.0,3.0
13,25,Mid, C,853,Large_Unit,11756400,13782,12/10/2020,South West,3. Premium Partial (Slivers of Water/Park),700.0,8.0
40,20,Mid, F,284,Small_Unit,5448000,19183,12/10/2020,West,10. Poor Street (Busy Road),200.0,2.0
30,12,Mid, D,327,Small_Unit,5500000,16820,12/10/2020,West,10. Poor Street (Busy Road),420.0,2.0
41,21,Mid, D,304,Small_Unit,5680000,18684,12/10/2020,South,6. Normal (Good Direction - S/E),220.0,6.0
38,30,High, H,304,Small_Unit,5700000,18750,9/10/2020,North,10. Poor Street (Busy Road),150.0,2.0
1,10,Low, G,327,Small_Unit,5500000,16820,9/10/2020,North East,2. Premium (Full River - West/Sun),650.0,8.5
37,25,Mid, H,304,Small_Unit,5290000,17401,8/10/2020,North,5. Good Internal (Pool/Garden/Mall),150.0,6.5
26,28,High, A,447,Middle_Unit,7100000,15884,7/10/2020,North,8. Normal (Poor Direction - N/W),420.0,4.5
48,6,Low, E,284,Small_Unit,4630000,16303,7/10/2020,East,10. Poor Street (Busy Road),200.0,2.0
36,18,Mid, A,478,Middle_Unit,7000000,14644,6/10/2020,North,9. Poor Close (Wall View),300.0,3.0
10,19,Mid, A,451,Middle_Unit,7080000,15698,6/10/2020,North West,1. Premium Plus (Full River/Park),580.0,9.0
31,9,Low, A,451,Middle_Unit,7280000,16142,5/10/2020,South,5. Good Internal (Pool/Garden/Mall),400.0,6.5
31,29,High, E,451,Middle_Unit,7650000,16962,5/10/2020,North,10. Poor Street (Busy Road),400.0,2.0
8,25,Mid, C,327,Small_Unit,5750000,17584,30/9/2020,South West,6. Normal (Good Direction - S/E),620.0,6.0
46,5,Low, H,304,Small_Unit,5265000,17319,29/9/2020,North,10. Poor Street (Busy Road),180.0,2.0
19,19,Mid, E,451,Middle_Unit,7100000,15743,28/9/2020,South East,6. Normal (Good Direction - S/E),550.0,6.0
45,15,Mid, B,284,Small_Unit,5170000,18204,25/9/2020,West,9. Poor Close (Wall View),150.0,3.0
17,18,Mid, F,451,Middle_Unit,7648000,16958,25/9/2020,South East,6. Normal (Good Direction - S/E),520.0,6.0
4,20,Mid, B,819,Large_Unit,10500000,12821,25/9/2020,North West,2. Premium (Full River - West/Sun),720.0,8.5
29,4,Low, D,327,Small_Unit,5500000,16820,25/9/2020,West,10. Poor Street (Busy Road),450.0,2.0
42,30,High, C,304,Small_Unit,5550000,18257,24/9/2020,South,6. Normal (Good Direction - S/E),200.0,6.0
16,27,High, B,451,Middle_Unit,7600000,16851,24/9/2020,North West,8. Normal (Poor Direction - N/W),500.0,4.5
25,9,Low, C,688,Large_Unit,9988000,14517,23/9/2020,West,9. Poor Close (Wall View),400.0,3.0
21,14,Mid, C,327,Small_Unit,5480000,16758,23/9/2020,South West,6. Normal (Good Direction - S/E),500.0,6.0
46,15,Mid, A,284,Small_Unit,5388000,18972,23/9/2020,West,4. Good Open (High Floor City),180.0,7.0
36,17,Mid, H,307,Small_Unit,5350000,17427,22/9/2020,West,10. Poor Street (Busy Road),300.0,2.0
11,13,Mid, E,504,Middle_Unit,7950000,15774,22/9/2020,South East,1. Premium Plus (Full River/Park),550.0,9.0
11,11,Mid, F,484,Middle_Unit,7800000,16116,21/9/2020,South East,1. Premium Plus (Full River/Park),550.0,9.0
1,25,Mid, G,327,Small_Unit,5730000,17523,18/9/2020,North East,2. Premium (Full River - West/Sun),650.0,8.5
9,12,Mid, F,451,Middle_Unit,6450000,14302,18/9/2020,South East,6. Normal (Good Direction - S/E),600.0,6.0
49,10,Low, H,304,Small_Unit,5230000,17204,17/9/2020,North East,6. Normal (Good Direction - S/E),220.0,6.0
49,13,Mid, E,284,Small_Unit,5100000,17958,17/9/2020,South East,6. Normal (Good Direction - S/E),220.0,6.0
30,22,Mid, D,327,Small_Unit,5650000,17278,17/9/2020,West,10. Poor Street (Busy Road),420.0,2.0
52,28,High, G,304,Small_Unit,5450000,17928,17/9/2020,North East,6. Normal (Good Direction - S/E),280.0,6.0
20,9,Low, G,327,Small_Unit,5550000,16972,17/9/2020,North East,6. Normal (Good Direction - S/E),520.0,6.0
42,7,Low, G,304,Small_Unit,5300000,17434,17/9/2020,North,9. Poor Close (Wall View),200.0,3.0
37,11,Mid, E,284,Small_Unit,5100000,17958,17/9/2020,West,9. Poor Close (Wall View),150.0,3.0
40,14,Mid, B,284,Small_Unit,5330000,18768,17/9/2020,East,9. Poor Close (Wall View),200.0,3.0
38,4,Low, F,284,Small_Unit,5030000,17711,16/9/2020,West,9. Poor Close (Wall View),150.0,3.0
45,31,High, H,304,Small_Unit,5650000,18586,15/9/2020,North,9. Poor Close (Wall View),150.0,3.0
23,17,Mid, H,327,Small_Unit,5700000,17431,15/9/2020,North East,6. Normal (Good Direction - S/E),350.0,6.0
52,24,Mid, E,284,Small_Unit,5300000,18662,15/9/2020,South East,6. Normal (Good Direction - S/E),280.0,6.0
15,15,Mid, C,853,Large_Unit,12400000,14537,14/9/2020,South West,3. Premium Partial (Slivers of Water/Park),650.0,8.0
39,5,Low, C,304,Small_Unit,5140000,16908,14/9/2020,South,9. Poor Close (Wall View),180.0,3.0
37,15,Mid, C,304,Small_Unit,5490000,18059,14/9/2020,South,9. Poor Close (Wall View),150.0,3.0
48,4,Low, E,284,Small_Unit,5000000,17606,11/9/2020,East,10. Poor Street (Busy Road),200.0,2.0
2,24,Mid, G,327,Small_Unit,5930000,18135,11/9/2020,North East,2. Premium (Full River - West/Sun),680.0,8.5
22,22,Mid, C,484,Middle_Unit,7300000,15083,11/9/2020,South West,6. Normal (Good Direction - S/E),480.0,6.0
16,6,Low, F,451,Middle_Unit,7000000,15521,11/9/2020,South East,6. Normal (Good Direction - S/E),500.0,6.0
47,12,Mid, A,284,Small_Unit,5350000,18838,10/9/2020,West,9. Poor Close (Wall View),180.0,3.0
9,4,Low, H,327,Small_Unit,5370000,16422,10/9/2020,North East,6. Normal (Good Direction - S/E),600.0,6.0
50,26,High, H,304,Small_Unit,5428000,17855,8/9/2020,North East,6. Normal (Good Direction - S/E),250.0,6.0
29,5,Low, F,451,Middle_Unit,7250000,16075,8/9/2020,North,10. Poor Street (Busy Road),450.0,2.0
35,9,Low, B,707,Large_Unit,9990000,14130,8/9/2020,North,5. Good Internal (Pool/Garden/Mall),320.0,6.5
48,25,Mid, A,284,Small_Unit,5100000,17958,8/9/2020,West,9. Poor Close (Wall View),200.0,3.0
6,19,Mid, C,853,Large_Unit,11900000,13951,7/9/2020,South West,11. Poor Highway (Tai Chung Kiu Noise Penalty),720.0,1.0
42,8,Low, D,304,Small_Unit,5400000,17763,7/9/2020,South,6. Normal (Good Direction - S/E),200.0,6.0
15,4,Low, B,819,Large_Unit,11718000,14308,4/9/2020,North West,1. Premium Plus (Full River/Park),650.0,9.0
19,27,High, H,327,Small_Unit,5300000,16208,3/9/2020,North East,6. Normal (Good Direction - S/E),550.0,6.0
9,12,Mid, G,327,Small_Unit,5040000,15413,3/9/2020,North East,6. Normal (Good Direction - S/E),600.0,6.0
37,14,Mid, B,284,Small_Unit,5330000,18768,3/9/2020,East,6. Normal (Good Direction - S/E),150.0,6.0
13,12,Mid, A,819,Large_Unit,11350000,13858,1/9/2020,North West,1. Premium Plus (Full River/Park),700.0,9.0
2,4,Low, C,327,Small_Unit,5500000,16820,31/8/2020,South West,2. Premium (Full River - West/Sun),680.0,8.5
40,23,Mid, C,304,Small_Unit,5228000,17197,26/8/2020,South,9. Poor Close (Wall View),200.0,3.0
24,7,Low, D,326,Small_Unit,5400000,16564,26/8/2020,West,10. Poor Street (Busy Road),380.0,2.0
36,33,High, B,478,Middle_Unit,8080000,16904,26/8/2020,North,4. Good Open (High Floor City),300.0,7.0
50,6,Low, F,284,Small_Unit,5180000,18239,24/8/2020,South East,6. Normal (Good Direction - S/E),250.0,6.0
19,15,Mid, G,327,Small_Unit,5848800,17886,21/8/2020,North East,6. Normal (Good Direction - S/E),550.0,6.0
20,27,High, A,451,Middle_Unit,7800000,17295,21/8/2020,North West,8. Normal (Poor Direction - N/W),520.0,4.5
19,10,Low, C,327,Small_Unit,5550000,16972,20/8/2020,South West,6. Normal (Good Direction - S/E),550.0,6.0
11,4,Low, E,504,Middle_Unit,7100000,14087,20/8/2020,South East,1. Premium Plus (Full River/Park),550.0,9.0
18,11,Mid, F,484,Middle_Unit,7400000,15289,18/8/2020,South East,6. Normal (Good Direction - S/E),550.0,6.0
20,8,Low, C,327,Small_Unit,5680000,17370,18/8/2020,South West,6. Normal (Good Direction - S/E),520.0,6.0
30,27,High, D,327,Small_Unit,5960000,18226,17/8/2020,West,10. Poor Street (Busy Road),420.0,2.0
36,7,Low, G,307,Small_Unit,5390000,17557,14/8/2020,West,10. Poor Street (Busy Road),300.0,2.0
6,18,Mid, B,819,Large_Unit,12200000,14896,13/8/2020,North West,2. Premium (Full River - West/Sun),720.0,8.5
40,32,High, G,304,Small_Unit,6260000,20592,13/8/2020,North,10. Poor Street (Busy Road),200.0,2.0
1,20,Mid, E,451,Middle_Unit,7780000,17251,12/8/2020,South East,6. Normal (Good Direction - S/E),650.0,6.0
23,8,Low, G,327,Small_Unit,5550000,16972,11/8/2020,North East,6. Normal (Good Direction - S/E),350.0,6.0
1,15,Mid, H,327,Small_Unit,5680000,17370,10/8/2020,North East,2. Premium (Full River - West/Sun),650.0,8.5
10,30,High, E,451,Middle_Unit,8000000,17738,10/8/2020,South East,1. Premium Plus (Full River/Park),580.0,9.0
16,26,High, D,327,Small_Unit,5860000,17920,10/8/2020,South West,6. Normal (Good Direction - S/E),500.0,6.0
13,7,Low, B,819,Large_Unit,11500000,14042,7/8/2020,North West,1. Premium Plus (Full River/Park),700.0,9.0
28,10,Low, A,688,Large_Unit,9680000,14070,7/8/2020,East,6. Normal (Good Direction - S/E),480.0,6.0
40,32,High, D,304,Small_Unit,5700000,18750,6/8/2020,South,9. Poor Close (Wall View),200.0,3.0
5,21,Mid, A,819,Large_Unit,12720000,15531,6/8/2020,North West,2. Premium (Full River - West/Sun),750.0,8.5
24,16,Mid, D,326,Small_Unit,5580000,17117,5/8/2020,West,10. Poor Street (Busy Road),380.0,2.0
3,18,Mid, B,451,Middle_Unit,7300000,16186,5/8/2020,North West,2. Premium (Full River - West/Sun),700.0,8.5
17,4,Low, B,451,Middle_Unit,6800000,15078,4/8/2020,North West,8. Normal (Poor Direction - N/W),520.0,4.5
45,29,High, F,284,Small_Unit,4900000,17254,4/8/2020,East,10. Poor Street (Busy Road),150.0,2.0
37,7,Low, A,284,Small_Unit,5300000,18662,4/8/2020,East,6. Normal (Good Direction - S/E),150.0,6.0
1,21,Mid, F,451,Middle_Unit,7550000,16741,4/8/2020,South East,6. Normal (Good Direction - S/E),650.0,6.0
45,21,Mid, D,304,Small_Unit,5300000,17434,3/8/2020,South,6. Normal (Good Direction - S/E),150.0,6.0
29,23,Mid, F,451,Middle_Unit,7100000,15743,3/8/2020,North,10. Poor Street (Busy Road),450.0,2.0
45,17,Mid, A,284,Small_Unit,5230000,18415,3/8/2020,West,9. Poor Close (Wall View),150.0,3.0
39,30,High, A,284,Small_Unit,5750000,20246,31/7/2020,East,9. Poor Close (Wall View),180.0,3.0
50,3,Low, D,304,Small_Unit,5030000,16546,30/7/2020,South West,6. Normal (Good Direction - S/E),250.0,6.0
41,26,High, G,304,Small_Unit,5790000,19046,30/7/2020,North,10. Poor Street (Busy Road),220.0,2.0
17,4,Low, A,451,Middle_Unit,6350000,14080,29/7/2020,North West,8. Normal (Poor Direction - N/W),520.0,4.5
30,14,Mid, G,327,Small_Unit,5780000,17676,29/7/2020,East,9. Poor Close (Wall View),420.0,3.0
17,4,Low, C,327,Small_Unit,5650000,17278,29/7/2020,South West,6. Normal (Good Direction - S/E),520.0,6.0
49,10,Low, E,284,Small_Unit,5000000,17606,28/7/2020,South East,6. Normal (Good Direction - S/E),220.0,6.0
42,25,Mid, H,304,Small_Unit,5780000,19013,27/7/2020,North,9. Poor Close (Wall View),200.0,3.0
40,18,Mid, G,304,Small_Unit,5680000,18684,23/7/2020,North,10. Poor Street (Busy Road),200.0,2.0
24,17,Mid, C,326,Small_Unit,5600000,17178,23/7/2020,West,10. Poor Street (Busy Road),380.0,2.0
27,22,Mid, A,688,Large_Unit,9980000,14506,22/7/2020,East,9. Poor Close (Wall View),450.0,3.0
18,1,Low, C,484,Middle_Unit,7200000,14876,21/7/2020,South West,6. Normal (Good Direction - S/E),550.0,6.0
23,20,Mid, A,451,Middle_Unit,7500000,16630,21/7/2020,North West,8. Normal (Poor Direction - N/W),350.0,4.5
3,24,Mid, G,327,Small_Unit,5980000,18287,20/7/2020,North East,2. Premium (Full River - West/Sun),700.0,8.5
49,18,Mid, D,304,Small_Unit,5780000,19013,20/7/2020,South West,6. Normal (Good Direction - S/E),220.0,6.0
9,5,Low, B,451,Middle_Unit,6988000,15494,17/7/2020,North West,8. Normal (Poor Direction - N/W),600.0,4.5
49,24,Mid, F,284,Small_Unit,5680000,20000,17/7/2020,South East,6. Normal (Good Direction - S/E),220.0,6.0
49,4,Low, H,304,Small_Unit,5330000,17533,16/7/2020,North East,6. Normal (Good Direction - S/E),220.0,6.0
8,3,Low, B,451,Middle_Unit,7050000,15632,15/7/2020,North West,8. Normal (Poor Direction - N/W),620.0,4.5
26,30,High, H,326,Small_Unit,6180000,18957,15/7/2020,East,10. Poor Street (Busy Road),420.0,2.0
51,27,High, D,304,Small_Unit,5700000,18750,14/7/2020,South West,6. Normal (Good Direction - S/E),280.0,6.0
29,17,Mid, D,327,Small_Unit,5680000,17370,13/7/2020,West,10. Poor Street (Busy Road),450.0,2.0
37,25,Mid, E,284,Small_Unit,5450000,19190,10/7/2020,West,9. Poor Close (Wall View),150.0,3.0
41,14,Mid, B,284,Small_Unit,5250000,18486,10/7/2020,West,10. Poor Street (Busy Road),220.0,2.0
11,1,Low, E,504,Middle_Unit,6630000,13155,9/7/2020,South East,1. Premium Plus (Full River/Park),550.0,9.0
43,26,High, F,284,Small_Unit,4680000,16479,9/7/2020,East,9. Poor Close (Wall View),220.0,3.0
1,19,Mid, A,451,Middle_Unit,7250000,16075,8/7/2020,North West,2. Premium (Full River - West/Sun),650.0,8.5
26,19,Mid, C,326,Small_Unit,5600000,17178,3/7/2020,West,9. Poor Close (Wall View),420.0,3.0
24,5,Low, D,326,Small_Unit,5638000,17294,2/7/2020,West,10. Poor Street (Busy Road),380.0,2.0
3,10,Low, D,327,Small_Unit,5680000,17370,30/6/2020,South West,2. Premium (Full River - West/Sun),700.0,8.5
46,25,Mid, A,284,Small_Unit,5480000,19296,30/6/2020,West,4. Good Open (High Floor City),180.0,7.0
37,3,Low, H,304,Small_Unit,5300000,17434,30/6/2020,North,5. Good Internal (Pool/Garden/Mall),150.0,6.5
42,26,High, H,304,Small_Unit,5650000,18586,30/6/2020,North,9. Poor Close (Wall View),200.0,3.0
51,14,Mid, A,284,Small_Unit,5400000,19014,29/6/2020,North West,8. Normal (Poor Direction - N/W),280.0,4.5
42,22,Mid, B,284,Small_Unit,5100000,17958,26/6/2020,West,9. Poor Close (Wall View),200.0,3.0
37,30,High, C,304,Small_Unit,5800000,19079,23/6/2020,South,9. Poor Close (Wall View),150.0,3.0
13,5,Low, C,853,Large_Unit,11000000,12896,23/6/2020,South West,3. Premium Partial (Slivers of Water/Park),700.0,8.0
2,3,Low, H,327,Small_Unit,5390000,16483,22/6/2020,North East,2. Premium (Full River - West/Sun),680.0,8.5
5,10,Low, C,853,Large_Unit,12200000,14302,22/6/2020,South West,2. Premium (Full River - West/Sun),750.0,8.5
1,2,Low, H,327,Small_Unit,5330000,16300,22/6/2020,North East,2. Premium (Full River - West/Sun),650.0,8.5
31,15,Mid, D,327,Small_Unit,5500000,16820,18/6/2020,West,9. Poor Close (Wall View),400.0,3.0
51,26,High, H,304,Small_Unit,5500000,18092,17/6/2020,North East,6. Normal (Good Direction - S/E),280.0,6.0
19,29,High, B,451,Middle_Unit,7850000,17406,17/6/2020,North West,8. Normal (Poor Direction - N/W),550.0,4.5
44,4,Low, E,284,Small_Unit,5400000,19014,17/6/2020,East,9. Poor Close (Wall View),150.0,3.0
36,32,High, G,307,Small_Unit,5830000,18990,16/6/2020,West,10. Poor Street (Busy Road),300.0,2.0
41,21,Mid, F,284,Small_Unit,5500000,19366,16/6/2020,East,9. Poor Close (Wall View),220.0,3.0
45,10,Low, D,304,Small_Unit,5000000,16447,15/6/2020,South,6. Normal (Good Direction - S/E),150.0,6.0
38,23,Mid, D,304,Small_Unit,5850000,19243,12/6/2020,South,9. Poor Close (Wall View),150.0,3.0
16,12,Mid, B,451,Middle_Unit,7300000,16186,12/6/2020,North West,8. Normal (Poor Direction - N/W),500.0,4.5
52,3,Low, D,304,Small_Unit,5100000,16776,11/6/2020,South West,6. Normal (Good Direction - S/E),280.0,6.0
31,3,Low, F,451,Middle_Unit,7530000,16696,11/6/2020,North,10. Poor Street (Busy Road),400.0,2.0
47,11,Mid, G,304,Small_Unit,5450000,17928,11/6/2020,North,10. Poor Street (Busy Road),180.0,2.0
7,27,High, C,484,Middle_Unit,8130000,16798,11/6/2020,South West,2. Premium (Full River - West/Sun),600.0,8.5
42,6,Low, B,284,Small_Unit,5310000,18697,8/6/2020,West,9. Poor Close (Wall View),200.0,3.0
47,7,Low, A,284,Small_Unit,5028000,17704,8/6/2020,West,9. Poor Close (Wall View),180.0,3.0
20,20,Mid, D,327,Small_Unit,5450000,16667,8/6/2020,South West,6. Normal (Good Direction - S/E),520.0,6.0
52,31,High, C,304,Small_Unit,5600000,18421,8/6/2020,South West,6. Normal (Good Direction - S/E),280.0,6.0
26,9,Low, H,326,Small_Unit,5600000,17178,8/6/2020,East,10. Poor Street (Busy Road),420.0,2.0
9,8,Low, G,327,Small_Unit,5538000,16936,5/6/2020,North East,6. Normal (Good Direction - S/E),600.0,6.0
19,30,High, B,451,Middle_Unit,7680000,17029,5/6/2020,North West,8. Normal (Poor Direction - N/W),550.0,4.5
43,5,Low, H,304,Small_Unit,5250000,17270,5/6/2020,North,9. Poor Close (Wall View),220.0,3.0
46,8,Low, C,304,Small_Unit,5380000,17697,4/6/2020,South,6. Normal (Good Direction - S/E),180.0,6.0
37,23,Mid, B,284,Small_Unit,5700000,20070,4/6/2020,East,6. Normal (Good Direction - S/E),150.0,6.0
48,16,Mid, B,284,Small_Unit,5580000,19648,4/6/2020,West,9. Poor Close (Wall View),200.0,3.0
11,32,High, B,515,Middle_Unit,8588000,16676,3/6/2020,North West,1. Premium Plus (Full River/Park),550.0,9.0
29,29,High, A,451,Middle_Unit,8050000,17849,3/6/2020,East,9. Poor Close (Wall View),450.0,3.0
8,23,Mid, H,327,Small_Unit,5670000,17339,3/6/2020,North East,6. Normal (Good Direction - S/E),620.0,6.0
16,11,Mid, D,327,Small_Unit,5700000,17431,3/6/2020,South West,6. Normal (Good Direction - S/E),500.0,6.0
51,9,Low, E,284,Small_Unit,5238000,18444,3/6/2020,South East,6. Normal (Good Direction - S/E),280.0,6.0
31,11,Mid, F,451,Middle_Unit,7280000,16142,3/6/2020,North,10. Poor Street (Busy Road),400.0,2.0
21,7,Low, C,327,Small_Unit,5500000,16820,2/6/2020,South West,6. Normal (Good Direction - S/E),500.0,6.0
17,15,Mid, H,327,Small_Unit,5820000,17798,2/6/2020,North East,6. Normal (Good Direction - S/E),520.0,6.0
44,4,Low, B,284,Small_Unit,5150000,18134,2/6/2020,West,9. Poor Close (Wall View),150.0,3.0
39,11,Mid, G,304,Small_Unit,5780000,19013,1/6/2020,North,10. Poor Street (Busy Road),180.0,2.0
12,22,Mid, F,484,Middle_Unit,7400000,15289,1/6/2020,South East,1. Premium Plus (Full River/Park),580.0,9.0
3,16,Mid, H,327,Small_Unit,5000000,15291,1/6/2020,North East,2. Premium (Full River - West/Sun),700.0,8.5
26,9,Low, E,447,Middle_Unit,7350000,16443,29/5/2020,South,10. Poor Street (Busy Road),420.0,2.0
21,14,Mid, E,451,Middle_Unit,7380000,16364,29/5/2020,South East,6. Normal (Good Direction - S/E),500.0,6.0
7,3,Low, B,515,Middle_Unit,7698000,14948,29/5/2020,North West,2. Premium (Full River - West/Sun),600.0,8.5
30,4,Low, G,327,Small_Unit,5650000,17278,28/5/2020,East,9. Poor Close (Wall View),420.0,3.0
1,16,Mid, A,451,Middle_Unit,7480000,16585,28/5/2020,North West,2. Premium (Full River - West/Sun),650.0,8.5
42,4,Low, C,304,Small_Unit,5000000,16447,28/5/2020,South,6. Normal (Good Direction - S/E),200.0,6.0
52,9,Low, H,304,Small_Unit,5100000,16776,28/5/2020,North East,6. Normal (Good Direction - S/E),280.0,6.0
48,26,High, G,304,Small_Unit,5560000,18289,28/5/2020,North,10. Poor Street (Busy Road),200.0,2.0
39,17,Mid, A,284,Small_Unit,5500000,19366,28/5/2020,East,9. Poor Close (Wall View),180.0,3.0
48,10,Low, C,304,Small_Unit,5680000,18684,27/5/2020,South,6. Normal (Good Direction - S/E),200.0,6.0
51,6,Low, H,304,Small_Unit,5338000,17559,27/5/2020,North East,6. Normal (Good Direction - S/E),280.0,6.0
26,12,Mid, D,326,Small_Unit,6030000,18497,26/5/2020,West,9. Poor Close (Wall View),420.0,3.0
36,18,Mid, D,307,Small_Unit,5580000,18176,26/5/2020,East,6. Normal (Good Direction - S/E),300.0,6.0
31,3,Low, A,451,Middle_Unit,7150000,15854,26/5/2020,South,5. Good Internal (Pool/Garden/Mall),400.0,6.5
34,33,High, A,707,Large_Unit,9990000,14130,25/5/2020,South,4. Good Open (High Floor City),300.0,7.0
41,28,High, E,284,Small_Unit,5700000,20070,25/5/2020,East,9. Poor Close (Wall View),220.0,3.0
13,1,Low, A,819,Large_Unit,10000000,12210,25/5/2020,North West,1. Premium Plus (Full River/Park),700.0,9.0
16,9,Low, B,451,Middle_Unit,7220000,16009,22/5/2020,North West,8. Normal (Poor Direction - N/W),500.0,4.5
46,32,High, H,304,Small_Unit,5800000,19079,22/5/2020,North,10. Poor Street (Busy Road),180.0,2.0
3,4,Low, G,327,Small_Unit,5650000,17278,21/5/2020,North East,2. Premium (Full River - West/Sun),700.0,8.5
19,1,Low, C,327,Small_Unit,5000000,15291,21/5/2020,South West,6. Normal (Good Direction - S/E),550.0,6.0
17,17,Mid, E,451,Middle_Unit,7200000,15965,21/5/2020,South East,6. Normal (Good Direction - S/E),520.0,6.0
31,30,High, H,327,Small_Unit,6150000,18807,21/5/2020,East,9. Poor Close (Wall View),400.0,3.0
36,9,Low, H,307,Small_Unit,5200000,16938,20/5/2020,West,10. Poor Street (Busy Road),300.0,2.0
36,4,Low, C,307,Small_Unit,5260000,17134,19/5/2020,East,6. Normal (Good Direction - S/E),300.0,6.0
48,10,Low, A,284,Small_Unit,5080000,17887,19/5/2020,West,9. Poor Close (Wall View),200.0,3.0
37,3,Low, E,284,Small_Unit,4990000,17570,18/5/2020,West,9. Poor Close (Wall View),150.0,3.0
49,25,Mid, F,284,Small_Unit,5650000,19894,18/5/2020,South East,6. Normal (Good Direction - S/E),220.0,6.0
37,5,Low, E,284,Small_Unit,5250000,18486,18/5/2020,West,9. Poor Close (Wall View),150.0,3.0
21,26,High, B,451,Middle_Unit,7560000,16763,18/5/2020,North West,8. Normal (Poor Direction - N/W),500.0,4.5
9,14,Mid, F,451,Middle_Unit,7338000,16271,18/5/2020,South East,6. Normal (Good Direction - S/E),600.0,6.0
1,9,Low, C,327,Small_Unit,5680000,17370,15/5/2020,South West,2. Premium (Full River - West/Sun),650.0,8.5
12,24,Mid, A,515,Middle_Unit,8500000,16505,15/5/2020,North West,1. Premium Plus (Full River/Park),580.0,9.0
29,5,Low, E,451,Middle_Unit,7080000,15698,15/5/2020,North,10. Poor Street (Busy Road),450.0,2.0
38,19,Mid, F,284,Small_Unit,5380000,18944,15/5/2020,West,9. Poor Close (Wall View),150.0,3.0
42,13,Mid, B,284,Small_Unit,5310000,18697,14/5/2020,West,9. Poor Close (Wall View),200.0,3.0
32,24,Mid, G,327,Small_Unit,5850000,17890,14/5/2020,East,10. Poor Street (Busy Road),380.0,2.0
2,10,Low, C,327,Small_Unit,5000000,15291,13/5/2020,South West,2. Premium (Full River - West/Sun),680.0,8.5
47,28,High, D,304,Small_Unit,5480000,18026,13/5/2020,South,6. Normal (Good Direction - S/E),180.0,6.0
26,27,High, G,326,Small_Unit,5890000,18067,13/5/2020,East,10. Poor Street (Busy Road),420.0,2.0
51,16,Mid, C,304,Small_Unit,5500000,18092,13/5/2020,South West,6. Normal (Good Direction - S/E),280.0,6.0
48,15,Mid, H,304,Small_Unit,5638000,18546,12/5/2020,North,10. Poor Street (Busy Road),200.0,2.0
39,13,Mid, B,284,Small_Unit,5380009,18944,12/5/2020,East,9. Poor Close (Wall View),180.0,3.0
51,6,Low, D,304,Small_Unit,5270000,17336,12/5/2020,South West,6. Normal (Good Direction - S/E),280.0,6.0
45,28,High, E,284,Small_Unit,5350000,18838,12/5/2020,East,10. Poor Street (Busy Road),150.0,2.0
43,27,High, C,304,Small_Unit,5670000,18651,12/5/2020,South,6. Normal (Good Direction - S/E),220.0,6.0
32,18,Mid, B,451,Middle_Unit,7250000,16075,12/5/2020,South,5. Good Internal (Pool/Garden/Mall),380.0,6.5
10,9,Low, C,327,Small_Unit,5300000,16208,11/5/2020,South West,3. Premium Partial (Slivers of Water/Park),580.0,8.0
39,12,Mid, C,304,Small_Unit,5480000,18026,11/5/2020,South,9. Poor Close (Wall View),180.0,3.0
43,3,Low, D,304,Small_Unit,5230000,17204,8/5/2020,South,6. Normal (Good Direction - S/E),220.0,6.0
49,14,Mid, F,284,Small_Unit,5020000,17676,8/5/2020,South East,6. Normal (Good Direction - S/E),220.0,6.0
48,4,Low, H,304,Small_Unit,5030000,16546,8/5/2020,North,10. Poor Street (Busy Road),200.0,2.0
45,29,High, A,284,Small_Unit,5300000,18662,7/5/2020,West,9. Poor Close (Wall View),150.0,3.0
20,15,Mid, H,327,Small_Unit,5640000,17248,7/5/2020,North East,6. Normal (Good Direction - S/E),520.0,6.0
10,5,Low, G,327,Small_Unit,5350000,16361,6/5/2020,North East,1. Premium Plus (Full River/Park),580.0,9.0
37,11,Mid, H,304,Small_Unit,5380000,17697,6/5/2020,North,5. Good Internal (Pool/Garden/Mall),150.0,6.5
38,12,Mid, G,304,Small_Unit,5450000,17928,6/5/2020,North,10. Poor Street (Busy Road),150.0,2.0
27,20,Mid, D,688,Large_Unit,9888000,14372,4/5/2020,West,10. Poor Street (Busy Road),450.0,2.0
9,29,High, D,327,Small_Unit,6000000,18349,4/5/2020,South West,6. Normal (Good Direction - S/E),600.0,6.0
41,27,High, E,284,Small_Unit,5505000,19384,29/4/2020,East,9. Poor Close (Wall View),220.0,3.0
52,7,Low, G,304,Small_Unit,5220000,17171,29/4/2020,North East,6. Normal (Good Direction - S/E),280.0,6.0
10,21,Mid, F,451,Middle_Unit,7300000,16186,28/4/2020,South East,1. Premium Plus (Full River/Park),580.0,9.0
7,29,High, F,484,Middle_Unit,8000000,16529,28/4/2020,South East,6. Normal (Good Direction - S/E),600.0,6.0
38,14,Mid, D,304,Small_Unit,5300000,17434,28/4/2020,South,9. Poor Close (Wall View),150.0,3.0
51,27,High, B,284,Small_Unit,5400000,19014,27/4/2020,North West,8. Normal (Poor Direction - N/W),280.0,4.5
40,20,Mid, C,304,Small_Unit,5480000,18026,24/4/2020,South,9. Poor Close (Wall View),200.0,3.0
44,32,High, F,284,Small_Unit,5400000,19014,24/4/2020,East,9. Poor Close (Wall View),150.0,3.0
30,23,Mid, F,451,Middle_Unit,7680000,17029,23/4/2020,North,9. Poor Close (Wall View),420.0,3.0
45,11,Mid, F,284,Small_Unit,5250000,18486,23/4/2020,East,10. Poor Street (Busy Road),150.0,2.0
31,20,Mid, F,451,Middle_Unit,7000000,15521,22/4/2020,North,10. Poor Street (Busy Road),400.0,2.0
48,32,High, F,284,Small_Unit,5260000,18521,22/4/2020,East,10. Poor Street (Busy Road),200.0,2.0
2,19,Mid, D,327,Small_Unit,5900000,18043,22/4/2020,South West,2. Premium (Full River - West/Sun),680.0,8.5
9,24,Mid, A,451,Middle_Unit,7280000,16142,21/4/2020,North West,8. Normal (Poor Direction - N/W),600.0,4.5
3,12,Mid, C,327,Small_Unit,5700000,17431,20/4/2020,South West,2. Premium (Full River - West/Sun),700.0,8.5
30,15,Mid, B,451,Middle_Unit,7280000,16142,20/4/2020,South,5. Good Internal (Pool/Garden/Mall),420.0,6.5
9,23,Mid, B,451,Middle_Unit,5950000,13193,20/4/2020,North West,8. Normal (Poor Direction - N/W),600.0,4.5
39,17,Mid, B,284,Small_Unit,5350000,18838,17/4/2020,East,9. Poor Close (Wall View),180.0,3.0
2,16,Mid, F,451,Middle_Unit,7500000,16630,17/4/2020,South East,3. Premium Partial (Slivers of Water/Park),680.0,6.0
20,7,Low, G,327,Small_Unit,5500000,16820,17/4/2020,North East,6. Normal (Good Direction - S/E),520.0,6.0
38,22,Mid, G,304,Small_Unit,5450000,17928,16/4/2020,North,10. Poor Street (Busy Road),150.0,2.0
48,28,High, C,304,Small_Unit,4900000,16118,15/4/2020,South,6. Normal (Good Direction - S/E),200.0,6.0
40,16,Mid, D,304,Small_Unit,5330000,17533,15/4/2020,South,9. Poor Close (Wall View),200.0,3.0
8,24,Mid, H,327,Small_Unit,5650000,17278,14/4/2020,North East,6. Normal (Good Direction - S/E),620.0,6.0
43,4,Low, D,304,Small_Unit,5150000,16941,14/4/2020,South,6. Normal (Good Direction - S/E),220.0,6.0
50,24,Mid, E,284,Small_Unit,5400000,19014,14/4/2020,South East,6. Normal (Good Direction - S/E),250.0,6.0
50,27,High, G,304,Small_Unit,5300000,17434,9/4/2020,North East,6. Normal (Good Direction - S/E),250.0,6.0
51,5,Low, B,284,Small_Unit,4880000,17183,8/4/2020,North West,8. Normal (Poor Direction - N/W),280.0,4.5
30,13,Mid, A,451,Middle_Unit,6840000,15166,6/4/2020,South,5. Good Internal (Pool/Garden/Mall),420.0,6.5
15,3,Low, D,853,Large_Unit,10380000,12169,6/4/2020,South West,3. Premium Partial (Slivers of Water/Park),650.0,8.0
51,10,Low, A,284,Small_Unit,5500000,19366,6/4/2020,North West,8. Normal (Poor Direction - N/W),280.0,4.5
32,2,Low, D,327,Small_Unit,5150000,15749,6/4/2020,West,9. Poor Close (Wall View),380.0,3.0
42,21,Mid, D,304,Small_Unit,5380000,17697,3/4/2020,South,6. Normal (Good Direction - S/E),200.0,6.0
49,32,High, B,284,Small_Unit,5350000,18838,2/4/2020,North West,4. Good Open (High Floor City),220.0,7.0
25,7,Low, D,688,Large_Unit,9650000,14026,2/4/2020,West,9. Poor Close (Wall View),400.0,3.0
43,11,Mid, B,284,Small_Unit,5060000,17817,2/4/2020,West,9. Poor Close (Wall View),220.0,3.0
46,30,High, C,304,Small_Unit,5430000,17862,1/4/2020,South,6. Normal (Good Direction - S/E),180.0,6.0
47,22,Mid, A,284,Small_Unit,5500000,19366,30/3/2020,West,9. Poor Close (Wall View),180.0,3.0
48,12,Mid, C,304,Small_Unit,5000000,16447,27/3/2020,South,6. Normal (Good Direction - S/E),200.0,6.0
47,5,Low, F,284,Small_Unit,5080000,17887,27/3/2020,East,9. Poor Close (Wall View),180.0,3.0
46,32,High, B,284,Small_Unit,5530000,19472,26/3/2020,West,10. Poor Street (Busy Road),180.0,2.0
47,16,Mid, G,304,Small_Unit,5400000,17763,26/3/2020,North,10. Poor Street (Busy Road),180.0,2.0
23,12,Mid, E,451,Middle_Unit,7280000,16142,25/3/2020,South East,6. Normal (Good Direction - S/E),350.0,6.0
29,29,High, H,327,Small_Unit,5750000,17584,24/3/2020,South,9. Poor Close (Wall View),450.0,3.0
44,7,Low, E,284,Small_Unit,5100000,17958,24/3/2020,East,9. Poor Close (Wall View),150.0,3.0
41,3,Low, C,304,Small_Unit,4950000,16283,24/3/2020,South,6. Normal (Good Direction - S/E),220.0,6.0
39,22,Mid, F,284,Small_Unit,5280000,18592,24/3/2020,West,9. Poor Close (Wall View),180.0,3.0
43,3,Low, E,284,Small_Unit,4930000,17359,20/3/2020,East,9. Poor Close (Wall View),220.0,3.0
39,30,High, H,304,Small_Unit,5800000,19079,20/3/2020,North,10. Poor Street (Busy Road),180.0,2.0
41,32,High, C,304,Small_Unit,5450000,17928,20/3/2020,South,6. Normal (Good Direction - S/E),220.0,6.0
41,19,Mid, H,304,Small_Unit,5350000,17599,20/3/2020,North,10. Poor Street (Busy Road),220.0,2.0
39,15,Mid, F,284,Small_Unit,5100000,17958,20/3/2020,West,9. Poor Close (Wall View),180.0,3.0
43,16,Mid, F,284,Small_Unit,5260000,18521,19/3/2020,East,9. Poor Close (Wall View),220.0,3.0
41,17,Mid, F,284,Small_Unit,5000000,17606,19/3/2020,East,9. Poor Close (Wall View),220.0,3.0
16,6,Low, H,327,Small_Unit,5650000,17278,19/3/2020,North East,6. Normal (Good Direction - S/E),500.0,6.0
46,3,Low, A,284,Small_Unit,4850000,17077,19/3/2020,West,4. Good Open (High Floor City),180.0,7.0
43,19,Mid, B,284,Small_Unit,5368000,18901,19/3/2020,West,9. Poor Close (Wall View),220.0,3.0
31,16,Mid, G,327,Small_Unit,5670000,17339,18/3/2020,East,9. Poor Close (Wall View),400.0,3.0
37,10,Low, G,304,Small_Unit,5590000,18388,18/3/2020,North,5. Good Internal (Pool/Garden/Mall),150.0,6.5
1,2,Low, D,327,Small_Unit,5280000,16147,18/3/2020,South West,2. Premium (Full River - West/Sun),650.0,8.5
31,11,Mid, C,327,Small_Unit,5500000,16820,13/3/2020,West,9. Poor Close (Wall View),400.0,3.0
50,23,Mid, E,284,Small_Unit,5320000,18732,13/3/2020,South East,6. Normal (Good Direction - S/E),250.0,6.0
50,8,Low, G,304,Small_Unit,5250000,17270,12/3/2020,North East,6. Normal (Good Direction - S/E),250.0,6.0
40,26,High, E,284,Small_Unit,5300000,18662,12/3/2020,West,10. Poor Street (Busy Road),200.0,2.0
26,17,Mid, G,326,Small_Unit,5600000,17178,12/3/2020,East,10. Poor Street (Busy Road),420.0,2.0
43,25,Mid, G,304,Small_Unit,5068000,16671,11/3/2020,North,9. Poor Close (Wall View),220.0,3.0
36,13,Mid, H,307,Small_Unit,5180000,16873,9/3/2020,West,10. Poor Street (Busy Road),300.0,2.0
21,7,Low, F,451,Middle_Unit,7080000,15698,9/3/2020,South East,6. Normal (Good Direction - S/E),500.0,6.0
38,21,Mid, D,304,Small_Unit,5120000,16842,9/3/2020,South,9. Poor Close (Wall View),150.0,3.0
44,9,Low, G,304,Small_Unit,4950000,16283,6/3/2020,North,9. Poor Close (Wall View),150.0,3.0
11,15,Mid, F,484,Middle_Unit,7500000,15496,5/3/2020,South East,1. Premium Plus (Full River/Park),550.0,9.0
10,29,High, A,451,Middle_Unit,7000000,15521,5/3/2020,North West,1. Premium Plus (Full River/Park),580.0,9.0
19,21,Mid, H,327,Small_Unit,5310000,16239,5/3/2020,North East,6. Normal (Good Direction - S/E),550.0,6.0
43,5,Low, B,284,Small_Unit,5050000,17782,4/3/2020,West,9. Poor Close (Wall View),220.0,3.0
45,22,Mid, F,284,Small_Unit,5050000,17782,3/3/2020,East,10. Poor Street (Busy Road),150.0,2.0
32,20,Mid, B,451,Middle_Unit,7900000,17517,26/2/2020,South,5. Good Internal (Pool/Garden/Mall),380.0,6.5
37,23,Mid, H,304,Small_Unit,5200000,17105,26/2/2020,North,5. Good Internal (Pool/Garden/Mall),150.0,6.5
7,7,Low, D,504,Middle_Unit,8000000,15873,25/2/2020,South West,2. Premium (Full River - West/Sun),600.0,8.5
32,17,Mid, H,327,Small_Unit,5690000,17401,25/2/2020,East,10. Poor Street (Busy Road),380.0,2.0
52,26,High, C,304,Small_Unit,5600000,18421,25/2/2020,South West,6. Normal (Good Direction - S/E),280.0,6.0
7,26,High, F,484,Middle_Unit,7738000,15988,24/2/2020,South East,6. Normal (Good Direction - S/E),600.0,6.0
45,30,High, B,284,Small_Unit,5350000,18838,21/2/2020,West,9. Poor Close (Wall View),150.0,3.0
21,29,High, A,451,Middle_Unit,7538000,16714,21/2/2020,North West,8. Normal (Poor Direction - N/W),500.0,4.5
38,23,Mid, E,284,Small_Unit,5350000,18838,21/2/2020,West,9. Poor Close (Wall View),150.0,3.0
38,10,Low, F,284,Small_Unit,5250000,18486,19/2/2020,West,9. Poor Close (Wall View),150.0,3.0
16,2,Low, G,327,Small_Unit,5200000,15902,18/2/2020,North East,6. Normal (Good Direction - S/E),500.0,6.0
48,29,High, B,284,Small_Unit,5350000,18838,18/2/2020,West,9. Poor Close (Wall View),200.0,3.0
37,12,Mid, E,284,Small_Unit,5260000,18521,17/2/2020,West,9. Poor Close (Wall View),150.0,3.0
30,28,High, H,327,Small_Unit,5910000,18073,13/2/2020,East,9. Poor Close (Wall View),420.0,3.0
16,9,Low, C,327,Small_Unit,5510000,16850,12/2/2020,South West,6. Normal (Good Direction - S/E),500.0,6.0
4,25,Mid, B,819,Large_Unit,10880000,13284,11/2/2020,North West,2. Premium (Full River - West/Sun),720.0,8.5
51,13,Mid, F,284,Small_Unit,5150000,18134,11/2/2020,South East,6. Normal (Good Direction - S/E),280.0,6.0
41,4,Low, E,284,Small_Unit,4990000,17570,11/2/2020,East,9. Poor Close (Wall View),220.0,3.0
40,7,Low, G,304,Small_Unit,5550000,18257,10/2/2020,North,10. Poor Street (Busy Road),200.0,2.0
49,28,High, E,284,Small_Unit,5300000,18662,10/2/2020,South East,6. Normal (Good Direction - S/E),220.0,6.0
4,14,Mid, B,819,Large_Unit,10500000,12821,7/2/2020,North West,2. Premium (Full River - West/Sun),720.0,8.5
9,10,Low, B,451,Middle_Unit,7600000,16851,6/2/2020,North West,8. Normal (Poor Direction - N/W),600.0,4.5
36,22,Mid, A,478,Middle_Unit,7500000,15690,5/2/2020,North,9. Poor Close (Wall View),300.0,3.0
40,12,Mid, A,284,Small_Unit,5160000,18169,5/2/2020,East,9. Poor Close (Wall View),200.0,3.0
16,17,Mid, G,327,Small_Unit,5850000,17890,5/2/2020,North East,6. Normal (Good Direction - S/E),500.0,6.0
50,19,Mid, C,304,Small_Unit,5300000,17434,5/2/2020,South West,6. Normal (Good Direction - S/E),250.0,6.0
50,15,Mid, E,284,Small_Unit,5040000,17746,3/2/2020,South East,6. Normal (Good Direction - S/E),250.0,6.0
40,13,Mid, D,304,Small_Unit,5238000,17230,3/2/2020,South,9. Poor Close (Wall View),200.0,3.0
46,3,Low, D,304,Small_Unit,4950000,16283,3/2/2020,South,6. Normal (Good Direction - S/E),180.0,6.0
39,9,Low, G,304,Small_Unit,5350000,17599,23/1/2020,North,10. Poor Street (Busy Road),180.0,2.0
31,21,Mid, D,327,Small_Unit,5500000,16820,17/1/2020,West,9. Poor Close (Wall View),400.0,3.0
52,17,Mid, C,304,Small_Unit,5060000,16645,15/1/2020,South West,6. Normal (Good Direction - S/E),280.0,6.0
45,14,Mid, F,284,Small_Unit,5300000,18662,15/1/2020,East,10. Poor Street (Busy Road),150.0,2.0
32,29,High, C,327,Small_Unit,5850000,17890,15/1/2020,West,9. Poor Close (Wall View),380.0,3.0
32,2,Low, A,451,Middle_Unit,6430000,14257,15/1/2020,South,5. Good Internal (Pool/Garden/Mall),380.0,6.5
20,16,Mid, G,327,Small_Unit,5680000,17370,15/1/2020,North East,6. Normal (Good Direction - S/E),520.0,6.0
8,21,Mid, H,327,Small_Unit,5680000,17370,14/1/2020,North East,6. Normal (Good Direction - S/E),620.0,6.0
8,1,Low, B,451,Middle_Unit,6100000,13525,13/1/2020,North West,8. Normal (Poor Direction - N/W),620.0,4.5
16,28,High, F,451,Middle_Unit,6500000,14412,13/1/2020,South East,6. Normal (Good Direction - S/E),500.0,6.0
6,6,Low, D,853,Large_Unit,10150000,11899,10/1/2020,South West,11. Poor Highway (Tai Chung Kiu Noise Penalty),720.0,1.0
26,26,High, D,326,Small_Unit,5800000,17791,8/1/2020,West,9. Poor Close (Wall View),420.0,3.0
41,7,Low, E,284,Small_Unit,5028000,17704,7/1/2020,East,9. Poor Close (Wall View),220.0,3.0
46,3,Low, H,304,Small_Unit,5050000,16612,7/1/2020,North,10. Poor Street (Busy Road),180.0,2.0
46,17,Mid, C,304,Small_Unit,5450000,17928,6/1/2020,South,6. Normal (Good Direction - S/E),180.0,6.0
36,14,Mid, G,307,Small_Unit,5080000,16547,6/1/2020,West,10. Poor Street (Busy Road),300.0,2.0
7,4,Low, D,504,Middle_Unit,7306000,14496,3/1/2020,South West,2. Premium (Full River - West/Sun),600.0,8.5
39,4,Low, F,284,Small_Unit,5230000,18415,3/1/2020,West,9. Poor Close (Wall View),180.0,3.0
52,23,Mid, G,304,Small_Unit,5350000,17599,2/1/2020,North East,6. Normal (Good Direction - S/E),280.0,6.0
42,9,Low, E,284,Small_Unit,5150000,18134,2/1/2020,East,9. Poor Close (Wall View),200.0,3.0
45,18,Mid, A,284,Small_Unit,5380000,18944,31/12/2019,West,9. Poor Close (Wall View),150.0,3.0
39,4,Low, G,304,Small_Unit,5030000,16546,23/12/2019,North,10. Poor Street (Busy Road),180.0,2.0
1,16,Mid, G,327,Small_Unit,5900000,18043,19/12/2019,North East,2. Premium (Full River - West/Sun),650.0,8.5
43,23,Mid, F,284,Small_Unit,5300000,18662,18/12/2019,East,9. Poor Close (Wall View),220.0,3.0
23,18,Mid, H,327,Small_Unit,5466800,16718,17/12/2019,North East,6. Normal (Good Direction - S/E),350.0,6.0
32,15,Mid, B,451,Middle_Unit,7430000,16475,12/12/2019,South,5. Good Internal (Pool/Garden/Mall),380.0,6.5
39,12,Mid, A,284,Small_Unit,5465000,19243,11/12/2019,East,9. Poor Close (Wall View),180.0,3.0
3,7,Low, G,327,Small_Unit,5800000,17737,10/12/2019,North East,2. Premium (Full River - West/Sun),700.0,8.5
48,15,Mid, E,284,Small_Unit,5380000,18944,6/12/2019,East,10. Poor Street (Busy Road),200.0,2.0
40,13,Mid, C,304,Small_Unit,5400000,17763,6/12/2019,South,9. Poor Close (Wall View),200.0,3.0
24,11,Mid, D,326,Small_Unit,5400000,16564,6/12/2019,West,10. Poor Street (Busy Road),380.0,2.0
44,3,Low, B,284,Small_Unit,5250000,18486,6/12/2019,West,9. Poor Close (Wall View),150.0,3.0
9,22,Mid, H,327,Small_Unit,5930000,18135,6/12/2019,North East,6. Normal (Good Direction - S/E),600.0,6.0
19,13,Mid, C,327,Small_Unit,6000000,18349,6/12/2019,South West,6. Normal (Good Direction - S/E),550.0,6.0
43,5,Low, G,304,Small_Unit,4500000,14803,3/12/2019,North,9. Poor Close (Wall View),220.0,3.0
46,12,Mid, D,304,Small_Unit,5600000,18421,3/12/2019,South,6. Normal (Good Direction - S/E),180.0,6.0
38,17,Mid, D,304,Small_Unit,5550000,18257,2/12/2019,South,9. Poor Close (Wall View),150.0,3.0
21,15,Mid, G,327,Small_Unit,5660000,17309,2/12/2019,North East,6. Normal (Good Direction - S/E),500.0,6.0
9,29,High, B,451,Middle_Unit,7650000,16962,2/12/2019,North West,8. Normal (Poor Direction - N/W),600.0,4.5
38,10,Low, A,284,Small_Unit,5250000,18486,29/11/2019,East,9. Poor Close (Wall View),150.0,3.0
19,25,Mid, A,451,Middle_Unit,7880000,17472,29/11/2019,North West,8. Normal (Poor Direction - N/W),550.0,4.5
39,27,High, E,284,Small_Unit,5200000,18310,29/11/2019,West,9. Poor Close (Wall View),180.0,3.0
12,28,High, F,484,Middle_Unit,6600000,13636,28/11/2019,South East,1. Premium Plus (Full River/Park),580.0,9.0
49,17,Mid, E,284,Small_Unit,5500000,19366,27/11/2019,South East,6. Normal (Good Direction - S/E),220.0,6.0
24,4,Low, E,447,Middle_Unit,6900000,15436,27/11/2019,North,8. Normal (Poor Direction - N/W),380.0,4.5
49,9,Low, D,304,Small_Unit,5400000,17763,26/11/2019,South West,6. Normal (Good Direction - S/E),220.0,6.0
32,17,Mid, G,327,Small_Unit,5700000,17431,26/11/2019,East,10. Poor Street (Busy Road),380.0,2.0
46,11,Mid, D,304,Small_Unit,5500000,18092,22/11/2019,South,6. Normal (Good Direction - S/E),180.0,6.0
3,15,Mid, H,327,Small_Unit,5580000,17064,22/11/2019,North East,2. Premium (Full River - West/Sun),700.0,8.5
16,17,Mid, D,327,Small_Unit,6000000,18349,21/11/2019,South West,6. Normal (Good Direction - S/E),500.0,6.0
26,16,Mid, H,326,Small_Unit,5600000,17178,21/11/2019,East,10. Poor Street (Busy Road),420.0,2.0
51,26,High, D,304,Small_Unit,5700000,18750,21/11/2019,South West,6. Normal (Good Direction - S/E),280.0,6.0
7,15,Mid, D,504,Middle_Unit,8000000,15873,20/11/2019,South West,2. Premium (Full River - West/Sun),600.0,8.5
39,16,Mid, G,304,Small_Unit,5438000,17888,20/11/2019,North,10. Poor Street (Busy Road),180.0,2.0
45,3,Low, B,284,Small_Unit,4790000,16866,19/11/2019,West,9. Poor Close (Wall View),150.0,3.0
12,18,Mid, C,484,Middle_Unit,7980000,16488,19/11/2019,South West,3. Premium Partial (Slivers of Water/Park),580.0,6.0
46,27,High, C,304,Small_Unit,5350000,17599,19/11/2019,South,6. Normal (Good Direction - S/E),180.0,6.0
13,2,Low, C,853,Large_Unit,10000000,11723,15/11/2019,South West,3. Premium Partial (Slivers of Water/Park),700.0,8.0
35,15,Mid, D,707,Large_Unit,9800000,13861,15/11/2019,South,10. Poor Street (Busy Road),320.0,2.0
16,28,High, G,327,Small_Unit,6360000,19450,15/11/2019,North East,6. Normal (Good Direction - S/E),500.0,6.0
32,21,Mid, C,327,Small_Unit,5850000,17890,14/11/2019,West,9. Poor Close (Wall View),380.0,3.0
52,27,High, F,284,Small_Unit,5390000,18979,12/11/2019,South East,6. Normal (Good Direction - S/E),280.0,6.0
16,20,Mid, C,327,Small_Unit,5280000,16147,12/11/2019,South West,6. Normal (Good Direction - S/E),500.0,6.0
38,24,Mid, B,284,Small_Unit,5200000,18310,11/11/2019,East,9. Poor Close (Wall View),150.0,3.0
46,22,Mid, E,284,Small_Unit,5200000,18310,7/11/2019,East,9. Poor Close (Wall View),180.0,3.0
46,20,Mid, F,284,Small_Unit,5450000,19190,7/11/2019,East,9. Poor Close (Wall View),180.0,3.0
47,12,Mid, B,284,Small_Unit,4500000,15845,6/11/2019,West,9. Poor Close (Wall View),180.0,3.0
52,5,Low, E,284,Small_Unit,5250000,18486,5/11/2019,South East,6. Normal (Good Direction - S/E),280.0,6.0
52,19,Mid, D,304,Small_Unit,5000000,16447,1/11/2019,South West,6. Normal (Good Direction - S/E),280.0,6.0
43,9,Low, F,284,Small_Unit,5080000,17887,30/10/2019,East,9. Poor Close (Wall View),220.0,3.0
37,30,High, D,304,Small_Unit,5350000,17599,30/10/2019,South,9. Poor Close (Wall View),150.0,3.0
45,30,High, C,304,Small_Unit,5360000,17632,29/10/2019,South,6. Normal (Good Direction - S/E),150.0,6.0
43,32,High, D,304,Small_Unit,5800000,19079,29/10/2019,South,6. Normal (Good Direction - S/E),220.0,6.0
52,12,Mid, G,304,Small_Unit,5300000,17434,29/10/2019,North East,6. Normal (Good Direction - S/E),280.0,6.0
31,26,High, D,327,Small_Unit,5668000,17333,29/10/2019,West,9. Poor Close (Wall View),400.0,3.0
9,20,Mid, F,451,Middle_Unit,6750000,14967,29/10/2019,South East,6. Normal (Good Direction - S/E),600.0,6.0
9,29,High, H,327,Small_Unit,5760000,17615,28/10/2019,North East,6. Normal (Good Direction - S/E),600.0,6.0
38,28,High, F,284,Small_Unit,5340000,18803,25/10/2019,West,9. Poor Close (Wall View),150.0,3.0
41,5,Low, E,284,Small_Unit,5050000,17782,25/10/2019,East,9. Poor Close (Wall View),220.0,3.0
31,27,High, D,327,Small_Unit,5900000,18043,25/10/2019,West,9. Poor Close (Wall View),400.0,3.0
41,5,Low, D,304,Small_Unit,5100000,16776,23/10/2019,South,6. Normal (Good Direction - S/E),220.0,6.0
50,21,Mid, A,284,Small_Unit,5250000,18486,23/10/2019,North West,8. Normal (Poor Direction - N/W),250.0,4.5
40,11,Mid, G,304,Small_Unit,5380000,17697,23/10/2019,North,10. Poor Street (Busy Road),200.0,2.0
3,27,High, D,327,Small_Unit,5200000,15902,22/10/2019,South West,2. Premium (Full River - West/Sun),700.0,8.5
46,22,Mid, G,304,Small_Unit,5300000,17434,22/10/2019,North,10. Poor Street (Busy Road),180.0,2.0
33,1,Low, A,820,Large_Unit,9260000,11293,21/10/2019,East,6. Normal (Good Direction - S/E),350.0,6.0
21,8,Low, G,327,Small_Unit,5600000,17125,18/10/2019,North East,6. Normal (Good Direction - S/E),500.0,6.0
12,18,Mid, E,504,Middle_Unit,8400000,16667,17/10/2019,South East,1. Premium Plus (Full River/Park),580.0,9.0
52,22,Mid, G,304,Small_Unit,5390000,17730,16/10/2019,North East,6. Normal (Good Direction - S/E),280.0,6.0
29,22,Mid, C,327,Small_Unit,5300000,16208,16/10/2019,West,10. Poor Street (Busy Road),450.0,2.0
45,8,Low, F,284,Small_Unit,5180000,18239,16/10/2019,East,10. Poor Street (Busy Road),150.0,2.0
19,14,Mid, D,327,Small_Unit,5860000,17920,16/10/2019,South West,6. Normal (Good Direction - S/E),550.0,6.0
51,28,High, D,304,Small_Unit,5280000,17368,14/10/2019,South West,6. Normal (Good Direction - S/E),280.0,6.0
48,13,Mid, G,304,Small_Unit,5350000,17599,14/10/2019,North,10. Poor Street (Busy Road),200.0,2.0
41,14,Mid, A,284,Small_Unit,5100000,17958,11/10/2019,West,10. Poor Street (Busy Road),220.0,2.0
2,27,High, H,327,Small_Unit,6000000,18349,10/10/2019,North East,2. Premium (Full River - West/Sun),680.0,8.5
51,9,Low, A,284,Small_Unit,5090000,17923,10/10/2019,North West,8. Normal (Poor Direction - N/W),280.0,4.5
11,7,Low, C,484,Middle_Unit,6950000,14360,9/10/2019,South West,3. Premium Partial (Slivers of Water/Park),550.0,8.0
48,5,Low, F,284,Small_Unit,5000000,17606,8/10/2019,East,10. Poor Street (Busy Road),200.0,2.0
46,21,Mid, E,284,Small_Unit,5060000,17817,8/10/2019,East,9. Poor Close (Wall View),180.0,3.0
29,27,High, H,327,Small_Unit,5580000,17064,8/10/2019,South,9. Poor Close (Wall View),450.0,3.0
17,19,Mid, A,451,Middle_Unit,6000000,13304,8/10/2019,North West,8. Normal (Poor Direction - N/W),520.0,4.5
52,23,Mid, D,304,Small_Unit,5080000,16711,4/10/2019,South West,6. Normal (Good Direction - S/E),280.0,6.0
41,25,Mid, H,304,Small_Unit,5380000,17697,4/10/2019,North,10. Poor Street (Busy Road),220.0,2.0
12,9,Low, B,515,Middle_Unit,8000000,15534,4/10/2019,North West,1. Premium Plus (Full River/Park),580.0,9.0
44,4,Low, G,304,Small_Unit,5030000,16546,3/10/2019,North,9. Poor Close (Wall View),150.0,3.0
38,8,Low, C,304,Small_Unit,5150000,16941,2/10/2019,South,9. Poor Close (Wall View),150.0,3.0
43,13,Mid, D,304,Small_Unit,5000000,16447,2/10/2019,South,6. Normal (Good Direction - S/E),220.0,6.0
52,11,Mid, F,284,Small_Unit,5280000,18592,30/9/2019,South East,6. Normal (Good Direction - S/E),280.0,6.0
39,28,High, F,284,Small_Unit,5980000,21056,27/9/2019,West,9. Poor Close (Wall View),180.0,3.0
52,15,Mid, C,304,Small_Unit,5000000,16447,26/9/2019,South West,6. Normal (Good Direction - S/E),280.0,6.0
45,27,High, E,284,Small_Unit,5000000,17606,26/9/2019,East,10. Poor Street (Busy Road),150.0,2.0
40,11,Mid, F,284,Small_Unit,5200000,18310,25/9/2019,West,10. Poor Street (Busy Road),200.0,2.0
43,18,Mid, E,284,Small_Unit,5110000,17993,25/9/2019,East,9. Poor Close (Wall View),220.0,3.0
52,30,High, B,284,Small_Unit,5100000,17958,24/9/2019,North West,8. Normal (Poor Direction - N/W),280.0,4.5
22,11,Mid, C,484,Middle_Unit,7080000,14628,23/9/2019,South West,6. Normal (Good Direction - S/E),480.0,6.0
39,21,Mid, B,284,Small_Unit,5000000,17606,23/9/2019,East,9. Poor Close (Wall View),180.0,3.0
10,19,Mid, H,327,Small_Unit,5900000,18043,23/9/2019,North East,1. Premium Plus (Full River/Park),580.0,9.0
37,31,High, C,304,Small_Unit,5950000,19572,19/9/2019,South,9. Poor Close (Wall View),150.0,3.0
10,1,Low, A,451,Middle_Unit,6100000,13525,18/9/2019,North West,1. Premium Plus (Full River/Park),580.0,9.0
43,25,Mid, H,304,Small_Unit,5430000,17862,18/9/2019,North,9. Poor Close (Wall View),220.0,3.0
1,5,Low, B,451,Middle_Unit,6600000,14634,17/9/2019,North West,2. Premium (Full River - West/Sun),650.0,8.5
30,5,Low, E,451,Middle_Unit,6600000,14634,13/9/2019,North,9. Poor Close (Wall View),420.0,3.0
47,20,Mid, F,284,Small_Unit,5650000,19894,11/9/2019,East,9. Poor Close (Wall View),180.0,3.0
45,27,High, D,304,Small_Unit,5380000,17697,11/9/2019,South,6. Normal (Good Direction - S/E),150.0,6.0
44,27,High, B,284,Small_Unit,5500000,19366,9/9/2019,West,9. Poor Close (Wall View),150.0,3.0
20,2,Low, H,327,Small_Unit,5850000,17890,9/9/2019,North East,6. Normal (Good Direction - S/E),520.0,6.0
16,27,High, F,451,Middle_Unit,7830000,17361,9/9/2019,South East,6. Normal (Good Direction - S/E),500.0,6.0
49,18,Mid, G,304,Small_Unit,5380000,17697,4/9/2019,North East,6. Normal (Good Direction - S/E),220.0,6.0
2,3,Low, D,327,Small_Unit,5300000,16208,3/9/2019,South West,2. Premium (Full River - West/Sun),680.0,8.5
42,11,Mid, D,304,Small_Unit,5650000,18586,3/9/2019,South,6. Normal (Good Direction - S/E),200.0,6.0
51,31,High, G,304,Small_Unit,5750000,18914,3/9/2019,North East,6. Normal (Good Direction - S/E),280.0,6.0
26,8,Low, G,326,Small_Unit,5960000,18282,3/9/2019,East,10. Poor Street (Busy Road),420.0,2.0
20,19,Mid, B,451,Middle_Unit,8300000,18404,29/8/2019,North West,8. Normal (Poor Direction - N/W),520.0,4.5
3,24,Mid, E,451,Middle_Unit,7980000,17694,28/8/2019,South East,3. Premium Partial (Slivers of Water/Park),700.0,8.0
13,16,Mid, A,819,Large_Unit,13500000,16484,28/8/2019,North West,1. Premium Plus (Full River/Park),700.0,9.0
52,29,High, H,304,Small_Unit,5800000,19079,27/8/2019,North East,6. Normal (Good Direction - S/E),280.0,6.0
44,17,Mid, E,284,Small_Unit,5430000,19120,22/8/2019,East,9. Poor Close (Wall View),150.0,3.0
44,30,High, A,284,Small_Unit,5540000,19507,21/8/2019,West,9. Poor Close (Wall View),150.0,3.0
37,23,Mid, G,304,Small_Unit,5900000,19408,21/8/2019,North,5. Good Internal (Pool/Garden/Mall),150.0,6.5
26,2,Low, D,326,Small_Unit,5900000,18098,20/8/2019,West,9. Poor Close (Wall View),420.0,3.0
44,13,Mid, D,304,Small_Unit,5650000,18586,20/8/2019,South,4. Good Open (High Floor City),150.0,7.0
50,30,High, F,284,Small_Unit,5860000,20634,19/8/2019,South East,6. Normal (Good Direction - S/E),250.0,6.0
22,23,Mid, C,484,Middle_Unit,7410000,15310,16/8/2019,South West,6. Normal (Good Direction - S/E),480.0,6.0
51,16,Mid, D,304,Small_Unit,5950000,19572,15/8/2019,South West,6. Normal (Good Direction - S/E),280.0,6.0
1,19,Mid, B,451,Middle_Unit,7600000,16851,14/8/2019,North West,2. Premium (Full River - West/Sun),650.0,8.5
17,20,Mid, H,327,Small_Unit,6300000,19266,12/8/2019,North East,6. Normal (Good Direction - S/E),520.0,6.0
51,7,Low, H,304,Small_Unit,5900000,19408,7/8/2019,North East,6. Normal (Good Direction - S/E),280.0,6.0
18,19,Mid, F,484,Middle_Unit,8150000,16839,6/8/2019,South East,6. Normal (Good Direction - S/E),550.0,6.0
50,32,High, A,284,Small_Unit,5880000,20704,2/8/2019,North West,8. Normal (Poor Direction - N/W),250.0,4.5
49,31,High, E,284,Small_Unit,5720000,20141,2/8/2019,South East,6. Normal (Good Direction - S/E),220.0,6.0
13,18,Mid, C,853,Large_Unit,12000000,14068,1/8/2019,South West,3. Premium Partial (Slivers of Water/Park),700.0,8.0
44,24,Mid, A,284,Small_Unit,5730000,20176,1/8/2019,West,9. Poor Close (Wall View),150.0,3.0
1,24,Mid, C,327,Small_Unit,5998000,18343,1/8/2019,South West,2. Premium (Full River - West/Sun),650.0,8.5
24,14,Mid, G,326,Small_Unit,5980000,18344,31/7/2019,South,10. Poor Street (Busy Road),380.0,2.0
33,8,Low, B,820,Large_Unit,10600000,12927,26/7/2019,West,10. Poor Street (Busy Road),350.0,2.0
45,28,High, F,284,Small_Unit,5800000,20423,26/7/2019,East,10. Poor Street (Busy Road),150.0,2.0
49,5,Low, A,284,Small_Unit,4260000,15000,26/7/2019,North West,8. Normal (Poor Direction - N/W),220.0,4.5
52,11,Mid, D,304,Small_Unit,5638000,18546,26/7/2019,South West,6. Normal (Good Direction - S/E),280.0,6.0
49,27,High, F,284,Small_Unit,5450000,19190,25/7/2019,South East,6. Normal (Good Direction - S/E),220.0,6.0
14,12,Mid, C,853,Large_Unit,11420000,13388,22/7/2019,South West,6. Normal (Good Direction - S/E),680.0,6.0
8,5,Low, H,327,Small_Unit,5480000,16758,22/7/2019,North East,6. Normal (Good Direction - S/E),620.0,6.0
37,16,Mid, D,304,Small_Unit,5530000,18191,22/7/2019,South,9. Poor Close (Wall View),150.0,3.0
47,12,Mid, C,304,Small_Unit,5225000,17188,19/7/2019,South,6. Normal (Good Direction - S/E),180.0,6.0
4,2,Low, C,853,Large_Unit,11300000,13247,18/7/2019,South West,2. Premium (Full River - West/Sun),720.0,8.5
16,27,High, C,327,Small_Unit,6000000,18349,17/7/2019,South West,6. Normal (Good Direction - S/E),500.0,6.0
50,32,High, G,304,Small_Unit,6800000,22368,17/7/2019,North East,6. Normal (Good Direction - S/E),250.0,6.0
38,23,Mid, H,304,Small_Unit,5930000,19507,16/7/2019,North,10. Poor Street (Busy Road),150.0,2.0
3,11,Mid, G,327,Small_Unit,5950000,18196,15/7/2019,North East,2. Premium (Full River - West/Sun),700.0,8.5
33,26,High, C,854,Large_Unit,11850000,13876,12/7/2019,West,10. Poor Street (Busy Road),350.0,2.0
3,16,Mid, C,327,Small_Unit,5800000,17737,11/7/2019,South West,2. Premium (Full River - West/Sun),700.0,8.5
31,24,Mid, B,451,Middle_Unit,7700000,17073,11/7/2019,South,5. Good Internal (Pool/Garden/Mall),400.0,6.5
10,22,Mid, H,327,Small_Unit,5990000,18318,10/7/2019,North East,1. Premium Plus (Full River/Park),580.0,9.0
45,23,Mid, C,304,Small_Unit,5850000,19243,10/7/2019,South,6. Normal (Good Direction - S/E),150.0,6.0
39,31,High, C,304,Small_Unit,5950000,19572,9/7/2019,South,9. Poor Close (Wall View),180.0,3.0
47,26,High, B,284,Small_Unit,5680000,20000,8/7/2019,West,9. Poor Close (Wall View),180.0,3.0
1,6,Low, G,327,Small_Unit,5330000,16300,8/7/2019,North East,2. Premium (Full River - West/Sun),650.0,8.5
8,3,Low, E,451,Middle_Unit,7100000,15743,3/7/2019,South East,4. Good Open (High Floor City),620.0,6.0
43,9,Low, B,284,Small_Unit,5390000,18979,2/7/2019,West,9. Poor Close (Wall View),220.0,3.0
41,3,Low, E,284,Small_Unit,5300000,18662,26/6/2019,East,9. Poor Close (Wall View),220.0,3.0
37,14,Mid, D,304,Small_Unit,5600000,18421,25/6/2019,South,9. Poor Close (Wall View),150.0,3.0
29,4,Low, A,451,Middle_Unit,6800000,15078,24/6/2019,East,9. Poor Close (Wall View),450.0,3.0
45,30,High, H,304,Small_Unit,5988000,19697,21/6/2019,North,9. Poor Close (Wall View),150.0,3.0
45,3,Low, F,284,Small_Unit,5350000,18838,21/6/2019,East,10. Poor Street (Busy Road),150.0,2.0
31,28,High, H,327,Small_Unit,6000000,18349,18/6/2019,East,9. Poor Close (Wall View),400.0,3.0
22,19,Mid, C,484,Middle_Unit,8120000,16777,17/6/2019,South West,6. Normal (Good Direction - S/E),480.0,6.0
45,31,High, G,304,Small_Unit,5998000,19730,12/6/2019,North,9. Poor Close (Wall View),150.0,3.0
32,1,Low, C,327,Small_Unit,5780000,17676,12/6/2019,West,9. Poor Close (Wall View),380.0,3.0
6,27,High, B,819,Large_Unit,12000000,14652,11/6/2019,North West,2. Premium (Full River - West/Sun),720.0,8.5
10,4,Low, H,327,Small_Unit,4900000,14985,10/6/2019,North East,1. Premium Plus (Full River/Park),580.0,9.0
26,20,Mid, C,326,Small_Unit,6280000,19264,6/6/2019,West,9. Poor Close (Wall View),420.0,3.0
40,7,Low, E,284,Small_Unit,5600000,19718,31/5/2019,West,10. Poor Street (Busy Road),200.0,2.0
26,10,Low, E,447,Middle_Unit,7500000,16779,31/5/2019,South,10. Poor Street (Busy Road),420.0,2.0
42,26,High, A,284,Small_Unit,5850000,20599,31/5/2019,West,9. Poor Close (Wall View),200.0,3.0
1,8,Low, G,327,Small_Unit,5000000,15291,30/5/2019,North East,2. Premium (Full River - West/Sun),650.0,8.5
39,21,Mid, A,284,Small_Unit,5900000,20775,30/5/2019,East,9. Poor Close (Wall View),180.0,3.0
34,28,High, C,707,Large_Unit,11380000,16096,30/5/2019,North,4. Good Open (High Floor City),300.0,7.0
23,7,Low, D,327,Small_Unit,5300000,16208,29/5/2019,South West,6. Normal (Good Direction - S/E),350.0,6.0
37,29,High, H,304,Small_Unit,5980000,19671,28/5/2019,North,5. Good Internal (Pool/Garden/Mall),150.0,6.5
26,21,Mid, C,326,Small_Unit,5600000,17178,27/5/2019,West,9. Poor Close (Wall View),420.0,3.0
20,2,Low, G,327,Small_Unit,5690000,17401,27/5/2019,North East,6. Normal (Good Direction - S/E),520.0,6.0
48,16,Mid, C,304,Small_Unit,5980000,19671,24/5/2019,South,6. Normal (Good Direction - S/E),200.0,6.0
37,3,Low, G,304,Small_Unit,4700000,15461,24/5/2019,North,5. Good Internal (Pool/Garden/Mall),150.0,6.5
50,23,Mid, C,304,Small_Unit,5980000,19671,24/5/2019,South West,6. Normal (Good Direction - S/E),250.0,6.0
49,19,Mid, G,304,Small_Unit,4800000,15789,23/5/2019,North East,6. Normal (Good Direction - S/E),220.0,6.0
1,9,Low, H,327,Small_Unit,6300000,19266,22/5/2019,North East,2. Premium (Full River - West/Sun),650.0,8.5
41,17,Mid, A,284,Small_Unit,5600000,19718,22/5/2019,West,10. Poor Street (Busy Road),220.0,2.0
39,26,High, C,304,Small_Unit,5000000,16447,22/5/2019,South,9. Poor Close (Wall View),180.0,3.0
47,10,Low, G,304,Small_Unit,5800000,19079,21/5/2019,North,10. Poor Street (Busy Road),180.0,2.0
9,1,Low, H,327,Small_Unit,5350000,16361,21/5/2019,North East,6. Normal (Good Direction - S/E),600.0,6.0
22,14,Mid, F,484,Middle_Unit,7980000,16488,21/5/2019,South East,6. Normal (Good Direction - S/E),480.0,6.0
42,3,Low, E,284,Small_Unit,5340000,18803,20/5/2019,East,9. Poor Close (Wall View),200.0,3.0
31,3,Low, C,327,Small_Unit,5750000,17584,20/5/2019,West,9. Poor Close (Wall View),400.0,3.0
52,23,Mid, E,284,Small_Unit,5900000,20775,20/5/2019,South East,6. Normal (Good Direction - S/E),280.0,6.0
51,30,High, C,304,Small_Unit,5630000,18520,17/5/2019,South West,6. Normal (Good Direction - S/E),280.0,6.0
46,17,Mid, E,284,Small_Unit,5200000,18310,17/5/2019,East,9. Poor Close (Wall View),180.0,3.0
34,3,Low, C,707,Large_Unit,8200000,11598,17/5/2019,North,4. Good Open (High Floor City),300.0,7.0
44,29,High, B,284,Small_Unit,5900000,20775,17/5/2019,West,9. Poor Close (Wall View),150.0,3.0
31,28,High, C,327,Small_Unit,5950000,18196,17/5/2019,West,9. Poor Close (Wall View),400.0,3.0
42,31,High, G,304,Small_Unit,5850000,19243,16/5/2019,North,9. Poor Close (Wall View),200.0,3.0
27,22,Mid, D,688,Large_Unit,9700000,14099,16/5/2019,West,10. Poor Street (Busy Road),450.0,2.0
45,23,Mid, G,304,Small_Unit,5780000,19013,16/5/2019,North,9. Poor Close (Wall View),150.0,3.0
47,23,Mid, E,284,Small_Unit,5620000,19789,15/5/2019,East,9. Poor Close (Wall View),180.0,3.0
21,10,Low, C,327,Small_Unit,5880000,17982,15/5/2019,South West,6. Normal (Good Direction - S/E),500.0,6.0
19,17,Mid, F,451,Middle_Unit,7450000,16519,14/5/2019,South East,6. Normal (Good Direction - S/E),550.0,6.0
46,14,Mid, A,284,Small_Unit,5450000,19190,14/5/2019,West,4. Good Open (High Floor City),180.0,7.0
20,5,Low, E,451,Middle_Unit,6300000,13969,10/5/2019,South East,6. Normal (Good Direction - S/E),520.0,6.0
52,25,Mid, D,304,Small_Unit,5700000,18750,10/5/2019,South West,6. Normal (Good Direction - S/E),280.0,6.0
48,5,Low, G,304,Small_Unit,5080000,16711,10/5/2019,North,10. Poor Street (Busy Road),200.0,2.0
2,13,Mid, D,327,Small_Unit,4800000,14679,10/5/2019,South West,2. Premium (Full River - West/Sun),680.0,8.5
10,7,Low, F,451,Middle_Unit,5800000,12860,10/5/2019,South East,1. Premium Plus (Full River/Park),580.0,9.0
18,32,High, C,484,Middle_Unit,6800000,14050,10/5/2019,South West,6. Normal (Good Direction - S/E),550.0,6.0
47,6,Low, D,304,Small_Unit,5638000,18546,10/5/2019,South,6. Normal (Good Direction - S/E),180.0,6.0
44,5,Low, E,284,Small_Unit,5400000,19014,10/5/2019,East,9. Poor Close (Wall View),150.0,3.0
21,11,Mid, D,327,Small_Unit,5880000,17982,9/5/2019,South West,6. Normal (Good Direction - S/E),500.0,6.0
48,20,Mid, D,304,Small_Unit,5600000,18421,8/5/2019,South,6. Normal (Good Direction - S/E),200.0,6.0
26,12,Mid, A,447,Middle_Unit,7180000,16063,8/5/2019,North,8. Normal (Poor Direction - N/W),420.0,4.5
26,8,Low, F,447,Middle_Unit,7268000,16260,8/5/2019,South,10. Poor Street (Busy Road),420.0,2.0
26,9,Low, A,447,Middle_Unit,7350000,16443,8/5/2019,North,8. Normal (Poor Direction - N/W),420.0,4.5
14,23,Mid, A,819,Large_Unit,12200000,14896,7/5/2019,North West,1. Premium Plus (Full River/Park),680.0,9.0
12,10,Low, F,484,Middle_Unit,7575000,15651,6/5/2019,South East,1. Premium Plus (Full River/Park),580.0,9.0
31,25,Mid, H,327,Small_Unit,5800000,17737,6/5/2019,East,9. Poor Close (Wall View),400.0,3.0
6,6,Low, C,853,Large_Unit,10280000,12052,6/5/2019,South West,11. Poor Highway (Tai Chung Kiu Noise Penalty),720.0,1.0
48,7,Low, C,304,Small_Unit,5465000,17977,2/5/2019,South,6. Normal (Good Direction - S/E),200.0,6.0
28,23,Mid, D,688,Large_Unit,8800000,12791,30/4/2019,West,9. Poor Close (Wall View),480.0,3.0
48,25,Mid, G,304,Small_Unit,5900000,19408,30/4/2019,North,10. Poor Street (Busy Road),200.0,2.0
21,26,High, D,327,Small_Unit,5660000,17309,29/4/2019,South West,6. Normal (Good Direction - S/E),500.0,6.0
42,13,Mid, G,304,Small_Unit,5350000,17599,26/4/2019,North,9. Poor Close (Wall View),200.0,3.0
33,10,Low, A,820,Large_Unit,12000000,14634,26/4/2019,East,6. Normal (Good Direction - S/E),350.0,6.0
52,27,High, H,304,Small_Unit,5650000,18586,26/4/2019,North East,6. Normal (Good Direction - S/E),280.0,6.0
2,14,Mid, C,327,Small_Unit,5320000,16269,26/4/2019,South West,2. Premium (Full River - West/Sun),680.0,8.5
43,8,Low, D,304,Small_Unit,5320000,17500,26/4/2019,South,6. Normal (Good Direction - S/E),220.0,6.0
41,19,Mid, B,284,Small_Unit,5700000,20070,26/4/2019,West,10. Poor Street (Busy Road),220.0,2.0
40,8,Low, F,284,Small_Unit,5400000,19014,25/4/2019,West,10. Poor Street (Busy Road),200.0,2.0
32,11,Mid, A,451,Middle_Unit,6660000,14767,25/4/2019,South,5. Good Internal (Pool/Garden/Mall),380.0,6.5
42,20,Mid, E,284,Small_Unit,5100000,17958,25/4/2019,East,9. Poor Close (Wall View),200.0,3.0
26,2,Low, C,326,Small_Unit,5300000,16258,23/4/2019,West,9. Poor Close (Wall View),420.0,3.0
14,14,Mid, A,819,Large_Unit,12490000,15250,18/4/2019,North West,1. Premium Plus (Full River/Park),680.0,9.0
48,15,Mid, D,304,Small_Unit,5250000,17270,17/4/2019,South,6. Normal (Good Direction - S/E),200.0,6.0
24,4,Low, B,447,Middle_Unit,7100000,15884,17/4/2019,East,9. Poor Close (Wall View),380.0,3.0
45,28,High, C,304,Small_Unit,5300000,17434,17/4/2019,South,6. Normal (Good Direction - S/E),150.0,6.0
47,5,Low, H,304,Small_Unit,5430000,17862,16/4/2019,North,10. Poor Street (Busy Road),180.0,2.0
52,16,Mid, G,304,Small_Unit,5530000,18191,15/4/2019,North East,6. Normal (Good Direction - S/E),280.0,6.0
46,21,Mid, H,304,Small_Unit,5650000,18586,15/4/2019,North,10. Poor Street (Busy Road),180.0,2.0
13,26,High, B,819,Large_Unit,11850000,14469,12/4/2019,North West,1. Premium Plus (Full River/Park),700.0,9.0
52,11,Mid, E,284,Small_Unit,5280000,18592,12/4/2019,South East,6. Normal (Good Direction - S/E),280.0,6.0
30,27,High, C,327,Small_Unit,5500000,16820,12/4/2019,West,10. Poor Street (Busy Road),420.0,2.0
50,6,Low, D,304,Small_Unit,5050000,16612,12/4/2019,South West,6. Normal (Good Direction - S/E),250.0,6.0
31,6,Low, E,451,Middle_Unit,7130000,15809,11/4/2019,North,10. Poor Street (Busy Road),400.0,2.0
45,25,Mid, B,284,Small_Unit,5450000,19190,11/4/2019,West,9. Poor Close (Wall View),150.0,3.0
46,15,Mid, H,304,Small_Unit,5300000,17434,11/4/2019,North,10. Poor Street (Busy Road),180.0,2.0
39,15,Mid, H,304,Small_Unit,5430000,17862,9/4/2019,North,10. Poor Street (Busy Road),180.0,2.0
26,22,Mid, C,326,Small_Unit,5500000,16871,9/4/2019,West,9. Poor Close (Wall View),420.0,3.0
51,19,Mid, H,304,Small_Unit,4900000,16118,8/4/2019,North East,6. Normal (Good Direction - S/E),280.0,6.0
18,4,Low, D,504,Middle_Unit,6800000,13492,4/4/2019,South West,6. Normal (Good Direction - S/E),550.0,6.0
43,9,Low, H,304,Small_Unit,5350000,17599,4/4/2019,North,9. Poor Close (Wall View),220.0,3.0
47,20,Mid, D,304,Small_Unit,5300000,17434,3/4/2019,South,6. Normal (Good Direction - S/E),180.0,6.0
51,7,Low, C,304,Small_Unit,4500000,14803,2/4/2019,South West,6. Normal (Good Direction - S/E),280.0,6.0
24,6,Low, H,326,Small_Unit,5490000,16840,2/4/2019,South,10. Poor Street (Busy Road),380.0,2.0
32,15,Mid, D,327,Small_Unit,5650000,17278,1/4/2019,West,9. Poor Close (Wall View),380.0,3.0
52,15,Mid, G,304,Small_Unit,5550000,18257,1/4/2019,North East,6. Normal (Good Direction - S/E),280.0,6.0
21,2,Low, H,327,Small_Unit,5460000,16697,1/4/2019,North East,6. Normal (Good Direction - S/E),500.0,6.0
19,9,Low, C,327,Small_Unit,4800000,14679,29/3/2019,South West,6. Normal (Good Direction - S/E),550.0,6.0
50,32,High, C,304,Small_Unit,5700000,18750,29/3/2019,South West,6. Normal (Good Direction - S/E),250.0,6.0
4,14,Mid, C,853,Large_Unit,10300000,12075,29/3/2019,South West,2. Premium (Full River - West/Sun),720.0,8.5
7,5,Low, A,515,Middle_Unit,7380000,14330,29/3/2019,North West,2. Premium (Full River - West/Sun),600.0,8.5
8,20,Mid, D,327,Small_Unit,5780000,17676,28/3/2019,South West,6. Normal (Good Direction - S/E),620.0,6.0
47,17,Mid, B,284,Small_Unit,5000000,17606,28/3/2019,West,9. Poor Close (Wall View),180.0,3.0
51,26,High, A,284,Small_Unit,5700000,20070,28/3/2019,North West,8. Normal (Poor Direction - N/W),280.0,4.5
23,15,Mid, G,327,Small_Unit,5000000,15291,26/3/2019,North East,6. Normal (Good Direction - S/E),350.0,6.0
2,25,Mid, E,451,Middle_Unit,6500000,14412,26/3/2019,South East,3. Premium Partial (Slivers of Water/Park),680.0,8.0
38,19,Mid, H,304,Small_Unit,5090000,16743,26/3/2019,North,10. Poor Street (Busy Road),150.0,2.0
52,20,Mid, B,284,Small_Unit,5200000,18310,26/3/2019,North West,8. Normal (Poor Direction - N/W),280.0,4.5
39,14,Mid, F,284,Small_Unit,5090000,17923,25/3/2019,West,9. Poor Close (Wall View),180.0,3.0
24,1,Low, C,326,Small_Unit,4850000,14877,22/3/2019,West,10. Poor Street (Busy Road),380.0,2.0
8,18,Mid, C,327,Small_Unit,5350000,16361,21/3/2019,South West,6. Normal (Good Direction - S/E),620.0,6.0
39,3,Low, H,304,Small_Unit,4930000,16217,21/3/2019,North,10. Poor Street (Busy Road),180.0,2.0
20,6,Low, A,451,Middle_Unit,6680000,14812,21/3/2019,North West,8. Normal (Poor Direction - N/W),520.0,4.5
41,8,Low, F,284,Small_Unit,4980000,17535,21/3/2019,East,9. Poor Close (Wall View),220.0,3.0
22,5,Low, B,515,Middle_Unit,6680000,12971,20/3/2019,North West,8. Normal (Poor Direction - N/W),480.0,4.5
48,16,Mid, F,284,Small_Unit,5080000,17887,20/3/2019,East,10. Poor Street (Busy Road),200.0,2.0
4,27,High, B,819,Large_Unit,12550000,15324,19/3/2019,North West,2. Premium (Full River - West/Sun),720.0,8.5
41,12,Mid, C,304,Small_Unit,5220000,17171,18/3/2019,South,6. Normal (Good Direction - S/E),220.0,6.0
11,14,Mid, E,504,Middle_Unit,7380000,14643,18/3/2019,South East,1. Premium Plus (Full River/Park),550.0,9.0
50,3,Low, B,284,Small_Unit,4800000,16901,15/3/2019,North West,8. Normal (Poor Direction - N/W),250.0,4.5
48,16,Mid, H,304,Small_Unit,5250000,17270,15/3/2019,North,10. Poor Street (Busy Road),200.0,2.0
52,6,Low, D,304,Small_Unit,4920000,16184,15/3/2019,South West,6. Normal (Good Direction - S/E),280.0,6.0
38,23,Mid, F,284,Small_Unit,4790000,16866,15/3/2019,West,9. Poor Close (Wall View),150.0,3.0
20,4,Low, D,327,Small_Unit,5260000,16086,15/3/2019,South West,6. Normal (Good Direction - S/E),520.0,6.0
47,19,Mid, D,304,Small_Unit,5080000,16711,15/3/2019,South,6. Normal (Good Direction - S/E),180.0,6.0
12,7,Low, F,484,Middle_Unit,6950000,14360,14/3/2019,South East,1. Premium Plus (Full River/Park),580.0,9.0
17,1,Low, F,451,Middle_Unit,5950000,13193,14/3/2019,South East,6. Normal (Good Direction - S/E),520.0,6.0
36,7,Low, F,478,Middle_Unit,7280000,15230,14/3/2019,South,5. Good Internal (Pool/Garden/Mall),300.0,6.5
37,18,Mid, B,284,Small_Unit,4800000,16901,14/3/2019,East,6. Normal (Good Direction - S/E),150.0,6.0
7,28,High, F,484,Middle_Unit,7490000,15475,13/3/2019,South East,6. Normal (Good Direction - S/E),600.0,6.0
46,16,Mid, C,304,Small_Unit,5100000,16776,13/3/2019,South,6. Normal (Good Direction - S/E),180.0,6.0
37,29,High, F,284,Small_Unit,5020000,17676,13/3/2019,West,9. Poor Close (Wall View),150.0,3.0
51,32,High, D,304,Small_Unit,5300000,17434,13/3/2019,South West,6. Normal (Good Direction - S/E),280.0,6.0
46,12,Mid, C,304,Small_Unit,4970000,16349,13/3/2019,South,6. Normal (Good Direction - S/E),180.0,6.0
40,21,Mid, D,304,Small_Unit,5100000,16776,12/3/2019,South,9. Poor Close (Wall View),200.0,3.0
1,9,Low, B,451,Middle_Unit,6880000,15255,11/3/2019,North West,2. Premium (Full River - West/Sun),650.0,8.5
12,7,Low, C,484,Middle_Unit,7000000,14463,8/3/2019,South West,3. Premium Partial (Slivers of Water/Park),580.0,6.0
9,10,Low, H,327,Small_Unit,5000000,15291,8/3/2019,North East,6. Normal (Good Direction - S/E),600.0,6.0
29,19,Mid, H,327,Small_Unit,5550000,16972,7/3/2019,South,9. Poor Close (Wall View),450.0,3.0
16,21,Mid, F,451,Middle_Unit,7200000,15965,7/3/2019,South East,6. Normal (Good Direction - S/E),500.0,6.0
47,20,Mid, H,304,Small_Unit,4860000,15987,6/3/2019,North,10. Poor Street (Busy Road),180.0,2.0
21,9,Low, E,451,Middle_Unit,6900000,15299,1/3/2019,South East,6. Normal (Good Direction - S/E),500.0,6.0
38,13,Mid, B,284,Small_Unit,5300000,18662,1/3/2019,East,9. Poor Close (Wall View),150.0,3.0
21,17,Mid, E,451,Middle_Unit,6920000,15344,1/3/2019,South East,6. Normal (Good Direction - S/E),500.0,6.0
1,11,Mid, B,451,Middle_Unit,6968000,15450,1/3/2019,North West,2. Premium (Full River - West/Sun),650.0,8.5
46,7,Low, G,304,Small_Unit,4880000,16053,27/2/2019,North,10. Poor Street (Busy Road),180.0,2.0
52,3,Low, C,304,Small_Unit,4400000,14474,27/2/2019,South West,6. Normal (Good Direction - S/E),280.0,6.0
37,3,Low, A,284,Small_Unit,4260000,15000,27/2/2019,East,6. Normal (Good Direction - S/E),150.0,6.0
2,10,Low, E,451,Middle_Unit,6620000,14678,27/2/2019,South East,3. Premium Partial (Slivers of Water/Park),680.0,8.0
37,7,Low, B,284,Small_Unit,4940000,17394,26/2/2019,East,6. Normal (Good Direction - S/E),150.0,6.0
39,4,Low, E,284,Small_Unit,4500000,15845,26/2/2019,West,9. Poor Close (Wall View),180.0,3.0
18,18,Mid, C,484,Middle_Unit,7200000,14876,26/2/2019,South West,6. Normal (Good Direction - S/E),550.0,6.0
37,23,Mid, E,284,Small_Unit,5050000,17782,25/2/2019,West,9. Poor Close (Wall View),150.0,3.0
43,26,High, E,284,Small_Unit,4400000,15493,22/2/2019,East,9. Poor Close (Wall View),220.0,3.0
1,11,Mid, F,451,Middle_Unit,6720000,14900,22/2/2019,South East,6. Normal (Good Direction - S/E),650.0,6.0
41,28,High, G,304,Small_Unit,5150000,16941,22/2/2019,North,10. Poor Street (Busy Road),220.0,2.0
19,5,Low, G,327,Small_Unit,4980000,15229,21/2/2019,North East,6. Normal (Good Direction - S/E),550.0,6.0
51,28,High, A,284,Small_Unit,4830000,17007,21/2/2019,North West,8. Normal (Poor Direction - N/W),280.0,4.5
45,17,Mid, C,304,Small_Unit,5380000,17697,20/2/2019,South,6. Normal (Good Direction - S/E),150.0,6.0
48,10,Low, F,284,Small_Unit,4600000,16197,20/2/2019,East,10. Poor Street (Busy Road),200.0,2.0
42,24,Mid, F,284,Small_Unit,4500000,15845,19/2/2019,East,9. Poor Close (Wall View),200.0,3.0
19,26,High, D,327,Small_Unit,5350000,16361,19/2/2019,South West,6. Normal (Good Direction - S/E),550.0,6.0
32,5,Low, G,327,Small_Unit,5180000,15841,19/2/2019,East,10. Poor Street (Busy Road),380.0,2.0
48,3,Low, E,284,Small_Unit,4800000,16901,18/2/2019,East,10. Poor Street (Busy Road),200.0,2.0
32,25,Mid, C,327,Small_Unit,5330000,16300,18/2/2019,West,9. Poor Close (Wall View),380.0,3.0
24,10,Low, C,326,Small_Unit,5000000,15337,18/2/2019,West,10. Poor Street (Busy Road),380.0,2.0
40,6,Low, A,284,Small_Unit,4280000,15070,18/2/2019,East,9. Poor Close (Wall View),200.0,3.0
30,9,Low, E,451,Middle_Unit,6000000,13304,15/2/2019,North,9. Poor Close (Wall View),420.0,3.0
36,7,Low, D,307,Small_Unit,4900000,15961,14/2/2019,East,6. Normal (Good Direction - S/E),300.0,6.0
1,14,Mid, A,451,Middle_Unit,6740000,14945,13/2/2019,North West,2. Premium (Full River - West/Sun),650.0,8.5
40,9,Low, D,304,Small_Unit,4950000,16283,13/2/2019,South,9. Poor Close (Wall View),200.0,3.0
22,1,Low, C,484,Middle_Unit,5900000,12190,12/2/2019,South West,6. Normal (Good Direction - S/E),480.0,6.0
40,18,Mid, D,304,Small_Unit,5000000,16447,12/2/2019,South,9. Poor Close (Wall View),200.0,3.0
42,19,Mid, D,304,Small_Unit,4920000,16184,12/2/2019,South,6. Normal (Good Direction - S/E),200.0,6.0
3,19,Mid, C,327,Small_Unit,5300000,16208,11/2/2019,South West,2. Premium (Full River - West/Sun),700.0,8.5
42,17,Mid, H,304,Small_Unit,4980000,16382,11/2/2019,North,9. Poor Close (Wall View),200.0,3.0
44,4,Low, F,284,Small_Unit,4500000,15845,1/2/2019,East,9. Poor Close (Wall View),150.0,3.0
50,18,Mid, B,284,Small_Unit,4710000,16585,31/1/2019,North West,8. Normal (Poor Direction - N/W),250.0,4.5
43,21,Mid, F,284,Small_Unit,4780000,16831,31/1/2019,East,9. Poor Close (Wall View),220.0,3.0
20,19,Mid, E,451,Middle_Unit,6550000,14523,30/1/2019,South East,6. Normal (Good Direction - S/E),520.0,6.0
49,16,Mid, D,304,Small_Unit,4900000,16118,30/1/2019,South West,6. Normal (Good Direction - S/E),220.0,6.0
52,27,High, G,304,Small_Unit,4850000,15954,30/1/2019,North East,6. Normal (Good Direction - S/E),280.0,6.0
24,11,Mid, B,447,Middle_Unit,6000000,13423,28/1/2019,East,9. Poor Close (Wall View),380.0,3.0
15,14,Mid, C,853,Large_Unit,10180000,11934,28/1/2019,South West,3. Premium Partial (Slivers of Water/Park),650.0,8.0
14,12,Mid, B,819,Large_Unit,9850000,12027,25/1/2019,North West,1. Premium Plus (Full River/Park),680.0,9.0
40,17,Mid, F,284,Small_Unit,4910000,17289,24/1/2019,West,10. Poor Street (Busy Road),200.0,2.0
8,16,Mid, G,327,Small_Unit,5148000,15743,24/1/2019,North East,6. Normal (Good Direction - S/E),620.0,6.0
20,8,Low, H,327,Small_Unit,5100000,15596,21/1/2019,North East,6. Normal (Good Direction - S/E),520.0,6.0
51,20,Mid, H,304,Small_Unit,4880000,16053,21/1/2019,North East,6. Normal (Good Direction - S/E),280.0,6.0
44,32,High, C,304,Small_Unit,5000000,16447,18/1/2019,South,6. Normal (Good Direction - S/E),150.0,6.0
42,29,High, A,284,Small_Unit,4180000,14718,17/1/2019,West,9. Poor Close (Wall View),200.0,3.0
52,10,Low, G,304,Small_Unit,5060000,16645,15/1/2019,North East,6. Normal (Good Direction - S/E),280.0,6.0
50,18,Mid, C,304,Small_Unit,4738000,15586,15/1/2019,South West,6. Normal (Good Direction - S/E),250.0,6.0
34,27,High, A,707,Large_Unit,9730000,13762,14/1/2019,South,4. Good Open (High Floor City),300.0,7.0
19,13,Mid, E,451,Middle_Unit,6000000,13304,10/1/2019,South East,6. Normal (Good Direction - S/E),550.0,6.0
14,26,High, A,819,Large_Unit,10480000,12796,8/1/2019,North West,1. Premium Plus (Full River/Park),680.0,9.0
39,7,Low, F,284,Small_Unit,4580000,16127,7/1/2019,West,9. Poor Close (Wall View),180.0,3.0
48,24,Mid, E,284,Small_Unit,4583000,16137,7/1/2019,East,10. Poor Street (Busy Road),200.0,2.0
17,18,Mid, C,327,Small_Unit,5120000,15657,4/1/2019,South West,6. Normal (Good Direction - S/E),520.0,6.0
3,17,Mid, G,327,Small_Unit,5700000,17431,3/1/2019,North East,2. Premium (Full River - West/Sun),700.0,8.5
36,18,Mid, F,478,Middle_Unit,6400000,13389,2/1/2019,South,5. Good Internal (Pool/Garden/Mall),300.0,6.5
49,5,Low, D,304,Small_Unit,4530000,14901,31/12/2018,South West,6. Normal (Good Direction - S/E),220.0,6.0
52,4,Low, G,304,Small_Unit,4500000,14803,31/12/2018,North East,6. Normal (Good Direction - S/E),280.0,6.0
23,26,High, B,451,Middle_Unit,6828000,15140,28/12/2018,North West,8. Normal (Poor Direction - N/W),350.0,4.5
8,27,High, C,327,Small_Unit,5250000,16055,24/12/2018,South West,6. Normal (Good Direction - S/E),620.0,6.0
9,16,Mid, G,327,Small_Unit,5150000,15749,20/12/2018,North East,6. Normal (Good Direction - S/E),600.0,6.0
51,31,High, B,284,Small_Unit,4850000,17077,19/12/2018,North West,8. Normal (Poor Direction - N/W),280.0,4.5
44,20,Mid, E,284,Small_Unit,4650000,16373,19/12/2018,East,9. Poor Close (Wall View),150.0,3.0
17,18,Mid, E,451,Middle_Unit,6680000,14812,18/12/2018,South East,6. Normal (Good Direction - S/E),520.0,6.0
49,29,High, H,304,Small_Unit,4600000,15132,18/12/2018,North East,6. Normal (Good Direction - S/E),220.0,6.0
30,6,Low, D,327,Small_Unit,5000000,15291,17/12/2018,West,10. Poor Street (Busy Road),420.0,2.0
33,23,Mid, B,820,Large_Unit,10120000,12341,17/12/2018,West,10. Poor Street (Busy Road),350.0,2.0
42,11,Mid, E,284,Small_Unit,5000000,17606,14/12/2018,East,9. Poor Close (Wall View),200.0,3.0
41,6,Low, C,304,Small_Unit,4750000,15625,14/12/2018,South,6. Normal (Good Direction - S/E),220.0,6.0
46,23,Mid, H,304,Small_Unit,4630000,15230,14/12/2018,North,10. Poor Street (Busy Road),180.0,2.0
51,12,Mid, F,284,Small_Unit,4495000,15827,13/12/2018,South East,6. Normal (Good Direction - S/E),280.0,6.0
42,14,Mid, D,304,Small_Unit,5020000,16513,13/12/2018,South,6. Normal (Good Direction - S/E),200.0,6.0
1,26,High, C,327,Small_Unit,4850000,14832,13/12/2018,South West,2. Premium (Full River - West/Sun),650.0,8.5
42,5,Low, B,284,Small_Unit,4450000,15669,12/12/2018,West,9. Poor Close (Wall View),200.0,3.0
51,6,Low, F,284,Small_Unit,5000000,17606,10/12/2018,South East,6. Normal (Good Direction - S/E),280.0,6.0
37,29,High, F,284,Small_Unit,4780000,16831,7/12/2018,West,9. Poor Close (Wall View),150.0,3.0
16,29,High, D,327,Small_Unit,5268000,16110,6/12/2018,South West,6. Normal (Good Direction - S/E),500.0,6.0
47,6,Low, H,304,Small_Unit,4500000,14803,6/12/2018,North,10. Poor Street (Busy Road),180.0,2.0
9,22,Mid, D,327,Small_Unit,5000000,15291,30/11/2018,South West,6. Normal (Good Direction - S/E),600.0,6.0
50,28,High, C,304,Small_Unit,5000000,16447,27/11/2018,South West,6. Normal (Good Direction - S/E),250.0,6.0
50,20,Mid, A,284,Small_Unit,5160000,18169,22/11/2018,North West,8. Normal (Poor Direction - N/W),250.0,4.5
12,12,Mid, C,484,Middle_Unit,7500000,15496,19/11/2018,South West,3. Premium Partial (Slivers of Water/Park),580.0,6.0
14,2,Low, B,819,Large_Unit,10300000,12576,16/11/2018,North West,1. Premium Plus (Full River/Park),680.0,9.0
36,25,Mid, D,307,Small_Unit,5930000,19316,13/11/2018,East,6. Normal (Good Direction - S/E),300.0,6.0
44,20,Mid, C,304,Small_Unit,5500000,18092,9/11/2018,South,6. Normal (Good Direction - S/E),150.0,6.0
38,15,Mid, G,304,Small_Unit,5468000,17987,7/11/2018,North,10. Poor Street (Busy Road),150.0,2.0
7,15,Mid, B,515,Middle_Unit,7630000,14816,5/11/2018,North West,2. Premium (Full River - West/Sun),600.0,8.5
8,4,Low, D,327,Small_Unit,5500000,16820,2/11/2018,South West,6. Normal (Good Direction - S/E),620.0,6.0
16,10,Low, H,327,Small_Unit,5520000,16881,31/10/2018,North East,6. Normal (Good Direction - S/E),500.0,6.0
24,27,High, H,326,Small_Unit,6000000,18405,31/10/2018,South,10. Poor Street (Busy Road),380.0,2.0
2,5,Low, C,327,Small_Unit,5350000,16361,30/10/2018,South West,2. Premium (Full River - West/Sun),680.0,8.5
1,21,Mid, C,327,Small_Unit,6500000,19878,30/10/2018,South West,2. Premium (Full River - West/Sun),650.0,8.5
37,6,Low, F,284,Small_Unit,6000000,21127,26/10/2018,West,9. Poor Close (Wall View),150.0,3.0
15,20,Mid, D,853,Large_Unit,12280000,14396,23/10/2018,South West,3. Premium Partial (Slivers of Water/Park),650.0,8.0
18,22,Mid, A,515,Middle_Unit,8550000,16602,23/10/2018,North West,8. Normal (Poor Direction - N/W),550.0,4.5
50,8,Low, A,284,Small_Unit,5080000,17887,23/10/2018,North West,8. Normal (Poor Direction - N/W),250.0,4.5
43,9,Low, A,284,Small_Unit,5025000,17694,23/10/2018,West,9. Poor Close (Wall View),220.0,3.0
11,12,Mid, C,484,Middle_Unit,7500000,15496,23/10/2018,South West,3. Premium Partial (Slivers of Water/Park),550.0,8.0
24,8,Low, B,447,Middle_Unit,7080000,15839,22/10/2018,East,9. Poor Close (Wall View),380.0,3.0
50,10,Low, C,304,Small_Unit,5100000,16776,22/10/2018,South West,6. Normal (Good Direction - S/E),250.0,6.0
41,8,Low, A,284,Small_Unit,5280000,18592,22/10/2018,West,10. Poor Street (Busy Road),220.0,2.0
7,9,Low, F,484,Middle_Unit,7180000,14835,12/10/2018,South East,6. Normal (Good Direction - S/E),600.0,6.0
10,17,Mid, C,327,Small_Unit,5650000,17278,12/10/2018,South West,3. Premium Partial (Slivers of Water/Park),580.0,8.0
24,10,Low, B,447,Middle_Unit,6880000,15391,12/10/2018,East,9. Poor Close (Wall View),380.0,3.0
24,17,Mid, F,447,Middle_Unit,8000000,17897,11/10/2018,North,8. Normal (Poor Direction - N/W),380.0,4.5
37,32,High, F,284,Small_Unit,5520000,19437,8/10/2018,West,9. Poor Close (Wall View),150.0,3.0
45,3,Low, B,284,Small_Unit,4980000,17535,5/10/2018,West,9. Poor Close (Wall View),150.0,3.0
52,7,Low, F,284,Small_Unit,5000000,17606,5/10/2018,South East,6. Normal (Good Direction - S/E),280.0,6.0
19,17,Mid, H,327,Small_Unit,5880000,17982,2/10/2018,North East,6. Normal (Good Direction - S/E),550.0,6.0
24,8,Low, D,326,Small_Unit,5950000,18252,2/10/2018,West,10. Poor Street (Busy Road),380.0,2.0
44,21,Mid, H,304,Small_Unit,5861500,19281,28/9/2018,North,9. Poor Close (Wall View),150.0,3.0
18,15,Mid, E,504,Middle_Unit,8350000,16567,27/9/2018,South East,6. Normal (Good Direction - S/E),550.0,6.0
2,19,Mid, C,327,Small_Unit,6000000,18349,21/9/2018,South West,2. Premium (Full River - West/Sun),680.0,8.5
19,9,Low, B,451,Middle_Unit,7100000,15743,21/9/2018,North West,8. Normal (Poor Direction - N/W),550.0,4.5
26,9,Low, G,326,Small_Unit,5850000,17945,20/9/2018,East,10. Poor Street (Busy Road),420.0,2.0
37,13,Mid, A,284,Small_Unit,5900000,20775,13/9/2018,East,6. Normal (Good Direction - S/E),150.0,6.0
31,5,Low, G,327,Small_Unit,5800000,17737,13/9/2018,East,9. Poor Close (Wall View),400.0,3.0
8,19,Mid, F,451,Middle_Unit,7600000,16851,10/9/2018,South East,6. Normal (Good Direction - S/E),620.0,6.0
49,12,Mid, F,284,Small_Unit,5200000,18310,7/9/2018,South East,6. Normal (Good Direction - S/E),220.0,6.0
7,16,Mid, C,484,Middle_Unit,8000000,16529,7/9/2018,South West,2. Premium (Full River - West/Sun),600.0,8.5
46,31,High, C,304,Small_Unit,6000000,19737,6/9/2018,South,6. Normal (Good Direction - S/E),180.0,6.0
31,19,Mid, G,327,Small_Unit,6800000,20795,6/9/2018,East,9. Poor Close (Wall View),400.0,3.0
13,23,Mid, A,819,Large_Unit,13280000,16215,6/9/2018,North West,1. Premium Plus (Full River/Park),700.0,9.0
48,31,High, F,284,Small_Unit,5830000,20528,5/9/2018,East,10. Poor Street (Busy Road),200.0,2.0
32,27,High, G,327,Small_Unit,6000000,18349,4/9/2018,East,10. Poor Street (Busy Road),380.0,2.0
44,29,High, F,284,Small_Unit,5628000,19817,3/9/2018,East,9. Poor Close (Wall View),150.0,3.0
37,18,Mid, D,304,Small_Unit,5600000,18421,3/9/2018,South,9. Poor Close (Wall View),150.0,3.0
17,19,Mid, G,327,Small_Unit,5990000,18318,31/8/2018,North East,6. Normal (Good Direction - S/E),520.0,6.0
32,4,Low, G,327,Small_Unit,5930000,18135,30/8/2018,East,10. Poor Street (Busy Road),380.0,2.0
8,2,Low, G,327,Small_Unit,5700000,17431,29/8/2018,North East,6. Normal (Good Direction - S/E),620.0,6.0
48,18,Mid, B,284,Small_Unit,5950000,20951,29/8/2018,West,9. Poor Close (Wall View),200.0,3.0
46,31,High, H,304,Small_Unit,5800000,19079,29/8/2018,North,10. Poor Street (Busy Road),180.0,2.0
43,25,Mid, G,304,Small_Unit,5000000,16447,28/8/2018,North,9. Poor Close (Wall View),220.0,3.0
32,24,Mid, E,451,Middle_Unit,7460000,16541,27/8/2018,North,10. Poor Street (Busy Road),380.0,2.0
46,30,High, B,284,Small_Unit,5910000,20810,27/8/2018,West,10. Poor Street (Busy Road),180.0,2.0
41,26,High, C,304,Small_Unit,5500000,18092,27/8/2018,South,6. Normal (Good Direction - S/E),220.0,6.0
49,32,High, B,284,Small_Unit,5900000,20775,22/8/2018,North West,4. Good Open (High Floor City),220.0,7.0
40,17,Mid, B,284,Small_Unit,5800000,20423,21/8/2018,East,9. Poor Close (Wall View),200.0,3.0
41,23,Mid, A,284,Small_Unit,5980000,21056,20/8/2018,West,10. Poor Street (Busy Road),220.0,2.0
32,13,Mid, A,451,Middle_Unit,7980000,17694,20/8/2018,South,5. Good Internal (Pool/Garden/Mall),380.0,6.5
8,7,Low, C,327,Small_Unit,6000000,18349,16/8/2018,South West,6. Normal (Good Direction - S/E),620.0,6.0
39,29,High, A,284,Small_Unit,5680000,20000,16/8/2018,East,9. Poor Close (Wall View),180.0,3.0
3,21,Mid, G,327,Small_Unit,6000000,18349,14/8/2018,North East,2. Premium (Full River - West/Sun),700.0,8.5
40,3,Low, D,304,Small_Unit,5475000,18010,13/8/2018,South,9. Poor Close (Wall View),200.0,3.0
5,9,Low, A,819,Large_Unit,11400000,13919,10/8/2018,North West,2. Premium (Full River - West/Sun),750.0,8.5
29,24,Mid, H,327,Small_Unit,5000000,15291,9/8/2018,South,9. Poor Close (Wall View),450.0,3.0
51,19,Mid, E,284,Small_Unit,5550000,19542,9/8/2018,South East,6. Normal (Good Direction - S/E),280.0,6.0
29,6,Low, G,327,Small_Unit,6000000,18349,7/8/2018,South,9. Poor Close (Wall View),450.0,3.0
31,7,Low, A,451,Middle_Unit,7000000,15521,3/8/2018,South,5. Good Internal (Pool/Garden/Mall),400.0,6.5
29,9,Low, B,451,Middle_Unit,7820000,17339,3/8/2018,East,9. Poor Close (Wall View),450.0,3.0
15,23,Mid, A,819,Large_Unit,13000000,15873,2/8/2018,North West,1. Premium Plus (Full River/Park),650.0,9.0
48,14,Mid, G,304,Small_Unit,5000000,16447,2/8/2018,North,10. Poor Street (Busy Road),200.0,2.0
42,17,Mid, A,284,Small_Unit,5700000,20070,1/8/2018,West,9. Poor Close (Wall View),200.0,3.0
36,23,Mid, A,478,Middle_Unit,8000000,16736,1/8/2018,North,9. Poor Close (Wall View),300.0,3.0
38,26,High, H,304,Small_Unit,5850000,19243,1/8/2018,North,10. Poor Street (Busy Road),150.0,2.0
11,24,Mid, C,484,Middle_Unit,8038000,16607,31/7/2018,South West,3. Premium Partial (Slivers of Water/Park),550.0,8.0
51,21,Mid, A,284,Small_Unit,5880000,20704,27/7/2018,North West,8. Normal (Poor Direction - N/W),280.0,4.5
52,8,Low, F,284,Small_Unit,5500000,19366,27/7/2018,South East,6. Normal (Good Direction - S/E),280.0,6.0
48,16,Mid, A,284,Small_Unit,5700000,20070,27/7/2018,West,9. Poor Close (Wall View),200.0,3.0
23,19,Mid, B,451,Middle_Unit,7900000,17517,26/7/2018,North West,8. Normal (Poor Direction - N/W),350.0,4.5
11,29,High, E,504,Middle_Unit,8950000,17758,26/7/2018,South East,1. Premium Plus (Full River/Park),550.0,9.0
14,3,Low, A,819,Large_Unit,11480000,14017,25/7/2018,North West,1. Premium Plus (Full River/Park),680.0,9.0
36,34,High, C,307,Small_Unit,5300000,17264,25/7/2018,East,6. Normal (Good Direction - S/E),300.0,6.0
41,8,Low, H,304,Small_Unit,5630000,18520,24/7/2018,North,10. Poor Street (Busy Road),220.0,2.0
49,12,Mid, C,304,Small_Unit,5749000,18911,24/7/2018,South West,6. Normal (Good Direction - S/E),220.0,6.0
27,27,High, C,688,Large_Unit,10480000,15233,24/7/2018,West,10. Poor Street (Busy Road),450.0,2.0
7,19,Mid, C,484,Middle_Unit,8100000,16736,23/7/2018,South West,2. Premium (Full River - West/Sun),600.0,8.5
18,28,High, E,504,Middle_Unit,8760000,17381,20/7/2018,South East,6. Normal (Good Direction - S/E),550.0,6.0
39,31,High, H,304,Small_Unit,6180000,20329,18/7/2018,North,10. Poor Street (Busy Road),180.0,2.0
31,4,Low, A,451,Middle_Unit,7600000,16851,17/7/2018,South,5. Good Internal (Pool/Garden/Mall),400.0,6.5
50,28,High, D,304,Small_Unit,5000000,16447,17/7/2018,South West,6. Normal (Good Direction - S/E),250.0,6.0
9,10,Low, G,327,Small_Unit,6000000,18349,17/7/2018,North East,6. Normal (Good Direction - S/E),600.0,6.0
37,5,Low, G,304,Small_Unit,5280000,17368,17/7/2018,North,5. Good Internal (Pool/Garden/Mall),150.0,6.5
51,30,High, F,284,Small_Unit,5100000,17958,17/7/2018,South East,6. Normal (Good Direction - S/E),280.0,6.0
47,28,High, A,284,Small_Unit,5850000,20599,13/7/2018,West,9. Poor Close (Wall View),180.0,3.0
17,13,Mid, B,451,Middle_Unit,7400000,16408,13/7/2018,North West,8. Normal (Poor Direction - N/W),520.0,4.5
31,1,Low, C,327,Small_Unit,5520000,16881,13/7/2018,West,9. Poor Close (Wall View),400.0,3.0
31,22,Mid, D,327,Small_Unit,6300000,19266,11/7/2018,West,9. Poor Close (Wall View),400.0,3.0
9,12,Mid, H,327,Small_Unit,5300000,16208,11/7/2018,North East,6. Normal (Good Direction - S/E),600.0,6.0
50,11,Mid, F,284,Small_Unit,5780000,20352,10/7/2018,South East,6. Normal (Good Direction - S/E),250.0,6.0
1,5,Low, H,327,Small_Unit,5000000,15291,10/7/2018,North East,2. Premium (Full River - West/Sun),650.0,8.5
14,24,Mid, A,819,Large_Unit,10650000,13004,9/7/2018,North West,1. Premium Plus (Full River/Park),680.0,9.0
43,21,Mid, H,304,Small_Unit,5600000,18421,9/7/2018,North,9. Poor Close (Wall View),220.0,3.0
48,18,Mid, G,304,Small_Unit,5500000,18092,9/7/2018,North,10. Poor Street (Busy Road),200.0,2.0
39,23,Mid, F,284,Small_Unit,5588000,19676,5/7/2018,West,9. Poor Close (Wall View),180.0,3.0
42,18,Mid, F,284,Small_Unit,5300000,18662,4/7/2018,East,9. Poor Close (Wall View),200.0,3.0
19,2,Low, H,327,Small_Unit,4900000,14985,4/7/2018,North East,6. Normal (Good Direction - S/E),550.0,6.0
49,23,Mid, G,304,Small_Unit,5750000,18914,4/7/2018,North East,6. Normal (Good Direction - S/E),220.0,6.0
8,11,Mid, F,451,Middle_Unit,7500000,16630,3/7/2018,South East,6. Normal (Good Direction - S/E),620.0,6.0
49,28,High, F,284,Small_Unit,5850000,20599,3/7/2018,South East,6. Normal (Good Direction - S/E),220.0,6.0
44,29,High, G,304,Small_Unit,5940000,19539,3/7/2018,North,9. Poor Close (Wall View),150.0,3.0
29,9,Low, C,327,Small_Unit,5880000,17982,3/7/2018,West,10. Poor Street (Busy Road),450.0,2.0
1,25,Mid, E,451,Middle_Unit,7780000,17251,3/7/2018,South East,6. Normal (Good Direction - S/E),650.0,6.0
26,1,Low, G,326,Small_Unit,5000000,15337,29/6/2018,East,10. Poor Street (Busy Road),420.0,2.0
31,5,Low, C,327,Small_Unit,5000000,15291,29/6/2018,West,9. Poor Close (Wall View),400.0,3.0
13,11,Mid, B,819,Large_Unit,10000000,12210,28/6/2018,North West,1. Premium Plus (Full River/Park),700.0,9.0
48,21,Mid, H,304,Small_Unit,5730000,18849,26/6/2018,North,10. Poor Street (Busy Road),200.0,2.0
42,21,Mid, H,304,Small_Unit,5750000,18914,22/6/2018,North,9. Poor Close (Wall View),200.0,3.0
3,18,Mid, H,327,Small_Unit,6000000,18349,22/6/2018,North East,2. Premium (Full River - West/Sun),700.0,8.5
5,25,Mid, B,819,Large_Unit,12600000,15385,22/6/2018,North West,2. Premium (Full River - West/Sun),750.0,8.5
15,1,Low, B,819,Large_Unit,10200000,12454,21/6/2018,North West,1. Premium Plus (Full River/Park),650.0,9.0
40,6,Low, D,304,Small_Unit,5300000,17434,20/6/2018,South,9. Poor Close (Wall View),200.0,3.0
51,21,Mid, H,304,Small_Unit,5580000,18355,20/6/2018,North East,6. Normal (Good Direction - S/E),280.0,6.0
49,31,High, C,304,Small_Unit,5700000,18750,20/6/2018,South West,6. Normal (Good Direction - S/E),220.0,6.0
44,14,Mid, A,284,Small_Unit,5330000,18768,19/6/2018,West,9. Poor Close (Wall View),150.0,3.0
7,27,High, A,515,Middle_Unit,6800000,13204,19/6/2018,North West,2. Premium (Full River - West/Sun),600.0,8.5
9,20,Mid, B,451,Middle_Unit,7000000,15521,19/6/2018,North West,8. Normal (Poor Direction - N/W),600.0,4.5
38,28,High, G,304,Small_Unit,5800000,19079,19/6/2018,North,10. Poor Street (Busy Road),150.0,2.0
42,21,Mid, G,304,Small_Unit,5580000,18355,15/6/2018,North,9. Poor Close (Wall View),200.0,3.0
51,28,High, F,284,Small_Unit,5400000,19014,14/6/2018,South East,6. Normal (Good Direction - S/E),280.0,6.0
29,11,Mid, C,327,Small_Unit,6000000,18349,14/6/2018,West,10. Poor Street (Busy Road),450.0,2.0
45,9,Low, G,304,Small_Unit,5000000,16447,14/6/2018,North,9. Poor Close (Wall View),150.0,3.0
24,19,Mid, E,447,Middle_Unit,7900000,17673,14/6/2018,North,8. Normal (Poor Direction - N/W),380.0,4.5
39,15,Mid, E,284,Small_Unit,5530000,19472,12/6/2018,West,9. Poor Close (Wall View),180.0,3.0
10,17,Mid, H,327,Small_Unit,5948000,18190,12/6/2018,North East,1. Premium Plus (Full River/Park),580.0,9.0
6,27,High, A,819,Large_Unit,12500000,15263,11/6/2018,North West,2. Premium (Full River - West/Sun),720.0,8.5
41,18,Mid, B,284,Small_Unit,5500000,19366,11/6/2018,West,10. Poor Street (Busy Road),220.0,2.0
6,9,Low, C,853,Large_Unit,12000000,14068,11/6/2018,South West,11. Poor Highway (Tai Chung Kiu Noise Penalty),720.0,1.0
49,4,Low, G,304,Small_Unit,5470000,17993,8/6/2018,North East,6. Normal (Good Direction - S/E),220.0,6.0
30,17,Mid, G,327,Small_Unit,5900000,18043,7/6/2018,East,9. Poor Close (Wall View),420.0,3.0
16,8,Low, A,451,Middle_Unit,7360000,16319,6/6/2018,North West,8. Normal (Poor Direction - N/W),500.0,4.5
41,24,Mid, E,284,Small_Unit,5000000,17606,6/6/2018,East,9. Poor Close (Wall View),220.0,3.0
41,10,Low, B,284,Small_Unit,5100000,17958,5/6/2018,West,10. Poor Street (Busy Road),220.0,2.0
41,9,Low, H,304,Small_Unit,5188000,17066,4/6/2018,North,10. Poor Street (Busy Road),220.0,2.0
10,11,Mid, A,451,Middle_Unit,7200000,15965,31/5/2018,North West,1. Premium Plus (Full River/Park),580.0,9.0
9,7,Low, D,327,Small_Unit,4700000,14373,29/5/2018,South West,6. Normal (Good Direction - S/E),600.0,6.0
1,16,Mid, F,451,Middle_Unit,7750000,17184,29/5/2018,South East,6. Normal (Good Direction - S/E),650.0,6.0
30,5,Low, G,327,Small_Unit,4600000,14067,28/5/2018,East,9. Poor Close (Wall View),420.0,3.0
22,8,Low, C,484,Middle_Unit,7990000,16508,28/5/2018,South West,6. Normal (Good Direction - S/E),480.0,6.0
29,24,Mid, B,451,Middle_Unit,7620000,16896,28/5/2018,East,9. Poor Close (Wall View),450.0,3.0
39,23,Mid, H,304,Small_Unit,5490000,18059,25/5/2018,North,10. Poor Street (Busy Road),180.0,2.0
41,10,Low, G,304,Small_Unit,5200000,17105,25/5/2018,North,10. Poor Street (Busy Road),220.0,2.0
10,4,Low, E,451,Middle_Unit,7800000,17295,24/5/2018,South East,1. Premium Plus (Full River/Park),580.0,9.0
19,27,High, C,327,Small_Unit,6100000,18654,23/5/2018,South West,6. Normal (Good Direction - S/E),550.0,6.0
38,31,High, B,284,Small_Unit,5000000,17606,21/5/2018,East,9. Poor Close (Wall View),150.0,3.0
46,23,Mid, C,304,Small_Unit,5638000,18546,21/5/2018,South,6. Normal (Good Direction - S/E),180.0,6.0
29,1,Low, C,327,Small_Unit,4870000,14893,21/5/2018,West,10. Poor Street (Busy Road),450.0,2.0
41,32,High, G,304,Small_Unit,5950000,19572,16/5/2018,North,10. Poor Street (Busy Road),220.0,2.0
44,28,High, G,304,Small_Unit,5420000,17829,15/5/2018,North,9. Poor Close (Wall View),150.0,3.0
16,25,Mid, A,451,Middle_Unit,7680000,17029,15/5/2018,North West,8. Normal (Poor Direction - N/W),500.0,4.5
44,5,Low, A,284,Small_Unit,5200000,18310,14/5/2018,West,9. Poor Close (Wall View),150.0,3.0
37,12,Mid, A,284,Small_Unit,5330000,18768,11/5/2018,East,6. Normal (Good Direction - S/E),150.0,6.0
12,19,Mid, F,484,Middle_Unit,7750000,16012,11/5/2018,South East,1. Premium Plus (Full River/Park),580.0,9.0
48,8,Low, G,304,Small_Unit,5280000,17368,11/5/2018,North,10. Poor Street (Busy Road),200.0,2.0
36,24,Mid, G,307,Small_Unit,5400000,17590,11/5/2018,West,10. Poor Street (Busy Road),300.0,2.0
19,6,Low, D,327,Small_Unit,5500000,16820,11/5/2018,South West,6. Normal (Good Direction - S/E),550.0,6.0
38,9,Low, G,304,Small_Unit,5280000,17368,10/5/2018,North,10. Poor Street (Busy Road),150.0,2.0
44,9,Low, F,284,Small_Unit,5280000,18592,10/5/2018,East,9. Poor Close (Wall View),150.0,3.0
17,15,Mid, C,327,Small_Unit,4700000,14373,10/5/2018,South West,6. Normal (Good Direction - S/E),520.0,6.0
44,28,High, H,304,Small_Unit,5400000,17763,7/5/2018,North,9. Poor Close (Wall View),150.0,3.0
39,9,Low, F,284,Small_Unit,5300000,18662,7/5/2018,West,9. Poor Close (Wall View),180.0,3.0
31,23,Mid, B,451,Middle_Unit,7600000,16851,3/5/2018,South,5. Good Internal (Pool/Garden/Mall),400.0,6.5
24,15,Mid, B,447,Middle_Unit,7450000,16667,3/5/2018,East,9. Poor Close (Wall View),380.0,3.0
52,32,High, F,284,Small_Unit,5630000,19824,3/5/2018,South East,6. Normal (Good Direction - S/E),280.0,6.0
20,8,Low, A,451,Middle_Unit,7050000,15632,30/4/2018,North West,8. Normal (Poor Direction - N/W),520.0,4.5
41,29,High, H,304,Small_Unit,5550000,18257,30/4/2018,North,10. Poor Street (Busy Road),220.0,2.0
24,1,Low, E,447,Middle_Unit,6680000,14944,27/4/2018,North,8. Normal (Poor Direction - N/W),380.0,4.5
19,22,Mid, D,327,Small_Unit,5850000,17890,27/4/2018,South West,6. Normal (Good Direction - S/E),550.0,6.0
20,19,Mid, D,327,Small_Unit,5690000,17401,27/4/2018,South West,6. Normal (Good Direction - S/E),520.0,6.0
24,27,High, C,326,Small_Unit,5800000,17791,27/4/2018,West,10. Poor Street (Busy Road),380.0,2.0
24,10,Low, A,447,Middle_Unit,7450000,16667,26/4/2018,East,9. Poor Close (Wall View),380.0,3.0
32,29,High, E,451,Middle_Unit,6538000,14497,25/4/2018,North,10. Poor Street (Busy Road),380.0,2.0
52,18,Mid, H,304,Small_Unit,5500000,18092,24/4/2018,North East,6. Normal (Good Direction - S/E),280.0,6.0
39,8,Low, H,304,Small_Unit,5250000,17270,24/4/2018,North,10. Poor Street (Busy Road),180.0,2.0
37,21,Mid, B,284,Small_Unit,5180000,18239,24/4/2018,East,6. Normal (Good Direction - S/E),150.0,6.0
43,13,Mid, C,304,Small_Unit,5363000,17641,24/4/2018,South,6. Normal (Good Direction - S/E),220.0,6.0
16,13,Mid, G,327,Small_Unit,5620000,17187,23/4/2018,North East,6. Normal (Good Direction - S/E),500.0,6.0
16,1,Low, D,327,Small_Unit,5020000,15352,23/4/2018,South West,6. Normal (Good Direction - S/E),500.0,6.0
46,31,High, B,284,Small_Unit,5160000,18169,23/4/2018,West,10. Poor Street (Busy Road),180.0,2.0
49,21,Mid, G,304,Small_Unit,5210000,17138,20/4/2018,North East,6. Normal (Good Direction - S/E),220.0,6.0
12,7,Low, D,504,Middle_Unit,7524000,14929,20/4/2018,South West,3. Premium Partial (Slivers of Water/Park),580.0,8.0
32,16,Mid, H,327,Small_Unit,5628000,17211,20/4/2018,East,10. Poor Street (Busy Road),380.0,2.0
32,12,Mid, C,327,Small_Unit,5500000,16820,19/4/2018,West,9. Poor Close (Wall View),380.0,3.0
19,23,Mid, E,451,Middle_Unit,7080000,15698,18/4/2018,South East,6. Normal (Good Direction - S/E),550.0,6.0
29,29,High, D,327,Small_Unit,5700000,17431,18/4/2018,West,10. Poor Street (Busy Road),450.0,2.0
52,6,Low, G,304,Small_Unit,5080000,16711,18/4/2018,North East,6. Normal (Good Direction - S/E),280.0,6.0
36,3,Low, G,307,Small_Unit,5200000,16938,18/4/2018,West,10. Poor Street (Busy Road),300.0,2.0
48,21,Mid, F,284,Small_Unit,5480000,19296,18/4/2018,East,10. Poor Street (Busy Road),200.0,2.0
51,3,Low, B,284,Small_Unit,4880000,17183,17/4/2018,North West,8. Normal (Poor Direction - N/W),280.0,4.5
46,24,Mid, H,304,Small_Unit,4990000,16414,13/4/2018,North,10. Poor Street (Busy Road),180.0,2.0
47,28,High, E,284,Small_Unit,4800000,16901,13/4/2018,East,9. Poor Close (Wall View),180.0,3.0
6,13,Mid, B,819,Large_Unit,11500000,14042,12/4/2018,North West,2. Premium (Full River - West/Sun),720.0,8.5
26,4,Low, A,447,Middle_Unit,6780000,15168,12/4/2018,North,8. Normal (Poor Direction - N/W),420.0,4.5
6,23,Mid, A,819,Large_Unit,11880000,14505,12/4/2018,North West,2. Premium (Full River - West/Sun),720.0,8.5
17,27,High, H,327,Small_Unit,5620000,17187,6/4/2018,North East,6. Normal (Good Direction - S/E),520.0,6.0
47,5,Low, D,304,Small_Unit,5060000,16645,6/4/2018,South,6. Normal (Good Direction - S/E),180.0,6.0
52,5,Low, H,304,Small_Unit,5020000,16513,4/4/2018,North East,6. Normal (Good Direction - S/E),280.0,6.0
45,9,Low, B,284,Small_Unit,5200000,18310,4/4/2018,West,9. Poor Close (Wall View),150.0,3.0
42,32,High, A,284,Small_Unit,5620000,19789,3/4/2018,West,9. Poor Close (Wall View),200.0,3.0
51,21,Mid, B,284,Small_Unit,5080000,17887,28/3/2018,North West,8. Normal (Poor Direction - N/W),280.0,4.5
3,8,Low, A,451,Middle_Unit,6400000,14191,28/3/2018,North West,2. Premium (Full River - West/Sun),700.0,8.5
52,10,Low, D,304,Small_Unit,5150000,16941,27/3/2018,South West,6. Normal (Good Direction - S/E),280.0,6.0
40,8,Low, H,304,Small_Unit,5355000,17615,27/3/2018,North,10. Poor Street (Busy Road),200.0,2.0
16,8,Low, G,327,Small_Unit,5388000,16477,27/3/2018,North East,6. Normal (Good Direction - S/E),500.0,6.0
38,32,High, F,284,Small_Unit,5500000,19366,26/3/2018,West,9. Poor Close (Wall View),150.0,3.0
40,20,Mid, G,304,Small_Unit,5220000,17171,26/3/2018,North,10. Poor Street (Busy Road),200.0,2.0
21,1,Low, C,327,Small_Unit,4838000,14795,23/3/2018,South West,6. Normal (Good Direction - S/E),500.0,6.0
51,25,Mid, A,284,Small_Unit,5330000,18768,23/3/2018,North West,8. Normal (Poor Direction - N/W),280.0,4.5
4,14,Mid, D,853,Large_Unit,11000000,12896,22/3/2018,South West,2. Premium (Full River - West/Sun),720.0,8.5
40,28,High, D,304,Small_Unit,4960000,16316,19/3/2018,South,9. Poor Close (Wall View),200.0,3.0
50,5,Low, F,284,Small_Unit,4830000,17007,19/3/2018,South East,6. Normal (Good Direction - S/E),250.0,6.0
24,22,Mid, C,326,Small_Unit,5560000,17055,19/3/2018,West,10. Poor Street (Busy Road),380.0,2.0
36,33,High, H,307,Small_Unit,4980000,16221,16/3/2018,West,10. Poor Street (Busy Road),300.0,2.0
23,27,High, D,327,Small_Unit,5750000,17584,16/3/2018,South West,6. Normal (Good Direction - S/E),350.0,6.0
20,15,Mid, A,451,Middle_Unit,6000000,13304,16/3/2018,North West,8. Normal (Poor Direction - N/W),520.0,4.5
49,18,Mid, G,304,Small_Unit,5380000,17697,15/3/2018,North East,6. Normal (Good Direction - S/E),220.0,6.0
39,7,Low, B,284,Small_Unit,4780000,16831,12/3/2018,East,9. Poor Close (Wall View),180.0,3.0
38,31,High, D,304,Small_Unit,5100000,16776,9/3/2018,South,9. Poor Close (Wall View),150.0,3.0
35,27,High, C,707,Large_Unit,8000000,11315,8/3/2018,North,4. Good Open (High Floor City),320.0,7.0
47,7,Low, C,304,Small_Unit,4892000,16092,7/3/2018,South,6. Normal (Good Direction - S/E),180.0,6.0
11,10,Low, E,504,Middle_Unit,7630000,15139,7/3/2018,South East,1. Premium Plus (Full River/Park),550.0,9.0
49,30,High, C,304,Small_Unit,5500000,18092,6/3/2018,South West,6. Normal (Good Direction - S/E),220.0,6.0
37,27,High, C,304,Small_Unit,5420000,17829,6/3/2018,South,9. Poor Close (Wall View),150.0,3.0
41,32,High, D,304,Small_Unit,5500000,18092,5/3/2018,South,6. Normal (Good Direction - S/E),220.0,6.0
30,3,Low, C,327,Small_Unit,5360000,16391,5/3/2018,West,10. Poor Street (Busy Road),420.0,2.0
29,28,High, H,327,Small_Unit,5660000,17309,1/3/2018,South,9. Poor Close (Wall View),450.0,3.0
44,28,High, C,304,Small_Unit,5090000,16743,1/3/2018,South,6. Normal (Good Direction - S/E),150.0,6.0
41,5,Low, C,304,Small_Unit,4750000,15625,1/3/2018,South,6. Normal (Good Direction - S/E),220.0,6.0
37,3,Low, F,284,Small_Unit,5168000,18197,27/2/2018,West,9. Poor Close (Wall View),150.0,3.0
46,9,Low, F,284,Small_Unit,4000000,14085,27/2/2018,East,9. Poor Close (Wall View),180.0,3.0
51,21,Mid, D,304,Small_Unit,4620000,15197,27/2/2018,South West,6. Normal (Good Direction - S/E),280.0,6.0
23,27,High, G,327,Small_Unit,5550000,16972,27/2/2018,North East,6. Normal (Good Direction - S/E),350.0,6.0
43,10,Low, H,304,Small_Unit,4500000,14803,27/2/2018,North,9. Poor Close (Wall View),220.0,3.0
43,30,High, B,284,Small_Unit,4900000,17254,26/2/2018,West,9. Poor Close (Wall View),220.0,3.0
33,5,Low, A,820,Large_Unit,10450000,12744,26/2/2018,East,6. Normal (Good Direction - S/E),350.0,6.0
39,19,Mid, A,284,Small_Unit,4960000,17465,23/2/2018,East,9. Poor Close (Wall View),180.0,3.0
49,29,High, G,304,Small_Unit,4965000,16332,23/2/2018,North East,6. Normal (Good Direction - S/E),220.0,6.0
39,20,Mid, E,284,Small_Unit,4750000,16725,22/2/2018,West,9. Poor Close (Wall View),180.0,3.0
42,19,Mid, H,304,Small_Unit,4980000,16382,22/2/2018,North,9. Poor Close (Wall View),200.0,3.0
2,13,Mid, F,451,Middle_Unit,7100000,15743,22/2/2018,South East,3. Premium Partial (Slivers of Water/Park),680.0,6.0
2,23,Mid, F,451,Middle_Unit,6880000,15255,22/2/2018,South East,3. Premium Partial (Slivers of Water/Park),680.0,6.0
23,18,Mid, D,327,Small_Unit,5100000,15596,22/2/2018,South West,6. Normal (Good Direction - S/E),350.0,6.0
30,15,Mid, C,327,Small_Unit,5300000,16208,22/2/2018,West,10. Poor Street (Busy Road),420.0,2.0
41,25,Mid, D,304,Small_Unit,5090000,16743,22/2/2018,South,6. Normal (Good Direction - S/E),220.0,6.0
24,8,Low, H,326,Small_Unit,5180000,15890,21/2/2018,South,10. Poor Street (Busy Road),380.0,2.0
3,27,High, H,327,Small_Unit,5480000,16758,20/2/2018,North East,2. Premium (Full River - West/Sun),700.0,8.5
52,13,Mid, D,304,Small_Unit,4830000,15888,20/2/2018,South West,6. Normal (Good Direction - S/E),280.0,6.0
31,21,Mid, C,327,Small_Unit,4800000,14679,20/2/2018,West,9. Poor Close (Wall View),400.0,3.0
36,28,High, H,307,Small_Unit,4500000,14658,15/2/2018,West,10. Poor Street (Busy Road),300.0,2.0
50,17,Mid, B,284,Small_Unit,4857500,17104,15/2/2018,North West,8. Normal (Poor Direction - N/W),250.0,4.5
24,28,High, G,326,Small_Unit,5300000,16258,14/2/2018,South,10. Poor Street (Busy Road),380.0,2.0
38,24,Mid, E,284,Small_Unit,4650000,16373,13/2/2018,West,9. Poor Close (Wall View),150.0,3.0
42,30,High, A,284,Small_Unit,4900000,17254,13/2/2018,West,9. Poor Close (Wall View),200.0,3.0
10,22,Mid, G,327,Small_Unit,4980000,15229,13/2/2018,North East,1. Premium Plus (Full River/Park),580.0,9.0
17,9,Low, G,327,Small_Unit,5100000,15596,12/2/2018,North East,6. Normal (Good Direction - S/E),520.0,6.0
42,3,Low, G,304,Small_Unit,4550000,14967,12/2/2018,North,9. Poor Close (Wall View),200.0,3.0
27,22,Mid, B,688,Large_Unit,8900000,12936,9/2/2018,East,9. Poor Close (Wall View),450.0,3.0
38,6,Low, F,284,Small_Unit,4630000,16303,9/2/2018,West,9. Poor Close (Wall View),150.0,3.0
37,11,Mid, A,284,Small_Unit,4860000,17113,8/2/2018,East,6. Normal (Good Direction - S/E),150.0,6.0
49,28,High, B,284,Small_Unit,4760000,16761,8/2/2018,North West,4. Good Open (High Floor City),220.0,7.0
52,20,Mid, A,284,Small_Unit,4900000,17254,6/2/2018,North West,8. Normal (Poor Direction - N/W),280.0,4.5
1,6,Low, F,451,Middle_Unit,6600000,14634,5/2/2018,South East,6. Normal (Good Direction - S/E),650.0,6.0
23,8,Low, D,327,Small_Unit,4950000,15138,5/2/2018,South West,6. Normal (Good Direction - S/E),350.0,6.0
23,6,Low, G,327,Small_Unit,5000000,15291,5/2/2018,North East,6. Normal (Good Direction - S/E),350.0,6.0
45,11,Mid, H,304,Small_Unit,5150000,16941,5/2/2018,North,9. Poor Close (Wall View),150.0,3.0
18,3,Low, C,484,Middle_Unit,7600000,15702,5/2/2018,South West,6. Normal (Good Direction - S/E),550.0,6.0
32,14,Mid, D,327,Small_Unit,5200000,15902,2/2/2018,West,9. Poor Close (Wall View),380.0,3.0
30,29,High, C,327,Small_Unit,5300000,16208,2/2/2018,West,10. Poor Street (Busy Road),420.0,2.0
2,15,Mid, B,451,Middle_Unit,6500000,14412,2/2/2018,North West,2. Premium (Full River - West/Sun),680.0,8.5
3,10,Low, B,451,Middle_Unit,6580000,14590,1/2/2018,North West,2. Premium (Full River - West/Sun),700.0,8.5
20,10,Low, D,327,Small_Unit,4950000,15138,31/1/2018,South West,6. Normal (Good Direction - S/E),520.0,6.0
41,19,Mid, C,304,Small_Unit,4400000,14474,31/1/2018,South,6. Normal (Good Direction - S/E),220.0,6.0
44,17,Mid, H,304,Small_Unit,4950000,16283,31/1/2018,North,9. Poor Close (Wall View),150.0,3.0
25,12,Mid, B,688,Large_Unit,9100000,13227,30/1/2018,North,8. Normal (Poor Direction - N/W),400.0,4.5
19,26,High, A,451,Middle_Unit,6900000,15299,30/1/2018,North West,8. Normal (Poor Direction - N/W),550.0,4.5
52,24,Mid, B,284,Small_Unit,4880000,17183,29/1/2018,North West,8. Normal (Poor Direction - N/W),280.0,4.5
12,33,High, D,504,Middle_Unit,8430000,16726,29/1/2018,South West,3. Premium Partial (Slivers of Water/Park),580.0,8.0
36,21,Mid, B,478,Middle_Unit,7150000,14958,29/1/2018,North,4. Good Open (High Floor City),300.0,7.0
48,23,Mid, C,304,Small_Unit,4800000,15789,26/1/2018,South,6. Normal (Good Direction - S/E),200.0,6.0
38,10,Low, H,304,Small_Unit,4998000,16441,26/1/2018,North,10. Poor Street (Busy Road),150.0,2.0
7,32,High, A,515,Middle_Unit,8380000,16272,24/1/2018,North West,2. Premium (Full River - West/Sun),600.0,8.5
42,31,High, F,284,Small_Unit,4900000,17254,24/1/2018,East,9. Poor Close (Wall View),200.0,3.0
10,28,High, H,327,Small_Unit,5130000,15688,24/1/2018,North East,1. Premium Plus (Full River/Park),580.0,9.0
50,6,Low, C,304,Small_Unit,4600000,15132,23/1/2018,South West,6. Normal (Good Direction - S/E),250.0,6.0
40,32,High, B,284,Small_Unit,5160000,18169,23/1/2018,East,9. Poor Close (Wall View),200.0,3.0
44,7,Low, A,284,Small_Unit,4500000,15845,22/1/2018,West,9. Poor Close (Wall View),150.0,3.0
47,32,High, A,284,Small_Unit,5020000,17676,22/1/2018,West,9. Poor Close (Wall View),180.0,3.0
3,3,Low, A,451,Middle_Unit,6230000,13814,19/1/2018,North West,2. Premium (Full River - West/Sun),700.0,8.5
1,4,Low, E,451,Middle_Unit,6000000,13304,18/1/2018,South East,6. Normal (Good Direction - S/E),650.0,6.0
8,16,Mid, D,327,Small_Unit,5190000,15872,18/1/2018,South West,6. Normal (Good Direction - S/E),620.0,6.0
39,24,Mid, G,304,Small_Unit,5180000,17039,17/1/2018,North,10. Poor Street (Busy Road),180.0,2.0
49,26,High, B,284,Small_Unit,4450000,15669,17/1/2018,North West,4. Good Open (High Floor City),220.0,7.0
32,5,Low, B,451,Middle_Unit,6100000,13525,17/1/2018,South,5. Good Internal (Pool/Garden/Mall),380.0,6.5
41,31,High, A,284,Small_Unit,4900000,17254,16/1/2018,West,10. Poor Street (Busy Road),220.0,2.0
36,14,Mid, C,307,Small_Unit,4680000,15244,15/1/2018,East,6. Normal (Good Direction - S/E),300.0,6.0
30,30,High, C,327,Small_Unit,4800000,14679,15/1/2018,West,10. Poor Street (Busy Road),420.0,2.0
3,27,High, D,327,Small_Unit,5200000,15902,12/1/2018,South West,2. Premium (Full River - West/Sun),700.0,8.5
29,3,Low, D,327,Small_Unit,4720000,14434,12/1/2018,West,10. Poor Street (Busy Road),450.0,2.0
43,10,Low, B,284,Small_Unit,4000000,14085,12/1/2018,West,9. Poor Close (Wall View),220.0,3.0
39,13,Mid, E,284,Small_Unit,4800000,16901,12/1/2018,West,9. Poor Close (Wall View),180.0,3.0
32,25,Mid, D,327,Small_Unit,5220000,15963,12/1/2018,West,9. Poor Close (Wall View),380.0,3.0
47,32,High, E,284,Small_Unit,4800000,16901,12/1/2018,East,9. Poor Close (Wall View),180.0,3.0
38,9,Low, D,304,Small_Unit,4600000,15132,11/1/2018,South,9. Poor Close (Wall View),150.0,3.0
43,20,Mid, E,284,Small_Unit,4670000,16444,11/1/2018,East,9. Poor Close (Wall View),220.0,3.0
44,26,High, A,284,Small_Unit,4746000,16711,11/1/2018,West,9. Poor Close (Wall View),150.0,3.0
41,5,Low, F,284,Small_Unit,4400000,15493,11/1/2018,East,9. Poor Close (Wall View),220.0,3.0
16,10,Low, G,327,Small_Unit,5280000,16147,9/1/2018,North East,6. Normal (Good Direction - S/E),500.0,6.0
39,22,Mid, A,284,Small_Unit,4880000,17183,9/1/2018,East,9. Poor Close (Wall View),180.0,3.0
9,28,High, H,327,Small_Unit,5130000,15688,9/1/2018,North East,6. Normal (Good Direction - S/E),600.0,6.0
36,32,High, B,478,Middle_Unit,7430000,15544,9/1/2018,North,4. Good Open (High Floor City),300.0,7.0
37,21,Mid, A,284,Small_Unit,4820000,16972,8/1/2018,East,6. Normal (Good Direction - S/E),150.0,6.0
20,9,Low, C,327,Small_Unit,5200000,15902,5/1/2018,South West,6. Normal (Good Direction - S/E),520.0,6.0
38,32,High, G,304,Small_Unit,5355000,17615,5/1/2018,North,10. Poor Street (Busy Road),150.0,2.0
52,12,Mid, F,284,Small_Unit,4900000,17254,5/1/2018,South East,6. Normal (Good Direction - S/E),280.0,6.0
5,24,Mid, C,853,Large_Unit,10780000,12638,5/1/2018,South West,2. Premium (Full River - West/Sun),750.0,8.5
52,16,Mid, E,284,Small_Unit,4650000,16373,5/1/2018,South East,6. Normal (Good Direction - S/E),280.0,6.0
30,5,Low, D,327,Small_Unit,4880000,14924,4/1/2018,West,10. Poor Street (Busy Road),420.0,2.0
32,4,Low, F,451,Middle_Unit,6400000,14191,4/1/2018,North,10. Poor Street (Busy Road),380.0,2.0
43,21,Mid, C,304,Small_Unit,4700000,15461,4/1/2018,South,6. Normal (Good Direction - S/E),220.0,6.0
9,18,Mid, G,327,Small_Unit,4880000,14924,3/1/2018,North East,6. Normal (Good Direction - S/E),600.0,6.0
41,10,Low, H,304,Small_Unit,4450000,14638,3/1/2018,North,10. Poor Street (Busy Road),220.0,2.0
41,30,High, E,284,Small_Unit,4550000,16021,3/1/2018,East,9. Poor Close (Wall View),220.0,3.0
6,13,Mid, D,853,Large_Unit,10950000,12837,2/1/2018,South West,11. Poor Highway (Tai Chung Kiu Noise Penalty),720.0,1.0
24,18,Mid, C,326,Small_Unit,5000000,15337,29/12/2017,West,10. Poor Street (Busy Road),380.0,2.0
1,14,Mid, D,327,Small_Unit,4880000,14924,28/12/2017,South West,2. Premium (Full River - West/Sun),650.0,8.5
52,21,Mid, B,284,Small_Unit,4480000,15775,28/12/2017,North West,8. Normal (Poor Direction - N/W),280.0,4.5
1,18,Mid, D,327,Small_Unit,5062000,15480,28/12/2017,South West,2. Premium (Full River - West/Sun),650.0,8.5
9,30,High, H,327,Small_Unit,5150000,15749,27/12/2017,North East,6. Normal (Good Direction - S/E),600.0,6.0
38,9,Low, E,284,Small_Unit,4660000,16408,27/12/2017,West,9. Poor Close (Wall View),150.0,3.0
51,19,Mid, D,304,Small_Unit,4500000,14803,22/12/2017,South West,6. Normal (Good Direction - S/E),280.0,6.0
2,27,High, C,327,Small_Unit,5320000,16269,22/12/2017,South West,2. Premium (Full River - West/Sun),680.0,8.5
45,8,Low, D,304,Small_Unit,4830000,15888,22/12/2017,South,6. Normal (Good Direction - S/E),150.0,6.0
45,14,Mid, F,284,Small_Unit,4720000,16620,21/12/2017,East,10. Poor Street (Busy Road),150.0,2.0
44,28,High, B,284,Small_Unit,4700000,16549,21/12/2017,West,9. Poor Close (Wall View),150.0,3.0
9,5,Low, C,327,Small_Unit,4780000,14618,19/12/2017,South West,6. Normal (Good Direction - S/E),600.0,6.0
51,26,High, E,284,Small_Unit,4780000,16831,19/12/2017,South East,6. Normal (Good Direction - S/E),280.0,6.0
52,8,Low, E,284,Small_Unit,4680000,16479,18/12/2017,South East,6. Normal (Good Direction - S/E),280.0,6.0
24,20,Mid, E,447,Middle_Unit,6750000,15101,15/12/2017,North,8. Normal (Poor Direction - N/W),380.0,4.5
24,20,Mid, C,326,Small_Unit,5030000,15429,15/12/2017,West,10. Poor Street (Busy Road),380.0,2.0
36,14,Mid, E,478,Middle_Unit,6500000,13598,14/12/2017,South,5. Good Internal (Pool/Garden/Mall),300.0,6.5
7,12,Mid, D,504,Middle_Unit,6900000,13690,14/12/2017,South West,2. Premium (Full River - West/Sun),600.0,8.5
3,26,High, G,327,Small_Unit,5160000,15780,14/12/2017,North East,2. Premium (Full River - West/Sun),700.0,8.5
30,30,High, C,327,Small_Unit,4800000,14679,14/12/2017,West,10. Poor Street (Busy Road),420.0,2.0
20,20,Mid, G,327,Small_Unit,4950000,15138,13/12/2017,North East,6. Normal (Good Direction - S/E),520.0,6.0
36,26,High, H,307,Small_Unit,4715000,15358,13/12/2017,West,10. Poor Street (Busy Road),300.0,2.0
19,1,Low, G,330,Small_Unit,4600000,13939,12/12/2017,North East,6. Normal (Good Direction - S/E),550.0,6.0
9,7,Low, F,451,Middle_Unit,6200000,13747,12/12/2017,South East,6. Normal (Good Direction - S/E),600.0,6.0
8,23,Mid, C,327,Small_Unit,5060000,15474,12/12/2017,South West,6. Normal (Good Direction - S/E),620.0,6.0
40,25,Mid, D,304,Small_Unit,4800000,15789,11/12/2017,South,9. Poor Close (Wall View),200.0,3.0
31,6,Low, H,327,Small_Unit,4805000,14694,8/12/2017,East,9. Poor Close (Wall View),400.0,3.0
51,14,Mid, H,304,Small_Unit,4600000,15132,8/12/2017,North East,6. Normal (Good Direction - S/E),280.0,6.0
37,25,Mid, D,304,Small_Unit,4850000,15954,6/12/2017,South,9. Poor Close (Wall View),150.0,3.0
38,16,Mid, C,304,Small_Unit,4838000,15914,5/12/2017,South,9. Poor Close (Wall View),150.0,3.0
47,24,Mid, C,304,Small_Unit,4680000,15395,5/12/2017,South,6. Normal (Good Direction - S/E),180.0,6.0
38,26,High, D,304,Small_Unit,4500000,14803,4/12/2017,South,9. Poor Close (Wall View),150.0,3.0
40,22,Mid, G,304,Small_Unit,4730000,15559,30/11/2017,North,10. Poor Street (Busy Road),200.0,2.0
1,7,Low, D,327,Small_Unit,4850000,14832,29/11/2017,South West,2. Premium (Full River - West/Sun),650.0,8.5
46,8,Low, B,284,Small_Unit,4450000,15669,29/11/2017,West,10. Poor Street (Busy Road),180.0,2.0
51,20,Mid, E,284,Small_Unit,4420000,15563,29/11/2017,South East,6. Normal (Good Direction - S/E),280.0,6.0
21,16,Mid, H,327,Small_Unit,4800000,14679,28/11/2017,North East,6. Normal (Good Direction - S/E),500.0,6.0
41,24,Mid, C,304,Small_Unit,4800000,15789,27/11/2017,South,6. Normal (Good Direction - S/E),220.0,6.0
9,7,Low, H,327,Small_Unit,4798000,14673,27/11/2017,North East,6. Normal (Good Direction - S/E),600.0,6.0
50,13,Mid, B,284,Small_Unit,4630000,16303,24/11/2017,North West,8. Normal (Poor Direction - N/W),250.0,4.5
21,12,Mid, G,327,Small_Unit,4700000,14373,24/11/2017,North East,6. Normal (Good Direction - S/E),500.0,6.0
8,9,Low, H,327,Small_Unit,4900000,14985,23/11/2017,North East,6. Normal (Good Direction - S/E),620.0,6.0
34,31,High, A,707,Large_Unit,8600000,12164,23/11/2017,South,4. Good Open (High Floor City),300.0,7.0
3,23,Mid, B,451,Middle_Unit,6540000,14501,22/11/2017,North West,2. Premium (Full River - West/Sun),700.0,8.5
3,5,Low, B,451,Middle_Unit,6380000,14146,21/11/2017,North West,2. Premium (Full River - West/Sun),700.0,8.5
10,20,Mid, D,327,Small_Unit,4600000,14067,21/11/2017,South West,3. Premium Partial (Slivers of Water/Park),580.0,8.0
50,26,High, G,304,Small_Unit,4950000,16283,20/11/2017,North East,6. Normal (Good Direction - S/E),250.0,6.0
20,14,Mid, F,451,Middle_Unit,6380000,14146,17/11/2017,South East,6. Normal (Good Direction - S/E),520.0,6.0
25,20,Mid, A,688,Large_Unit,8750000,12718,17/11/2017,North,8. Normal (Poor Direction - N/W),400.0,4.5
37,6,Low, G,304,Small_Unit,4550000,14967,17/11/2017,North,5. Good Internal (Pool/Garden/Mall),150.0,6.5
39,10,Low, G,304,Small_Unit,4520000,14868,17/11/2017,North,10. Poor Street (Busy Road),180.0,2.0
52,27,High, E,284,Small_Unit,4730000,16655,15/11/2017,South East,6. Normal (Good Direction - S/E),280.0,6.0
38,17,Mid, H,304,Small_Unit,4830000,15888,14/11/2017,North,10. Poor Street (Busy Road),150.0,2.0
21,23,Mid, H,327,Small_Unit,5000000,15291,14/11/2017,North East,6. Normal (Good Direction - S/E),500.0,6.0
24,13,Mid, D,326,Small_Unit,4925000,15107,14/11/2017,West,10. Poor Street (Busy Road),380.0,2.0
30,17,Mid, A,451,Middle_Unit,6100000,13525,14/11/2017,South,5. Good Internal (Pool/Garden/Mall),420.0,6.5
38,22,Mid, H,304,Small_Unit,4590000,15099,10/11/2017,North,10. Poor Street (Busy Road),150.0,2.0
9,23,Mid, C,327,Small_Unit,4838000,14795,7/11/2017,South West,6. Normal (Good Direction - S/E),600.0,6.0
44,32,High, D,304,Small_Unit,4980000,16382,7/11/2017,South,4. Good Open (High Floor City),150.0,7.0
52,8,Low, H,304,Small_Unit,4468000,14697,6/11/2017,North East,6. Normal (Good Direction - S/E),280.0,6.0
41,24,Mid, D,304,Small_Unit,4540000,14934,3/11/2017,South,6. Normal (Good Direction - S/E),220.0,6.0
45,29,High, H,304,Small_Unit,4880000,16053,3/11/2017,North,9. Poor Close (Wall View),150.0,3.0
45,13,Mid, A,284,Small_Unit,4430000,15599,3/11/2017,West,9. Poor Close (Wall View),150.0,3.0
16,8,Low, H,327,Small_Unit,4760000,14557,3/11/2017,North East,6. Normal (Good Direction - S/E),500.0,6.0
17,13,Mid, D,327,Small_Unit,4750000,14526,2/11/2017,South West,6. Normal (Good Direction - S/E),520.0,6.0
45,4,Low, H,304,Small_Unit,4400000,14474,1/11/2017,North,9. Poor Close (Wall View),150.0,3.0
18,7,Low, C,484,Middle_Unit,6850000,14153,31/10/2017,South West,6. Normal (Good Direction - S/E),550.0,6.0
12,3,Low, B,515,Middle_Unit,6000000,11650,31/10/2017,North West,1. Premium Plus (Full River/Park),580.0,9.0
47,31,High, G,304,Small_Unit,4750000,15625,30/10/2017,North,10. Poor Street (Busy Road),180.0,2.0
9,19,Mid, B,451,Middle_Unit,6000000,13304,30/10/2017,North West,8. Normal (Poor Direction - N/W),600.0,4.5
42,30,High, H,304,Small_Unit,4580000,15066,30/10/2017,North,9. Poor Close (Wall View),200.0,3.0
47,30,High, G,304,Small_Unit,4680000,15395,26/10/2017,North,10. Poor Street (Busy Road),180.0,2.0
48,16,Mid, E,284,Small_Unit,4620000,16268,26/10/2017,East,10. Poor Street (Busy Road),200.0,2.0
48,9,Low, E,284,Small_Unit,4390000,15458,26/10/2017,East,10. Poor Street (Busy Road),200.0,2.0
28,20,Mid, C,688,Large_Unit,8820000,12820,25/10/2017,West,9. Poor Close (Wall View),480.0,3.0
26,17,Mid, A,447,Middle_Unit,6700000,14989,25/10/2017,North,8. Normal (Poor Direction - N/W),420.0,4.5
49,27,High, B,284,Small_Unit,4380000,15423,24/10/2017,North West,4. Good Open (High Floor City),220.0,7.0
45,27,High, F,284,Small_Unit,4700000,16549,24/10/2017,East,10. Poor Street (Busy Road),150.0,2.0
51,16,Mid, A,284,Small_Unit,4300000,15141,24/10/2017,North West,8. Normal (Poor Direction - N/W),280.0,4.5
5,20,Mid, D,853,Large_Unit,10380000,12169,23/10/2017,South West,2. Premium (Full River - West/Sun),750.0,8.5
48,18,Mid, D,304,Small_Unit,4550000,14967,20/10/2017,South,6. Normal (Good Direction - S/E),200.0,6.0
38,27,High, E,284,Small_Unit,4700000,16549,20/10/2017,West,9. Poor Close (Wall View),150.0,3.0
22,9,Low, F,484,Middle_Unit,6860000,14174,20/10/2017,South East,6. Normal (Good Direction - S/E),480.0,6.0
32,7,Low, C,327,Small_Unit,4750000,14526,20/10/2017,West,9. Poor Close (Wall View),380.0,3.0
52,18,Mid, A,284,Small_Unit,4580000,16127,19/10/2017,North West,8. Normal (Poor Direction - N/W),280.0,4.5
20,7,Low, C,327,Small_Unit,4780000,14618,18/10/2017,South West,6. Normal (Good Direction - S/E),520.0,6.0
45,3,Low, H,304,Small_Unit,4450000,14638,18/10/2017,North,9. Poor Close (Wall View),150.0,3.0
44,3,Low, H,304,Small_Unit,4400000,14474,18/10/2017,North,9. Poor Close (Wall View),150.0,3.0
48,25,Mid, C,304,Small_Unit,4920000,16184,16/10/2017,South,6. Normal (Good Direction - S/E),200.0,6.0
51,27,High, E,284,Small_Unit,4800000,16901,13/10/2017,South East,6. Normal (Good Direction - S/E),280.0,6.0
39,14,Mid, E,284,Small_Unit,4500000,15845,12/10/2017,West,9. Poor Close (Wall View),180.0,3.0
29,30,High, G,327,Small_Unit,5000000,15291,12/10/2017,South,9. Poor Close (Wall View),450.0,3.0
14,2,Low, C,853,Large_Unit,9380000,10996,12/10/2017,South West,6. Normal (Good Direction - S/E),680.0,6.0
31,5,Low, A,451,Middle_Unit,6100000,13525,10/10/2017,South,5. Good Internal (Pool/Garden/Mall),400.0,6.5
10,27,High, G,327,Small_Unit,4800000,14679,6/10/2017,North East,1. Premium Plus (Full River/Park),580.0,9.0
45,7,Low, B,284,Small_Unit,4550000,16021,6/10/2017,West,9. Poor Close (Wall View),150.0,3.0
37,10,Low, E,284,Small_Unit,4480000,15775,4/10/2017,West,9. Poor Close (Wall View),150.0,3.0
17,3,Low, D,327,Small_Unit,4570000,13976,4/10/2017,South West,6. Normal (Good Direction - S/E),520.0,6.0
48,23,Mid, E,284,Small_Unit,4530000,15951,4/10/2017,East,10. Poor Street (Busy Road),200.0,2.0
41,13,Mid, F,284,Small_Unit,3950000,13908,4/10/2017,East,9. Poor Close (Wall View),220.0,3.0
39,29,High, E,284,Small_Unit,4450000,15669,3/10/2017,West,9. Poor Close (Wall View),180.0,3.0
41,18,Mid, C,304,Small_Unit,4530000,14901,29/9/2017,South,6. Normal (Good Direction - S/E),220.0,6.0
4,6,Low, D,853,Large_Unit,9300000,10903,27/9/2017,South West,2. Premium (Full River - West/Sun),720.0,8.5
3,10,Low, A,451,Middle_Unit,6000000,13304,27/9/2017,North West,2. Premium (Full River - West/Sun),700.0,8.5
8,29,High, A,451,Middle_Unit,6300000,13969,27/9/2017,North West,4. Good Open (High Floor City),620.0,7.0
32,9,Low, D,327,Small_Unit,5000000,15291,25/9/2017,West,9. Poor Close (Wall View),380.0,3.0
45,10,Low, G,304,Small_Unit,4660000,15329,25/9/2017,North,9. Poor Close (Wall View),150.0,3.0
46,32,High, D,304,Small_Unit,5008000,16474,22/9/2017,South,6. Normal (Good Direction - S/E),180.0,6.0
26,30,High, D,326,Small_Unit,5180000,15890,22/9/2017,West,9. Poor Close (Wall View),420.0,3.0
12,31,High, B,515,Middle_Unit,8000000,15534,21/9/2017,North West,1. Premium Plus (Full River/Park),580.0,9.0
46,21,Mid, B,284,Small_Unit,4480000,15775,20/9/2017,West,10. Poor Street (Busy Road),180.0,2.0
46,25,Mid, G,304,Small_Unit,4680000,15395,20/9/2017,North,10. Poor Street (Busy Road),180.0,2.0
37,8,Low, D,304,Small_Unit,4580000,15066,19/9/2017,South,9. Poor Close (Wall View),150.0,3.0
1,21,Mid, C,327,Small_Unit,4910000,15015,19/9/2017,South West,2. Premium (Full River - West/Sun),650.0,8.5
49,18,Mid, A,284,Small_Unit,4350000,15317,18/9/2017,North West,8. Normal (Poor Direction - N/W),220.0,4.5
24,25,Mid, G,326,Small_Unit,5100000,15644,15/9/2017,South,10. Poor Street (Busy Road),380.0,2.0
2,18,Mid, G,327,Small_Unit,5000000,15291,15/9/2017,North East,2. Premium (Full River - West/Sun),680.0,8.5
41,17,Mid, D,304,Small_Unit,4650000,15296,15/9/2017,South,6. Normal (Good Direction - S/E),220.0,6.0
20,22,Mid, D,327,Small_Unit,4938000,15101,11/9/2017,South West,6. Normal (Good Direction - S/E),520.0,6.0
24,3,Low, C,326,Small_Unit,4480000,13742,7/9/2017,West,10. Poor Street (Busy Road),380.0,2.0
10,9,Low, D,327,Small_Unit,4470000,13670,4/9/2017,South West,3. Premium Partial (Slivers of Water/Park),580.0,8.0
43,7,Low, E,284,Small_Unit,4520000,15915,4/9/2017,East,9. Poor Close (Wall View),220.0,3.0
7,21,Mid, A,515,Middle_Unit,7200000,13981,4/9/2017,North West,2. Premium (Full River - West/Sun),600.0,8.5
3,27,High, G,327,Small_Unit,5280000,16147,1/9/2017,North East,2. Premium (Full River - West/Sun),700.0,8.5
49,14,Mid, D,304,Small_Unit,4500000,14803,1/9/2017,South West,6. Normal (Good Direction - S/E),220.0,6.0
49,24,Mid, H,304,Small_Unit,4700000,15461,31/8/2017,North East,6. Normal (Good Direction - S/E),220.0,6.0
52,22,Mid, H,304,Small_Unit,4720000,15526,31/8/2017,North East,6. Normal (Good Direction - S/E),280.0,6.0
2,10,Low, B,451,Middle_Unit,6000000,13304,31/8/2017,North West,2. Premium (Full River - West/Sun),680.0,8.5
45,25,Mid, E,284,Small_Unit,4738000,16683,31/8/2017,East,10. Poor Street (Busy Road),150.0,2.0
1,5,Low, F,451,Middle_Unit,6000000,13304,29/8/2017,South East,6. Normal (Good Direction - S/E),650.0,6.0
9,9,Low, G,327,Small_Unit,4740000,14495,28/8/2017,North East,6. Normal (Good Direction - S/E),600.0,6.0
46,15,Mid, D,304,Small_Unit,4700000,15461,25/8/2017,South,6. Normal (Good Direction - S/E),180.0,6.0
38,22,Mid, C,304,Small_Unit,4680000,15395,25/8/2017,South,9. Poor Close (Wall View),150.0,3.0
37,11,Mid, G,304,Small_Unit,4600000,15132,24/8/2017,North,5. Good Internal (Pool/Garden/Mall),150.0,6.5
46,26,High, B,284,Small_Unit,4800000,16901,24/8/2017,West,10. Poor Street (Busy Road),180.0,2.0
15,21,Mid, D,853,Large_Unit,9900000,11606,21/8/2017,South West,3. Premium Partial (Slivers of Water/Park),650.0,8.0
18,13,Mid, C,484,Middle_Unit,6980000,14421,18/8/2017,South West,6. Normal (Good Direction - S/E),550.0,6.0
1,16,Mid, C,327,Small_Unit,4838000,14795,11/8/2017,South West,2. Premium (Full River - West/Sun),650.0,8.5
42,3,Low, C,304,Small_Unit,4200000,13816,9/8/2017,South,6. Normal (Good Direction - S/E),200.0,6.0
18,17,Mid, F,484,Middle_Unit,7280000,15041,8/8/2017,South East,6. Normal (Good Direction - S/E),550.0,6.0
52,14,Mid, D,304,Small_Unit,4480000,14737,7/8/2017,South West,6. Normal (Good Direction - S/E),280.0,6.0
31,27,High, E,451,Middle_Unit,6650000,14745,3/8/2017,North,10. Poor Street (Busy Road),400.0,2.0
43,18,Mid, C,304,Small_Unit,4700000,15461,2/8/2017,South,6. Normal (Good Direction - S/E),220.0,6.0
16,29,High, C,327,Small_Unit,4990000,15260,2/8/2017,South West,6. Normal (Good Direction - S/E),500.0,6.0
3,22,Mid, D,327,Small_Unit,4900000,14985,31/7/2017,South West,2. Premium (Full River - West/Sun),700.0,8.5
19,15,Mid, D,327,Small_Unit,4860000,14862,31/7/2017,South West,6. Normal (Good Direction - S/E),550.0,6.0
52,10,Low, H,304,Small_Unit,3800000,12500,26/7/2017,North East,6. Normal (Good Direction - S/E),280.0,6.0
46,16,Mid, B,284,Small_Unit,4600000,16197,26/7/2017,West,10. Poor Street (Busy Road),180.0,2.0
51,12,Mid, A,284,Small_Unit,4630000,16303,25/7/2017,North West,8. Normal (Poor Direction - N/W),280.0,4.5
32,24,Mid, F,451,Middle_Unit,7500000,16630,25/7/2017,North,10. Poor Street (Busy Road),380.0,2.0
37,11,Mid, C,304,Small_Unit,4530000,14901,25/7/2017,South,9. Poor Close (Wall View),150.0,3.0
45,29,High, F,284,Small_Unit,4780000,16831,25/7/2017,East,10. Poor Street (Busy Road),150.0,2.0
38,3,Low, D,304,Small_Unit,4250000,13980,21/7/2017,South,9. Poor Close (Wall View),150.0,3.0
13,5,Low, B,819,Large_Unit,8950000,10928,21/7/2017,North West,1. Premium Plus (Full River/Park),700.0,9.0
37,18,Mid, G,304,Small_Unit,4888000,16079,20/7/2017,North,5. Good Internal (Pool/Garden/Mall),150.0,6.5
40,9,Low, C,304,Small_Unit,4300000,14145,20/7/2017,South,9. Poor Close (Wall View),200.0,3.0
18,33,High, C,484,Middle_Unit,7800000,16116,19/7/2017,South West,6. Normal (Good Direction - S/E),550.0,6.0
26,11,Mid, G,326,Small_Unit,4830000,14816,13/7/2017,East,10. Poor Street (Busy Road),420.0,2.0
17,1,Low, H,327,Small_Unit,4350000,13303,12/7/2017,North East,6. Normal (Good Direction - S/E),520.0,6.0
23,25,Mid, F,451,Middle_Unit,6000000,13304,11/7/2017,South East,6. Normal (Good Direction - S/E),350.0,6.0
36,14,Mid, D,307,Small_Unit,4450000,14495,11/7/2017,East,6. Normal (Good Direction - S/E),300.0,6.0
9,17,Mid, D,327,Small_Unit,4830000,14771,10/7/2017,South West,6. Normal (Good Direction - S/E),600.0,6.0
40,15,Mid, A,284,Small_Unit,4720000,16620,10/7/2017,East,9. Poor Close (Wall View),200.0,3.0
3,4,Low, H,327,Small_Unit,4800000,14679,10/7/2017,North East,2. Premium (Full River - West/Sun),700.0,8.5
28,10,Low, C,688,Large_Unit,8300000,12064,7/7/2017,West,9. Poor Close (Wall View),480.0,3.0
8,5,Low, B,451,Middle_Unit,6500000,14412,6/7/2017,North West,8. Normal (Poor Direction - N/W),620.0,4.5
21,13,Mid, D,327,Small_Unit,4650000,14220,4/7/2017,South West,6. Normal (Good Direction - S/E),500.0,6.0
19,6,Low, C,327,Small_Unit,4620000,14128,3/7/2017,South West,6. Normal (Good Direction - S/E),550.0,6.0
12,8,Low, B,515,Middle_Unit,6730000,13068,30/6/2017,North West,1. Premium Plus (Full River/Park),580.0,9.0
29,18,Mid, C,327,Small_Unit,4950000,15138,27/6/2017,West,10. Poor Street (Busy Road),450.0,2.0
30,18,Mid, G,327,Small_Unit,4880000,14924,26/6/2017,East,9. Poor Close (Wall View),420.0,3.0
50,32,High, F,284,Small_Unit,4770000,16796,23/6/2017,South East,6. Normal (Good Direction - S/E),250.0,6.0
36,9,Low, E,478,Middle_Unit,6400000,13389,21/6/2017,South,5. Good Internal (Pool/Garden/Mall),300.0,6.5
50,7,Low, D,304,Small_Unit,4380000,14408,20/6/2017,South West,6. Normal (Good Direction - S/E),250.0,6.0
19,3,Low, G,327,Small_Unit,4730000,14465,20/6/2017,North East,6. Normal (Good Direction - S/E),550.0,6.0
20,20,Mid, F,451,Middle_Unit,6500000,14412,19/6/2017,South East,6. Normal (Good Direction - S/E),520.0,6.0
45,5,Low, E,284,Small_Unit,4000000,14085,19/6/2017,East,10. Poor Street (Busy Road),150.0,2.0
51,32,High, E,284,Small_Unit,4850000,17077,19/6/2017,South East,6. Normal (Good Direction - S/E),280.0,6.0
12,1,Low, A,515,Middle_Unit,5980000,11612,16/6/2017,North West,1. Premium Plus (Full River/Park),580.0,9.0
36,5,Low, G,307,Small_Unit,4400000,14332,15/6/2017,West,10. Poor Street (Busy Road),300.0,2.0
42,7,Low, H,304,Small_Unit,4500000,14803,15/6/2017,North,9. Poor Close (Wall View),200.0,3.0
37,20,Mid, G,304,Small_Unit,4200000,13816,14/6/2017,North,5. Good Internal (Pool/Garden/Mall),150.0,6.5
7,28,High, E,504,Middle_Unit,6400000,12698,13/6/2017,South East,3. Premium Partial (Slivers of Water/Park),600.0,6.0
28,16,Mid, B,688,Large_Unit,8780000,12762,9/6/2017,East,6. Normal (Good Direction - S/E),480.0,6.0
44,22,Mid, G,304,Small_Unit,4890000,16086,9/6/2017,North,9. Poor Close (Wall View),150.0,3.0
52,16,Mid, B,284,Small_Unit,4550000,16021,8/6/2017,North West,8. Normal (Poor Direction - N/W),280.0,4.5
21,1,Low, H,327,Small_Unit,4600000,14067,7/6/2017,North East,6. Normal (Good Direction - S/E),500.0,6.0
41,9,Low, D,304,Small_Unit,4780000,15724,6/6/2017,South,6. Normal (Good Direction - S/E),220.0,6.0
11,5,Low, B,515,Middle_Unit,5950000,11553,2/6/2017,North West,1. Premium Plus (Full River/Park),550.0,9.0
42,8,Low, D,304,Small_Unit,4650000,15296,2/6/2017,South,6. Normal (Good Direction - S/E),200.0,6.0
48,7,Low, G,304,Small_Unit,4400000,14474,31/5/2017,North,10. Poor Street (Busy Road),200.0,2.0
51,7,Low, F,284,Small_Unit,4350000,15317,29/5/2017,South East,6. Normal (Good Direction - S/E),280.0,6.0
49,3,Low, D,304,Small_Unit,4340000,14276,26/5/2017,South West,6. Normal (Good Direction - S/E),220.0,6.0
39,11,Mid, E,284,Small_Unit,4450000,15669,23/5/2017,West,9. Poor Close (Wall View),180.0,3.0
24,13,Mid, E,447,Middle_Unit,6000000,13423,23/5/2017,North,8. Normal (Poor Direction - N/W),380.0,4.5
48,30,High, B,284,Small_Unit,4700000,16549,23/5/2017,West,9. Poor Close (Wall View),200.0,3.0
49,14,Mid, E,284,Small_Unit,4730000,16655,22/5/2017,South East,6. Normal (Good Direction - S/E),220.0,6.0
42,7,Low, C,304,Small_Unit,4698000,15454,19/5/2017,South,6. Normal (Good Direction - S/E),200.0,6.0
24,28,High, B,447,Middle_Unit,6928000,15499,19/5/2017,East,9. Poor Close (Wall View),380.0,3.0
31,10,Low, D,327,Small_Unit,4200000,12844,18/5/2017,West,9. Poor Close (Wall View),400.0,3.0
7,15,Mid, E,504,Middle_Unit,6000000,11905,17/5/2017,South East,3. Premium Partial (Slivers of Water/Park),600.0,6.0
43,31,High, D,304,Small_Unit,4800000,15789,17/5/2017,South,6. Normal (Good Direction - S/E),220.0,6.0
17,24,Mid, D,327,Small_Unit,3880000,11865,16/5/2017,South West,6. Normal (Good Direction - S/E),520.0,6.0
47,29,High, C,304,Small_Unit,4300000,14145,16/5/2017,South,6. Normal (Good Direction - S/E),180.0,6.0
23,18,Mid, E,451,Middle_Unit,6680000,14812,16/5/2017,South East,6. Normal (Good Direction - S/E),350.0,6.0
3,1,Low, B,451,Middle_Unit,5380000,11929,15/5/2017,North West,2. Premium (Full River - West/Sun),700.0,8.5
33,2,Low, C,854,Large_Unit,9000000,10539,12/5/2017,West,10. Poor Street (Busy Road),350.0,2.0
1,7,Low, A,451,Middle_Unit,6200000,13747,12/5/2017,North West,2. Premium (Full River - West/Sun),650.0,8.5
29,4,Low, C,327,Small_Unit,4770000,14587,11/5/2017,West,10. Poor Street (Busy Road),450.0,2.0
16,30,High, H,327,Small_Unit,5090000,15566,11/5/2017,North East,6. Normal (Good Direction - S/E),500.0,6.0
10,1,Low, H,327,Small_Unit,4000000,12232,10/5/2017,North East,1. Premium Plus (Full River/Park),580.0,9.0
3,4,Low, C,327,Small_Unit,4680000,14312,10/5/2017,South West,2. Premium (Full River - West/Sun),700.0,8.5
51,31,High, C,304,Small_Unit,4650000,15296,9/5/2017,South West,6. Normal (Good Direction - S/E),280.0,6.0
1,8,Low, D,327,Small_Unit,4750000,14526,9/5/2017,South West,2. Premium (Full River - West/Sun),650.0,8.5
52,14,Mid, F,284,Small_Unit,4480000,15775,9/5/2017,South East,6. Normal (Good Direction - S/E),280.0,6.0
48,23,Mid, G,304,Small_Unit,4740000,15592,5/5/2017,North,10. Poor Street (Busy Road),200.0,2.0
19,7,Low, H,327,Small_Unit,4350000,13303,5/5/2017,North East,6. Normal (Good Direction - S/E),550.0,6.0
1,16,Mid, E,451,Middle_Unit,6750000,14967,2/5/2017,South East,6. Normal (Good Direction - S/E),650.0,6.0
10,30,High, E,451,Middle_Unit,6970000,15455,2/5/2017,South East,1. Premium Plus (Full River/Park),580.0,9.0
19,1,Low, D,327,Small_Unit,4300000,13150,2/5/2017,South West,6. Normal (Good Direction - S/E),550.0,6.0
40,32,High, E,284,Small_Unit,4750000,16725,2/5/2017,West,10. Poor Street (Busy Road),200.0,2.0
11,5,Low, C,484,Middle_Unit,5650000,11674,2/5/2017,South West,3. Premium Partial (Slivers of Water/Park),550.0,8.0
52,7,Low, D,304,Small_Unit,4430000,14572,2/5/2017,South West,6. Normal (Good Direction - S/E),280.0,6.0
31,14,Mid, C,327,Small_Unit,4918000,15040,2/5/2017,West,9. Poor Close (Wall View),400.0,3.0
48,5,Low, B,284,Small_Unit,4180000,14718,27/4/2017,West,9. Poor Close (Wall View),200.0,3.0
41,15,Mid, H,304,Small_Unit,4760000,15658,27/4/2017,North,10. Poor Street (Busy Road),220.0,2.0
39,31,High, A,284,Small_Unit,4600000,16197,27/4/2017,East,9. Poor Close (Wall View),180.0,3.0
9,29,High, G,327,Small_Unit,4850000,14832,27/4/2017,North East,6. Normal (Good Direction - S/E),600.0,6.0
42,14,Mid, F,284,Small_Unit,4200000,14789,26/4/2017,East,9. Poor Close (Wall View),200.0,3.0
16,26,High, H,327,Small_Unit,4850000,14832,26/4/2017,North East,6. Normal (Good Direction - S/E),500.0,6.0
38,5,Low, D,304,Small_Unit,4000000,13158,26/4/2017,South,9. Poor Close (Wall View),150.0,3.0
50,6,Low, F,284,Small_Unit,4200000,14789,24/4/2017,South East,6. Normal (Good Direction - S/E),250.0,6.0
37,29,High, A,284,Small_Unit,4700000,16549,24/4/2017,East,6. Normal (Good Direction - S/E),150.0,6.0
28,26,High, D,688,Large_Unit,7000000,10174,21/4/2017,West,9. Poor Close (Wall View),480.0,3.0
32,18,Mid, G,327,Small_Unit,4200000,12844,21/4/2017,East,10. Poor Street (Busy Road),380.0,2.0
45,27,High, C,304,Small_Unit,4480000,14737,21/4/2017,South,6. Normal (Good Direction - S/E),150.0,6.0
12,5,Low, A,515,Middle_Unit,6550000,12718,21/4/2017,North West,1. Premium Plus (Full River/Park),580.0,9.0
30,11,Mid, E,451,Middle_Unit,6000000,13304,21/4/2017,North,9. Poor Close (Wall View),420.0,3.0
32,28,High, D,327,Small_Unit,4700000,14373,21/4/2017,West,9. Poor Close (Wall View),380.0,3.0
40,17,Mid, H,304,Small_Unit,4550000,14967,20/4/2017,North,10. Poor Street (Busy Road),200.0,2.0
51,8,Low, C,304,Small_Unit,4500000,14803,18/4/2017,South West,6. Normal (Good Direction - S/E),280.0,6.0
8,13,Mid, C,327,Small_Unit,4800000,14679,13/4/2017,South West,6. Normal (Good Direction - S/E),620.0,6.0
48,28,High, C,304,Small_Unit,4200000,13816,12/4/2017,South,6. Normal (Good Direction - S/E),200.0,6.0
9,18,Mid, C,327,Small_Unit,4750000,14526,11/4/2017,South West,6. Normal (Good Direction - S/E),600.0,6.0
49,31,High, B,284,Small_Unit,4100000,14437,10/4/2017,North West,4. Good Open (High Floor City),220.0,7.0
1,7,Low, E,451,Middle_Unit,5990000,13282,7/4/2017,South East,6. Normal (Good Direction - S/E),650.0,6.0
42,30,High, C,304,Small_Unit,4450000,14638,7/4/2017,South,6. Normal (Good Direction - S/E),200.0,6.0
38,31,High, G,304,Small_Unit,4700000,15461,6/4/2017,North,10. Poor Street (Busy Road),150.0,2.0
52,12,Mid, D,304,Small_Unit,4450000,14638,6/4/2017,South West,6. Normal (Good Direction - S/E),280.0,6.0
17,8,Low, F,451,Middle_Unit,5200000,11530,5/4/2017,South East,6. Normal (Good Direction - S/E),520.0,6.0
52,3,Low, F,284,Small_Unit,3860000,13592,3/4/2017,South East,6. Normal (Good Direction - S/E),280.0,6.0
35,18,Mid, A,707,Large_Unit,8200000,11598,3/4/2017,South,10. Poor Street (Busy Road),320.0,2.0
10,26,High, D,327,Small_Unit,4630000,14159,3/4/2017,South West,3. Premium Partial (Slivers of Water/Park),580.0,8.0
26,28,High, D,326,Small_Unit,4950000,15184,3/4/2017,West,9. Poor Close (Wall View),420.0,3.0
34,4,Low, D,707,Large_Unit,8300000,11740,3/4/2017,South,10. Poor Street (Busy Road),300.0,2.0
33,27,High, B,820,Large_Unit,10600000,12927,31/3/2017,West,10. Poor Street (Busy Road),350.0,2.0
50,23,Mid, G,304,Small_Unit,4300000,14145,31/3/2017,North East,6. Normal (Good Direction - S/E),250.0,6.0
24,20,Mid, D,326,Small_Unit,4500000,13804,31/3/2017,West,10. Poor Street (Busy Road),380.0,2.0
49,18,Mid, E,284,Small_Unit,3800000,13380,30/3/2017,South East,6. Normal (Good Direction - S/E),220.0,6.0
36,25,Mid, F,478,Middle_Unit,6600000,13808,30/3/2017,South,5. Good Internal (Pool/Garden/Mall),300.0,6.5
10,24,Mid, H,327,Small_Unit,4810000,14709,29/3/2017,North East,1. Premium Plus (Full River/Park),580.0,9.0
3,10,Low, H,327,Small_Unit,4680000,14312,29/3/2017,North East,2. Premium (Full River - West/Sun),700.0,8.5
36,32,High, G,307,Small_Unit,4650000,15147,28/3/2017,West,10. Poor Street (Busy Road),300.0,2.0
41,12,Mid, F,284,Small_Unit,4400000,15493,28/3/2017,East,9. Poor Close (Wall View),220.0,3.0
30,15,Mid, G,327,Small_Unit,4700000,14373,27/3/2017,East,9. Poor Close (Wall View),420.0,3.0
43,26,High, F,284,Small_Unit,4180000,14718,24/3/2017,East,9. Poor Close (Wall View),220.0,3.0
20,26,High, F,451,Middle_Unit,6380000,14146,24/3/2017,South East,6. Normal (Good Direction - S/E),520.0,6.0
39,13,Mid, F,284,Small_Unit,4220000,14859,23/3/2017,West,9. Poor Close (Wall View),180.0,3.0
11,21,Mid, C,484,Middle_Unit,6480000,13388,23/3/2017,South West,3. Premium Partial (Slivers of Water/Park),550.0,8.0
31,6,Low, C,327,Small_Unit,4380000,13394,23/3/2017,West,9. Poor Close (Wall View),400.0,3.0
37,27,High, E,284,Small_Unit,4300000,15141,22/3/2017,West,9. Poor Close (Wall View),150.0,3.0
51,6,Low, H,304,Small_Unit,4320000,14211,22/3/2017,North East,6. Normal (Good Direction - S/E),280.0,6.0
9,5,Low, G,327,Small_Unit,4400000,13456,22/3/2017,North East,6. Normal (Good Direction - S/E),600.0,6.0
7,18,Mid, B,515,Middle_Unit,6400000,12427,22/3/2017,North West,2. Premium (Full River - West/Sun),600.0,8.5
43,7,Low, F,284,Small_Unit,4180000,14718,22/3/2017,East,9. Poor Close (Wall View),220.0,3.0
31,23,Mid, F,451,Middle_Unit,6300000,13969,21/3/2017,North,10. Poor Street (Busy Road),400.0,2.0
23,6,Low, F,451,Middle_Unit,5760000,12772,21/3/2017,South East,6. Normal (Good Direction - S/E),350.0,6.0
52,30,High, E,284,Small_Unit,3600000,12676,20/3/2017,South East,6. Normal (Good Direction - S/E),280.0,6.0
41,21,Mid, C,304,Small_Unit,4450000,14638,20/3/2017,South,6. Normal (Good Direction - S/E),220.0,6.0
20,12,Mid, F,451,Middle_Unit,5800000,12860,20/3/2017,South East,6. Normal (Good Direction - S/E),520.0,6.0
49,27,High, A,284,Small_Unit,4050000,14261,17/3/2017,North West,8. Normal (Poor Direction - N/W),220.0,4.5
37,18,Mid, H,304,Small_Unit,4700000,15461,17/3/2017,North,5. Good Internal (Pool/Garden/Mall),150.0,6.5
39,24,Mid, C,304,Small_Unit,4038000,13283,16/3/2017,South,9. Poor Close (Wall View),180.0,3.0
32,15,Mid, H,327,Small_Unit,4000000,12232,16/3/2017,East,10. Poor Street (Busy Road),380.0,2.0
7,27,High, C,484,Middle_Unit,6550000,13533,13/3/2017,South West,2. Premium (Full River - West/Sun),600.0,8.5
2,15,Mid, D,327,Small_Unit,4800000,14679,10/3/2017,South West,2. Premium (Full River - West/Sun),680.0,8.5
38,23,Mid, C,304,Small_Unit,4500000,14803,9/3/2017,South,9. Poor Close (Wall View),150.0,3.0
25,12,Mid, A,688,Large_Unit,8100000,11773,9/3/2017,North,8. Normal (Poor Direction - N/W),400.0,4.5
40,16,Mid, A,284,Small_Unit,4380000,15423,9/3/2017,East,9. Poor Close (Wall View),200.0,3.0
10,22,Mid, B,451,Middle_Unit,6280000,13925,7/3/2017,North West,10. Poor Street (Busy Road),580.0,2.0
47,12,Mid, B,284,Small_Unit,4200000,14789,7/3/2017,West,9. Poor Close (Wall View),180.0,3.0
38,17,Mid, G,304,Small_Unit,4470000,14704,6/3/2017,North,10. Poor Street (Busy Road),150.0,2.0
43,4,Low, D,304,Small_Unit,3960000,13026,2/3/2017,South,6. Normal (Good Direction - S/E),220.0,6.0
37,12,Mid, G,304,Small_Unit,4200000,13816,27/2/2017,North,5. Good Internal (Pool/Garden/Mall),150.0,6.5
30,9,Low, B,451,Middle_Unit,5400000,11973,27/2/2017,South,5. Good Internal (Pool/Garden/Mall),420.0,6.5
44,10,Low, A,284,Small_Unit,4420000,15563,27/2/2017,West,9. Poor Close (Wall View),150.0,3.0
10,26,High, F,451,Middle_Unit,6200000,13747,23/2/2017,South East,1. Premium Plus (Full River/Park),580.0,9.0
24,13,Mid, B,447,Middle_Unit,6200000,13870,23/2/2017,East,9. Poor Close (Wall View),380.0,3.0
24,14,Mid, D,326,Small_Unit,4630000,14202,22/2/2017,West,10. Poor Street (Busy Road),380.0,2.0
16,21,Mid, D,327,Small_Unit,4650000,14220,21/2/2017,South West,6. Normal (Good Direction - S/E),500.0,6.0
45,25,Mid, G,304,Small_Unit,3800000,12500,21/2/2017,North,9. Poor Close (Wall View),150.0,3.0
21,23,Mid, F,451,Middle_Unit,5990000,13282,17/2/2017,South East,6. Normal (Good Direction - S/E),500.0,6.0
43,5,Low, H,304,Small_Unit,4000000,13158,17/2/2017,North,9. Poor Close (Wall View),220.0,3.0
45,28,High, E,284,Small_Unit,4250000,14965,16/2/2017,East,10. Poor Street (Busy Road),150.0,2.0
5,16,Mid, D,853,Large_Unit,9900000,11606,15/2/2017,South West,2. Premium (Full River - West/Sun),750.0,8.5
21,26,High, G,327,Small_Unit,4638000,14183,14/2/2017,North East,6. Normal (Good Direction - S/E),500.0,6.0
52,19,Mid, F,284,Small_Unit,4200000,14789,14/2/2017,South East,6. Normal (Good Direction - S/E),280.0,6.0
10,27,High, C,327,Small_Unit,4650000,14220,10/2/2017,South West,3. Premium Partial (Slivers of Water/Park),580.0,8.0
8,27,High, H,327,Small_Unit,4300000,13150,9/2/2017,North East,6. Normal (Good Direction - S/E),620.0,6.0
20,3,Low, G,327,Small_Unit,4150000,12691,8/2/2017,North East,6. Normal (Good Direction - S/E),520.0,6.0
33,3,Low, A,820,Large_Unit,8950000,10915,8/2/2017,East,6. Normal (Good Direction - S/E),350.0,6.0
25,2,Low, D,688,Large_Unit,7800000,11337,8/2/2017,West,9. Poor Close (Wall View),400.0,3.0
46,17,Mid, B,284,Small_Unit,4150000,14613,7/2/2017,West,10. Poor Street (Busy Road),180.0,2.0
47,4,Low, G,304,Small_Unit,4000000,13158,6/2/2017,North,10. Poor Street (Busy Road),180.0,2.0
48,20,Mid, B,284,Small_Unit,4388000,15451,3/2/2017,West,9. Poor Close (Wall View),200.0,3.0
46,31,High, A,284,Small_Unit,3900000,13732,2/2/2017,West,4. Good Open (High Floor City),180.0,7.0
31,11,Mid, C,327,Small_Unit,4680000,14312,2/2/2017,West,9. Poor Close (Wall View),400.0,3.0
28,26,High, B,688,Large_Unit,7000000,10174,26/1/2017,East,6. Normal (Good Direction - S/E),480.0,6.0
40,12,Mid, E,284,Small_Unit,4020000,14155,26/1/2017,West,10. Poor Street (Busy Road),200.0,2.0
45,3,Low, A,284,Small_Unit,4100000,14437,25/1/2017,West,9. Poor Close (Wall View),150.0,3.0
16,18,Mid, F,451,Middle_Unit,5920000,13126,24/1/2017,South East,6. Normal (Good Direction - S/E),500.0,6.0
30,15,Mid, H,327,Small_Unit,4400000,13456,24/1/2017,East,9. Poor Close (Wall View),420.0,3.0
23,13,Mid, D,327,Small_Unit,4500000,13761,19/1/2017,South West,6. Normal (Good Direction - S/E),350.0,6.0
41,26,High, A,284,Small_Unit,4350000,15317,19/1/2017,West,10. Poor Street (Busy Road),220.0,2.0
20,7,Low, D,327,Small_Unit,4350000,13303,18/1/2017,South West,6. Normal (Good Direction - S/E),520.0,6.0
2,10,Low, F,451,Middle_Unit,5900000,13082,18/1/2017,South East,3. Premium Partial (Slivers of Water/Park),680.0,6.0
43,3,Low, C,304,Small_Unit,3950000,12993,17/1/2017,South,6. Normal (Good Direction - S/E),220.0,6.0
8,3,Low, C,327,Small_Unit,4100000,12538,17/1/2017,South West,6. Normal (Good Direction - S/E),620.0,6.0
17,10,Low, G,327,Small_Unit,4450000,13609,17/1/2017,North East,6. Normal (Good Direction - S/E),520.0,6.0
42,25,Mid, D,304,Small_Unit,4200000,13816,16/1/2017,South,6. Normal (Good Direction - S/E),200.0,6.0
40,12,Mid, F,284,Small_Unit,4330000,15246,16/1/2017,West,10. Poor Street (Busy Road),200.0,2.0
45,32,High, D,304,Small_Unit,4790000,15757,12/1/2017,South,6. Normal (Good Direction - S/E),150.0,6.0
45,28,High, G,304,Small_Unit,4190000,13783,11/1/2017,North,9. Poor Close (Wall View),150.0,3.0
37,19,Mid, H,304,Small_Unit,3990000,13125,10/1/2017,North,5. Good Internal (Pool/Garden/Mall),150.0,6.5
22,4,Low, F,484,Middle_Unit,5980000,12355,6/1/2017,South East,6. Normal (Good Direction - S/E),480.0,6.0
37,7,Low, H,304,Small_Unit,4160000,13684,4/1/2017,North,5. Good Internal (Pool/Garden/Mall),150.0,6.5
20,20,Mid, B,451,Middle_Unit,5830000,12927,4/1/2017,North West,8. Normal (Poor Direction - N/W),520.0,4.5
41,15,Mid, A,284,Small_Unit,3980000,14014,4/1/2017,West,10. Poor Street (Busy Road),220.0,2.0
8,30,High, H,327,Small_Unit,4600000,14067,3/1/2017,North East,6. Normal (Good Direction - S/E),620.0,6.0
44,25,Mid, B,284,Small_Unit,4200000,14789,30/12/2016,West,9. Poor Close (Wall View),150.0,3.0
41,23,Mid, E,284,Small_Unit,4188000,14746,30/12/2016,East,9. Poor Close (Wall View),220.0,3.0
31,15,Mid, E,451,Middle_Unit,6000000,13304,30/12/2016,North,10. Poor Street (Busy Road),400.0,2.0
31,27,High, H,327,Small_Unit,4470000,13670,29/12/2016,East,9. Poor Close (Wall View),400.0,3.0
7,23,Mid, E,504,Middle_Unit,6460000,12817,28/12/2016,South East,3. Premium Partial (Slivers of Water/Park),600.0,6.0
30,17,Mid, G,327,Small_Unit,4480000,13700,28/12/2016,East,9. Poor Close (Wall View),420.0,3.0
32,22,Mid, D,327,Small_Unit,4500000,13761,23/12/2016,West,9. Poor Close (Wall View),380.0,3.0
1,11,Mid, H,327,Small_Unit,4330000,13242,22/12/2016,North East,2. Premium (Full River - West/Sun),650.0,8.5
52,4,Low, G,304,Small_Unit,3990000,13125,21/12/2016,North East,6. Normal (Good Direction - S/E),280.0,6.0
32,27,High, C,327,Small_Unit,4500000,13761,20/12/2016,West,9. Poor Close (Wall View),380.0,3.0
19,24,Mid, D,327,Small_Unit,4138000,12654,20/12/2016,South West,6. Normal (Good Direction - S/E),550.0,6.0
24,15,Mid, F,447,Middle_Unit,6380000,14273,20/12/2016,North,8. Normal (Poor Direction - N/W),380.0,4.5
29,28,High, F,451,Middle_Unit,5750000,12749,16/12/2016,North,10. Poor Street (Busy Road),450.0,2.0
44,14,Mid, F,284,Small_Unit,4200000,14789,16/12/2016,East,9. Poor Close (Wall View),150.0,3.0
28,6,Low, A,688,Large_Unit,8000000,11628,15/12/2016,East,6. Normal (Good Direction - S/E),480.0,6.0
1,17,Mid, D,327,Small_Unit,4550000,13914,15/12/2016,South West,2. Premium (Full River - West/Sun),650.0,8.5
39,29,High, B,284,Small_Unit,4080000,14366,15/12/2016,East,9. Poor Close (Wall View),180.0,3.0
52,31,High, F,284,Small_Unit,4180000,14718,14/12/2016,South East,6. Normal (Good Direction - S/E),280.0,6.0
38,20,Mid, G,304,Small_Unit,4320000,14211,14/12/2016,North,10. Poor Street (Busy Road),150.0,2.0
44,16,Mid, B,284,Small_Unit,3960000,13944,13/12/2016,West,9. Poor Close (Wall View),150.0,3.0
37,6,Low, E,284,Small_Unit,4050000,14261,13/12/2016,West,9. Poor Close (Wall View),150.0,3.0
1,1,Low, G,327,Small_Unit,4030000,12324,13/12/2016,North East,2. Premium (Full River - West/Sun),650.0,8.5
46,11,Mid, A,284,Small_Unit,3500000,12324,13/12/2016,West,4. Good Open (High Floor City),180.0,7.0
52,23,Mid, A,284,Small_Unit,4268000,15028,13/12/2016,North West,8. Normal (Poor Direction - N/W),280.0,4.5
29,4,Low, A,451,Middle_Unit,5300000,11752,12/12/2016,East,9. Poor Close (Wall View),450.0,3.0
40,7,Low, G,304,Small_Unit,4000000,13158,9/12/2016,North,10. Poor Street (Busy Road),200.0,2.0
43,20,Mid, C,304,Small_Unit,4250000,13980,5/12/2016,South,6. Normal (Good Direction - S/E),220.0,6.0
39,6,Low, B,284,Small_Unit,3950000,13908,5/12/2016,East,9. Poor Close (Wall View),180.0,3.0
31,26,High, G,327,Small_Unit,3900000,11927,2/12/2016,East,9. Poor Close (Wall View),400.0,3.0
36,25,Mid, E,478,Middle_Unit,5800000,12134,2/12/2016,South,5. Good Internal (Pool/Garden/Mall),300.0,6.5
2,2,Low, H,327,Small_Unit,4080000,12477,1/12/2016,North East,2. Premium (Full River - West/Sun),680.0,8.5
9,17,Mid, C,327,Small_Unit,4350000,13303,30/11/2016,South West,6. Normal (Good Direction - S/E),600.0,6.0
24,28,High, D,326,Small_Unit,4000000,12270,28/11/2016,West,10. Poor Street (Busy Road),380.0,2.0
2,23,Mid, C,327,Small_Unit,4480000,13700,28/11/2016,South West,2. Premium (Full River - West/Sun),680.0,8.5
50,4,Low, E,284,Small_Unit,3990000,14049,28/11/2016,South East,6. Normal (Good Direction - S/E),250.0,6.0
37,9,Low, C,304,Small_Unit,4380000,14408,25/11/2016,South,9. Poor Close (Wall View),150.0,3.0
1,17,Mid, H,327,Small_Unit,4050000,12385,24/11/2016,North East,2. Premium (Full River - West/Sun),650.0,8.5
22,23,Mid, E,504,Middle_Unit,6428000,12754,24/11/2016,South East,6. Normal (Good Direction - S/E),480.0,6.0
16,5,Low, E,451,Middle_Unit,5345000,11851,23/11/2016,South East,6. Normal (Good Direction - S/E),500.0,6.0
39,28,High, G,304,Small_Unit,3600000,11842,22/11/2016,North,10. Poor Street (Busy Road),180.0,2.0
17,16,Mid, A,451,Middle_Unit,5900000,13082,22/11/2016,North West,8. Normal (Poor Direction - N/W),520.0,4.5
41,9,Low, A,284,Small_Unit,3950000,13908,22/11/2016,West,10. Poor Street (Busy Road),220.0,2.0
38,3,Low, B,284,Small_Unit,3900000,13732,17/11/2016,East,9. Poor Close (Wall View),150.0,3.0
50,3,Low, H,304,Small_Unit,4000000,13158,17/11/2016,North East,6. Normal (Good Direction - S/E),250.0,6.0
39,15,Mid, A,284,Small_Unit,4240000,14930,17/11/2016,East,9. Poor Close (Wall View),180.0,3.0
2,19,Mid, A,451,Middle_Unit,5000000,11086,17/11/2016,North West,2. Premium (Full River - West/Sun),680.0,8.5
19,22,Mid, G,327,Small_Unit,4600000,14067,16/11/2016,North East,6. Normal (Good Direction - S/E),550.0,6.0
13,27,High, D,853,Large_Unit,9950000,11665,15/11/2016,South West,6. Normal (Good Direction - S/E),700.0,6.0
43,3,Low, D,304,Small_Unit,4168000,13711,11/11/2016,South,6. Normal (Good Direction - S/E),220.0,6.0
41,16,Mid, A,284,Small_Unit,4180000,14718,11/11/2016,West,10. Poor Street (Busy Road),220.0,2.0
1,23,Mid, H,327,Small_Unit,3900000,11927,10/11/2016,North East,2. Premium (Full River - West/Sun),650.0,8.5
39,18,Mid, G,304,Small_Unit,4400000,14474,10/11/2016,North,10. Poor Street (Busy Road),180.0,2.0
49,9,Low, D,304,Small_Unit,4320000,14211,9/11/2016,South West,6. Normal (Good Direction - S/E),220.0,6.0
19,13,Mid, H,327,Small_Unit,4370000,13364,9/11/2016,North East,6. Normal (Good Direction - S/E),550.0,6.0
36,32,High, D,307,Small_Unit,4500000,14658,8/11/2016,East,6. Normal (Good Direction - S/E),300.0,6.0
33,4,Low, A,820,Large_Unit,8680000,10585,8/11/2016,East,6. Normal (Good Direction - S/E),350.0,6.0
46,10,Low, E,284,Small_Unit,4058000,14289,7/11/2016,East,9. Poor Close (Wall View),180.0,3.0
41,6,Low, B,284,Small_Unit,3500000,12324,7/11/2016,West,10. Poor Street (Busy Road),220.0,2.0
22,16,Mid, F,484,Middle_Unit,6140000,12686,4/11/2016,South East,6. Normal (Good Direction - S/E),480.0,6.0
44,25,Mid, E,284,Small_Unit,4180000,14718,4/11/2016,East,9. Poor Close (Wall View),150.0,3.0
50,5,Low, H,304,Small_Unit,3980000,13092,3/11/2016,North East,6. Normal (Good Direction - S/E),250.0,6.0
44,11,Mid, H,304,Small_Unit,4100000,13487,3/11/2016,North,9. Poor Close (Wall View),150.0,3.0
14,6,Low, C,865,Large_Unit,8450000,9769,3/11/2016,South West,6. Normal (Good Direction - S/E),680.0,6.0
38,20,Mid, F,284,Small_Unit,4190000,14754,2/11/2016,West,9. Poor Close (Wall View),150.0,3.0
50,15,Mid, A,284,Small_Unit,4170000,14683,2/11/2016,North West,8. Normal (Poor Direction - N/W),250.0,4.5
51,9,Low, B,284,Small_Unit,4015000,14137,1/11/2016,North West,8. Normal (Poor Direction - N/W),280.0,4.5
39,31,High, F,284,Small_Unit,4280000,15070,1/11/2016,West,9. Poor Close (Wall View),180.0,3.0
8,8,Low, H,327,Small_Unit,4120000,12599,1/11/2016,North East,6. Normal (Good Direction - S/E),620.0,6.0
26,18,Mid, C,326,Small_Unit,4416000,13546,1/11/2016,West,9. Poor Close (Wall View),420.0,3.0
16,3,Low, A,451,Middle_Unit,5300000,11752,31/10/2016,North West,8. Normal (Poor Direction - N/W),500.0,4.5
38,9,Low, F,284,Small_Unit,4150000,14613,28/10/2016,West,9. Poor Close (Wall View),150.0,3.0
26,16,Mid, D,326,Small_Unit,4780000,14663,28/10/2016,West,9. Poor Close (Wall View),420.0,3.0
49,20,Mid, E,284,Small_Unit,4110000,14472,27/10/2016,South East,6. Normal (Good Direction - S/E),220.0,6.0
10,24,Mid, C,327,Small_Unit,4380000,13394,27/10/2016,South West,3. Premium Partial (Slivers of Water/Park),580.0,8.0
50,4,Low, A,284,Small_Unit,3950000,13908,27/10/2016,North West,8. Normal (Poor Direction - N/W),250.0,4.5
49,5,Low, F,284,Small_Unit,3980000,14014,27/10/2016,South East,6. Normal (Good Direction - S/E),220.0,6.0
32,21,Mid, F,451,Middle_Unit,6000000,13304,25/10/2016,North,10. Poor Street (Busy Road),380.0,2.0
3,19,Mid, G,327,Small_Unit,4380000,13394,25/10/2016,North East,2. Premium (Full River - West/Sun),700.0,8.5
46,19,Mid, E,284,Small_Unit,3800000,13380,25/10/2016,East,9. Poor Close (Wall View),180.0,3.0
46,11,Mid, G,304,Small_Unit,4000000,13158,25/10/2016,North,10. Poor Street (Busy Road),180.0,2.0
12,3,Low, F,484,Middle_Unit,5820000,12025,24/10/2016,South East,1. Premium Plus (Full River/Park),580.0,9.0
8,20,Mid, H,327,Small_Unit,4568000,13969,20/10/2016,North East,6. Normal (Good Direction - S/E),620.0,6.0
48,15,Mid, H,304,Small_Unit,3950000,12993,20/10/2016,North,10. Poor Street (Busy Road),200.0,2.0
8,29,High, E,451,Middle_Unit,6300000,13969,20/10/2016,South East,4. Good Open (High Floor City),620.0,6.0
23,12,Mid, G,327,Small_Unit,4280000,13089,20/10/2016,North East,6. Normal (Good Direction - S/E),350.0,6.0
39,27,High, F,284,Small_Unit,4000000,14085,19/10/2016,West,9. Poor Close (Wall View),180.0,3.0
41,32,High, A,284,Small_Unit,4350000,15317,19/10/2016,West,10. Poor Street (Busy Road),220.0,2.0
4,1,Low, A,819,Large_Unit,7430000,9072,19/10/2016,North West,11. Poor Highway (Tai Chung Kiu Noise Penalty),720.0,1.0
10,20,Mid, H,327,Small_Unit,4100000,12538,19/10/2016,North East,1. Premium Plus (Full River/Park),580.0,9.0
22,6,Low, C,484,Middle_Unit,5920000,12231,18/10/2016,South West,6. Normal (Good Direction - S/E),480.0,6.0
8,28,High, B,451,Middle_Unit,5830000,12927,18/10/2016,North West,8. Normal (Poor Direction - N/W),620.0,4.5
22,3,Low, B,515,Middle_Unit,5980000,11612,14/10/2016,North West,8. Normal (Poor Direction - N/W),480.0,4.5
10,8,Low, G,327,Small_Unit,4168000,12746,14/10/2016,North East,1. Premium Plus (Full River/Park),580.0,9.0
18,3,Low, F,484,Middle_Unit,5900000,12190,14/10/2016,South East,6. Normal (Good Direction - S/E),550.0,6.0
48,13,Mid, D,304,Small_Unit,4180000,13750,14/10/2016,South,6. Normal (Good Direction - S/E),200.0,6.0
26,22,Mid, D,326,Small_Unit,4330000,13282,14/10/2016,West,9. Poor Close (Wall View),420.0,3.0
50,9,Low, D,304,Small_Unit,4150000,13651,13/10/2016,South West,6. Normal (Good Direction - S/E),250.0,6.0
52,30,High, B,284,Small_Unit,3980000,14014,13/10/2016,North West,8. Normal (Poor Direction - N/W),280.0,4.5
42,27,High, C,304,Small_Unit,4000000,13158,13/10/2016,South,6. Normal (Good Direction - S/E),200.0,6.0
16,4,Low, F,451,Middle_Unit,5350000,11863,12/10/2016,South East,6. Normal (Good Direction - S/E),500.0,6.0
39,32,High, F,284,Small_Unit,4300000,15141,12/10/2016,West,9. Poor Close (Wall View),180.0,3.0
26,21,Mid, E,447,Middle_Unit,5750000,12864,12/10/2016,South,10. Poor Street (Busy Road),420.0,2.0
44,9,Low, B,284,Small_Unit,3960000,13944,12/10/2016,West,9. Poor Close (Wall View),150.0,3.0
39,31,High, B,284,Small_Unit,4180000,14718,12/10/2016,East,9. Poor Close (Wall View),180.0,3.0
40,28,High, H,304,Small_Unit,4190000,13783,12/10/2016,North,10. Poor Street (Busy Road),200.0,2.0
37,15,Mid, E,284,Small_Unit,3930000,13838,11/10/2016,West,9. Poor Close (Wall View),150.0,3.0
40,9,Low, E,284,Small_Unit,4000000,14085,11/10/2016,West,10. Poor Street (Busy Road),200.0,2.0
39,7,Low, G,304,Small_Unit,3850000,12664,11/10/2016,North,10. Poor Street (Busy Road),180.0,2.0
31,27,High, F,451,Middle_Unit,5230000,11596,7/10/2016,North,10. Poor Street (Busy Road),400.0,2.0
52,10,Low, A,284,Small_Unit,3880000,13662,6/10/2016,North West,8. Normal (Poor Direction - N/W),280.0,4.5
21,23,Mid, B,451,Middle_Unit,6000000,13304,6/10/2016,North West,8. Normal (Poor Direction - N/W),500.0,4.5
33,20,Mid, A,820,Large_Unit,9130000,11134,6/10/2016,East,6. Normal (Good Direction - S/E),350.0,6.0
41,4,Low, A,284,Small_Unit,3950000,13908,6/10/2016,West,10. Poor Street (Busy Road),220.0,2.0
32,8,Low, A,451,Middle_Unit,5000000,11086,4/10/2016,South,5. Good Internal (Pool/Garden/Mall),380.0,6.5
43,9,Low, C,304,Small_Unit,3600000,11842,4/10/2016,South,6. Normal (Good Direction - S/E),220.0,6.0
3,17,Mid, A,451,Middle_Unit,5780000,12816,4/10/2016,North West,2. Premium (Full River - West/Sun),700.0,8.5
3,12,Mid, H,327,Small_Unit,4180000,12783,3/10/2016,North East,2. Premium (Full River - West/Sun),700.0,8.5
20,24,Mid, G,327,Small_Unit,4130000,12630,30/9/2016,North East,6. Normal (Good Direction - S/E),520.0,6.0
40,4,Low, H,304,Small_Unit,3970000,13059,28/9/2016,North,10. Poor Street (Busy Road),200.0,2.0
2,6,Low, H,327,Small_Unit,4038000,12349,28/9/2016,North East,2. Premium (Full River - West/Sun),680.0,8.5
1,27,High, C,327,Small_Unit,4438000,13572,28/9/2016,South West,2. Premium (Full River - West/Sun),650.0,8.5
46,11,Mid, E,284,Small_Unit,3900000,13732,27/9/2016,East,9. Poor Close (Wall View),180.0,3.0
49,25,Mid, B,284,Small_Unit,4070000,14331,26/9/2016,North West,4. Good Open (High Floor City),220.0,7.0
24,25,Mid, A,447,Middle_Unit,5200000,11633,26/9/2016,East,9. Poor Close (Wall View),380.0,3.0
36,14,Mid, A,478,Middle_Unit,5730000,11987,26/9/2016,North,9. Poor Close (Wall View),300.0,3.0
41,25,Mid, A,284,Small_Unit,4050000,14261,23/9/2016,West,10. Poor Street (Busy Road),220.0,2.0
27,23,Mid, B,688,Large_Unit,7800000,11337,23/9/2016,East,9. Poor Close (Wall View),450.0,3.0
3,2,Low, H,327,Small_Unit,3685000,11269,23/9/2016,North East,2. Premium (Full River - West/Sun),700.0,8.5
44,4,Low, E,284,Small_Unit,3850000,13556,22/9/2016,East,9. Poor Close (Wall View),150.0,3.0
29,21,Mid, A,451,Middle_Unit,5630000,12483,22/9/2016,East,9. Poor Close (Wall View),450.0,3.0
26,17,Mid, E,447,Middle_Unit,5800000,12975,22/9/2016,South,10. Poor Street (Busy Road),420.0,2.0
50,15,Mid, H,304,Small_Unit,4120000,13553,22/9/2016,North East,6. Normal (Good Direction - S/E),250.0,6.0
18,26,High, A,515,Middle_Unit,6588000,12792,21/9/2016,North West,8. Normal (Poor Direction - N/W),550.0,4.5
51,31,High, F,284,Small_Unit,4200000,14789,21/9/2016,South East,6. Normal (Good Direction - S/E),280.0,6.0
5,27,High, D,853,Large_Unit,10800000,12661,21/9/2016,South West,2. Premium (Full River - West/Sun),750.0,8.5
38,11,Mid, C,304,Small_Unit,4150000,13651,20/9/2016,South,9. Poor Close (Wall View),150.0,3.0
49,6,Low, G,304,Small_Unit,3850000,12664,20/9/2016,North East,6. Normal (Good Direction - S/E),220.0,6.0
40,26,High, F,284,Small_Unit,4160000,14648,20/9/2016,West,10. Poor Street (Busy Road),200.0,2.0
43,25,Mid, H,304,Small_Unit,3898000,12822,19/9/2016,North,9. Poor Close (Wall View),220.0,3.0
3,14,Mid, D,327,Small_Unit,3500000,10703,19/9/2016,South West,2. Premium (Full River - West/Sun),700.0,8.5
46,25,Mid, A,284,Small_Unit,3948000,13901,15/9/2016,West,4. Good Open (High Floor City),180.0,7.0
50,21,Mid, G,304,Small_Unit,4220000,13882,14/9/2016,North East,6. Normal (Good Direction - S/E),250.0,6.0
7,1,Low, A,515,Middle_Unit,5288000,10268,14/9/2016,North West,2. Premium (Full River - West/Sun),600.0,8.5
38,16,Mid, H,304,Small_Unit,4000000,13158,14/9/2016,North,10. Poor Street (Busy Road),150.0,2.0
37,29,High, E,284,Small_Unit,4000000,14085,14/9/2016,West,9. Poor Close (Wall View),150.0,3.0
49,28,High, C,304,Small_Unit,3950000,12993,14/9/2016,South West,6. Normal (Good Direction - S/E),220.0,6.0
46,5,Low, H,304,Small_Unit,3580000,11776,13/9/2016,North,10. Poor Street (Busy Road),180.0,2.0
39,11,Mid, B,284,Small_Unit,3550000,12500,13/9/2016,East,9. Poor Close (Wall View),180.0,3.0
16,30,High, G,327,Small_Unit,4350000,13303,12/9/2016,North East,6. Normal (Good Direction - S/E),500.0,6.0
12,21,Mid, A,515,Middle_Unit,5950000,11553,12/9/2016,North West,1. Premium Plus (Full River/Park),580.0,9.0
30,23,Mid, F,451,Middle_Unit,5480000,12151,12/9/2016,North,9. Poor Close (Wall View),420.0,3.0
50,19,Mid, E,284,Small_Unit,4080000,14366,9/9/2016,South East,6. Normal (Good Direction - S/E),250.0,6.0
26,28,High, F,447,Middle_Unit,5800000,12975,8/9/2016,South,10. Poor Street (Busy Road),420.0,2.0
17,19,Mid, A,451,Middle_Unit,5500000,12195,7/9/2016,North West,8. Normal (Poor Direction - N/W),520.0,4.5
48,4,Low, F,284,Small_Unit,3919000,13799,6/9/2016,East,10. Poor Street (Busy Road),200.0,2.0
45,30,High, E,284,Small_Unit,3800000,13380,6/9/2016,East,10. Poor Street (Busy Road),150.0,2.0
42,6,Low, A,284,Small_Unit,3920000,13803,6/9/2016,West,9. Poor Close (Wall View),200.0,3.0
50,3,Low, E,284,Small_Unit,3550000,12500,5/9/2016,South East,6. Normal (Good Direction - S/E),250.0,6.0
36,11,Mid, C,307,Small_Unit,3960000,12899,5/9/2016,East,6. Normal (Good Direction - S/E),300.0,6.0
32,23,Mid, D,327,Small_Unit,4200000,12844,2/9/2016,West,9. Poor Close (Wall View),380.0,3.0
43,32,High, H,304,Small_Unit,4400000,14474,1/9/2016,North,9. Poor Close (Wall View),220.0,3.0
46,12,Mid, D,304,Small_Unit,3850000,12664,1/9/2016,South,6. Normal (Good Direction - S/E),180.0,6.0
46,22,Mid, G,304,Small_Unit,3800000,12500,31/8/2016,North,10. Poor Street (Busy Road),180.0,2.0
51,18,Mid, A,284,Small_Unit,3880000,13662,31/8/2016,North West,8. Normal (Poor Direction - N/W),280.0,4.5
10,7,Low, D,327,Small_Unit,3600000,11009,30/8/2016,South West,3. Premium Partial (Slivers of Water/Park),580.0,8.0
8,24,Mid, G,327,Small_Unit,4000000,12232,30/8/2016,North East,6. Normal (Good Direction - S/E),620.0,6.0
14,19,Mid, B,819,Large_Unit,8900000,10867,30/8/2016,North West,1. Premium Plus (Full River/Park),680.0,9.0
38,26,High, H,304,Small_Unit,3850000,12664,29/8/2016,North,10. Poor Street (Busy Road),150.0,2.0
51,23,Mid, A,284,Small_Unit,4000000,14085,26/8/2016,North West,8. Normal (Poor Direction - N/W),280.0,4.5
51,25,Mid, E,284,Small_Unit,3990000,14049,26/8/2016,South East,6. Normal (Good Direction - S/E),280.0,6.0
45,21,Mid, B,284,Small_Unit,3810000,13415,25/8/2016,West,9. Poor Close (Wall View),150.0,3.0
52,23,Mid, D,304,Small_Unit,3880000,12763,25/8/2016,South West,6. Normal (Good Direction - S/E),280.0,6.0
36,23,Mid, H,307,Small_Unit,3830000,12476,25/8/2016,West,10. Poor Street (Busy Road),300.0,2.0
43,15,Mid, A,284,Small_Unit,3400000,11972,25/8/2016,West,9. Poor Close (Wall View),220.0,3.0
50,15,Mid, B,284,Small_Unit,3500000,12324,24/8/2016,North West,8. Normal (Poor Direction - N/W),250.0,4.5
46,28,High, B,284,Small_Unit,3630000,12782,24/8/2016,West,10. Poor Street (Busy Road),180.0,2.0
26,8,Low, G,326,Small_Unit,4260000,13067,24/8/2016,East,10. Poor Street (Busy Road),420.0,2.0
44,14,Mid, B,284,Small_Unit,3850000,13556,23/8/2016,West,9. Poor Close (Wall View),150.0,3.0
40,24,Mid, G,304,Small_Unit,4000000,13158,23/8/2016,North,10. Poor Street (Busy Road),200.0,2.0
3,8,Low, D,327,Small_Unit,4300000,13150,22/8/2016,South West,2. Premium (Full River - West/Sun),700.0,8.5
46,25,Mid, D,304,Small_Unit,4130000,13586,22/8/2016,South,6. Normal (Good Direction - S/E),180.0,6.0
47,28,High, C,304,Small_Unit,3960000,13026,22/8/2016,South,6. Normal (Good Direction - S/E),180.0,6.0
21,7,Low, H,327,Small_Unit,4050000,12385,19/8/2016,North East,6. Normal (Good Direction - S/E),500.0,6.0
36,29,High, H,307,Small_Unit,4050000,13192,19/8/2016,West,10. Poor Street (Busy Road),300.0,2.0
29,23,Mid, G,327,Small_Unit,4038000,12349,19/8/2016,South,9. Poor Close (Wall View),450.0,3.0
48,29,High, B,284,Small_Unit,3968000,13972,18/8/2016,West,9. Poor Close (Wall View),200.0,3.0
49,29,High, A,284,Small_Unit,4080000,14366,17/8/2016,North West,8. Normal (Poor Direction - N/W),220.0,4.5
18,27,High, D,504,Middle_Unit,6150000,12202,17/8/2016,South West,6. Normal (Good Direction - S/E),550.0,6.0
49,3,Low, E,284,Small_Unit,3480000,12254,17/8/2016,South East,6. Normal (Good Direction - S/E),220.0,6.0
47,22,Mid, A,284,Small_Unit,3680000,12958,16/8/2016,West,9. Poor Close (Wall View),180.0,3.0
30,30,High, G,327,Small_Unit,4400000,13456,16/8/2016,East,9. Poor Close (Wall View),420.0,3.0
36,16,Mid, A,478,Middle_Unit,5750000,12029,16/8/2016,North,9. Poor Close (Wall View),300.0,3.0
18,33,High, E,504,Middle_Unit,6368000,12635,16/8/2016,South East,6. Normal (Good Direction - S/E),550.0,6.0
3,26,High, C,327,Small_Unit,4050000,12385,15/8/2016,South West,2. Premium (Full River - West/Sun),700.0,8.5
46,4,Low, H,304,Small_Unit,3600000,11842,15/8/2016,North,10. Poor Street (Busy Road),180.0,2.0
51,22,Mid, C,304,Small_Unit,3880000,12763,12/8/2016,South West,6. Normal (Good Direction - S/E),280.0,6.0
51,16,Mid, C,304,Small_Unit,3600000,11842,11/8/2016,South West,6. Normal (Good Direction - S/E),280.0,6.0
31,21,Mid, H,327,Small_Unit,3900000,11927,11/8/2016,East,9. Poor Close (Wall View),400.0,3.0
49,15,Mid, C,304,Small_Unit,3780000,12434,11/8/2016,South West,6. Normal (Good Direction - S/E),220.0,6.0
1,23,Mid, A,451,Middle_Unit,5450000,12084,10/8/2016,North West,2. Premium (Full River - West/Sun),650.0,8.5
46,31,High, C,304,Small_Unit,3800000,12500,10/8/2016,South,6. Normal (Good Direction - S/E),180.0,6.0
26,17,Mid, D,326,Small_Unit,4200000,12883,9/8/2016,West,9. Poor Close (Wall View),420.0,3.0
26,20,Mid, H,326,Small_Unit,3993800,12251,9/8/2016,East,10. Poor Street (Busy Road),420.0,2.0
21,20,Mid, C,327,Small_Unit,4000000,12232,9/8/2016,South West,6. Normal (Good Direction - S/E),500.0,6.0
14,7,Low, A,819,Large_Unit,8860000,10818,9/8/2016,North West,1. Premium Plus (Full River/Park),680.0,9.0
21,16,Mid, F,451,Middle_Unit,4480000,9933,9/8/2016,South East,6. Normal (Good Direction - S/E),500.0,6.0
30,3,Low, F,451,Middle_Unit,4900000,10865,8/8/2016,North,9. Poor Close (Wall View),420.0,3.0
40,22,Mid, D,304,Small_Unit,3770000,12401,5/8/2016,South,9. Poor Close (Wall View),200.0,3.0
47,19,Mid, F,284,Small_Unit,3710000,13063,5/8/2016,East,9. Poor Close (Wall View),180.0,3.0
20,25,Mid, H,327,Small_Unit,3850000,11774,4/8/2016,North East,6. Normal (Good Direction - S/E),520.0,6.0
42,23,Mid, F,284,Small_Unit,3600000,12676,3/8/2016,East,9. Poor Close (Wall View),200.0,3.0
41,19,Mid, F,284,Small_Unit,3710000,13063,3/8/2016,East,9. Poor Close (Wall View),220.0,3.0
52,19,Mid, D,304,Small_Unit,3950000,12993,1/8/2016,South West,6. Normal (Good Direction - S/E),280.0,6.0
46,18,Mid, B,284,Small_Unit,3280000,11549,1/8/2016,West,10. Poor Street (Busy Road),180.0,2.0
38,3,Low, C,304,Small_Unit,3500000,11513,29/7/2016,South,9. Poor Close (Wall View),150.0,3.0
40,21,Mid, D,304,Small_Unit,3890000,12796,28/7/2016,South,9. Poor Close (Wall View),200.0,3.0
40,9,Low, B,284,Small_Unit,3600000,12676,28/7/2016,East,9. Poor Close (Wall View),200.0,3.0
12,20,Mid, B,515,Middle_Unit,5920000,11495,28/7/2016,North West,1. Premium Plus (Full River/Park),580.0,9.0
7,30,High, F,484,Middle_Unit,5950000,12293,26/7/2016,South East,6. Normal (Good Direction - S/E),600.0,6.0
12,23,Mid, F,484,Middle_Unit,5825000,12035,26/7/2016,South East,1. Premium Plus (Full River/Park),580.0,9.0
35,20,Mid, D,707,Large_Unit,7562000,10696,26/7/2016,South,10. Poor Street (Busy Road),320.0,2.0
42,20,Mid, C,304,Small_Unit,3900000,12829,26/7/2016,South,6. Normal (Good Direction - S/E),200.0,6.0
49,15,Mid, A,284,Small_Unit,3550000,12500,26/7/2016,North West,8. Normal (Poor Direction - N/W),220.0,4.5
19,18,Mid, C,327,Small_Unit,4080000,12477,22/7/2016,South West,6. Normal (Good Direction - S/E),550.0,6.0
26,18,Mid, D,326,Small_Unit,3600000,11043,21/7/2016,West,9. Poor Close (Wall View),420.0,3.0
29,25,Mid, B,451,Middle_Unit,5680000,12594,20/7/2016,East,9. Poor Close (Wall View),450.0,3.0
24,5,Low, D,326,Small_Unit,3738000,11466,20/7/2016,West,10. Poor Street (Busy Road),380.0,2.0
40,19,Mid, D,304,Small_Unit,3730000,12270,20/7/2016,South,9. Poor Close (Wall View),200.0,3.0
45,21,Mid, F,284,Small_Unit,3950000,13908,19/7/2016,East,10. Poor Street (Busy Road),150.0,2.0
22,21,Mid, E,504,Middle_Unit,5830000,11567,18/7/2016,South East,6. Normal (Good Direction - S/E),480.0,6.0
28,12,Mid, C,688,Large_Unit,7480000,10872,15/7/2016,West,9. Poor Close (Wall View),480.0,3.0
36,22,Mid, G,307,Small_Unit,3530000,11498,15/7/2016,West,10. Poor Street (Busy Road),300.0,2.0
21,20,Mid, A,451,Middle_Unit,5360000,11885,14/7/2016,North West,8. Normal (Poor Direction - N/W),500.0,4.5
32,26,High, D,327,Small_Unit,4020000,12294,12/7/2016,West,9. Poor Close (Wall View),380.0,3.0
41,16,Mid, E,284,Small_Unit,3800000,13380,11/7/2016,East,9. Poor Close (Wall View),220.0,3.0
46,30,High, H,304,Small_Unit,3800000,12500,11/7/2016,North,10. Poor Street (Busy Road),180.0,2.0
47,18,Mid, B,284,Small_Unit,3530000,12430,11/7/2016,West,9. Poor Close (Wall View),180.0,3.0
16,17,Mid, D,327,Small_Unit,3900000,11927,11/7/2016,South West,6. Normal (Good Direction - S/E),500.0,6.0
51,17,Mid, F,284,Small_Unit,3665000,12905,8/7/2016,South East,6. Normal (Good Direction - S/E),280.0,6.0
50,9,Low, E,284,Small_Unit,3680000,12958,7/7/2016,South East,6. Normal (Good Direction - S/E),250.0,6.0
12,16,Mid, F,484,Middle_Unit,5700000,11777,7/7/2016,South East,1. Premium Plus (Full River/Park),580.0,9.0
9,10,Low, D,327,Small_Unit,3980000,12171,7/7/2016,South West,6. Normal (Good Direction - S/E),600.0,6.0
21,21,Mid, B,451,Middle_Unit,5260000,11663,7/7/2016,North West,8. Normal (Poor Direction - N/W),500.0,4.5
48,24,Mid, D,304,Small_Unit,3800000,12500,6/7/2016,South,6. Normal (Good Direction - S/E),200.0,6.0
15,21,Mid, C,853,Large_Unit,8300000,9730,4/7/2016,South West,3. Premium Partial (Slivers of Water/Park),650.0,8.0
30,22,Mid, H,327,Small_Unit,3800000,11621,30/6/2016,East,9. Poor Close (Wall View),420.0,3.0
1,5,Low, C,327,Small_Unit,3970000,12141,30/6/2016,South West,2. Premium (Full River - West/Sun),650.0,8.5
17,20,Mid, H,327,Small_Unit,3938000,12043,30/6/2016,North East,6. Normal (Good Direction - S/E),520.0,6.0
44,13,Mid, E,284,Small_Unit,3750000,13204,29/6/2016,East,9. Poor Close (Wall View),150.0,3.0
45,10,Low, C,304,Small_Unit,3980000,13092,29/6/2016,South,6. Normal (Good Direction - S/E),150.0,6.0
4,7,Low, B,819,Large_Unit,8500000,10379,28/6/2016,North West,2. Premium (Full River - West/Sun),720.0,8.5
50,17,Mid, A,284,Small_Unit,3650000,12852,28/6/2016,North West,8. Normal (Poor Direction - N/W),250.0,4.5
23,8,Low, C,327,Small_Unit,3850000,11774,28/6/2016,South West,6. Normal (Good Direction - S/E),350.0,6.0
47,31,High, B,284,Small_Unit,3600000,12676,24/6/2016,West,9. Poor Close (Wall View),180.0,3.0
48,18,Mid, C,304,Small_Unit,3700000,12171,24/6/2016,South,6. Normal (Good Direction - S/E),200.0,6.0
47,20,Mid, F,284,Small_Unit,3575000,12588,22/6/2016,East,9. Poor Close (Wall View),180.0,3.0
46,29,High, G,304,Small_Unit,3800000,12500,22/6/2016,North,10. Poor Street (Busy Road),180.0,2.0
41,19,Mid, G,304,Small_Unit,3850000,12664,22/6/2016,North,10. Poor Street (Busy Road),220.0,2.0
8,25,Mid, F,451,Middle_Unit,5238000,11614,21/6/2016,South East,6. Normal (Good Direction - S/E),620.0,6.0
8,3,Low, D,327,Small_Unit,3600000,11009,17/6/2016,South West,6. Normal (Good Direction - S/E),620.0,6.0
42,14,Mid, B,284,Small_Unit,3500000,12324,17/6/2016,West,9. Poor Close (Wall View),200.0,3.0
46,27,High, D,304,Small_Unit,3650000,12007,16/6/2016,South,6. Normal (Good Direction - S/E),180.0,6.0
43,3,Low, G,304,Small_Unit,3400000,11184,16/6/2016,North,9. Poor Close (Wall View),220.0,3.0
19,25,Mid, B,451,Middle_Unit,5500000,12195,15/6/2016,North West,8. Normal (Poor Direction - N/W),550.0,4.5
6,6,Low, D,853,Large_Unit,7400000,8675,14/6/2016,South West,11. Poor Highway (Tai Chung Kiu Noise Penalty),720.0,1.0
20,8,Low, C,327,Small_Unit,3350000,10245,14/6/2016,South West,6. Normal (Good Direction - S/E),520.0,6.0
18,24,Mid, D,504,Middle_Unit,5660000,11230,14/6/2016,South West,6. Normal (Good Direction - S/E),550.0,6.0
36,27,High, B,478,Middle_Unit,5800000,12134,13/6/2016,North,4. Good Open (High Floor City),300.0,7.0
11,9,Low, D,504,Middle_Unit,5350000,10615,8/6/2016,South West,6. Normal (Good Direction - S/E),550.0,6.0
41,7,Low, E,284,Small_Unit,3240000,11408,8/6/2016,East,9. Poor Close (Wall View),220.0,3.0
41,18,Mid, E,284,Small_Unit,3850000,13556,8/6/2016,East,9. Poor Close (Wall View),220.0,3.0
38,28,High, F,284,Small_Unit,3750000,13204,7/6/2016,West,9. Poor Close (Wall View),150.0,3.0
17,20,Mid, D,327,Small_Unit,3800000,11621,3/6/2016,South West,6. Normal (Good Direction - S/E),520.0,6.0
43,17,Mid, H,304,Small_Unit,3550000,11678,2/6/2016,North,9. Poor Close (Wall View),220.0,3.0
52,27,High, F,284,Small_Unit,3650000,12852,2/6/2016,South East,6. Normal (Good Direction - S/E),280.0,6.0
52,12,Mid, B,284,Small_Unit,3760000,13239,2/6/2016,North West,8. Normal (Poor Direction - N/W),280.0,4.5
3,10,Low, C,327,Small_Unit,3750000,11468,1/6/2016,South West,2. Premium (Full River - West/Sun),700.0,8.5
9,26,High, D,327,Small_Unit,3900000,11927,1/6/2016,South West,6. Normal (Good Direction - S/E),600.0,6.0
45,10,Low, D,304,Small_Unit,3600000,11842,31/5/2016,South,6. Normal (Good Direction - S/E),150.0,6.0
42,28,High, G,304,Small_Unit,3300000,10855,30/5/2016,North,9. Poor Close (Wall View),200.0,3.0
48,5,Low, H,304,Small_Unit,3550000,11678,27/5/2016,North,10. Poor Street (Busy Road),200.0,2.0
1,9,Low, C,327,Small_Unit,3740000,11437,27/5/2016,South West,2. Premium (Full River - West/Sun),650.0,8.5
16,9,Low, C,327,Small_Unit,3800000,11621,27/5/2016,South West,6. Normal (Good Direction - S/E),500.0,6.0
46,22,Mid, B,284,Small_Unit,3540000,12465,27/5/2016,West,10. Poor Street (Busy Road),180.0,2.0
14,7,Low, B,819,Large_Unit,8080000,9866,26/5/2016,North West,1. Premium Plus (Full River/Park),680.0,9.0
34,4,Low, A,707,Large_Unit,7280000,10297,26/5/2016,South,4. Good Open (High Floor City),300.0,7.0
32,27,High, F,451,Middle_Unit,5230000,11596,26/5/2016,North,10. Poor Street (Busy Road),380.0,2.0
31,20,Mid, D,327,Small_Unit,3888000,11890,26/5/2016,West,9. Poor Close (Wall View),400.0,3.0
29,15,Mid, A,451,Middle_Unit,5350000,11863,25/5/2016,East,9. Poor Close (Wall View),450.0,3.0
48,10,Low, B,284,Small_Unit,3800000,13380,25/5/2016,West,9. Poor Close (Wall View),200.0,3.0
42,23,Mid, D,304,Small_Unit,3650000,12007,23/5/2016,South,6. Normal (Good Direction - S/E),200.0,6.0
46,30,High, A,284,Small_Unit,3300000,11620,23/5/2016,West,4. Good Open (High Floor City),180.0,7.0
50,5,Low, A,284,Small_Unit,3750000,13204,19/5/2016,North West,8. Normal (Poor Direction - N/W),250.0,4.5
37,22,Mid, F,284,Small_Unit,3650000,12852,19/5/2016,West,9. Poor Close (Wall View),150.0,3.0
2,22,Mid, F,451,Middle_Unit,4700000,10421,18/5/2016,South East,3. Premium Partial (Slivers of Water/Park),680.0,6.0
41,22,Mid, A,284,Small_Unit,3500000,12324,18/5/2016,West,10. Poor Street (Busy Road),220.0,2.0
19,30,High, E,451,Middle_Unit,5450000,12084,18/5/2016,South East,6. Normal (Good Direction - S/E),550.0,6.0
1,14,Mid, E,451,Middle_Unit,5300000,11752,17/5/2016,South East,6. Normal (Good Direction - S/E),650.0,6.0
49,21,Mid, D,304,Small_Unit,3450000,11349,17/5/2016,South West,6. Normal (Good Direction - S/E),220.0,6.0
50,14,Mid, G,304,Small_Unit,3700000,12171,17/5/2016,North East,6. Normal (Good Direction - S/E),250.0,6.0
32,8,Low, G,327,Small_Unit,3600000,11009,17/5/2016,East,10. Poor Street (Busy Road),380.0,2.0
40,21,Mid, A,284,Small_Unit,3800000,13380,13/5/2016,East,9. Poor Close (Wall View),200.0,3.0
26,20,Mid, C,326,Small_Unit,4050000,12423,12/5/2016,West,9. Poor Close (Wall View),420.0,3.0
41,3,Low, E,284,Small_Unit,3370000,11866,12/5/2016,East,9. Poor Close (Wall View),220.0,3.0
21,19,Mid, F,451,Middle_Unit,5020000,11131,12/5/2016,South East,6. Normal (Good Direction - S/E),500.0,6.0
48,20,Mid, D,304,Small_Unit,3750000,12336,12/5/2016,South,6. Normal (Good Direction - S/E),200.0,6.0
15,15,Mid, A,819,Large_Unit,7800000,9524,11/5/2016,North West,1. Premium Plus (Full River/Park),650.0,9.0
39,29,High, H,304,Small_Unit,3788000,12461,11/5/2016,North,10. Poor Street (Busy Road),180.0,2.0
39,4,Low, A,284,Small_Unit,3330000,11725,10/5/2016,East,9. Poor Close (Wall View),180.0,3.0
44,32,High, A,284,Small_Unit,3950000,13908,10/5/2016,West,9. Poor Close (Wall View),150.0,3.0
29,10,Low, C,327,Small_Unit,3500000,10703,10/5/2016,West,10. Poor Street (Busy Road),450.0,2.0
38,7,Low, A,284,Small_Unit,3690000,12993,10/5/2016,East,9. Poor Close (Wall View),150.0,3.0
16,22,Mid, E,451,Middle_Unit,5055000,11208,10/5/2016,South East,6. Normal (Good Direction - S/E),500.0,6.0
48,8,Low, B,284,Small_Unit,3650000,12852,10/5/2016,West,9. Poor Close (Wall View),200.0,3.0
44,5,Low, C,304,Small_Unit,3500000,11513,10/5/2016,South,6. Normal (Good Direction - S/E),150.0,6.0
52,29,High, A,284,Small_Unit,3800000,13380,9/5/2016,North West,8. Normal (Poor Direction - N/W),280.0,4.5
44,15,Mid, D,304,Small_Unit,3550000,11678,4/5/2016,South,4. Good Open (High Floor City),150.0,7.0
43,7,Low, C,304,Small_Unit,3500000,11513,4/5/2016,South,6. Normal (Good Direction - S/E),220.0,6.0
39,16,Mid, F,284,Small_Unit,3700000,13028,4/5/2016,West,9. Poor Close (Wall View),180.0,3.0
4,12,Mid, D,853,Large_Unit,8350000,9789,4/5/2016,South West,2. Premium (Full River - West/Sun),720.0,8.5
26,17,Mid, G,326,Small_Unit,3988000,12233,29/4/2016,East,10. Poor Street (Busy Road),420.0,2.0
17,20,Mid, E,451,Middle_Unit,4800000,10643,29/4/2016,South East,6. Normal (Good Direction - S/E),520.0,6.0
42,31,High, B,284,Small_Unit,3800000,13380,28/4/2016,West,9. Poor Close (Wall View),200.0,3.0
16,14,Mid, D,327,Small_Unit,3500000,10703,28/4/2016,South West,6. Normal (Good Direction - S/E),500.0,6.0
16,27,High, B,451,Middle_Unit,5200000,11530,28/4/2016,North West,8. Normal (Poor Direction - N/W),500.0,4.5
4,15,Mid, B,819,Large_Unit,8000000,9768,27/4/2016,North West,2. Premium (Full River - West/Sun),720.0,8.5
43,5,Low, G,304,Small_Unit,3400000,11184,27/4/2016,North,9. Poor Close (Wall View),220.0,3.0
40,21,Mid, F,284,Small_Unit,3780000,13310,27/4/2016,West,10. Poor Street (Busy Road),200.0,2.0
51,5,Low, B,284,Small_Unit,3320000,11690,27/4/2016,North West,8. Normal (Poor Direction - N/W),280.0,4.5
35,30,High, D,707,Large_Unit,7380000,10438,27/4/2016,South,10. Poor Street (Busy Road),320.0,2.0
9,24,Mid, G,327,Small_Unit,3980000,12171,25/4/2016,North East,6. Normal (Good Direction - S/E),600.0,6.0
4,24,Mid, B,819,Large_Unit,8250000,10073,21/4/2016,North West,2. Premium (Full River - West/Sun),720.0,8.5
19,15,Mid, E,451,Middle_Unit,5150000,11419,21/4/2016,South East,6. Normal (Good Direction - S/E),550.0,6.0
48,10,Low, C,304,Small_Unit,3470000,11414,21/4/2016,South,6. Normal (Good Direction - S/E),200.0,6.0
45,4,Low, C,304,Small_Unit,3350000,11020,21/4/2016,South,6. Normal (Good Direction - S/E),150.0,6.0
49,18,Mid, B,284,Small_Unit,3188000,11225,21/4/2016,North West,4. Good Open (High Floor City),220.0,7.0
50,28,High, G,304,Small_Unit,3600000,11842,19/4/2016,North East,6. Normal (Good Direction - S/E),250.0,6.0
47,17,Mid, F,284,Small_Unit,3380000,11901,19/4/2016,East,9. Poor Close (Wall View),180.0,3.0
45,19,Mid, H,304,Small_Unit,3680000,12105,19/4/2016,North,9. Poor Close (Wall View),150.0,3.0
7,7,Low, E,504,Middle_Unit,5400000,10714,19/4/2016,South East,3. Premium Partial (Slivers of Water/Park),600.0,6.0
33,6,Low, D,854,Large_Unit,8360000,9789,14/4/2016,East,6. Normal (Good Direction - S/E),350.0,6.0
51,16,Mid, D,304,Small_Unit,3730000,12270,14/4/2016,South West,6. Normal (Good Direction - S/E),280.0,6.0
48,7,Low, C,304,Small_Unit,3438000,11309,13/4/2016,South,6. Normal (Good Direction - S/E),200.0,6.0
41,21,Mid, D,304,Small_Unit,3680000,12105,13/4/2016,South,6. Normal (Good Direction - S/E),220.0,6.0
40,13,Mid, D,304,Small_Unit,3678000,12099,12/4/2016,South,9. Poor Close (Wall View),200.0,3.0
8,3,Low, B,451,Middle_Unit,4700000,10421,11/4/2016,North West,8. Normal (Poor Direction - N/W),620.0,4.5
38,4,Low, H,304,Small_Unit,3500000,11513,11/4/2016,North,10. Poor Street (Busy Road),150.0,2.0
30,7,Low, H,327,Small_Unit,3638000,11125,8/4/2016,East,9. Poor Close (Wall View),420.0,3.0
44,3,Low, E,284,Small_Unit,3300000,11620,7/4/2016,East,9. Poor Close (Wall View),150.0,3.0
30,6,Low, C,327,Small_Unit,3520000,10765,6/4/2016,West,10. Poor Street (Busy Road),420.0,2.0
9,7,Low, A,451,Middle_Unit,4650000,10310,1/4/2016,North West,8. Normal (Poor Direction - N/W),600.0,4.5
45,8,Low, E,284,Small_Unit,3500000,12324,29/3/2016,East,10. Poor Street (Busy Road),150.0,2.0
41,6,Low, E,284,Small_Unit,3500000,12324,24/3/2016,East,9. Poor Close (Wall View),220.0,3.0
23,20,Mid, E,451,Middle_Unit,5250000,11641,23/3/2016,South East,6. Normal (Good Direction - S/E),350.0,6.0
32,17,Mid, G,327,Small_Unit,3700000,11315,23/3/2016,East,10. Poor Street (Busy Road),380.0,2.0
37,7,Low, F,284,Small_Unit,3538000,12458,21/3/2016,West,9. Poor Close (Wall View),150.0,3.0
29,7,Low, H,327,Small_Unit,3570000,10917,18/3/2016,South,9. Poor Close (Wall View),450.0,3.0
46,21,Mid, H,304,Small_Unit,3625000,11924,17/3/2016,North,10. Poor Street (Busy Road),180.0,2.0
46,26,High, E,284,Small_Unit,3470000,12218,16/3/2016,East,9. Poor Close (Wall View),180.0,3.0
39,19,Mid, H,304,Small_Unit,3780000,12434,15/3/2016,North,10. Poor Street (Busy Road),180.0,2.0
21,16,Mid, G,327,Small_Unit,3830000,11713,10/3/2016,North East,6. Normal (Good Direction - S/E),500.0,6.0
37,31,High, E,284,Small_Unit,3450000,12148,3/3/2016,West,9. Poor Close (Wall View),150.0,3.0
39,10,Low, F,284,Small_Unit,3500000,12324,3/3/2016,West,9. Poor Close (Wall View),180.0,3.0
52,21,Mid, H,304,Small_Unit,3680000,12105,1/3/2016,North East,6. Normal (Good Direction - S/E),280.0,6.0
21,4,Low, H,327,Small_Unit,3570000,10917,26/2/2016,North East,6. Normal (Good Direction - S/E),500.0,6.0
44,27,High, E,284,Small_Unit,3575000,12588,26/2/2016,East,9. Poor Close (Wall View),150.0,3.0
10,11,Mid, F,451,Middle_Unit,5130000,11375,25/2/2016,South East,1. Premium Plus (Full River/Park),580.0,9.0
49,8,Low, H,304,Small_Unit,3680000,12105,24/2/2016,North East,6. Normal (Good Direction - S/E),220.0,6.0
52,30,High, G,304,Small_Unit,3700000,12171,23/2/2016,North East,6. Normal (Good Direction - S/E),280.0,6.0
48,30,High, A,284,Small_Unit,3570000,12570,23/2/2016,West,9. Poor Close (Wall View),200.0,3.0
47,17,Mid, B,284,Small_Unit,3560000,12535,22/2/2016,West,9. Poor Close (Wall View),180.0,3.0
36,23,Mid, C,307,Small_Unit,3900000,12704,17/2/2016,East,6. Normal (Good Direction - S/E),300.0,6.0
36,17,Mid, A,478,Middle_Unit,6000000,12552,17/2/2016,North,9. Poor Close (Wall View),300.0,3.0
43,31,High, G,304,Small_Unit,3580000,11776,17/2/2016,North,9. Poor Close (Wall View),220.0,3.0
49,15,Mid, E,284,Small_Unit,3570000,12570,16/2/2016,South East,6. Normal (Good Direction - S/E),220.0,6.0
29,6,Low, C,327,Small_Unit,3500000,10703,16/2/2016,West,10. Poor Street (Busy Road),450.0,2.0
38,5,Low, C,304,Small_Unit,3850000,12664,16/2/2016,South,9. Poor Close (Wall View),150.0,3.0
31,21,Mid, G,327,Small_Unit,3820000,11682,12/2/2016,East,9. Poor Close (Wall View),400.0,3.0
16,7,Low, E,451,Middle_Unit,4900000,10865,11/2/2016,South East,6. Normal (Good Direction - S/E),500.0,6.0
21,17,Mid, F,451,Middle_Unit,4800000,10643,11/2/2016,South East,6. Normal (Good Direction - S/E),500.0,6.0
49,23,Mid, D,304,Small_Unit,3380000,11118,5/2/2016,South West,6. Normal (Good Direction - S/E),220.0,6.0
38,7,Low, G,304,Small_Unit,3480000,11447,5/2/2016,North,10. Poor Street (Busy Road),150.0,2.0
36,14,Mid, G,307,Small_Unit,3530000,11498,5/2/2016,West,10. Poor Street (Busy Road),300.0,2.0
1,20,Mid, E,451,Middle_Unit,5350000,11863,5/2/2016,South East,6. Normal (Good Direction - S/E),650.0,6.0
46,3,Low, H,304,Small_Unit,3300000,10855,4/2/2016,North,10. Poor Street (Busy Road),180.0,2.0
10,30,High, F,451,Middle_Unit,6080000,13481,29/1/2016,South East,1. Premium Plus (Full River/Park),580.0,9.0
28,17,Mid, D,688,Large_Unit,7680000,11163,29/1/2016,West,9. Poor Close (Wall View),480.0,3.0
8,10,Low, C,327,Small_Unit,3770000,11529,29/1/2016,South West,6. Normal (Good Direction - S/E),620.0,6.0
41,14,Mid, E,284,Small_Unit,3600000,12676,28/1/2016,East,9. Poor Close (Wall View),220.0,3.0
38,21,Mid, G,304,Small_Unit,3680000,12105,26/1/2016,North,10. Poor Street (Busy Road),150.0,2.0
44,18,Mid, F,284,Small_Unit,3300000,11620,26/1/2016,East,9. Poor Close (Wall View),150.0,3.0
29,7,Low, D,327,Small_Unit,3650000,11162,26/1/2016,West,10. Poor Street (Busy Road),450.0,2.0
41,8,Low, C,304,Small_Unit,3490000,11480,22/1/2016,South,6. Normal (Good Direction - S/E),220.0,6.0
32,23,Mid, G,327,Small_Unit,3830000,11713,19/1/2016,East,10. Poor Street (Busy Road),380.0,2.0
23,17,Mid, D,327,Small_Unit,3900000,11927,19/1/2016,South West,6. Normal (Good Direction - S/E),350.0,6.0
15,19,Mid, B,819,Large_Unit,8580000,10476,18/1/2016,North West,1. Premium Plus (Full River/Park),650.0,9.0
44,17,Mid, E,284,Small_Unit,3400000,11972,15/1/2016,East,9. Poor Close (Wall View),150.0,3.0
12,20,Mid, E,504,Middle_Unit,6000000,11905,15/1/2016,South East,1. Premium Plus (Full River/Park),580.0,9.0
1,17,Mid, C,327,Small_Unit,3950000,12080,14/1/2016,South West,2. Premium (Full River - West/Sun),650.0,8.5
16,14,Mid, C,327,Small_Unit,3950000,12080,14/1/2016,South West,6. Normal (Good Direction - S/E),500.0,6.0
39,10,Low, C,304,Small_Unit,3538000,11638,13/1/2016,South,9. Poor Close (Wall View),180.0,3.0
10,25,Mid, D,327,Small_Unit,3880000,11865,11/1/2016,South West,3. Premium Partial (Slivers of Water/Park),580.0,8.0
9,15,Mid, B,451,Middle_Unit,6135000,13603,11/1/2016,North West,8. Normal (Poor Direction - N/W),600.0,4.5
12,17,Mid, A,515,Middle_Unit,5500000,10680,11/1/2016,North West,1. Premium Plus (Full River/Park),580.0,9.0
17,8,Low, E,451,Middle_Unit,4380000,9712,11/1/2016,South East,6. Normal (Good Direction - S/E),520.0,6.0
47,24,Mid, H,304,Small_Unit,3900000,12829,7/1/2016,North,10. Poor Street (Busy Road),180.0,2.0
44,5,Low, H,304,Small_Unit,3860000,12697,31/12/2015,North,9. Poor Close (Wall View),150.0,3.0
50,11,Mid, B,284,Small_Unit,3500000,12324,30/12/2015,North West,8. Normal (Poor Direction - N/W),250.0,4.5
47,25,Mid, F,284,Small_Unit,3650000,12852,28/12/2015,East,9. Poor Close (Wall View),180.0,3.0
29,10,Low, A,451,Middle_Unit,5200000,11530,28/12/2015,East,9. Poor Close (Wall View),450.0,3.0
46,29,High, D,304,Small_Unit,3730000,12270,23/12/2015,South,6. Normal (Good Direction - S/E),180.0,6.0
2,4,Low, D,327,Small_Unit,3560000,10887,23/12/2015,South West,2. Premium (Full River - West/Sun),680.0,8.5
14,24,Mid, C,853,Large_Unit,8880000,10410,23/12/2015,South West,6. Normal (Good Direction - S/E),680.0,6.0
48,30,High, E,284,Small_Unit,4000000,14085,22/12/2015,East,10. Poor Street (Busy Road),200.0,2.0
16,10,Low, D,327,Small_Unit,3950000,12080,22/12/2015,South West,6. Normal (Good Direction - S/E),500.0,6.0
26,8,Low, C,326,Small_Unit,3650000,11196,22/12/2015,West,9. Poor Close (Wall View),420.0,3.0
2,16,Mid, D,327,Small_Unit,3980000,12171,21/12/2015,South West,2. Premium (Full River - West/Sun),680.0,8.5
40,31,High, F,284,Small_Unit,3800000,13380,21/12/2015,West,10. Poor Street (Busy Road),200.0,2.0
11,11,Mid, C,484,Middle_Unit,5635000,11643,18/12/2015,South West,3. Premium Partial (Slivers of Water/Park),550.0,8.0
19,19,Mid, G,327,Small_Unit,4200000,12844,17/12/2015,North East,6. Normal (Good Direction - S/E),550.0,6.0
50,26,High, B,284,Small_Unit,4000000,14085,17/12/2015,North West,8. Normal (Poor Direction - N/W),250.0,4.5
8,27,High, B,451,Middle_Unit,6000000,13304,17/12/2015,North West,8. Normal (Poor Direction - N/W),620.0,4.5
27,20,Mid, D,688,Large_Unit,7288000,10593,16/12/2015,West,10. Poor Street (Busy Road),450.0,2.0
17,13,Mid, H,327,Small_Unit,3800000,11621,15/12/2015,North East,6. Normal (Good Direction - S/E),520.0,6.0
42,12,Mid, H,304,Small_Unit,4200000,13816,15/12/2015,North,9. Poor Close (Wall View),200.0,3.0
11,3,Low, E,504,Middle_Unit,5390000,10694,7/12/2015,South East,1. Premium Plus (Full River/Park),550.0,9.0
50,21,Mid, D,304,Small_Unit,3900000,12829,3/12/2015,South West,6. Normal (Good Direction - S/E),250.0,6.0
45,26,High, G,304,Small_Unit,4400000,14474,2/12/2015,North,9. Poor Close (Wall View),150.0,3.0
49,14,Mid, F,284,Small_Unit,3780000,13310,2/12/2015,South East,6. Normal (Good Direction - S/E),220.0,6.0
21,14,Mid, H,327,Small_Unit,4080000,12477,2/12/2015,North East,6. Normal (Good Direction - S/E),500.0,6.0
44,13,Mid, A,284,Small_Unit,3990000,14049,1/12/2015,West,9. Poor Close (Wall View),150.0,3.0
32,17,Mid, A,451,Middle_Unit,5400000,11973,30/11/2015,South,5. Good Internal (Pool/Garden/Mall),380.0,6.5
42,17,Mid, F,284,Small_Unit,3970000,13979,26/11/2015,East,9. Poor Close (Wall View),200.0,3.0
26,26,High, G,326,Small_Unit,4300000,13190,25/11/2015,East,10. Poor Street (Busy Road),420.0,2.0
22,15,Mid, B,515,Middle_Unit,5680000,11029,25/11/2015,North West,8. Normal (Poor Direction - N/W),480.0,4.5
22,1,Low, F,484,Middle_Unit,5100000,10537,24/11/2015,South East,6. Normal (Good Direction - S/E),480.0,6.0
40,30,High, F,284,Small_Unit,3900000,13732,20/11/2015,West,10. Poor Street (Busy Road),200.0,2.0
22,12,Mid, A,515,Middle_Unit,6100000,11845,20/11/2015,North West,8. Normal (Poor Direction - N/W),480.0,4.5
8,1,Low, G,327,Small_Unit,3718000,11370,18/11/2015,North East,6. Normal (Good Direction - S/E),620.0,6.0
46,4,Low, G,304,Small_Unit,3980000,13092,18/11/2015,North,10. Poor Street (Busy Road),180.0,2.0
43,19,Mid, A,284,Small_Unit,3900000,13732,17/11/2015,West,9. Poor Close (Wall View),220.0,3.0
49,17,Mid, E,284,Small_Unit,3968000,13972,17/11/2015,South East,6. Normal (Good Direction - S/E),220.0,6.0
44,5,Low, B,284,Small_Unit,3650000,12852,17/11/2015,West,9. Poor Close (Wall View),150.0,3.0
42,9,Low, B,284,Small_Unit,3180000,11197,16/11/2015,West,9. Poor Close (Wall View),200.0,3.0
22,1,Low, B,515,Middle_Unit,5800000,11262,11/11/2015,North West,8. Normal (Poor Direction - N/W),480.0,4.5
37,7,Low, B,284,Small_Unit,4050000,14261,9/11/2015,East,6. Normal (Good Direction - S/E),150.0,6.0
44,27,High, C,304,Small_Unit,3990000,13125,9/11/2015,South,6. Normal (Good Direction - S/E),150.0,6.0
42,24,Mid, B,284,Small_Unit,3400000,11972,9/11/2015,West,9. Poor Close (Wall View),200.0,3.0
17,6,Low, B,451,Middle_Unit,4500000,9978,4/11/2015,North West,8. Normal (Poor Direction - N/W),520.0,4.5
49,14,Mid, H,304,Small_Unit,4180000,13750,2/11/2015,North East,6. Normal (Good Direction - S/E),220.0,6.0
48,24,Mid, E,284,Small_Unit,4030000,14190,29/10/2015,East,10. Poor Street (Busy Road),200.0,2.0
39,9,Low, A,284,Small_Unit,4138000,14570,29/10/2015,East,9. Poor Close (Wall View),180.0,3.0
3,1,Low, F,451,Middle_Unit,4780000,10599,28/10/2015,South East,3. Premium Partial (Slivers of Water/Park),700.0,8.0
12,19,Mid, A,515,Middle_Unit,6200000,12039,28/10/2015,North West,1. Premium Plus (Full River/Park),580.0,9.0
52,25,Mid, A,284,Small_Unit,4180000,14718,27/10/2015,North West,8. Normal (Poor Direction - N/W),280.0,4.5
9,14,Mid, D,327,Small_Unit,4180000,12783,23/10/2015,South West,6. Normal (Good Direction - S/E),600.0,6.0
23,27,High, A,451,Middle_Unit,5000000,11086,23/10/2015,North West,8. Normal (Poor Direction - N/W),350.0,4.5
1,10,Low, G,327,Small_Unit,4238000,12960,20/10/2015,North East,2. Premium (Full River - West/Sun),650.0,8.5
26,12,Mid, H,326,Small_Unit,3900000,11963,19/10/2015,East,10. Poor Street (Busy Road),420.0,2.0
17,4,Low, D,327,Small_Unit,3750000,11468,19/10/2015,South West,6. Normal (Good Direction - S/E),520.0,6.0
30,18,Mid, C,327,Small_Unit,4380000,13394,14/10/2015,West,10. Poor Street (Busy Road),420.0,2.0
15,7,Low, D,853,Large_Unit,8430000,9883,14/10/2015,South West,3. Premium Partial (Slivers of Water/Park),650.0,8.0
44,19,Mid, F,284,Small_Unit,4150000,14613,14/10/2015,East,9. Poor Close (Wall View),150.0,3.0
30,13,Mid, D,327,Small_Unit,4000000,12232,12/10/2015,West,10. Poor Street (Busy Road),420.0,2.0
52,21,Mid, C,304,Small_Unit,4360000,14342,8/10/2015,South West,6. Normal (Good Direction - S/E),280.0,6.0
9,11,Mid, H,327,Small_Unit,4180000,12783,8/10/2015,North East,6. Normal (Good Direction - S/E),600.0,6.0
39,8,Low, F,284,Small_Unit,4150000,14613,2/10/2015,West,9. Poor Close (Wall View),180.0,3.0
2,15,Mid, G,327,Small_Unit,4000000,12232,2/10/2015,North East,2. Premium (Full River - West/Sun),680.0,8.5
49,25,Mid, F,284,Small_Unit,4180000,14718,30/9/2015,South East,6. Normal (Good Direction - S/E),220.0,6.0
19,17,Mid, D,327,Small_Unit,4200000,12844,30/9/2015,South West,6. Normal (Good Direction - S/E),550.0,6.0
48,27,High, G,304,Small_Unit,4100000,13487,24/9/2015,North,10. Poor Street (Busy Road),200.0,2.0
21,8,Low, A,451,Middle_Unit,5600000,12417,24/9/2015,North West,8. Normal (Poor Direction - N/W),500.0,4.5
16,26,High, C,327,Small_Unit,4338000,13266,23/9/2015,South West,6. Normal (Good Direction - S/E),500.0,6.0
2,24,Mid, A,451,Middle_Unit,5700000,12639,23/9/2015,North West,2. Premium (Full River - West/Sun),680.0,8.5
48,17,Mid, D,304,Small_Unit,4250000,13980,23/9/2015,South,6. Normal (Good Direction - S/E),200.0,6.0
10,22,Mid, F,451,Middle_Unit,6180000,13703,22/9/2015,South East,1. Premium Plus (Full River/Park),580.0,9.0
50,30,High, F,284,Small_Unit,4200000,14789,22/9/2015,South East,6. Normal (Good Direction - S/E),250.0,6.0
51,4,Low, H,304,Small_Unit,4100000,13487,17/9/2015,North East,6. Normal (Good Direction - S/E),280.0,6.0
51,32,High, D,304,Small_Unit,4900000,16118,16/9/2015,South West,6. Normal (Good Direction - S/E),280.0,6.0
45,30,High, C,304,Small_Unit,4170000,13717,16/9/2015,South,6. Normal (Good Direction - S/E),150.0,6.0
8,11,Mid, B,451,Middle_Unit,5900000,13082,16/9/2015,North West,8. Normal (Poor Direction - N/W),620.0,4.5
43,5,Low, B,284,Small_Unit,4070000,14331,16/9/2015,West,9. Poor Close (Wall View),220.0,3.0
37,26,High, D,304,Small_Unit,4300000,14145,15/9/2015,South,9. Poor Close (Wall View),150.0,3.0
11,4,Low, D,504,Middle_Unit,5950000,11806,11/9/2015,South West,6. Normal (Good Direction - S/E),550.0,6.0
47,9,Low, E,284,Small_Unit,4000000,14085,11/9/2015,East,9. Poor Close (Wall View),180.0,3.0
19,28,High, G,327,Small_Unit,4600000,14067,10/9/2015,North East,6. Normal (Good Direction - S/E),550.0,6.0
24,17,Mid, F,447,Middle_Unit,6380000,14273,9/9/2015,North,8. Normal (Poor Direction - N/W),380.0,4.5
38,13,Mid, B,284,Small_Unit,4240000,14930,9/9/2015,East,9. Poor Close (Wall View),150.0,3.0
3,9,Low, D,327,Small_Unit,3630000,11101,9/9/2015,South West,2. Premium (Full River - West/Sun),700.0,8.5
43,14,Mid, B,284,Small_Unit,4000000,14085,7/9/2015,West,9. Poor Close (Wall View),220.0,3.0
12,15,Mid, E,504,Middle_Unit,6000000,11905,7/9/2015,South East,1. Premium Plus (Full River/Park),580.0,9.0
52,21,Mid, A,284,Small_Unit,4250000,14965,4/9/2015,North West,8. Normal (Poor Direction - N/W),280.0,4.5
52,4,Low, E,284,Small_Unit,3870000,13627,31/8/2015,South East,6. Normal (Good Direction - S/E),280.0,6.0
40,19,Mid, E,284,Small_Unit,3200000,11268,26/8/2015,West,10. Poor Street (Busy Road),200.0,2.0
43,24,Mid, G,304,Small_Unit,4220000,13882,25/8/2015,North,9. Poor Close (Wall View),220.0,3.0
50,28,High, D,304,Small_Unit,4250000,13980,25/8/2015,South West,6. Normal (Good Direction - S/E),250.0,6.0
50,16,Mid, A,284,Small_Unit,4140000,14577,25/8/2015,North West,8. Normal (Poor Direction - N/W),250.0,4.5
41,7,Low, G,304,Small_Unit,4030000,13257,25/8/2015,North,10. Poor Street (Busy Road),220.0,2.0
38,6,Low, B,284,Small_Unit,4000000,14085,24/8/2015,East,9. Poor Close (Wall View),150.0,3.0
10,30,High, C,327,Small_Unit,4480000,13700,24/8/2015,South West,3. Premium Partial (Slivers of Water/Park),580.0,8.0
3,14,Mid, C,327,Small_Unit,3800000,11621,21/8/2015,South West,2. Premium (Full River - West/Sun),700.0,8.5
45,3,Low, B,284,Small_Unit,3880000,13662,21/8/2015,West,9. Poor Close (Wall View),150.0,3.0
45,7,Low, E,284,Small_Unit,4000000,14085,20/8/2015,East,10. Poor Street (Busy Road),150.0,2.0
42,6,Low, H,304,Small_Unit,4180000,13750,20/8/2015,North,9. Poor Close (Wall View),200.0,3.0
36,25,Mid, H,307,Small_Unit,4000000,13029,19/8/2015,West,10. Poor Street (Busy Road),300.0,2.0
3,1,Low, D,327,Small_Unit,3980000,12171,18/8/2015,South West,2. Premium (Full River - West/Sun),700.0,8.5
24,4,Low, H,326,Small_Unit,4080000,12515,17/8/2015,South,10. Poor Street (Busy Road),380.0,2.0
43,32,High, B,284,Small_Unit,4600000,16197,17/8/2015,West,9. Poor Close (Wall View),220.0,3.0
33,22,Mid, D,854,Large_Unit,8868000,10384,14/8/2015,East,6. Normal (Good Direction - S/E),350.0,6.0
1,10,Low, A,451,Middle_Unit,5600000,12417,14/8/2015,North West,2. Premium (Full River - West/Sun),650.0,8.5
41,21,Mid, F,284,Small_Unit,4250000,14965,13/8/2015,East,9. Poor Close (Wall View),220.0,3.0
19,26,High, D,327,Small_Unit,4400000,13456,13/8/2015,South West,6. Normal (Good Direction - S/E),550.0,6.0
12,7,Low, F,484,Middle_Unit,5400000,11157,10/8/2015,South East,1. Premium Plus (Full River/Park),580.0,9.0
26,13,Mid, B,447,Middle_Unit,6150000,13758,7/8/2015,North,8. Normal (Poor Direction - N/W),420.0,4.5
9,5,Low, D,327,Small_Unit,4500000,13761,7/8/2015,South West,6. Normal (Good Direction - S/E),600.0,6.0
38,16,Mid, G,304,Small_Unit,4200000,13816,7/8/2015,North,10. Poor Street (Busy Road),150.0,2.0
29,20,Mid, H,327,Small_Unit,4420000,13517,6/8/2015,South,9. Poor Close (Wall View),450.0,3.0
47,28,High, D,304,Small_Unit,4370000,14375,6/8/2015,South,6. Normal (Good Direction - S/E),180.0,6.0
19,17,Mid, H,327,Small_Unit,4295000,13135,6/8/2015,North East,6. Normal (Good Direction - S/E),550.0,6.0
42,19,Mid, G,304,Small_Unit,3900000,12829,6/8/2015,North,9. Poor Close (Wall View),200.0,3.0
45,32,High, A,284,Small_Unit,4380000,15423,6/8/2015,West,9. Poor Close (Wall View),150.0,3.0
24,8,Low, A,447,Middle_Unit,5840000,13065,5/8/2015,East,9. Poor Close (Wall View),380.0,3.0
42,4,Low, F,284,Small_Unit,4000000,14085,3/8/2015,East,9. Poor Close (Wall View),200.0,3.0
19,9,Low, F,451,Middle_Unit,6000000,13304,31/7/2015,South East,6. Normal (Good Direction - S/E),550.0,6.0
38,25,Mid, G,304,Small_Unit,3400000,11184,31/7/2015,North,10. Poor Street (Busy Road),150.0,2.0
19,2,Low, E,451,Middle_Unit,4920000,10909,30/7/2015,South East,6. Normal (Good Direction - S/E),550.0,6.0
35,25,Mid, D,707,Large_Unit,8600000,12164,30/7/2015,South,10. Poor Street (Busy Road),320.0,2.0
6,7,Low, C,853,Large_Unit,8820000,10340,29/7/2015,South West,11. Poor Highway (Tai Chung Kiu Noise Penalty),720.0,1.0
40,28,High, F,284,Small_Unit,4250000,14965,29/7/2015,West,10. Poor Street (Busy Road),200.0,2.0
16,14,Mid, F,451,Middle_Unit,5900000,13082,27/7/2015,South East,6. Normal (Good Direction - S/E),500.0,6.0
26,29,High, B,447,Middle_Unit,6450000,14430,27/7/2015,North,8. Normal (Poor Direction - N/W),420.0,4.5
31,30,High, E,451,Middle_Unit,6380000,14146,24/7/2015,North,10. Poor Street (Busy Road),400.0,2.0
48,18,Mid, E,284,Small_Unit,4100000,14437,24/7/2015,East,10. Poor Street (Busy Road),200.0,2.0
39,12,Mid, F,284,Small_Unit,3980000,14014,23/7/2015,West,9. Poor Close (Wall View),180.0,3.0
51,11,Mid, F,284,Small_Unit,4128000,14535,23/7/2015,South East,6. Normal (Good Direction - S/E),280.0,6.0
1,16,Mid, A,451,Middle_Unit,5690000,12616,23/7/2015,North West,2. Premium (Full River - West/Sun),650.0,8.5
15,15,Mid, C,853,Large_Unit,9000000,10551,23/7/2015,South West,3. Premium Partial (Slivers of Water/Park),650.0,8.0
10,21,Mid, F,451,Middle_Unit,5998000,13299,23/7/2015,South East,1. Premium Plus (Full River/Park),580.0,9.0
27,24,Mid, B,688,Large_Unit,8150000,11846,22/7/2015,East,9. Poor Close (Wall View),450.0,3.0
39,24,Mid, F,284,Small_Unit,4110000,14472,22/7/2015,West,9. Poor Close (Wall View),180.0,3.0
51,3,Low, G,304,Small_Unit,4000000,13158,21/7/2015,North East,6. Normal (Good Direction - S/E),280.0,6.0
47,8,Low, G,304,Small_Unit,3850000,12664,21/7/2015,North,10. Poor Street (Busy Road),180.0,2.0
20,2,Low, F,451,Middle_Unit,5530000,12262,20/7/2015,South East,6. Normal (Good Direction - S/E),520.0,6.0
51,9,Low, E,284,Small_Unit,4250000,14965,17/7/2015,South East,6. Normal (Good Direction - S/E),280.0,6.0
45,11,Mid, F,284,Small_Unit,4160000,14648,17/7/2015,East,10. Poor Street (Busy Road),150.0,2.0
3,24,Mid, G,327,Small_Unit,4350000,13303,17/7/2015,North East,2. Premium (Full River - West/Sun),700.0,8.5
51,10,Low, B,284,Small_Unit,4150000,14613,16/7/2015,North West,8. Normal (Poor Direction - N/W),280.0,4.5
39,26,High, D,304,Small_Unit,4080000,13421,16/7/2015,South,9. Poor Close (Wall View),180.0,3.0
30,4,Low, G,327,Small_Unit,4000000,12232,15/7/2015,East,9. Poor Close (Wall View),420.0,3.0
52,10,Low, E,284,Small_Unit,4085000,14384,15/7/2015,South East,6. Normal (Good Direction - S/E),280.0,6.0
38,9,Low, C,304,Small_Unit,4220000,13882,15/7/2015,South,9. Poor Close (Wall View),150.0,3.0
31,25,Mid, D,327,Small_Unit,4368000,13358,14/7/2015,West,9. Poor Close (Wall View),400.0,3.0
29,12,Mid, F,451,Middle_Unit,6060000,13437,14/7/2015,North,10. Poor Street (Busy Road),450.0,2.0
11,21,Mid, A,515,Middle_Unit,6300000,12233,14/7/2015,North West,1. Premium Plus (Full River/Park),550.0,9.0
44,18,Mid, C,304,Small_Unit,4038000,13283,14/7/2015,South,6. Normal (Good Direction - S/E),150.0,6.0
1,19,Mid, G,327,Small_Unit,4368000,13358,14/7/2015,North East,2. Premium (Full River - West/Sun),650.0,8.5
2,19,Mid, C,327,Small_Unit,4580000,14006,13/7/2015,South West,2. Premium (Full River - West/Sun),680.0,8.5
40,14,Mid, F,284,Small_Unit,4250000,14965,10/7/2015,West,10. Poor Street (Busy Road),200.0,2.0
45,29,High, B,284,Small_Unit,4150000,14613,9/7/2015,West,9. Poor Close (Wall View),150.0,3.0
37,15,Mid, F,284,Small_Unit,4150000,14613,9/7/2015,West,9. Poor Close (Wall View),150.0,3.0
38,11,Mid, E,284,Small_Unit,4100000,14437,9/7/2015,West,9. Poor Close (Wall View),150.0,3.0
46,12,Mid, E,284,Small_Unit,4030000,14190,9/7/2015,East,9. Poor Close (Wall View),180.0,3.0
40,12,Mid, H,304,Small_Unit,4280000,14079,8/7/2015,North,10. Poor Street (Busy Road),200.0,2.0
29,14,Mid, G,327,Small_Unit,4280000,13089,8/7/2015,South,9. Poor Close (Wall View),450.0,3.0
16,26,High, A,451,Middle_Unit,5980000,13259,7/7/2015,North West,8. Normal (Poor Direction - N/W),500.0,4.5
41,21,Mid, H,304,Small_Unit,4480000,14737,7/7/2015,North,10. Poor Street (Busy Road),220.0,2.0
50,16,Mid, G,304,Small_Unit,4000000,13158,7/7/2015,North East,6. Normal (Good Direction - S/E),250.0,6.0
14,17,Mid, B,819,Large_Unit,8938000,10913,7/7/2015,North West,1. Premium Plus (Full River/Park),680.0,9.0
49,17,Mid, D,304,Small_Unit,4090000,13454,7/7/2015,South West,6. Normal (Good Direction - S/E),220.0,6.0
31,28,High, F,451,Middle_Unit,5988000,13277,7/7/2015,North,10. Poor Street (Busy Road),400.0,2.0
38,13,Mid, F,284,Small_Unit,4150000,14613,7/7/2015,West,9. Poor Close (Wall View),150.0,3.0
32,3,Low, B,451,Middle_Unit,5050000,11197,7/7/2015,South,5. Good Internal (Pool/Garden/Mall),380.0,6.5
8,25,Mid, E,451,Middle_Unit,6300000,13969,6/7/2015,South East,4. Good Open (High Floor City),620.0,6.0
20,12,Mid, A,451,Middle_Unit,5850000,12971,6/7/2015,North West,8. Normal (Poor Direction - N/W),520.0,4.5
44,10,Low, B,284,Small_Unit,4180000,14718,6/7/2015,West,9. Poor Close (Wall View),150.0,3.0
24,7,Low, F,447,Middle_Unit,5600000,12528,6/7/2015,North,8. Normal (Poor Direction - N/W),380.0,4.5
22,11,Mid, D,504,Middle_Unit,6220000,12341,6/7/2015,South West,6. Normal (Good Direction - S/E),480.0,6.0
44,13,Mid, B,284,Small_Unit,4050000,14261,3/7/2015,West,9. Poor Close (Wall View),150.0,3.0
42,20,Mid, H,304,Small_Unit,4200000,13816,2/7/2015,North,9. Poor Close (Wall View),200.0,3.0
43,16,Mid, E,284,Small_Unit,4130000,14542,2/7/2015,East,9. Poor Close (Wall View),220.0,3.0
50,6,Low, H,304,Small_Unit,4100000,13487,30/6/2015,North East,6. Normal (Good Direction - S/E),250.0,6.0
11,25,Mid, B,515,Middle_Unit,6300000,12233,30/6/2015,North West,1. Premium Plus (Full River/Park),550.0,9.0
51,26,High, B,284,Small_Unit,4250000,14965,30/6/2015,North West,8. Normal (Poor Direction - N/W),280.0,4.5
24,2,Low, D,326,Small_Unit,3980000,12209,30/6/2015,West,10. Poor Street (Busy Road),380.0,2.0
11,11,Mid, D,504,Middle_Unit,6200000,12302,29/6/2015,South West,6. Normal (Good Direction - S/E),550.0,6.0
49,12,Mid, F,284,Small_Unit,4080000,14366,29/6/2015,South East,6. Normal (Good Direction - S/E),220.0,6.0
50,11,Mid, F,284,Small_Unit,4110000,14472,26/6/2015,South East,6. Normal (Good Direction - S/E),250.0,6.0
26,29,High, D,326,Small_Unit,3900000,11963,26/6/2015,West,9. Poor Close (Wall View),420.0,3.0
48,25,Mid, G,304,Small_Unit,4290000,14112,25/6/2015,North,10. Poor Street (Busy Road),200.0,2.0
15,1,Low, B,819,Large_Unit,7830000,9560,24/6/2015,North West,1. Premium Plus (Full River/Park),650.0,9.0
39,6,Low, F,284,Small_Unit,4130000,14542,23/6/2015,West,9. Poor Close (Wall View),180.0,3.0
43,11,Mid, B,284,Small_Unit,4000000,14085,23/6/2015,West,9. Poor Close (Wall View),220.0,3.0
51,27,High, B,284,Small_Unit,4200000,14789,23/6/2015,North West,8. Normal (Poor Direction - N/W),280.0,4.5
9,5,Low, H,327,Small_Unit,3990000,12202,23/6/2015,North East,6. Normal (Good Direction - S/E),600.0,6.0
29,2,Low, G,327,Small_Unit,4188000,12807,23/6/2015,South,9. Poor Close (Wall View),450.0,3.0
52,3,Low, D,304,Small_Unit,4150000,13651,23/6/2015,South West,6. Normal (Good Direction - S/E),280.0,6.0
2,27,High, G,327,Small_Unit,4558000,13939,19/6/2015,North East,2. Premium (Full River - West/Sun),680.0,8.5
36,7,Low, G,307,Small_Unit,4100000,13355,19/6/2015,West,10. Poor Street (Busy Road),300.0,2.0
49,23,Mid, C,304,Small_Unit,4200000,13816,19/6/2015,South West,6. Normal (Good Direction - S/E),220.0,6.0
34,18,Mid, C,707,Large_Unit,8000000,11315,19/6/2015,North,4. Good Open (High Floor City),300.0,7.0
41,23,Mid, A,284,Small_Unit,4120000,14507,18/6/2015,West,10. Poor Street (Busy Road),220.0,2.0
51,10,Low, G,304,Small_Unit,4090000,13454,18/6/2015,North East,6. Normal (Good Direction - S/E),280.0,6.0
39,17,Mid, B,284,Small_Unit,4120000,14507,18/6/2015,East,9. Poor Close (Wall View),180.0,3.0
15,24,Mid, C,853,Large_Unit,8880000,10410,16/6/2015,South West,3. Premium Partial (Slivers of Water/Park),650.0,8.0
20,22,Mid, G,327,Small_Unit,4450000,13609,15/6/2015,North East,6. Normal (Good Direction - S/E),520.0,6.0
34,23,Mid, A,707,Large_Unit,8150000,11528,15/6/2015,South,4. Good Open (High Floor City),300.0,7.0
5,17,Mid, B,819,Large_Unit,8700000,10623,12/6/2015,North West,2. Premium (Full River - West/Sun),750.0,8.5
48,9,Low, B,284,Small_Unit,3980000,14014,11/6/2015,West,9. Poor Close (Wall View),200.0,3.0
43,17,Mid, F,284,Small_Unit,4110000,14472,10/6/2015,East,9. Poor Close (Wall View),220.0,3.0
45,25,Mid, C,304,Small_Unit,4080000,13421,10/6/2015,South,6. Normal (Good Direction - S/E),150.0,6.0
24,30,High, C,326,Small_Unit,4430000,13589,10/6/2015,West,10. Poor Street (Busy Road),380.0,2.0
27,11,Mid, D,688,Large_Unit,7900000,11483,9/6/2015,West,10. Poor Street (Busy Road),450.0,2.0
19,4,Low, H,327,Small_Unit,4018000,12287,9/6/2015,North East,6. Normal (Good Direction - S/E),550.0,6.0
49,6,Low, D,304,Small_Unit,3989700,13124,9/6/2015,South West,6. Normal (Good Direction - S/E),220.0,6.0
14,25,Mid, A,819,Large_Unit,9068000,11072,9/6/2015,North West,1. Premium Plus (Full River/Park),680.0,9.0
21,17,Mid, D,327,Small_Unit,4150000,12691,9/6/2015,South West,6. Normal (Good Direction - S/E),500.0,6.0
26,21,Mid, G,326,Small_Unit,4010000,12301,9/6/2015,East,10. Poor Street (Busy Road),420.0,2.0
46,13,Mid, G,304,Small_Unit,4160000,13684,5/6/2015,North,10. Poor Street (Busy Road),180.0,2.0
47,28,High, H,304,Small_Unit,4100000,13487,4/6/2015,North,10. Poor Street (Busy Road),180.0,2.0
29,9,Low, C,327,Small_Unit,4170000,12752,3/6/2015,West,10. Poor Street (Busy Road),450.0,2.0
38,3,Low, F,284,Small_Unit,3850000,13556,2/6/2015,West,9. Poor Close (Wall View),150.0,3.0
49,18,Mid, H,304,Small_Unit,4280000,14079,2/6/2015,North East,6. Normal (Good Direction - S/E),220.0,6.0
36,10,Low, G,307,Small_Unit,4088000,13316,2/6/2015,West,10. Poor Street (Busy Road),300.0,2.0
28,1,Low, C,688,Large_Unit,6800000,9884,1/6/2015,West,9. Poor Close (Wall View),480.0,3.0
37,10,Low, G,304,Small_Unit,3900000,12829,29/5/2015,North,5. Good Internal (Pool/Garden/Mall),150.0,6.5
29,8,Low, G,327,Small_Unit,3940000,12049,28/5/2015,South,9. Poor Close (Wall View),450.0,3.0
49,23,Mid, G,304,Small_Unit,4150000,13651,28/5/2015,North East,6. Normal (Good Direction - S/E),220.0,6.0
36,30,High, H,307,Small_Unit,4150000,13518,26/5/2015,West,10. Poor Street (Busy Road),300.0,2.0
49,9,Low, F,284,Small_Unit,4000000,14085,22/5/2015,South East,6. Normal (Good Direction - S/E),220.0,6.0
36,18,Mid, B,478,Middle_Unit,6250000,13075,22/5/2015,North,4. Good Open (High Floor City),300.0,7.0
45,21,Mid, C,304,Small_Unit,4250000,13980,21/5/2015,South,6. Normal (Good Direction - S/E),150.0,6.0
3,19,Mid, B,451,Middle_Unit,5650000,12528,20/5/2015,North West,2. Premium (Full River - West/Sun),700.0,8.5
48,16,Mid, F,284,Small_Unit,3980000,14014,19/5/2015,East,10. Poor Street (Busy Road),200.0,2.0
7,14,Mid, D,504,Middle_Unit,6230000,12361,19/5/2015,South West,2. Premium (Full River - West/Sun),600.0,8.5
26,1,Low, G,326,Small_Unit,3790000,11626,19/5/2015,East,10. Poor Street (Busy Road),420.0,2.0
2,18,Mid, E,451,Middle_Unit,5860000,12993,18/5/2015,South East,3. Premium Partial (Slivers of Water/Park),680.0,8.0
7,12,Mid, F,484,Middle_Unit,6000000,12397,15/5/2015,South East,6. Normal (Good Direction - S/E),600.0,6.0
33,12,Mid, B,820,Large_Unit,8600000,10488,15/5/2015,West,10. Poor Street (Busy Road),350.0,2.0
48,22,Mid, H,304,Small_Unit,4000000,13158,15/5/2015,North,10. Poor Street (Busy Road),200.0,2.0
51,31,High, B,284,Small_Unit,4050000,14261,14/5/2015,North West,8. Normal (Poor Direction - N/W),280.0,4.5
7,17,Mid, D,504,Middle_Unit,5718000,11345,14/5/2015,South West,2. Premium (Full River - West/Sun),600.0,8.5
51,22,Mid, B,284,Small_Unit,4060000,14296,13/5/2015,North West,8. Normal (Poor Direction - N/W),280.0,4.5
37,26,High, B,284,Small_Unit,4106800,14461,13/5/2015,East,6. Normal (Good Direction - S/E),150.0,6.0
45,6,Low, H,304,Small_Unit,3995000,13141,12/5/2015,North,9. Poor Close (Wall View),150.0,3.0
10,21,Mid, G,327,Small_Unit,4300000,13150,12/5/2015,North East,1. Premium Plus (Full River/Park),580.0,9.0
45,6,Low, E,284,Small_Unit,3200000,11268,12/5/2015,East,10. Poor Street (Busy Road),150.0,2.0
4,11,Mid, A,819,Large_Unit,8514000,10396,12/5/2015,North West,11. Poor Highway (Tai Chung Kiu Noise Penalty),720.0,1.0
27,3,Low, D,688,Large_Unit,7030000,10218,12/5/2015,West,10. Poor Street (Busy Road),450.0,2.0
20,2,Low, G,327,Small_Unit,3950000,12080,12/5/2015,North East,6. Normal (Good Direction - S/E),520.0,6.0
41,16,Mid, D,304,Small_Unit,4200000,13816,12/5/2015,South,6. Normal (Good Direction - S/E),220.0,6.0
7,19,Mid, A,515,Middle_Unit,6000000,11650,12/5/2015,North West,2. Premium (Full River - West/Sun),600.0,8.5
29,9,Low, G,327,Small_Unit,3900000,11927,11/5/2015,South,9. Poor Close (Wall View),450.0,3.0
33,2,Low, D,854,Large_Unit,7850000,9192,8/5/2015,East,6. Normal (Good Direction - S/E),350.0,6.0
41,30,High, A,284,Small_Unit,4300000,15141,7/5/2015,West,10. Poor Street (Busy Road),220.0,2.0
22,33,High, C,484,Middle_Unit,6450000,13326,6/5/2015,South West,6. Normal (Good Direction - S/E),480.0,6.0
32,5,Low, A,451,Middle_Unit,5000000,11086,5/5/2015,South,5. Good Internal (Pool/Garden/Mall),380.0,6.5
40,20,Mid, C,304,Small_Unit,3980000,13092,28/4/2015,South,9. Poor Close (Wall View),200.0,3.0
21,4,Low, C,327,Small_Unit,4000000,12232,27/4/2015,South West,6. Normal (Good Direction - S/E),500.0,6.0
17,5,Low, C,327,Small_Unit,3960000,12110,24/4/2015,South West,6. Normal (Good Direction - S/E),520.0,6.0
49,32,High, C,304,Small_Unit,4398000,14467,23/4/2015,South West,6. Normal (Good Direction - S/E),220.0,6.0
31,19,Mid, G,327,Small_Unit,4200000,12844,22/4/2015,East,9. Poor Close (Wall View),400.0,3.0
46,9,Low, H,304,Small_Unit,4242000,13954,22/4/2015,North,10. Poor Street (Busy Road),180.0,2.0
31,11,Mid, H,327,Small_Unit,4020000,12294,22/4/2015,East,9. Poor Close (Wall View),400.0,3.0
47,27,High, D,304,Small_Unit,4150000,13651,22/4/2015,South,6. Normal (Good Direction - S/E),180.0,6.0
7,8,Low, E,504,Middle_Unit,6250000,12401,22/4/2015,South East,3. Premium Partial (Slivers of Water/Park),600.0,6.0
44,7,Low, E,284,Small_Unit,3872000,13634,22/4/2015,East,9. Poor Close (Wall View),150.0,3.0
45,18,Mid, D,304,Small_Unit,4130000,13586,22/4/2015,South,6. Normal (Good Direction - S/E),150.0,6.0
29,26,High, G,327,Small_Unit,4000000,12232,21/4/2015,South,9. Poor Close (Wall View),450.0,3.0
24,9,Low, A,447,Middle_Unit,5800000,12975,21/4/2015,East,9. Poor Close (Wall View),380.0,3.0
19,18,Mid, E,451,Middle_Unit,5800000,12860,21/4/2015,South East,6. Normal (Good Direction - S/E),550.0,6.0
26,30,High, H,326,Small_Unit,4800000,14724,21/4/2015,East,10. Poor Street (Busy Road),420.0,2.0
42,4,Low, C,304,Small_Unit,3960000,13026,16/4/2015,South,6. Normal (Good Direction - S/E),200.0,6.0
8,20,Mid, D,327,Small_Unit,4330000,13242,16/4/2015,South West,6. Normal (Good Direction - S/E),620.0,6.0
1,21,Mid, D,327,Small_Unit,4680000,14312,16/4/2015,South West,2. Premium (Full River - West/Sun),650.0,8.5
42,30,High, G,304,Small_Unit,4200000,13816,15/4/2015,North,9. Poor Close (Wall View),200.0,3.0
41,29,High, E,284,Small_Unit,4000000,14085,14/4/2015,East,9. Poor Close (Wall View),220.0,3.0
49,27,High, H,304,Small_Unit,3500000,11513,14/4/2015,North East,6. Normal (Good Direction - S/E),220.0,6.0
21,11,Mid, D,327,Small_Unit,4000000,12232,13/4/2015,South West,6. Normal (Good Direction - S/E),500.0,6.0
14,24,Mid, A,819,Large_Unit,8800000,10745,13/4/2015,North West,1. Premium Plus (Full River/Park),680.0,9.0
43,23,Mid, A,284,Small_Unit,3880000,13662,10/4/2015,West,9. Poor Close (Wall View),220.0,3.0
42,26,High, H,304,Small_Unit,4015000,13207,8/4/2015,North,9. Poor Close (Wall View),200.0,3.0
29,9,Low, H,327,Small_Unit,4000000,12232,2/4/2015,South,9. Poor Close (Wall View),450.0,3.0
21,22,Mid, A,451,Middle_Unit,5800000,12860,2/4/2015,North West,8. Normal (Poor Direction - N/W),500.0,4.5
3,9,Low, C,327,Small_Unit,4200000,12844,2/4/2015,South West,2. Premium (Full River - West/Sun),700.0,8.5
32,18,Mid, E,451,Middle_Unit,5800000,12860,31/3/2015,North,10. Poor Street (Busy Road),380.0,2.0
41,11,Mid, D,304,Small_Unit,3760000,12368,31/3/2015,South,6. Normal (Good Direction - S/E),220.0,6.0
17,24,Mid, G,327,Small_Unit,4150000,12691,31/3/2015,North East,6. Normal (Good Direction - S/E),520.0,6.0
45,18,Mid, E,284,Small_Unit,4000000,14085,24/3/2015,East,10. Poor Street (Busy Road),150.0,2.0
43,29,High, A,284,Small_Unit,3980000,14014,20/3/2015,West,9. Poor Close (Wall View),220.0,3.0
38,23,Mid, F,284,Small_Unit,4200000,14789,18/3/2015,West,9. Poor Close (Wall View),150.0,3.0
32,13,Mid, D,327,Small_Unit,3680000,11254,16/3/2015,West,9. Poor Close (Wall View),380.0,3.0
51,23,Mid, B,284,Small_Unit,4060000,14296,12/3/2015,North West,8. Normal (Poor Direction - N/W),280.0,4.5
16,29,High, B,451,Middle_Unit,6000000,13304,10/3/2015,North West,8. Normal (Poor Direction - N/W),500.0,4.5
37,27,High, D,304,Small_Unit,3800000,12500,10/3/2015,South,9. Poor Close (Wall View),150.0,3.0
47,18,Mid, A,284,Small_Unit,4070000,14331,10/3/2015,West,9. Poor Close (Wall View),180.0,3.0
21,2,Low, D,327,Small_Unit,4030000,12324,10/3/2015,South West,6. Normal (Good Direction - S/E),500.0,6.0
48,30,High, C,304,Small_Unit,4238000,13941,10/3/2015,South,6. Normal (Good Direction - S/E),200.0,6.0
47,25,Mid, A,284,Small_Unit,4238000,14923,10/3/2015,West,9. Poor Close (Wall View),180.0,3.0
46,19,Mid, B,284,Small_Unit,3780000,13310,9/3/2015,West,10. Poor Street (Busy Road),180.0,2.0
30,1,Low, E,451,Middle_Unit,4800000,10643,6/3/2015,North,9. Poor Close (Wall View),420.0,3.0
19,8,Low, E,451,Middle_Unit,5450000,12084,6/3/2015,South East,6. Normal (Good Direction - S/E),550.0,6.0
5,5,Low, D,853,Large_Unit,7970000,9343,5/3/2015,South West,2. Premium (Full River - West/Sun),750.0,8.5
24,30,High, B,447,Middle_Unit,6400000,14318,5/3/2015,East,9. Poor Close (Wall View),380.0,3.0
18,28,High, E,504,Middle_Unit,5330000,10575,5/3/2015,South East,6. Normal (Good Direction - S/E),550.0,6.0
37,28,High, E,284,Small_Unit,4150000,14613,4/3/2015,West,9. Poor Close (Wall View),150.0,3.0
51,20,Mid, B,284,Small_Unit,4450000,15669,4/3/2015,North West,8. Normal (Poor Direction - N/W),280.0,4.5
36,4,Low, A,478,Middle_Unit,5240000,10962,3/3/2015,North,9. Poor Close (Wall View),300.0,3.0
3,18,Mid, E,451,Middle_Unit,5800000,12860,3/3/2015,South East,3. Premium Partial (Slivers of Water/Park),700.0,8.0
9,24,Mid, B,451,Middle_Unit,5480000,12151,3/3/2015,North West,8. Normal (Poor Direction - N/W),600.0,4.5
1,13,Mid, D,327,Small_Unit,4420000,13517,3/3/2015,South West,2. Premium (Full River - West/Sun),650.0,8.5
45,9,Low, E,284,Small_Unit,4040000,14225,2/3/2015,East,10. Poor Street (Busy Road),150.0,2.0
1,13,Mid, A,451,Middle_Unit,5740000,12727,2/3/2015,North West,2. Premium (Full River - West/Sun),650.0,8.5
3,23,Mid, H,327,Small_Unit,4342000,13278,27/2/2015,North East,2. Premium (Full River - West/Sun),700.0,8.5
21,25,Mid, E,451,Middle_Unit,4850000,10754,27/2/2015,South East,6. Normal (Good Direction - S/E),500.0,6.0
33,18,Mid, A,820,Large_Unit,8300000,10122,26/2/2015,East,6. Normal (Good Direction - S/E),350.0,6.0
47,32,High, E,284,Small_Unit,3780000,13310,26/2/2015,East,9. Poor Close (Wall View),180.0,3.0
16,22,Mid, C,327,Small_Unit,4450000,13609,26/2/2015,South West,6. Normal (Good Direction - S/E),500.0,6.0
17,14,Mid, C,327,Small_Unit,4090000,12508,26/2/2015,South West,6. Normal (Good Direction - S/E),520.0,6.0
9,12,Mid, F,451,Middle_Unit,5500000,12195,26/2/2015,South East,6. Normal (Good Direction - S/E),600.0,6.0
31,11,Mid, F,451,Middle_Unit,5720000,12683,25/2/2015,North,10. Poor Street (Busy Road),400.0,2.0
9,2,Low, C,327,Small_Unit,3850000,11774,25/2/2015,South West,6. Normal (Good Direction - S/E),600.0,6.0
46,24,Mid, C,304,Small_Unit,4180000,13750,24/2/2015,South,6. Normal (Good Direction - S/E),180.0,6.0
32,13,Mid, G,327,Small_Unit,3900000,11927,24/2/2015,East,10. Poor Street (Busy Road),380.0,2.0
42,13,Mid, B,284,Small_Unit,4180000,14718,23/2/2015,West,9. Poor Close (Wall View),200.0,3.0
52,8,Low, G,304,Small_Unit,3980000,13092,23/2/2015,North East,6. Normal (Good Direction - S/E),280.0,6.0
46,22,Mid, E,284,Small_Unit,4100000,14437,23/2/2015,East,9. Poor Close (Wall View),180.0,3.0
21,14,Mid, E,451,Middle_Unit,5500000,12195,18/2/2015,South East,6. Normal (Good Direction - S/E),500.0,6.0
27,15,Mid, D,688,Large_Unit,7550000,10974,18/2/2015,West,10. Poor Street (Busy Road),450.0,2.0
4,27,High, C,853,Large_Unit,9000000,10551,17/2/2015,South West,2. Premium (Full River - West/Sun),720.0,8.5
10,2,Low, A,451,Middle_Unit,4980000,11042,17/2/2015,North West,1. Premium Plus (Full River/Park),580.0,9.0
29,5,Low, D,327,Small_Unit,4100000,12538,17/2/2015,West,10. Poor Street (Busy Road),450.0,2.0
19,14,Mid, D,327,Small_Unit,4280000,13089,17/2/2015,South West,6. Normal (Good Direction - S/E),550.0,6.0
8,4,Low, A,451,Middle_Unit,5200000,11530,17/2/2015,North West,4. Good Open (High Floor City),620.0,7.0
38,23,Mid, D,304,Small_Unit,3820000,12566,13/2/2015,South,9. Poor Close (Wall View),150.0,3.0
51,25,Mid, A,284,Small_Unit,4000000,14085,13/2/2015,North West,8. Normal (Poor Direction - N/W),280.0,4.5
20,16,Mid, C,327,Small_Unit,4330000,13242,13/2/2015,South West,6. Normal (Good Direction - S/E),520.0,6.0
20,2,Low, H,327,Small_Unit,3680000,11254,13/2/2015,North East,6. Normal (Good Direction - S/E),520.0,6.0
36,3,Low, G,307,Small_Unit,4000000,13029,13/2/2015,West,10. Poor Street (Busy Road),300.0,2.0
43,18,Mid, A,284,Small_Unit,4000000,14085,12/2/2015,West,9. Poor Close (Wall View),220.0,3.0
4,8,Low, C,853,Large_Unit,8280000,9707,11/2/2015,South West,2. Premium (Full River - West/Sun),720.0,8.5
9,11,Mid, D,327,Small_Unit,4280000,13089,10/2/2015,South West,6. Normal (Good Direction - S/E),600.0,6.0
3,11,Mid, B,451,Middle_Unit,5670000,12572,5/2/2015,North West,2. Premium (Full River - West/Sun),700.0,8.5
37,21,Mid, F,284,Small_Unit,3990000,14049,5/2/2015,West,9. Poor Close (Wall View),150.0,3.0
27,14,Mid, B,688,Large_Unit,7630000,11090,5/2/2015,East,9. Poor Close (Wall View),450.0,3.0
51,4,Low, E,284,Small_Unit,3800000,13380,5/2/2015,South East,6. Normal (Good Direction - S/E),280.0,6.0
9,29,High, E,451,Middle_Unit,5600000,12417,4/2/2015,South East,4. Good Open (High Floor City),600.0,7.0
9,27,High, B,451,Middle_Unit,5780000,12816,4/2/2015,North West,8. Normal (Poor Direction - N/W),600.0,4.5
38,21,Mid, E,284,Small_Unit,3955000,13926,3/2/2015,West,9. Poor Close (Wall View),150.0,3.0
41,8,Low, F,284,Small_Unit,3900000,13732,2/2/2015,East,9. Poor Close (Wall View),220.0,3.0
16,19,Mid, C,327,Small_Unit,4200000,12844,2/2/2015,South West,6. Normal (Good Direction - S/E),500.0,6.0
40,21,Mid, E,284,Small_Unit,3950000,13908,2/2/2015,West,10. Poor Street (Busy Road),200.0,2.0
52,17,Mid, E,284,Small_Unit,4000000,14085,30/1/2015,South East,6. Normal (Good Direction - S/E),280.0,6.0
40,11,Mid, D,304,Small_Unit,3900000,12829,30/1/2015,South,9. Poor Close (Wall View),200.0,3.0
45,13,Mid, G,304,Small_Unit,4000000,13158,29/1/2015,North,9. Poor Close (Wall View),150.0,3.0
36,15,Mid, C,307,Small_Unit,4280000,13941,28/1/2015,East,6. Normal (Good Direction - S/E),300.0,6.0
17,9,Low, H,327,Small_Unit,4100000,12538,28/1/2015,North East,6. Normal (Good Direction - S/E),520.0,6.0
9,9,Low, B,451,Middle_Unit,5300000,11752,27/1/2015,North West,8. Normal (Poor Direction - N/W),600.0,4.5
29,5,Low, C,327,Small_Unit,3990000,12202,26/1/2015,West,10. Poor Street (Busy Road),450.0,2.0
51,29,High, E,284,Small_Unit,3870000,13627,26/1/2015,South East,6. Normal (Good Direction - S/E),280.0,6.0
37,15,Mid, C,304,Small_Unit,4000000,13158,23/1/2015,South,9. Poor Close (Wall View),150.0,3.0
16,27,High, C,327,Small_Unit,4350000,13303,23/1/2015,South West,6. Normal (Good Direction - S/E),500.0,6.0
51,32,High, G,304,Small_Unit,4380000,14408,22/1/2015,North East,6. Normal (Good Direction - S/E),280.0,6.0
8,7,Low, F,451,Middle_Unit,5300000,11752,22/1/2015,South East,6. Normal (Good Direction - S/E),620.0,6.0
47,7,Low, B,284,Small_Unit,3880000,13662,21/1/2015,West,9. Poor Close (Wall View),180.0,3.0
49,12,Mid, E,284,Small_Unit,3880000,13662,20/1/2015,South East,6. Normal (Good Direction - S/E),220.0,6.0
26,8,Low, F,447,Middle_Unit,5320000,11902,20/1/2015,South,10. Poor Street (Busy Road),420.0,2.0
30,22,Mid, D,327,Small_Unit,4200000,12844,20/1/2015,West,10. Poor Street (Busy Road),420.0,2.0
23,14,Mid, B,451,Middle_Unit,5200000,11530,20/1/2015,North West,8. Normal (Poor Direction - N/W),350.0,4.5
16,15,Mid, E,451,Middle_Unit,5450000,12084,20/1/2015,South East,6. Normal (Good Direction - S/E),500.0,6.0
48,4,Low, B,284,Small_Unit,3659000,12884,19/1/2015,West,9. Poor Close (Wall View),200.0,3.0
46,17,Mid, G,304,Small_Unit,4020000,13224,19/1/2015,North,10. Poor Street (Busy Road),180.0,2.0
40,17,Mid, F,284,Small_Unit,3950000,13908,19/1/2015,West,10. Poor Street (Busy Road),200.0,2.0
52,21,Mid, E,284,Small_Unit,3780000,13310,16/1/2015,South East,6. Normal (Good Direction - S/E),280.0,6.0
43,4,Low, G,304,Small_Unit,3700000,12171,16/1/2015,North,9. Poor Close (Wall View),220.0,3.0
39,28,High, B,284,Small_Unit,3835000,13504,16/1/2015,East,9. Poor Close (Wall View),180.0,3.0
45,13,Mid, D,304,Small_Unit,3920000,12895,16/1/2015,South,6. Normal (Good Direction - S/E),150.0,6.0
44,24,Mid, A,284,Small_Unit,3800000,13380,14/1/2015,West,9. Poor Close (Wall View),150.0,3.0
47,17,Mid, G,304,Small_Unit,3830000,12599,14/1/2015,North,10. Poor Street (Busy Road),180.0,2.0
39,30,High, B,284,Small_Unit,3980000,14014,13/1/2015,East,9. Poor Close (Wall View),180.0,3.0
38,7,Low, C,304,Small_Unit,3800000,12500,13/1/2015,South,9. Poor Close (Wall View),150.0,3.0
48,29,High, C,304,Small_Unit,4150000,13651,13/1/2015,South,6. Normal (Good Direction - S/E),200.0,6.0
25,7,Low, D,688,Large_Unit,7080000,10291,13/1/2015,West,9. Poor Close (Wall View),400.0,3.0
24,22,Mid, C,326,Small_Unit,4260000,13067,13/1/2015,West,10. Poor Street (Busy Road),380.0,2.0
37,4,Low, F,284,Small_Unit,3580000,12606,13/1/2015,West,9. Poor Close (Wall View),150.0,3.0
50,15,Mid, C,304,Small_Unit,3980000,13092,13/1/2015,South West,6. Normal (Good Direction - S/E),250.0,6.0
51,10,Low, D,304,Small_Unit,3780000,12434,12/1/2015,South West,6. Normal (Good Direction - S/E),280.0,6.0
36,18,Mid, E,478,Middle_Unit,5860000,12259,12/1/2015,South,5. Good Internal (Pool/Garden/Mall),300.0,6.5
23,26,High, C,327,Small_Unit,3990000,12202,12/1/2015,South West,6. Normal (Good Direction - S/E),350.0,6.0
8,2,Low, B,451,Middle_Unit,4530000,10044,9/1/2015,North West,8. Normal (Poor Direction - N/W),620.0,4.5
46,30,High, B,284,Small_Unit,3870000,13627,9/1/2015,West,10. Poor Street (Busy Road),180.0,2.0
21,11,Mid, C,327,Small_Unit,4170000,12752,9/1/2015,South West,6. Normal (Good Direction - S/E),500.0,6.0
23,7,Low, D,327,Small_Unit,3905000,11942,8/1/2015,South West,6. Normal (Good Direction - S/E),350.0,6.0
17,25,Mid, E,451,Middle_Unit,5320000,11796,8/1/2015,South East,6. Normal (Good Direction - S/E),520.0,6.0
42,19,Mid, C,304,Small_Unit,3950000,12993,7/1/2015,South,6. Normal (Good Direction - S/E),200.0,6.0
47,24,Mid, B,284,Small_Unit,3700000,13028,6/1/2015,West,9. Poor Close (Wall View),180.0,3.0
45,23,Mid, G,304,Small_Unit,4000000,13158,6/1/2015,North,9. Poor Close (Wall View),150.0,3.0
46,11,Mid, B,284,Small_Unit,3750000,13204,6/1/2015,West,10. Poor Street (Busy Road),180.0,2.0
45,20,Mid, C,304,Small_Unit,3650000,12007,5/1/2015,South,6. Normal (Good Direction - S/E),150.0,6.0
52,19,Mid, A,284,Small_Unit,3880000,13662,5/1/2015,North West,8. Normal (Poor Direction - N/W),280.0,4.5
48,7,Low, H,304,Small_Unit,3820000,12566,31/12/2014,North,10. Poor Street (Busy Road),200.0,2.0
52,10,Low, C,304,Small_Unit,3880000,12763,31/12/2014,South West,6. Normal (Good Direction - S/E),280.0,6.0
44,4,Low, B,284,Small_Unit,3650000,12852,31/12/2014,West,9. Poor Close (Wall View),150.0,3.0
51,31,High, G,304,Small_Unit,4000000,13158,31/12/2014,North East,6. Normal (Good Direction - S/E),280.0,6.0
29,2,Low, D,327,Small_Unit,3750000,11468,31/12/2014,West,10. Poor Street (Busy Road),450.0,2.0
3,6,Low, A,451,Middle_Unit,4800000,10643,31/12/2014,North West,2. Premium (Full River - West/Sun),700.0,8.5
49,32,High, B,284,Small_Unit,3900000,13732,30/12/2014,North West,4. Good Open (High Floor City),220.0,7.0
44,3,Low, D,304,Small_Unit,3500000,11513,30/12/2014,South,4. Good Open (High Floor City),150.0,7.0
39,14,Mid, C,304,Small_Unit,3750000,12336,29/12/2014,South,9. Poor Close (Wall View),180.0,3.0
19,25,Mid, D,327,Small_Unit,4000000,12232,29/12/2014,South West,6. Normal (Good Direction - S/E),550.0,6.0
20,19,Mid, E,451,Middle_Unit,5620000,12461,29/12/2014,South East,6. Normal (Good Direction - S/E),520.0,6.0
49,13,Mid, C,304,Small_Unit,3880000,12763,24/12/2014,South West,6. Normal (Good Direction - S/E),220.0,6.0
39,15,Mid, B,284,Small_Unit,3900000,13732,24/12/2014,East,9. Poor Close (Wall View),180.0,3.0
45,28,High, C,304,Small_Unit,3998000,13151,24/12/2014,South,6. Normal (Good Direction - S/E),150.0,6.0
47,7,Low, A,284,Small_Unit,3250000,11444,24/12/2014,West,9. Poor Close (Wall View),180.0,3.0
11,4,Low, B,515,Middle_Unit,5480000,10641,24/12/2014,North West,1. Premium Plus (Full River/Park),550.0,9.0
2,17,Mid, C,327,Small_Unit,4180000,12783,23/12/2014,South West,2. Premium (Full River - West/Sun),680.0,8.5
45,11,Mid, E,284,Small_Unit,3800000,13380,23/12/2014,East,10. Poor Street (Busy Road),150.0,2.0
18,16,Mid, A,515,Middle_Unit,5950000,11553,23/12/2014,North West,8. Normal (Poor Direction - N/W),550.0,4.5
1,14,Mid, A,451,Middle_Unit,5200000,11530,23/12/2014,North West,2. Premium (Full River - West/Sun),650.0,8.5
52,11,Mid, F,284,Small_Unit,3780000,13310,23/12/2014,South East,6. Normal (Good Direction - S/E),280.0,6.0
52,24,Mid, B,284,Small_Unit,3680000,12958,23/12/2014,North West,8. Normal (Poor Direction - N/W),280.0,4.5
51,28,High, D,304,Small_Unit,3880000,12763,22/12/2014,South West,6. Normal (Good Direction - S/E),280.0,6.0
39,27,High, D,304,Small_Unit,3740000,12303,22/12/2014,South,9. Poor Close (Wall View),180.0,3.0
37,17,Mid, E,284,Small_Unit,3900000,13732,22/12/2014,West,9. Poor Close (Wall View),150.0,3.0
39,15,Mid, C,304,Small_Unit,3820000,12566,19/12/2014,South,9. Poor Close (Wall View),180.0,3.0
32,20,Mid, H,327,Small_Unit,3940000,12049,18/12/2014,East,10. Poor Street (Busy Road),380.0,2.0
46,3,Low, G,304,Small_Unit,3000000,9868,17/12/2014,North,10. Poor Street (Busy Road),180.0,2.0
11,15,Mid, B,515,Middle_Unit,5600000,10874,17/12/2014,North West,1. Premium Plus (Full River/Park),550.0,9.0
44,9,Low, F,284,Small_Unit,3630000,12782,17/12/2014,East,9. Poor Close (Wall View),150.0,3.0
21,6,Low, H,327,Small_Unit,3668000,11217,15/12/2014,North East,6. Normal (Good Direction - S/E),500.0,6.0
41,5,Low, F,292,Small_Unit,3360000,11507,12/12/2014,East,9. Poor Close (Wall View),220.0,3.0
43,29,High, G,304,Small_Unit,3920000,12895,11/12/2014,North,9. Poor Close (Wall View),220.0,3.0
32,13,Mid, H,327,Small_Unit,4030000,12324,11/12/2014,East,10. Poor Street (Busy Road),380.0,2.0
38,6,Low, F,284,Small_Unit,3500000,12324,11/12/2014,West,9. Poor Close (Wall View),150.0,3.0
3,27,High, H,327,Small_Unit,4220000,12905,11/12/2014,North East,2. Premium (Full River - West/Sun),700.0,8.5
42,14,Mid, A,284,Small_Unit,3720000,13099,10/12/2014,West,9. Poor Close (Wall View),200.0,3.0
20,24,Mid, H,327,Small_Unit,3938000,12043,9/12/2014,North East,6. Normal (Good Direction - S/E),520.0,6.0
34,25,Mid, A,707,Large_Unit,7280000,10297,9/12/2014,South,4. Good Open (High Floor City),300.0,7.0
45,21,Mid, D,304,Small_Unit,3890000,12796,5/12/2014,South,6. Normal (Good Direction - S/E),150.0,6.0
9,29,High, B,451,Middle_Unit,5400000,11973,5/12/2014,North West,8. Normal (Poor Direction - N/W),600.0,4.5
35,21,Mid, B,707,Large_Unit,7650000,10820,5/12/2014,North,5. Good Internal (Pool/Garden/Mall),320.0,6.5
47,4,Low, A,284,Small_Unit,3560000,12535,4/12/2014,West,9. Poor Close (Wall View),180.0,3.0
14,3,Low, D,853,Large_Unit,7340000,8605,4/12/2014,South West,6. Normal (Good Direction - S/E),680.0,6.0
16,25,Mid, C,327,Small_Unit,4080000,12477,4/12/2014,South West,6. Normal (Good Direction - S/E),500.0,6.0
40,16,Mid, D,304,Small_Unit,3780000,12434,4/12/2014,South,9. Poor Close (Wall View),200.0,3.0
44,26,High, A,284,Small_Unit,3800000,13380,3/12/2014,West,9. Poor Close (Wall View),150.0,3.0
21,29,High, G,327,Small_Unit,3960000,12110,3/12/2014,North East,6. Normal (Good Direction - S/E),500.0,6.0
39,3,Low, H,304,Small_Unit,3450000,11349,3/12/2014,North,10. Poor Street (Busy Road),180.0,2.0
39,14,Mid, F,284,Small_Unit,3720000,13099,3/12/2014,West,9. Poor Close (Wall View),180.0,3.0
19,16,Mid, H,327,Small_Unit,3780000,11560,2/12/2014,North East,6. Normal (Good Direction - S/E),550.0,6.0
49,6,Low, E,284,Small_Unit,3600000,12676,1/12/2014,South East,6. Normal (Good Direction - S/E),220.0,6.0
48,3,Low, E,284,Small_Unit,3480000,12254,1/12/2014,East,10. Poor Street (Busy Road),200.0,2.0
39,26,High, F,284,Small_Unit,3880000,13662,1/12/2014,West,9. Poor Close (Wall View),180.0,3.0
45,25,Mid, B,284,Small_Unit,3880000,13662,28/11/2014,West,9. Poor Close (Wall View),150.0,3.0
18,11,Mid, A,515,Middle_Unit,5588000,10850,28/11/2014,North West,8. Normal (Poor Direction - N/W),550.0,4.5
34,14,Mid, B,707,Large_Unit,7398000,10464,28/11/2014,North,5. Good Internal (Pool/Garden/Mall),300.0,6.5
52,16,Mid, G,304,Small_Unit,3868000,12724,28/11/2014,North East,6. Normal (Good Direction - S/E),280.0,6.0
23,18,Mid, F,451,Middle_Unit,5280000,11707,27/11/2014,South East,6. Normal (Good Direction - S/E),350.0,6.0
13,24,Mid, B,819,Large_Unit,8600000,10501,26/11/2014,North West,1. Premium Plus (Full River/Park),700.0,9.0
41,22,Mid, H,304,Small_Unit,3950000,12993,26/11/2014,North,10. Poor Street (Busy Road),220.0,2.0
12,4,Low, B,515,Middle_Unit,5300000,10291,25/11/2014,North West,1. Premium Plus (Full River/Park),580.0,9.0
48,14,Mid, G,304,Small_Unit,3600000,11842,25/11/2014,North,10. Poor Street (Busy Road),200.0,2.0
26,24,Mid, C,326,Small_Unit,3970000,12178,24/11/2014,West,9. Poor Close (Wall View),420.0,3.0
45,4,Low, F,284,Small_Unit,3590000,12641,21/11/2014,East,10. Poor Street (Busy Road),150.0,2.0
24,15,Mid, G,326,Small_Unit,3900000,11963,21/11/2014,South,10. Poor Street (Busy Road),380.0,2.0
26,27,High, H,326,Small_Unit,3700000,11350,21/11/2014,East,10. Poor Street (Busy Road),420.0,2.0
29,3,Low, B,451,Middle_Unit,5038000,11171,20/11/2014,East,9. Poor Close (Wall View),450.0,3.0
50,6,Low, B,284,Small_Unit,3600000,12676,20/11/2014,North West,8. Normal (Poor Direction - N/W),250.0,4.5
51,12,Mid, E,284,Small_Unit,3580000,12606,20/11/2014,South East,6. Normal (Good Direction - S/E),280.0,6.0
50,14,Mid, B,284,Small_Unit,3600000,12676,18/11/2014,North West,8. Normal (Poor Direction - N/W),250.0,4.5
7,18,Mid, C,484,Middle_Unit,5680000,11736,18/11/2014,South West,2. Premium (Full River - West/Sun),600.0,8.5
42,3,Low, F,284,Small_Unit,3420000,12042,18/11/2014,East,9. Poor Close (Wall View),200.0,3.0
48,26,High, E,284,Small_Unit,3650000,12852,18/11/2014,East,10. Poor Street (Busy Road),200.0,2.0
37,23,Mid, C,304,Small_Unit,3950000,12993,18/11/2014,South,9. Poor Close (Wall View),150.0,3.0
42,14,Mid, D,304,Small_Unit,3788000,12461,18/11/2014,South,6. Normal (Good Direction - S/E),200.0,6.0
18,32,High, D,504,Middle_Unit,5000000,9921,17/11/2014,South West,6. Normal (Good Direction - S/E),550.0,6.0
29,5,Low, F,451,Middle_Unit,4000000,8869,17/11/2014,North,10. Poor Street (Busy Road),450.0,2.0
16,28,High, C,327,Small_Unit,4100000,12538,17/11/2014,South West,6. Normal (Good Direction - S/E),500.0,6.0
37,10,Low, H,304,Small_Unit,3800000,12500,17/11/2014,North,5. Good Internal (Pool/Garden/Mall),150.0,6.5
23,11,Mid, G,327,Small_Unit,3967500,12133,14/11/2014,North East,6. Normal (Good Direction - S/E),350.0,6.0
41,4,Low, B,284,Small_Unit,3580000,12606,13/11/2014,West,10. Poor Street (Busy Road),220.0,2.0
17,18,Mid, E,451,Middle_Unit,5450000,12084,13/11/2014,South East,6. Normal (Good Direction - S/E),520.0,6.0
20,14,Mid, G,327,Small_Unit,3750000,11468,13/11/2014,North East,6. Normal (Good Direction - S/E),520.0,6.0
50,31,High, F,284,Small_Unit,3920000,13803,13/11/2014,South East,6. Normal (Good Direction - S/E),250.0,6.0
38,31,High, B,284,Small_Unit,3200000,11268,12/11/2014,East,9. Poor Close (Wall View),150.0,3.0
12,9,Low, E,504,Middle_Unit,5880000,11667,12/11/2014,South East,1. Premium Plus (Full River/Park),580.0,9.0
47,30,High, B,284,Small_Unit,3830000,13486,12/11/2014,West,9. Poor Close (Wall View),180.0,3.0
2,19,Mid, D,327,Small_Unit,4000000,12232,12/11/2014,South West,2. Premium (Full River - West/Sun),680.0,8.5
47,19,Mid, A,284,Small_Unit,3680000,12958,10/11/2014,West,9. Poor Close (Wall View),180.0,3.0
9,15,Mid, H,327,Small_Unit,3968000,12135,10/11/2014,North East,6. Normal (Good Direction - S/E),600.0,6.0
41,13,Mid, A,284,Small_Unit,3600000,12676,10/11/2014,West,10. Poor Street (Busy Road),220.0,2.0
33,3,Low, D,854,Large_Unit,7500000,8782,10/11/2014,East,6. Normal (Good Direction - S/E),350.0,6.0
14,11,Mid, A,819,Large_Unit,8160000,9963,7/11/2014,North West,1. Premium Plus (Full River/Park),680.0,9.0
49,7,Low, F,284,Small_Unit,4000000,14085,7/11/2014,South East,6. Normal (Good Direction - S/E),220.0,6.0
38,6,Low, A,284,Small_Unit,3580000,12606,6/11/2014,East,9. Poor Close (Wall View),150.0,3.0
43,15,Mid, G,304,Small_Unit,3830000,12599,6/11/2014,North,9. Poor Close (Wall View),220.0,3.0
43,14,Mid, C,304,Small_Unit,3790000,12467,5/11/2014,South,6. Normal (Good Direction - S/E),220.0,6.0
29,1,Low, C,327,Small_Unit,3540000,10826,5/11/2014,West,10. Poor Street (Busy Road),450.0,2.0
40,17,Mid, C,304,Small_Unit,3650000,12007,5/11/2014,South,9. Poor Close (Wall View),200.0,3.0
44,4,Low, F,284,Small_Unit,3050000,10739,4/11/2014,East,9. Poor Close (Wall View),150.0,3.0
49,29,High, D,304,Small_Unit,3900000,12829,4/11/2014,South West,6. Normal (Good Direction - S/E),220.0,6.0
23,18,Mid, D,327,Small_Unit,3850000,11774,3/11/2014,South West,6. Normal (Good Direction - S/E),350.0,6.0
8,24,Mid, C,327,Small_Unit,3738000,11431,31/10/2014,South West,6. Normal (Good Direction - S/E),620.0,6.0
44,29,High, B,292,Small_Unit,3630000,12432,31/10/2014,West,9. Poor Close (Wall View),150.0,3.0
8,18,Mid, C,327,Small_Unit,3738000,11431,31/10/2014,South West,6. Normal (Good Direction - S/E),620.0,6.0
48,15,Mid, E,284,Small_Unit,3782000,13317,31/10/2014,East,10. Poor Street (Busy Road),200.0,2.0
3,6,Low, D,327,Small_Unit,3500000,10703,30/10/2014,South West,2. Premium (Full River - West/Sun),700.0,8.5
10,28,High, H,327,Small_Unit,4050000,12385,29/10/2014,North East,1. Premium Plus (Full River/Park),580.0,9.0
48,26,High, A,284,Small_Unit,3630000,12782,29/10/2014,West,9. Poor Close (Wall View),200.0,3.0
1,3,Low, A,451,Middle_Unit,4650000,10310,28/10/2014,North West,2. Premium (Full River - West/Sun),650.0,8.5
12,18,Mid, F,484,Middle_Unit,5880000,12149,23/10/2014,South East,1. Premium Plus (Full River/Park),580.0,9.0
32,25,Mid, D,327,Small_Unit,4030000,12324,23/10/2014,West,9. Poor Close (Wall View),380.0,3.0
10,24,Mid, G,327,Small_Unit,3900000,11927,23/10/2014,North East,1. Premium Plus (Full River/Park),580.0,9.0
32,23,Mid, C,327,Small_Unit,3850000,11774,22/10/2014,West,9. Poor Close (Wall View),380.0,3.0
12,21,Mid, B,515,Middle_Unit,5950000,11553,22/10/2014,North West,1. Premium Plus (Full River/Park),580.0,9.0
38,27,High, B,284,Small_Unit,3920000,13803,20/10/2014,East,9. Poor Close (Wall View),150.0,3.0
24,18,Mid, H,326,Small_Unit,4060000,12454,20/10/2014,South,10. Poor Street (Busy Road),380.0,2.0
52,19,Mid, G,304,Small_Unit,3908000,12855,20/10/2014,North East,6. Normal (Good Direction - S/E),280.0,6.0
23,26,High, H,327,Small_Unit,3900000,11927,20/10/2014,North East,6. Normal (Good Direction - S/E),350.0,6.0
26,11,Mid, D,326,Small_Unit,3860000,11840,17/10/2014,West,9. Poor Close (Wall View),420.0,3.0
42,5,Low, B,284,Small_Unit,3450000,12148,16/10/2014,West,9. Poor Close (Wall View),200.0,3.0
38,10,Low, H,304,Small_Unit,3600000,11842,16/10/2014,North,10. Poor Street (Busy Road),150.0,2.0
40,8,Low, H,304,Small_Unit,3680000,12105,16/10/2014,North,10. Poor Street (Busy Road),200.0,2.0
47,10,Low, A,284,Small_Unit,3700000,13028,16/10/2014,West,9. Poor Close (Wall View),180.0,3.0
3,25,Mid, B,451,Middle_Unit,5268000,11681,15/10/2014,North West,2. Premium (Full River - West/Sun),700.0,8.5
9,10,Low, G,327,Small_Unit,3880000,11865,15/10/2014,North East,6. Normal (Good Direction - S/E),600.0,6.0
38,10,Low, D,304,Small_Unit,3600000,11842,14/10/2014,South,9. Poor Close (Wall View),150.0,3.0
46,32,High, H,304,Small_Unit,3800000,12500,14/10/2014,North,10. Poor Street (Busy Road),180.0,2.0
11,32,High, B,515,Middle_Unit,5900000,11456,13/10/2014,North West,1. Premium Plus (Full River/Park),550.0,9.0
1,18,Mid, F,451,Middle_Unit,5375000,11918,10/10/2014,South East,6. Normal (Good Direction - S/E),650.0,6.0
46,6,Low, E,284,Small_Unit,3480000,12254,10/10/2014,East,9. Poor Close (Wall View),180.0,3.0
1,6,Low, F,451,Middle_Unit,5000000,11086,9/10/2014,South East,6. Normal (Good Direction - S/E),650.0,6.0
40,7,Low, G,304,Small_Unit,3900000,12829,9/10/2014,North,10. Poor Street (Busy Road),200.0,2.0
10,23,Mid, D,327,Small_Unit,4000000,12232,8/10/2014,South West,3. Premium Partial (Slivers of Water/Park),580.0,8.0
26,3,Low, D,326,Small_Unit,3680000,11288,7/10/2014,West,9. Poor Close (Wall View),420.0,3.0
52,27,High, E,284,Small_Unit,3668000,12915,6/10/2014,South East,6. Normal (Good Direction - S/E),280.0,6.0
52,19,Mid, E,284,Small_Unit,3680000,12958,3/10/2014,South East,6. Normal (Good Direction - S/E),280.0,6.0
23,12,Mid, E,451,Middle_Unit,5100000,11308,30/9/2014,South East,6. Normal (Good Direction - S/E),350.0,6.0
17,21,Mid, A,451,Middle_Unit,4850000,10754,30/9/2014,North West,8. Normal (Poor Direction - N/W),520.0,4.5
32,9,Low, D,327,Small_Unit,3850000,11774,30/9/2014,West,9. Poor Close (Wall View),380.0,3.0
31,30,High, H,327,Small_Unit,4000000,12232,30/9/2014,East,9. Poor Close (Wall View),400.0,3.0
43,8,Low, A,284,Small_Unit,3600000,12676,29/9/2014,West,9. Poor Close (Wall View),220.0,3.0
43,24,Mid, E,284,Small_Unit,3810000,13415,26/9/2014,East,9. Poor Close (Wall View),220.0,3.0
45,6,Low, G,304,Small_Unit,3438000,11309,25/9/2014,North,9. Poor Close (Wall View),150.0,3.0
1,5,Low, H,327,Small_Unit,3568000,10911,24/9/2014,North East,2. Premium (Full River - West/Sun),650.0,8.5
24,23,Mid, B,447,Middle_Unit,5280000,11812,24/9/2014,East,9. Poor Close (Wall View),380.0,3.0
39,10,Low, G,304,Small_Unit,3820000,12566,24/9/2014,North,10. Poor Street (Busy Road),180.0,2.0
24,5,Low, D,326,Small_Unit,3738000,11466,24/9/2014,West,10. Poor Street (Busy Road),380.0,2.0
39,21,Mid, B,284,Small_Unit,3500000,12324,23/9/2014,East,9. Poor Close (Wall View),180.0,3.0
15,16,Mid, B,819,Large_Unit,8500000,10379,23/9/2014,North West,1. Premium Plus (Full River/Park),650.0,9.0
5,22,Mid, A,819,Large_Unit,7790000,9512,22/9/2014,North West,2. Premium (Full River - West/Sun),750.0,8.5
17,25,Mid, G,327,Small_Unit,3850000,11774,19/9/2014,North East,6. Normal (Good Direction - S/E),520.0,6.0
41,12,Mid, G,304,Small_Unit,3300000,10855,19/9/2014,North,10. Poor Street (Busy Road),220.0,2.0
31,21,Mid, C,327,Small_Unit,3850000,11774,19/9/2014,West,9. Poor Close (Wall View),400.0,3.0
19,26,High, C,327,Small_Unit,4030000,12324,19/9/2014,South West,6. Normal (Good Direction - S/E),550.0,6.0
1,24,Mid, C,327,Small_Unit,4000000,12232,19/9/2014,South West,2. Premium (Full River - West/Sun),650.0,8.5
32,29,High, C,327,Small_Unit,3800000,11621,18/9/2014,West,9. Poor Close (Wall View),380.0,3.0
43,26,High, E,284,Small_Unit,3360000,11831,18/9/2014,East,9. Poor Close (Wall View),220.0,3.0
48,24,Mid, F,284,Small_Unit,3450000,12148,18/9/2014,East,10. Poor Street (Busy Road),200.0,2.0
43,9,Low, B,284,Small_Unit,3450000,12148,18/9/2014,West,9. Poor Close (Wall View),220.0,3.0
52,16,Mid, C,304,Small_Unit,3600000,11842,17/9/2014,South West,6. Normal (Good Direction - S/E),280.0,6.0
9,27,High, C,327,Small_Unit,3910000,11957,17/9/2014,South West,6. Normal (Good Direction - S/E),600.0,6.0
49,9,Low, A,284,Small_Unit,3600000,12676,17/9/2014,North West,8. Normal (Poor Direction - N/W),220.0,4.5
39,31,High, H,304,Small_Unit,3950000,12993,17/9/2014,North,10. Poor Street (Busy Road),180.0,2.0
9,27,High, E,451,Middle_Unit,5420000,12018,17/9/2014,South East,4. Good Open (High Floor City),600.0,7.0
3,19,Mid, C,327,Small_Unit,3760000,11498,15/9/2014,South West,2. Premium (Full River - West/Sun),700.0,8.5
12,14,Mid, B,515,Middle_Unit,5500000,10680,15/9/2014,North West,1. Premium Plus (Full River/Park),580.0,9.0
37,5,Low, B,284,Small_Unit,3550000,12500,12/9/2014,East,6. Normal (Good Direction - S/E),150.0,6.0
20,9,Low, G,327,Small_Unit,4320000,13211,12/9/2014,North East,6. Normal (Good Direction - S/E),520.0,6.0
41,16,Mid, B,284,Small_Unit,3668000,12915,12/9/2014,West,10. Poor Street (Busy Road),220.0,2.0
24,25,Mid, D,326,Small_Unit,3700000,11350,11/9/2014,West,10. Poor Street (Busy Road),380.0,2.0
46,17,Mid, C,304,Small_Unit,3710000,12204,11/9/2014,South,6. Normal (Good Direction - S/E),180.0,6.0
44,3,Low, B,284,Small_Unit,3460000,12183,11/9/2014,West,9. Poor Close (Wall View),150.0,3.0
8,6,Low, B,451,Middle_Unit,4750000,10532,10/9/2014,North West,8. Normal (Poor Direction - N/W),620.0,4.5
4,2,Low, B,819,Large_Unit,6860000,8376,10/9/2014,North West,2. Premium (Full River - West/Sun),720.0,8.5
3,4,Low, B,451,Middle_Unit,4438000,9840,8/9/2014,North West,2. Premium (Full River - West/Sun),700.0,8.5
38,16,Mid, E,284,Small_Unit,3550000,12500,8/9/2014,West,9. Poor Close (Wall View),150.0,3.0
26,2,Low, H,326,Small_Unit,3300000,10123,8/9/2014,East,10. Poor Street (Busy Road),420.0,2.0
11,20,Mid, E,504,Middle_Unit,5780000,11468,8/9/2014,South East,1. Premium Plus (Full River/Park),550.0,9.0
51,19,Mid, C,304,Small_Unit,3680000,12105,8/9/2014,South West,6. Normal (Good Direction - S/E),280.0,6.0
12,12,Mid, C,484,Middle_Unit,5530000,11426,5/9/2014,South West,3. Premium Partial (Slivers of Water/Park),580.0,6.0
42,4,Low, H,304,Small_Unit,3330000,10954,5/9/2014,North,9. Poor Close (Wall View),200.0,3.0
30,24,Mid, F,451,Middle_Unit,5380000,11929,5/9/2014,North,9. Poor Close (Wall View),420.0,3.0
41,13,Mid, D,304,Small_Unit,3400000,11184,4/9/2014,South,6. Normal (Good Direction - S/E),220.0,6.0
21,29,High, B,451,Middle_Unit,5750000,12749,3/9/2014,North West,8. Normal (Poor Direction - N/W),500.0,4.5
12,31,High, E,504,Middle_Unit,5288000,10492,3/9/2014,South East,1. Premium Plus (Full River/Park),580.0,9.0
17,8,Low, B,451,Middle_Unit,4450000,9867,3/9/2014,North West,8. Normal (Poor Direction - N/W),520.0,4.5
38,22,Mid, G,304,Small_Unit,3600000,11842,2/9/2014,North,10. Poor Street (Busy Road),150.0,2.0
42,7,Low, A,284,Small_Unit,3540000,12465,1/9/2014,West,9. Poor Close (Wall View),200.0,3.0
10,10,Low, F,451,Middle_Unit,5100000,11308,26/8/2014,South East,1. Premium Plus (Full River/Park),580.0,9.0
30,22,Mid, G,327,Small_Unit,4068800,12443,25/8/2014,East,9. Poor Close (Wall View),420.0,3.0
38,9,Low, G,304,Small_Unit,3508000,11539,25/8/2014,North,10. Poor Street (Busy Road),150.0,2.0
24,9,Low, E,447,Middle_Unit,4750000,10626,22/8/2014,North,8. Normal (Poor Direction - N/W),380.0,4.5
17,17,Mid, G,327,Small_Unit,3880000,11865,22/8/2014,North East,6. Normal (Good Direction - S/E),520.0,6.0
44,22,Mid, F,284,Small_Unit,3500000,12324,22/8/2014,East,9. Poor Close (Wall View),150.0,3.0
45,3,Low, F,284,Small_Unit,3150000,11092,22/8/2014,East,10. Poor Street (Busy Road),150.0,2.0
29,26,High, B,451,Middle_Unit,4600000,10200,20/8/2014,East,9. Poor Close (Wall View),450.0,3.0
21,1,Low, D,327,Small_Unit,3188000,9749,20/8/2014,South West,6. Normal (Good Direction - S/E),500.0,6.0
43,3,Low, A,284,Small_Unit,3390000,11937,20/8/2014,West,9. Poor Close (Wall View),220.0,3.0
36,11,Mid, D,307,Small_Unit,3500000,11401,20/8/2014,East,6. Normal (Good Direction - S/E),300.0,6.0
29,30,High, G,327,Small_Unit,3820000,11682,20/8/2014,South,9. Poor Close (Wall View),450.0,3.0
16,14,Mid, H,327,Small_Unit,3800000,11621,19/8/2014,North East,6. Normal (Good Direction - S/E),500.0,6.0
41,8,Low, A,284,Small_Unit,2980000,10493,19/8/2014,West,10. Poor Street (Busy Road),220.0,2.0
51,22,Mid, G,304,Small_Unit,3800000,12500,19/8/2014,North East,6. Normal (Good Direction - S/E),280.0,6.0
43,3,Low, G,304,Small_Unit,3200000,10526,18/8/2014,North,9. Poor Close (Wall View),220.0,3.0
33,21,Mid, B,820,Large_Unit,8330000,10159,18/8/2014,West,10. Poor Street (Busy Road),350.0,2.0
19,26,High, F,451,Middle_Unit,5020000,11131,18/8/2014,South East,6. Normal (Good Direction - S/E),550.0,6.0
30,25,Mid, H,327,Small_Unit,3850000,11774,15/8/2014,East,9. Poor Close (Wall View),420.0,3.0
50,23,Mid, F,284,Small_Unit,3645000,12835,15/8/2014,South East,6. Normal (Good Direction - S/E),250.0,6.0
39,27,High, F,284,Small_Unit,3550000,12500,15/8/2014,West,9. Poor Close (Wall View),180.0,3.0
40,23,Mid, C,304,Small_Unit,3860000,12697,14/8/2014,South,9. Poor Close (Wall View),200.0,3.0
19,12,Mid, H,327,Small_Unit,3880000,11865,14/8/2014,North East,6. Normal (Good Direction - S/E),550.0,6.0
43,18,Mid, F,284,Small_Unit,3480000,12254,14/8/2014,East,9. Poor Close (Wall View),220.0,3.0
47,12,Mid, C,304,Small_Unit,3480000,11447,14/8/2014,South,6. Normal (Good Direction - S/E),180.0,6.0
33,5,Low, A,820,Large_Unit,7680000,9366,13/8/2014,East,6. Normal (Good Direction - S/E),350.0,6.0
4,25,Mid, D,853,Large_Unit,8080000,9472,13/8/2014,South West,2. Premium (Full River - West/Sun),720.0,8.5
11,18,Mid, A,515,Middle_Unit,5150000,10000,13/8/2014,North West,1. Premium Plus (Full River/Park),550.0,9.0
17,9,Low, E,451,Middle_Unit,4600000,10200,12/8/2014,South East,6. Normal (Good Direction - S/E),520.0,6.0
14,23,Mid, D,853,Large_Unit,8150000,9555,12/8/2014,South West,6. Normal (Good Direction - S/E),680.0,6.0
26,3,Low, F,447,Middle_Unit,4600000,10291,12/8/2014,South,10. Poor Street (Busy Road),420.0,2.0
39,17,Mid, D,304,Small_Unit,2800000,9211,12/8/2014,South,9. Poor Close (Wall View),180.0,3.0
31,10,Low, A,451,Middle_Unit,5100000,11308,12/8/2014,South,5. Good Internal (Pool/Garden/Mall),400.0,6.5
8,23,Mid, C,327,Small_Unit,3688000,11278,12/8/2014,South West,6. Normal (Good Direction - S/E),620.0,6.0
8,18,Mid, D,327,Small_Unit,3600000,11009,11/8/2014,South West,6. Normal (Good Direction - S/E),620.0,6.0
38,14,Mid, D,304,Small_Unit,3450000,11349,11/8/2014,South,9. Poor Close (Wall View),150.0,3.0
44,31,High, B,284,Small_Unit,3430000,12077,7/8/2014,West,9. Poor Close (Wall View),150.0,3.0
44,20,Mid, F,284,Small_Unit,3600000,12676,7/8/2014,East,9. Poor Close (Wall View),150.0,3.0
15,1,Low, A,819,Large_Unit,6750000,8242,7/8/2014,North West,1. Premium Plus (Full River/Park),650.0,9.0
42,24,Mid, E,284,Small_Unit,3200000,11268,7/8/2014,East,9. Poor Close (Wall View),200.0,3.0
21,9,Low, H,327,Small_Unit,3700000,11315,6/8/2014,North East,6. Normal (Good Direction - S/E),500.0,6.0
50,7,Low, F,284,Small_Unit,3450000,12148,6/8/2014,South East,6. Normal (Good Direction - S/E),250.0,6.0
16,8,Low, G,327,Small_Unit,3780000,11560,5/8/2014,North East,6. Normal (Good Direction - S/E),500.0,6.0
17,12,Mid, E,451,Middle_Unit,4800000,10643,5/8/2014,South East,6. Normal (Good Direction - S/E),520.0,6.0
11,33,High, D,504,Middle_Unit,5750000,11409,5/8/2014,South West,6. Normal (Good Direction - S/E),550.0,6.0
30,7,Low, E,451,Middle_Unit,5200000,11530,4/8/2014,North,9. Poor Close (Wall View),420.0,3.0
37,8,Low, E,284,Small_Unit,3378000,11894,4/8/2014,West,9. Poor Close (Wall View),150.0,3.0
23,20,Mid, A,451,Middle_Unit,5100000,11308,1/8/2014,North West,8. Normal (Poor Direction - N/W),350.0,4.5
39,19,Mid, G,304,Small_Unit,3600000,11842,1/8/2014,North,10. Poor Street (Busy Road),180.0,2.0
50,18,Mid, E,284,Small_Unit,3508000,12352,1/8/2014,South East,6. Normal (Good Direction - S/E),250.0,6.0
24,5,Low, F,447,Middle_Unit,4470000,10000,1/8/2014,North,8. Normal (Poor Direction - N/W),380.0,4.5
40,10,Low, H,304,Small_Unit,3560000,11711,1/8/2014,North,10. Poor Street (Busy Road),200.0,2.0
3,5,Low, E,451,Middle_Unit,4680000,10377,1/8/2014,South East,3. Premium Partial (Slivers of Water/Park),700.0,8.0
9,30,High, D,327,Small_Unit,4100000,12538,31/7/2014,South West,6. Normal (Good Direction - S/E),600.0,6.0
39,16,Mid, G,304,Small_Unit,3570000,11743,31/7/2014,North,10. Poor Street (Busy Road),180.0,2.0
8,10,Low, F,451,Middle_Unit,4960000,10998,30/7/2014,South East,6. Normal (Good Direction - S/E),620.0,6.0
51,25,Mid, G,304,Small_Unit,3660000,12039,30/7/2014,North East,6. Normal (Good Direction - S/E),280.0,6.0
18,5,Low, C,484,Middle_Unit,5000000,10331,30/7/2014,South West,6. Normal (Good Direction - S/E),550.0,6.0
46,14,Mid, E,284,Small_Unit,3450000,12148,30/7/2014,East,9. Poor Close (Wall View),180.0,3.0
37,23,Mid, G,304,Small_Unit,3400000,11184,30/7/2014,North,5. Good Internal (Pool/Garden/Mall),150.0,6.5
46,16,Mid, A,284,Small_Unit,3450000,12148,30/7/2014,West,4. Good Open (High Floor City),180.0,7.0
21,26,High, D,327,Small_Unit,3600000,11009,30/7/2014,South West,6. Normal (Good Direction - S/E),500.0,6.0
43,6,Low, G,304,Small_Unit,3380000,11118,30/7/2014,North,9. Poor Close (Wall View),220.0,3.0
1,19,Mid, E,451,Middle_Unit,5150000,11419,30/7/2014,South East,6. Normal (Good Direction - S/E),650.0,6.0
20,11,Mid, H,327,Small_Unit,3650000,11162,30/7/2014,North East,6. Normal (Good Direction - S/E),520.0,6.0
49,21,Mid, C,304,Small_Unit,3610000,11875,29/7/2014,South West,6. Normal (Good Direction - S/E),220.0,6.0
48,5,Low, E,284,Small_Unit,3500000,12324,28/7/2014,East,10. Poor Street (Busy Road),200.0,2.0
36,10,Low, D,307,Small_Unit,3500000,11401,25/7/2014,East,6. Normal (Good Direction - S/E),300.0,6.0
10,17,Mid, H,327,Small_Unit,3520000,10765,25/7/2014,North East,1. Premium Plus (Full River/Park),580.0,9.0
9,23,Mid, C,327,Small_Unit,3500000,10703,25/7/2014,South West,6. Normal (Good Direction - S/E),600.0,6.0
51,16,Mid, A,284,Small_Unit,3530000,12430,25/7/2014,North West,8. Normal (Poor Direction - N/W),280.0,4.5
38,20,Mid, E,284,Small_Unit,3290000,11585,24/7/2014,West,9. Poor Close (Wall View),150.0,3.0
30,30,High, F,451,Middle_Unit,5468000,12124,24/7/2014,North,9. Poor Close (Wall View),420.0,3.0
2,25,Mid, E,451,Middle_Unit,4850000,10754,23/7/2014,South East,3. Premium Partial (Slivers of Water/Park),680.0,8.0
38,31,High, F,284,Small_Unit,3780000,13310,22/7/2014,West,9. Poor Close (Wall View),150.0,3.0
1,4,Low, E,451,Middle_Unit,4230000,9379,22/7/2014,South East,6. Normal (Good Direction - S/E),650.0,6.0
10,23,Mid, C,327,Small_Unit,3830000,11713,22/7/2014,South West,3. Premium Partial (Slivers of Water/Park),580.0,8.0
47,13,Mid, E,284,Small_Unit,3485000,12271,22/7/2014,East,9. Poor Close (Wall View),180.0,3.0
21,23,Mid, C,327,Small_Unit,3498000,10697,21/7/2014,South West,6. Normal (Good Direction - S/E),500.0,6.0
45,17,Mid, E,284,Small_Unit,3282000,11556,21/7/2014,East,10. Poor Street (Busy Road),150.0,2.0
49,24,Mid, H,304,Small_Unit,3250000,10691,21/7/2014,North East,6. Normal (Good Direction - S/E),220.0,6.0
43,25,Mid, D,304,Small_Unit,3480000,11447,18/7/2014,South,6. Normal (Good Direction - S/E),220.0,6.0
46,27,High, E,284,Small_Unit,3550000,12500,18/7/2014,East,9. Poor Close (Wall View),180.0,3.0
40,5,Low, C,304,Small_Unit,3470000,11414,17/7/2014,South,9. Poor Close (Wall View),200.0,3.0
36,26,High, B,478,Middle_Unit,5250000,10983,17/7/2014,North,4. Good Open (High Floor City),300.0,7.0
2,10,Low, B,451,Middle_Unit,4738000,10506,17/7/2014,North West,2. Premium (Full River - West/Sun),680.0,8.5
50,30,High, B,284,Small_Unit,3350000,11796,17/7/2014,North West,8. Normal (Poor Direction - N/W),250.0,4.5
41,31,High, H,304,Small_Unit,3690000,12138,16/7/2014,North,10. Poor Street (Busy Road),220.0,2.0
32,25,Mid, B,451,Middle_Unit,4780000,10599,15/7/2014,South,5. Good Internal (Pool/Garden/Mall),380.0,6.5
40,18,Mid, G,304,Small_Unit,3560000,11711,14/7/2014,North,10. Poor Street (Busy Road),200.0,2.0
48,16,Mid, A,284,Small_Unit,3600000,12676,11/7/2014,West,9. Poor Close (Wall View),200.0,3.0
50,14,Mid, A,284,Small_Unit,3300000,11620,11/7/2014,North West,8. Normal (Poor Direction - N/W),250.0,4.5
45,22,Mid, B,284,Small_Unit,3450000,12148,11/7/2014,West,9. Poor Close (Wall View),150.0,3.0
9,4,Low, E,451,Middle_Unit,4500000,9978,11/7/2014,South East,4. Good Open (High Floor City),600.0,7.0
49,27,High, B,284,Small_Unit,3380000,11901,10/7/2014,North West,4. Good Open (High Floor City),220.0,7.0
52,32,High, G,304,Small_Unit,3730000,12270,10/7/2014,North East,6. Normal (Good Direction - S/E),280.0,6.0
12,26,High, F,484,Middle_Unit,5450000,11260,10/7/2014,South East,1. Premium Plus (Full River/Park),580.0,9.0
1,11,Mid, G,327,Small_Unit,3550000,10856,9/7/2014,North East,2. Premium (Full River - West/Sun),650.0,8.5
7,3,Low, B,515,Middle_Unit,4600000,8932,8/7/2014,North West,2. Premium (Full River - West/Sun),600.0,8.5
50,30,High, D,304,Small_Unit,3450000,11349,7/7/2014,South West,6. Normal (Good Direction - S/E),250.0,6.0
48,25,Mid, B,284,Small_Unit,3530000,12430,3/7/2014,West,9. Poor Close (Wall View),200.0,3.0
46,32,High, D,304,Small_Unit,3700000,12171,3/7/2014,South,6. Normal (Good Direction - S/E),180.0,6.0
42,29,High, A,284,Small_Unit,2980000,10493,3/7/2014,West,9. Poor Close (Wall View),200.0,3.0
18,31,High, B,515,Middle_Unit,5225000,10146,30/6/2014,North West,8. Normal (Poor Direction - N/W),550.0,4.5
40,12,Mid, B,284,Small_Unit,2900000,10211,30/6/2014,East,9. Poor Close (Wall View),200.0,3.0
24,15,Mid, A,447,Middle_Unit,4600000,10291,30/6/2014,East,9. Poor Close (Wall View),380.0,3.0
11,10,Low, E,504,Middle_Unit,4500000,8929,30/6/2014,South East,1. Premium Plus (Full River/Park),550.0,9.0
12,18,Mid, E,504,Middle_Unit,5350000,10615,27/6/2014,South East,1. Premium Plus (Full River/Park),580.0,9.0
37,8,Low, H,304,Small_Unit,3500000,11513,27/6/2014,North,5. Good Internal (Pool/Garden/Mall),150.0,6.5
8,24,Mid, F,451,Middle_Unit,4800000,10643,27/6/2014,South East,6. Normal (Good Direction - S/E),620.0,6.0
13,9,Low, D,853,Large_Unit,7480000,8769,25/6/2014,South West,6. Normal (Good Direction - S/E),700.0,6.0
21,26,High, B,451,Middle_Unit,4862000,10780,25/6/2014,North West,8. Normal (Poor Direction - N/W),500.0,4.5
1,20,Mid, H,327,Small_Unit,3520000,10765,25/6/2014,North East,2. Premium (Full River - West/Sun),650.0,8.5
1,20,Mid, C,327,Small_Unit,3700000,11315,25/6/2014,South West,2. Premium (Full River - West/Sun),650.0,8.5
29,1,Low, E,451,Middle_Unit,4390000,9734,23/6/2014,North,10. Poor Street (Busy Road),450.0,2.0
14,26,High, A,819,Large_Unit,7780000,9499,23/6/2014,North West,1. Premium Plus (Full River/Park),680.0,9.0
29,24,Mid, A,451,Middle_Unit,5120000,11353,23/6/2014,East,9. Poor Close (Wall View),450.0,3.0
23,1,Low, H,327,Small_Unit,3150000,9633,20/6/2014,North East,6. Normal (Good Direction - S/E),350.0,6.0
47,10,Low, G,304,Small_Unit,3500000,11513,20/6/2014,North,10. Poor Street (Busy Road),180.0,2.0
37,23,Mid, B,284,Small_Unit,3000000,10563,20/6/2014,East,6. Normal (Good Direction - S/E),150.0,6.0
45,3,Low, D,304,Small_Unit,3080000,10132,20/6/2014,South,6. Normal (Good Direction - S/E),150.0,6.0
43,7,Low, H,304,Small_Unit,3450000,11349,19/6/2014,North,9. Poor Close (Wall View),220.0,3.0
43,32,High, E,284,Small_Unit,3400000,11972,19/6/2014,East,9. Poor Close (Wall View),220.0,3.0
51,27,High, E,284,Small_Unit,3530000,12430,19/6/2014,South East,6. Normal (Good Direction - S/E),280.0,6.0
23,13,Mid, H,327,Small_Unit,3670000,11223,19/6/2014,North East,6. Normal (Good Direction - S/E),350.0,6.0
17,13,Mid, D,327,Small_Unit,3280000,10031,19/6/2014,South West,6. Normal (Good Direction - S/E),520.0,6.0
42,30,High, A,284,Small_Unit,3380000,11901,19/6/2014,West,9. Poor Close (Wall View),200.0,3.0
31,10,Low, D,327,Small_Unit,3400000,10398,18/6/2014,West,9. Poor Close (Wall View),400.0,3.0
52,7,Low, C,304,Small_Unit,3395000,11168,18/6/2014,South West,6. Normal (Good Direction - S/E),280.0,6.0
50,29,High, A,284,Small_Unit,3380000,11901,18/6/2014,North West,8. Normal (Poor Direction - N/W),250.0,4.5
51,28,High, B,284,Small_Unit,3450000,12148,18/6/2014,North West,8. Normal (Poor Direction - N/W),280.0,4.5
10,23,Mid, F,451,Middle_Unit,4838000,10727,17/6/2014,South East,1. Premium Plus (Full River/Park),580.0,9.0
46,12,Mid, C,304,Small_Unit,3380000,11118,17/6/2014,South,6. Normal (Good Direction - S/E),180.0,6.0
37,18,Mid, G,304,Small_Unit,3500000,11513,16/6/2014,North,5. Good Internal (Pool/Garden/Mall),150.0,6.5
20,16,Mid, F,451,Middle_Unit,4750000,10532,16/6/2014,South East,6. Normal (Good Direction - S/E),520.0,6.0
31,7,Low, B,451,Middle_Unit,4600000,10200,16/6/2014,South,5. Good Internal (Pool/Garden/Mall),400.0,6.5
42,4,Low, E,284,Small_Unit,3100000,10915,13/6/2014,East,9. Poor Close (Wall View),200.0,3.0
9,18,Mid, G,327,Small_Unit,3480000,10642,13/6/2014,North East,6. Normal (Good Direction - S/E),600.0,6.0
50,13,Mid, B,284,Small_Unit,3500000,12324,13/6/2014,North West,8. Normal (Poor Direction - N/W),250.0,4.5
44,21,Mid, H,304,Small_Unit,3500000,11513,13/6/2014,North,9. Poor Close (Wall View),150.0,3.0
16,2,Low, E,451,Middle_Unit,4360000,9667,13/6/2014,South East,6. Normal (Good Direction - S/E),500.0,6.0
47,19,Mid, D,304,Small_Unit,3150000,10362,13/6/2014,South,6. Normal (Good Direction - S/E),180.0,6.0
50,14,Mid, D,304,Small_Unit,3338000,10980,12/6/2014,South West,6. Normal (Good Direction - S/E),250.0,6.0
29,18,Mid, C,327,Small_Unit,3420000,10459,11/6/2014,West,10. Poor Street (Busy Road),450.0,2.0
47,23,Mid, G,304,Small_Unit,3530000,11612,11/6/2014,North,10. Poor Street (Busy Road),180.0,2.0
47,5,Low, D,304,Small_Unit,3235000,10641,11/6/2014,South,6. Normal (Good Direction - S/E),180.0,6.0
35,35,High, C,707,Large_Unit,7250000,10255,11/6/2014,North,4. Good Open (High Floor City),320.0,7.0
32,14,Mid, D,327,Small_Unit,3600000,11009,11/6/2014,West,9. Poor Close (Wall View),380.0,3.0
29,23,Mid, F,451,Middle_Unit,4838000,10727,10/6/2014,North,10. Poor Street (Busy Road),450.0,2.0
44,3,Low, H,304,Small_Unit,3100000,10197,10/6/2014,North,9. Poor Close (Wall View),150.0,3.0
19,16,Mid, A,451,Middle_Unit,4610000,10222,10/6/2014,North West,8. Normal (Poor Direction - N/W),550.0,4.5
39,32,High, G,304,Small_Unit,3600000,11842,10/6/2014,North,10. Poor Street (Busy Road),180.0,2.0
25,27,High, A,688,Large_Unit,7100000,10320,10/6/2014,North,8. Normal (Poor Direction - N/W),400.0,4.5
16,25,Mid, A,451,Middle_Unit,4850000,10754,6/6/2014,North West,8. Normal (Poor Direction - N/W),500.0,4.5
3,18,Mid, F,451,Middle_Unit,4820000,10687,6/6/2014,South East,3. Premium Partial (Slivers of Water/Park),700.0,8.0
40,9,Low, C,304,Small_Unit,3230000,10625,6/6/2014,South,9. Poor Close (Wall View),200.0,3.0
52,10,Low, G,304,Small_Unit,3380000,11118,5/6/2014,North East,6. Normal (Good Direction - S/E),280.0,6.0
29,24,Mid, F,451,Middle_Unit,5100000,11308,5/6/2014,North,10. Poor Street (Busy Road),450.0,2.0
52,3,Low, C,304,Small_Unit,3030000,9967,5/6/2014,South West,6. Normal (Good Direction - S/E),280.0,6.0
38,29,High, D,304,Small_Unit,3000000,9868,5/6/2014,South,9. Poor Close (Wall View),150.0,3.0
14,9,Low, C,853,Large_Unit,7000000,8206,5/6/2014,South West,6. Normal (Good Direction - S/E),680.0,6.0
48,30,High, D,304,Small_Unit,3230000,10625,5/6/2014,South,6. Normal (Good Direction - S/E),200.0,6.0
24,7,Low, D,326,Small_Unit,3380000,10368,5/6/2014,West,10. Poor Street (Busy Road),380.0,2.0
32,10,Low, B,451,Middle_Unit,4668000,10350,4/6/2014,South,5. Good Internal (Pool/Garden/Mall),380.0,6.5
46,23,Mid, H,304,Small_Unit,3380000,11118,4/6/2014,North,10. Poor Street (Busy Road),180.0,2.0
26,6,Low, C,326,Small_Unit,3550000,10890,4/6/2014,West,9. Poor Close (Wall View),420.0,3.0
23,16,Mid, A,451,Middle_Unit,5050000,11197,3/6/2014,North West,8. Normal (Poor Direction - N/W),350.0,4.5
33,11,Mid, B,820,Large_Unit,7480000,9122,3/6/2014,West,10. Poor Street (Busy Road),350.0,2.0
49,10,Low, G,304,Small_Unit,3400000,11184,30/5/2014,North East,6. Normal (Good Direction - S/E),220.0,6.0
48,25,Mid, A,284,Small_Unit,3230000,11373,30/5/2014,West,9. Poor Close (Wall View),200.0,3.0
47,20,Mid, A,284,Small_Unit,3420000,12042,30/5/2014,West,9. Poor Close (Wall View),180.0,3.0
38,32,High, F,284,Small_Unit,3680000,12958,30/5/2014,West,9. Poor Close (Wall View),150.0,3.0
30,27,High, D,327,Small_Unit,3480000,10642,30/5/2014,West,10. Poor Street (Busy Road),420.0,2.0
44,32,High, D,304,Small_Unit,3668000,12066,30/5/2014,South,4. Good Open (High Floor City),150.0,7.0
19,13,Mid, F,451,Middle_Unit,4880000,10820,29/5/2014,South East,6. Normal (Good Direction - S/E),550.0,6.0
50,26,High, A,284,Small_Unit,3400000,11972,29/5/2014,North West,8. Normal (Poor Direction - N/W),250.0,4.5
16,15,Mid, G,327,Small_Unit,3650000,11162,29/5/2014,North East,6. Normal (Good Direction - S/E),500.0,6.0
16,15,Mid, D,327,Small_Unit,3650000,11162,28/5/2014,South West,6. Normal (Good Direction - S/E),500.0,6.0
37,11,Mid, B,284,Small_Unit,3380000,11901,28/5/2014,East,6. Normal (Good Direction - S/E),150.0,6.0
44,20,Mid, C,304,Small_Unit,3300000,10855,28/5/2014,South,6. Normal (Good Direction - S/E),150.0,6.0
41,5,Low, C,304,Small_Unit,3200000,10526,28/5/2014,South,6. Normal (Good Direction - S/E),220.0,6.0
29,27,High, A,451,Middle_Unit,4880000,10820,28/5/2014,East,9. Poor Close (Wall View),450.0,3.0
21,22,Mid, D,327,Small_Unit,3480000,10642,27/5/2014,South West,6. Normal (Good Direction - S/E),500.0,6.0
37,21,Mid, G,304,Small_Unit,3270000,10757,27/5/2014,North,5. Good Internal (Pool/Garden/Mall),150.0,6.5
30,13,Mid, C,327,Small_Unit,3330000,10183,26/5/2014,West,10. Poor Street (Busy Road),420.0,2.0
10,23,Mid, H,327,Small_Unit,3580000,10948,26/5/2014,North East,1. Premium Plus (Full River/Park),580.0,9.0
19,30,High, D,327,Small_Unit,3588000,10972,26/5/2014,South West,6. Normal (Good Direction - S/E),550.0,6.0
9,23,Mid, F,451,Middle_Unit,4630000,10266,26/5/2014,South East,6. Normal (Good Direction - S/E),600.0,6.0
37,32,High, D,304,Small_Unit,3500000,11513,23/5/2014,South,9. Poor Close (Wall View),150.0,3.0
51,23,Mid, F,284,Small_Unit,3260000,11479,23/5/2014,South East,6. Normal (Good Direction - S/E),280.0,6.0
49,28,High, E,284,Small_Unit,3300000,11620,23/5/2014,South East,6. Normal (Good Direction - S/E),220.0,6.0
10,22,Mid, H,327,Small_Unit,3500000,10703,23/5/2014,North East,1. Premium Plus (Full River/Park),580.0,9.0
52,6,Low, F,284,Small_Unit,3180000,11197,22/5/2014,South East,6. Normal (Good Direction - S/E),280.0,6.0
3,9,Low, D,327,Small_Unit,3630000,11101,21/5/2014,South West,2. Premium (Full River - West/Sun),700.0,8.5
8,2,Low, C,327,Small_Unit,3150000,9633,21/5/2014,South West,6. Normal (Good Direction - S/E),620.0,6.0
31,2,Low, C,327,Small_Unit,3300000,10092,21/5/2014,West,9. Poor Close (Wall View),400.0,3.0
40,32,High, G,304,Small_Unit,3520000,11579,21/5/2014,North,10. Poor Street (Busy Road),200.0,2.0
11,18,Mid, F,484,Middle_Unit,5050000,10434,21/5/2014,South East,1. Premium Plus (Full River/Park),550.0,9.0
42,5,Low, C,304,Small_Unit,3200000,10526,20/5/2014,South,6. Normal (Good Direction - S/E),200.0,6.0
47,23,Mid, E,284,Small_Unit,3200000,11268,20/5/2014,East,9. Poor Close (Wall View),180.0,3.0
3,4,Low, F,451,Middle_Unit,4150000,9202,20/5/2014,South East,3. Premium Partial (Slivers of Water/Park),700.0,8.0
17,22,Mid, G,327,Small_Unit,3400000,10398,20/5/2014,North East,6. Normal (Good Direction - S/E),520.0,6.0
20,3,Low, C,327,Small_Unit,3280000,10031,20/5/2014,South West,6. Normal (Good Direction - S/E),520.0,6.0
1,1,Low, E,451,Middle_Unit,3950000,8758,20/5/2014,South East,6. Normal (Good Direction - S/E),650.0,6.0
9,28,High, A,451,Middle_Unit,4690000,10399,19/5/2014,North West,8. Normal (Poor Direction - N/W),600.0,4.5
3,11,Mid, C,327,Small_Unit,3500000,10703,19/5/2014,South West,2. Premium (Full River - West/Sun),700.0,8.5
21,20,Mid, H,327,Small_Unit,3438000,10514,19/5/2014,North East,6. Normal (Good Direction - S/E),500.0,6.0
41,4,Low, E,284,Small_Unit,3160000,11127,16/5/2014,East,9. Poor Close (Wall View),220.0,3.0
48,8,Low, G,304,Small_Unit,3220000,10592,16/5/2014,North,10. Poor Street (Busy Road),200.0,2.0
43,15,Mid, A,284,Small_Unit,3250000,11444,16/5/2014,West,9. Poor Close (Wall View),220.0,3.0
50,10,Low, B,284,Small_Unit,3220000,11338,16/5/2014,North West,8. Normal (Poor Direction - N/W),250.0,4.5
19,8,Low, H,327,Small_Unit,3318000,10147,16/5/2014,North East,6. Normal (Good Direction - S/E),550.0,6.0
19,13,Mid, D,327,Small_Unit,3630000,11101,15/5/2014,South West,6. Normal (Good Direction - S/E),550.0,6.0
44,6,Low, B,284,Small_Unit,3150000,11092,15/5/2014,West,9. Poor Close (Wall View),150.0,3.0
30,9,Low, H,327,Small_Unit,3450000,10550,15/5/2014,East,9. Poor Close (Wall View),420.0,3.0
49,16,Mid, E,284,Small_Unit,3400000,11972,14/5/2014,South East,6. Normal (Good Direction - S/E),220.0,6.0
37,27,High, A,284,Small_Unit,3350000,11796,14/5/2014,East,6. Normal (Good Direction - S/E),150.0,6.0
11,4,Low, A,515,Middle_Unit,4400000,8544,13/5/2014,North West,1. Premium Plus (Full River/Park),550.0,9.0
44,27,High, H,304,Small_Unit,3268000,10750,12/5/2014,North,9. Poor Close (Wall View),150.0,3.0
12,32,High, B,515,Middle_Unit,5258000,10210,9/5/2014,North West,1. Premium Plus (Full River/Park),580.0,9.0
48,28,High, D,304,Small_Unit,2850000,9375,9/5/2014,South,6. Normal (Good Direction - S/E),200.0,6.0
36,34,High, D,307,Small_Unit,3450000,11238,8/5/2014,East,6. Normal (Good Direction - S/E),300.0,6.0
51,11,Mid, C,304,Small_Unit,3180000,10461,8/5/2014,South West,6. Normal (Good Direction - S/E),280.0,6.0
44,25,Mid, G,304,Small_Unit,3380000,11118,8/5/2014,North,9. Poor Close (Wall View),150.0,3.0
3,9,Low, E,451,Middle_Unit,4695000,10410,8/5/2014,South East,3. Premium Partial (Slivers of Water/Park),700.0,8.0
42,15,Mid, G,304,Small_Unit,3250000,10691,8/5/2014,North,9. Poor Close (Wall View),200.0,3.0
49,29,High, E,284,Small_Unit,3230000,11373,8/5/2014,South East,6. Normal (Good Direction - S/E),220.0,6.0
32,22,Mid, B,451,Middle_Unit,4750000,10532,7/5/2014,South,5. Good Internal (Pool/Garden/Mall),380.0,6.5
26,2,Low, G,326,Small_Unit,3050000,9356,7/5/2014,East,10. Poor Street (Busy Road),420.0,2.0
41,4,Low, C,304,Small_Unit,2980000,9803,7/5/2014,South,6. Normal (Good Direction - S/E),220.0,6.0
37,17,Mid, A,284,Small_Unit,3480000,12254,7/5/2014,East,6. Normal (Good Direction - S/E),150.0,6.0
11,6,Low, A,515,Middle_Unit,4600000,8932,5/5/2014,North West,1. Premium Plus (Full River/Park),550.0,9.0
24,25,Mid, F,447,Middle_Unit,4950000,11074,5/5/2014,North,8. Normal (Poor Direction - N/W),380.0,4.5
43,18,Mid, C,304,Small_Unit,3080000,10132,5/5/2014,South,6. Normal (Good Direction - S/E),220.0,6.0
21,5,Low, G,327,Small_Unit,3450000,10550,5/5/2014,North East,6. Normal (Good Direction - S/E),500.0,6.0
47,7,Low, F,284,Small_Unit,3330000,11725,5/5/2014,East,9. Poor Close (Wall View),180.0,3.0
42,4,Low, A,284,Small_Unit,3060000,10775,2/5/2014,West,9. Poor Close (Wall View),200.0,3.0
18,1,Low, E,504,Middle_Unit,4600000,9127,2/5/2014,South East,6. Normal (Good Direction - S/E),550.0,6.0
50,11,Mid, H,304,Small_Unit,3200000,10526,2/5/2014,North East,6. Normal (Good Direction - S/E),250.0,6.0
17,13,Mid, B,451,Middle_Unit,4600000,10200,30/4/2014,North West,8. Normal (Poor Direction - N/W),520.0,4.5
51,3,Low, C,304,Small_Unit,2900000,9539,30/4/2014,South West,6. Normal (Good Direction - S/E),280.0,6.0
40,4,Low, D,304,Small_Unit,3050000,10033,30/4/2014,South,9. Poor Close (Wall View),200.0,3.0
39,23,Mid, B,284,Small_Unit,3280000,11549,30/4/2014,East,9. Poor Close (Wall View),180.0,3.0
23,8,Low, F,451,Middle_Unit,4750000,10532,30/4/2014,South East,6. Normal (Good Direction - S/E),350.0,6.0
25,10,Low, D,688,Large_Unit,6380000,9273,29/4/2014,West,9. Poor Close (Wall View),400.0,3.0
37,32,High, G,304,Small_Unit,3660000,12039,28/4/2014,North,5. Good Internal (Pool/Garden/Mall),150.0,6.5
37,31,High, C,304,Small_Unit,3450000,11349,25/4/2014,South,9. Poor Close (Wall View),150.0,3.0
14,1,Low, D,853,Large_Unit,6700000,7855,25/4/2014,South West,6. Normal (Good Direction - S/E),680.0,6.0
8,19,Mid, E,451,Middle_Unit,4680000,10377,25/4/2014,South East,4. Good Open (High Floor City),620.0,6.0
8,27,High, G,327,Small_Unit,3480000,10642,24/4/2014,North East,6. Normal (Good Direction - S/E),620.0,6.0
47,16,Mid, H,304,Small_Unit,3180000,10461,24/4/2014,North,10. Poor Street (Busy Road),180.0,2.0
2,10,Low, E,451,Middle_Unit,4670000,10355,24/4/2014,South East,3. Premium Partial (Slivers of Water/Park),680.0,8.0
47,30,High, C,304,Small_Unit,3130000,10296,24/4/2014,South,6. Normal (Good Direction - S/E),180.0,6.0
36,6,Low, C,307,Small_Unit,3280000,10684,24/4/2014,East,6. Normal (Good Direction - S/E),300.0,6.0
29,13,Mid, G,327,Small_Unit,3500000,10703,24/4/2014,South,9. Poor Close (Wall View),450.0,3.0
46,12,Mid, G,304,Small_Unit,3230000,10625,23/4/2014,North,10. Poor Street (Busy Road),180.0,2.0
41,27,High, E,284,Small_Unit,3260000,11479,22/4/2014,East,9. Poor Close (Wall View),220.0,3.0
37,11,Mid, G,304,Small_Unit,3230000,10625,17/4/2014,North,5. Good Internal (Pool/Garden/Mall),150.0,6.5
21,14,Mid, D,327,Small_Unit,3480000,10642,17/4/2014,South West,6. Normal (Good Direction - S/E),500.0,6.0
17,15,Mid, A,451,Middle_Unit,4550000,10089,17/4/2014,North West,8. Normal (Poor Direction - N/W),520.0,4.5
37,29,High, H,304,Small_Unit,3268000,10750,17/4/2014,North,5. Good Internal (Pool/Garden/Mall),150.0,6.5
49,30,High, C,304,Small_Unit,3400000,11184,16/4/2014,South West,6. Normal (Good Direction - S/E),220.0,6.0
52,22,Mid, G,304,Small_Unit,3400000,11184,16/4/2014,North East,6. Normal (Good Direction - S/E),280.0,6.0
12,24,Mid, A,515,Middle_Unit,5175000,10049,15/4/2014,North West,1. Premium Plus (Full River/Park),580.0,9.0
41,32,High, D,304,Small_Unit,3568000,11737,14/4/2014,South,6. Normal (Good Direction - S/E),220.0,6.0
48,28,High, C,304,Small_Unit,3150000,10362,11/4/2014,South,6. Normal (Good Direction - S/E),200.0,6.0
44,16,Mid, E,284,Small_Unit,3250000,11444,10/4/2014,East,9. Poor Close (Wall View),150.0,3.0
21,21,Mid, H,327,Small_Unit,3290000,10061,10/4/2014,North East,6. Normal (Good Direction - S/E),500.0,6.0
8,3,Low, E,451,Middle_Unit,4350000,9645,9/4/2014,South East,4. Good Open (High Floor City),620.0,6.0
42,14,Mid, F,284,Small_Unit,3100000,10915,9/4/2014,East,9. Poor Close (Wall View),200.0,3.0
40,13,Mid, E,284,Small_Unit,3200000,11268,8/4/2014,West,10. Poor Street (Busy Road),200.0,2.0
31,3,Low, F,451,Middle_Unit,4380000,9712,8/4/2014,North,10. Poor Street (Busy Road),400.0,2.0
51,11,Mid, A,284,Small_Unit,3150000,11092,8/4/2014,North West,8. Normal (Poor Direction - N/W),280.0,4.5
37,15,Mid, B,284,Small_Unit,3250000,11444,7/4/2014,East,6. Normal (Good Direction - S/E),150.0,6.0
12,2,Low, F,484,Middle_Unit,4380000,9050,7/4/2014,South East,1. Premium Plus (Full River/Park),580.0,9.0
32,19,Mid, C,327,Small_Unit,3400000,10398,7/4/2014,West,9. Poor Close (Wall View),380.0,3.0
10,30,High, E,451,Middle_Unit,4830000,10710,7/4/2014,South East,1. Premium Plus (Full River/Park),580.0,9.0
5,11,Mid, C,853,Large_Unit,7250000,8499,4/4/2014,South West,2. Premium (Full River - West/Sun),750.0,8.5
24,30,High, A,447,Middle_Unit,5300000,11857,4/4/2014,East,9. Poor Close (Wall View),380.0,3.0
32,24,Mid, F,451,Middle_Unit,5000000,11086,4/4/2014,North,10. Poor Street (Busy Road),380.0,2.0
45,11,Mid, H,304,Small_Unit,3120000,10263,4/4/2014,North,9. Poor Close (Wall View),150.0,3.0
37,23,Mid, D,304,Small_Unit,3280000,10789,4/4/2014,South,9. Poor Close (Wall View),150.0,3.0
18,14,Mid, E,504,Middle_Unit,4600000,9127,4/4/2014,South East,6. Normal (Good Direction - S/E),550.0,6.0
43,27,High, C,304,Small_Unit,3488000,11474,4/4/2014,South,6. Normal (Good Direction - S/E),220.0,6.0
19,15,Mid, D,327,Small_Unit,3420000,10459,4/4/2014,South West,6. Normal (Good Direction - S/E),550.0,6.0
20,4,Low, E,451,Middle_Unit,4320000,9579,4/4/2014,South East,6. Normal (Good Direction - S/E),520.0,6.0
42,30,High, D,304,Small_Unit,3270000,10757,3/4/2014,South,6. Normal (Good Direction - S/E),200.0,6.0
32,14,Mid, C,327,Small_Unit,3420000,10459,3/4/2014,West,9. Poor Close (Wall View),380.0,3.0
1,18,Mid, E,451,Middle_Unit,4800000,10643,3/4/2014,South East,6. Normal (Good Direction - S/E),650.0,6.0
24,18,Mid, C,326,Small_Unit,3430000,10521,2/4/2014,West,10. Poor Street (Busy Road),380.0,2.0
41,15,Mid, D,304,Small_Unit,3200000,10526,2/4/2014,South,6. Normal (Good Direction - S/E),220.0,6.0
44,23,Mid, B,284,Small_Unit,3400000,11972,1/4/2014,West,9. Poor Close (Wall View),150.0,3.0
47,31,High, A,284,Small_Unit,3250000,11444,31/3/2014,West,9. Poor Close (Wall View),180.0,3.0
1,8,Low, D,327,Small_Unit,3230000,9878,28/3/2014,South West,2. Premium (Full River - West/Sun),650.0,8.5
8,16,Mid, D,327,Small_Unit,3480000,10642,28/3/2014,South West,6. Normal (Good Direction - S/E),620.0,6.0
32,15,Mid, G,327,Small_Unit,3370000,10306,27/3/2014,East,10. Poor Street (Busy Road),380.0,2.0
2,27,High, C,327,Small_Unit,3800000,11621,27/3/2014,South West,2. Premium (Full River - West/Sun),680.0,8.5
40,7,Low, A,284,Small_Unit,2980000,10493,25/3/2014,East,9. Poor Close (Wall View),200.0,3.0
42,21,Mid, H,304,Small_Unit,3400000,11184,25/3/2014,North,9. Poor Close (Wall View),200.0,3.0
48,22,Mid, A,284,Small_Unit,3350000,11796,24/3/2014,West,9. Poor Close (Wall View),200.0,3.0
22,15,Mid, C,484,Middle_Unit,5160000,10661,24/3/2014,South West,6. Normal (Good Direction - S/E),480.0,6.0
52,15,Mid, G,304,Small_Unit,3180000,10461,21/3/2014,North East,6. Normal (Good Direction - S/E),280.0,6.0
20,9,Low, C,327,Small_Unit,3410000,10428,21/3/2014,South West,6. Normal (Good Direction - S/E),520.0,6.0
44,27,High, A,284,Small_Unit,3200000,11268,21/3/2014,West,9. Poor Close (Wall View),150.0,3.0
37,24,Mid, F,284,Small_Unit,3260000,11479,21/3/2014,West,9. Poor Close (Wall View),150.0,3.0
39,27,High, E,284,Small_Unit,3220000,11338,21/3/2014,West,9. Poor Close (Wall View),180.0,3.0
44,17,Mid, H,304,Small_Unit,3090000,10164,21/3/2014,North,9. Poor Close (Wall View),150.0,3.0
43,14,Mid, H,304,Small_Unit,3100000,10197,20/3/2014,North,9. Poor Close (Wall View),220.0,3.0
25,9,Low, C,688,Large_Unit,6468000,9401,20/3/2014,West,9. Poor Close (Wall View),400.0,3.0
45,29,High, H,304,Small_Unit,3298000,10849,20/3/2014,North,9. Poor Close (Wall View),150.0,3.0
40,20,Mid, H,304,Small_Unit,3000000,9868,19/3/2014,North,10. Poor Street (Busy Road),200.0,2.0
50,31,High, D,304,Small_Unit,3280000,10789,19/3/2014,South West,6. Normal (Good Direction - S/E),250.0,6.0
20,6,Low, H,327,Small_Unit,3260000,9969,19/3/2014,North East,6. Normal (Good Direction - S/E),520.0,6.0
43,13,Mid, G,304,Small_Unit,3030000,9967,18/3/2014,North,9. Poor Close (Wall View),220.0,3.0
1,27,High, E,451,Middle_Unit,5300000,11752,18/3/2014,South East,6. Normal (Good Direction - S/E),650.0,6.0
17,5,Low, H,327,Small_Unit,3218000,9841,18/3/2014,North East,6. Normal (Good Direction - S/E),520.0,6.0
37,31,High, F,284,Small_Unit,3170000,11162,18/3/2014,West,9. Poor Close (Wall View),150.0,3.0
36,24,Mid, F,478,Middle_Unit,5100000,10669,18/3/2014,South,5. Good Internal (Pool/Garden/Mall),300.0,6.5
47,28,High, G,304,Small_Unit,3350000,11020,17/3/2014,North,10. Poor Street (Busy Road),180.0,2.0
51,26,High, D,304,Small_Unit,3270000,10757,17/3/2014,South West,6. Normal (Good Direction - S/E),280.0,6.0
7,14,Mid, E,504,Middle_Unit,5250000,10417,14/3/2014,South East,3. Premium Partial (Slivers of Water/Park),600.0,6.0
38,16,Mid, B,284,Small_Unit,3260000,11479,14/3/2014,East,9. Poor Close (Wall View),150.0,3.0
32,27,High, G,327,Small_Unit,3450000,10550,14/3/2014,East,10. Poor Street (Busy Road),380.0,2.0
43,7,Low, E,284,Small_Unit,3088000,10873,12/3/2014,East,9. Poor Close (Wall View),220.0,3.0
22,2,Low, A,515,Middle_Unit,4600000,8932,12/3/2014,North West,8. Normal (Poor Direction - N/W),480.0,4.5
36,4,Low, H,307,Small_Unit,3060000,9967,12/3/2014,West,10. Poor Street (Busy Road),300.0,2.0
29,29,High, D,327,Small_Unit,3520000,10765,3/3/2014,West,10. Poor Street (Busy Road),450.0,2.0
27,28,High, D,688,Large_Unit,6000000,8721,3/3/2014,West,10. Poor Street (Busy Road),450.0,2.0
51,26,High, G,304,Small_Unit,3400000,11184,28/2/2014,North East,6. Normal (Good Direction - S/E),280.0,6.0
12,7,Low, D,504,Middle_Unit,4549980,9028,21/2/2014,South West,3. Premium Partial (Slivers of Water/Park),580.0,8.0
21,8,Low, H,327,Small_Unit,3250000,9939,19/2/2014,North East,6. Normal (Good Direction - S/E),500.0,6.0
48,13,Mid, E,284,Small_Unit,2980000,10493,12/2/2014,East,10. Poor Street (Busy Road),200.0,2.0
45,24,Mid, F,284,Small_Unit,3300000,11620,11/2/2014,East,10. Poor Street (Busy Road),150.0,2.0
41,19,Mid, H,304,Small_Unit,3030000,9967,10/2/2014,North,10. Poor Street (Busy Road),220.0,2.0
18,13,Mid, C,484,Middle_Unit,5080000,10496,10/2/2014,South West,6. Normal (Good Direction - S/E),550.0,6.0
10,18,Mid, D,327,Small_Unit,3308000,10116,7/2/2014,South West,3. Premium Partial (Slivers of Water/Park),580.0,8.0
48,5,Low, C,304,Small_Unit,3060000,10066,6/2/2014,South,6. Normal (Good Direction - S/E),200.0,6.0
51,32,High, H,304,Small_Unit,3430000,11283,5/2/2014,North East,6. Normal (Good Direction - S/E),280.0,6.0
31,30,High, B,451,Middle_Unit,5400000,11973,4/2/2014,South,5. Good Internal (Pool/Garden/Mall),400.0,6.5
21,16,Mid, A,451,Middle_Unit,4400000,9756,30/1/2014,North West,8. Normal (Poor Direction - N/W),500.0,4.5
41,4,Low, G,304,Small_Unit,3030000,9967,30/1/2014,North,10. Poor Street (Busy Road),220.0,2.0
23,11,Mid, D,327,Small_Unit,3400000,10398,30/1/2014,South West,6. Normal (Good Direction - S/E),350.0,6.0
38,8,Low, C,304,Small_Unit,3100000,10197,29/1/2014,South,9. Poor Close (Wall View),150.0,3.0
44,31,High, D,304,Small_Unit,3200000,10526,29/1/2014,South,4. Good Open (High Floor City),150.0,7.0
41,26,High, D,304,Small_Unit,2900000,9539,29/1/2014,South,6. Normal (Good Direction - S/E),220.0,6.0
31,11,Mid, C,327,Small_Unit,3409800,10428,24/1/2014,West,9. Poor Close (Wall View),400.0,3.0
39,25,Mid, C,304,Small_Unit,3280000,10789,22/1/2014,South,9. Poor Close (Wall View),180.0,3.0
38,13,Mid, D,304,Small_Unit,3190000,10493,22/1/2014,South,9. Poor Close (Wall View),150.0,3.0
3,4,Low, C,327,Small_Unit,3168000,9688,21/1/2014,South West,2. Premium (Full River - West/Sun),700.0,8.5
20,10,Low, G,327,Small_Unit,3290000,10061,21/1/2014,North East,6. Normal (Good Direction - S/E),520.0,6.0
24,11,Mid, D,326,Small_Unit,3400000,10429,21/1/2014,West,10. Poor Street (Busy Road),380.0,2.0
46,28,High, C,304,Small_Unit,3270000,10757,20/1/2014,South,6. Normal (Good Direction - S/E),180.0,6.0
24,15,Mid, A,447,Middle_Unit,4790000,10716,17/1/2014,East,9. Poor Close (Wall View),380.0,3.0
43,10,Low, E,284,Small_Unit,3080000,10845,17/1/2014,East,9. Poor Close (Wall View),220.0,3.0
49,31,High, B,284,Small_Unit,3300000,11620,16/1/2014,North West,4. Good Open (High Floor City),220.0,7.0
41,29,High, A,284,Small_Unit,3328000,11718,16/1/2014,West,10. Poor Street (Busy Road),220.0,2.0
16,10,Low, F,451,Middle_Unit,4700000,10421,16/1/2014,South East,6. Normal (Good Direction - S/E),500.0,6.0
37,18,Mid, H,304,Small_Unit,3180000,10461,15/1/2014,North,5. Good Internal (Pool/Garden/Mall),150.0,6.5
49,14,Mid, H,304,Small_Unit,3193000,10503,15/1/2014,North East,6. Normal (Good Direction - S/E),220.0,6.0
50,7,Low, H,304,Small_Unit,3328000,10947,15/1/2014,North East,6. Normal (Good Direction - S/E),250.0,6.0
46,28,High, H,304,Small_Unit,3290000,10822,13/1/2014,North,10. Poor Street (Busy Road),180.0,2.0
45,15,Mid, A,284,Small_Unit,3120000,10986,13/1/2014,West,9. Poor Close (Wall View),150.0,3.0
1,16,Mid, G,327,Small_Unit,3380000,10336,13/1/2014,North East,2. Premium (Full River - West/Sun),650.0,8.5
36,17,Mid, E,478,Middle_Unit,5000000,10460,13/1/2014,South,5. Good Internal (Pool/Garden/Mall),300.0,6.5
38,10,Low, F,284,Small_Unit,3270000,11514,10/1/2014,West,9. Poor Close (Wall View),150.0,3.0
51,8,Low, D,304,Small_Unit,3200000,10526,9/1/2014,South West,6. Normal (Good Direction - S/E),280.0,6.0
31,24,Mid, G,327,Small_Unit,3330000,10183,8/1/2014,East,9. Poor Close (Wall View),400.0,3.0
19,26,High, H,327,Small_Unit,3345000,10229,7/1/2014,North East,6. Normal (Good Direction - S/E),550.0,6.0
43,23,Mid, F,284,Small_Unit,3100000,10915,7/1/2014,East,9. Poor Close (Wall View),220.0,3.0
49,14,Mid, D,304,Small_Unit,3180000,10461,6/1/2014,South West,6. Normal (Good Direction - S/E),220.0,6.0
31,13,Mid, B,451,Middle_Unit,4780000,10599,3/1/2014,South,5. Good Internal (Pool/Garden/Mall),400.0,6.5
44,29,High, F,284,Small_Unit,3290000,11585,31/12/2013,East,9. Poor Close (Wall View),150.0,3.0
45,28,High, G,304,Small_Unit,3200000,10526,31/12/2013,North,9. Poor Close (Wall View),150.0,3.0
39,30,High, C,304,Small_Unit,3142000,10336,31/12/2013,South,9. Poor Close (Wall View),180.0,3.0
24,23,Mid, D,326,Small_Unit,3500000,10736,31/12/2013,West,10. Poor Street (Busy Road),380.0,2.0
46,30,High, E,284,Small_Unit,3243000,11419,30/12/2013,East,9. Poor Close (Wall View),180.0,3.0
31,9,Low, C,327,Small_Unit,3155000,9648,27/12/2013,West,9. Poor Close (Wall View),400.0,3.0
10,4,Low, E,451,Middle_Unit,4300000,9534,27/12/2013,South East,1. Premium Plus (Full River/Park),580.0,9.0
19,10,Low, D,327,Small_Unit,3398000,10391,27/12/2013,South West,6. Normal (Good Direction - S/E),550.0,6.0
20,4,Low, D,327,Small_Unit,3288000,10055,24/12/2013,South West,6. Normal (Good Direction - S/E),520.0,6.0
36,25,Mid, D,307,Small_Unit,3300000,10749,24/12/2013,East,6. Normal (Good Direction - S/E),300.0,6.0
47,7,Low, D,304,Small_Unit,3200000,10526,23/12/2013,South,6. Normal (Good Direction - S/E),180.0,6.0
39,27,High, B,284,Small_Unit,3170000,11162,23/12/2013,East,9. Poor Close (Wall View),180.0,3.0
2,19,Mid, B,451,Middle_Unit,4600000,10200,19/12/2013,North West,2. Premium (Full River - West/Sun),680.0,8.5
37,18,Mid, C,304,Small_Unit,3300000,10855,18/12/2013,South,9. Poor Close (Wall View),150.0,3.0
16,24,Mid, C,327,Small_Unit,3350000,10245,17/12/2013,South West,6. Normal (Good Direction - S/E),500.0,6.0
31,9,Low, B,451,Middle_Unit,4600000,10200,16/12/2013,South,5. Good Internal (Pool/Garden/Mall),400.0,6.5
37,19,Mid, E,284,Small_Unit,3285000,11567,16/12/2013,West,9. Poor Close (Wall View),150.0,3.0
45,32,High, D,304,Small_Unit,3580000,11776,13/12/2013,South,6. Normal (Good Direction - S/E),150.0,6.0
41,14,Mid, G,304,Small_Unit,3100000,10197,13/12/2013,North,10. Poor Street (Busy Road),220.0,2.0
46,15,Mid, C,304,Small_Unit,3200000,10526,13/12/2013,South,6. Normal (Good Direction - S/E),180.0,6.0
36,14,Mid, D,307,Small_Unit,3150000,10261,13/12/2013,East,6. Normal (Good Direction - S/E),300.0,6.0
52,18,Mid, A,284,Small_Unit,3190000,11232,12/12/2013,North West,8. Normal (Poor Direction - N/W),280.0,4.5
26,5,Low, D,326,Small_Unit,3210000,9847,11/12/2013,West,9. Poor Close (Wall View),420.0,3.0
9,7,Low, C,327,Small_Unit,3268000,9994,11/12/2013,South West,6. Normal (Good Direction - S/E),600.0,6.0
28,16,Mid, C,688,Large_Unit,6350000,9230,11/12/2013,West,9. Poor Close (Wall View),480.0,3.0
24,8,Low, H,326,Small_Unit,3220000,9877,11/12/2013,South,10. Poor Street (Busy Road),380.0,2.0
41,11,Mid, G,304,Small_Unit,2780000,9145,6/12/2013,North,10. Poor Street (Busy Road),220.0,2.0
42,11,Mid, D,304,Small_Unit,3100000,10197,6/12/2013,South,6. Normal (Good Direction - S/E),200.0,6.0
30,12,Mid, C,327,Small_Unit,3230000,9878,6/12/2013,West,10. Poor Street (Busy Road),420.0,2.0
21,9,Low, G,327,Small_Unit,3280000,10031,6/12/2013,North East,6. Normal (Good Direction - S/E),500.0,6.0
35,11,Mid, B,707,Large_Unit,6800000,9618,6/12/2013,North,5. Good Internal (Pool/Garden/Mall),320.0,6.5
8,15,Mid, A,451,Middle_Unit,4530000,10044,4/12/2013,North West,4. Good Open (High Floor City),620.0,7.0
17,3,Low, G,327,Small_Unit,2968000,9076,4/12/2013,North East,6. Normal (Good Direction - S/E),520.0,6.0
11,17,Mid, A,515,Middle_Unit,5200000,10097,2/12/2013,North West,1. Premium Plus (Full River/Park),550.0,9.0
4,15,Mid, D,853,Large_Unit,7130000,8359,2/12/2013,South West,2. Premium (Full River - West/Sun),720.0,8.5
9,17,Mid, C,327,Small_Unit,3188000,9749,27/11/2013,South West,6. Normal (Good Direction - S/E),600.0,6.0
6,4,Low, B,819,Large_Unit,6550000,7998,26/11/2013,North West,2. Premium (Full River - West/Sun),720.0,8.5
22,6,Low, E,504,Middle_Unit,4762000,9448,26/11/2013,South East,6. Normal (Good Direction - S/E),480.0,6.0
12,27,High, C,484,Middle_Unit,5300000,10950,25/11/2013,South West,3. Premium Partial (Slivers of Water/Park),580.0,6.0
27,22,Mid, D,688,Large_Unit,6760000,9826,25/11/2013,West,10. Poor Street (Busy Road),450.0,2.0
10,17,Mid, D,327,Small_Unit,3350000,10245,19/11/2013,South West,3. Premium Partial (Slivers of Water/Park),580.0,8.0
44,16,Mid, B,284,Small_Unit,3160000,11127,19/11/2013,West,9. Poor Close (Wall View),150.0,3.0
29,15,Mid, B,451,Middle_Unit,5050000,11197,14/11/2013,East,9. Poor Close (Wall View),450.0,3.0
17,5,Low, C,327,Small_Unit,2988000,9138,14/11/2013,South West,6. Normal (Good Direction - S/E),520.0,6.0
45,31,High, C,304,Small_Unit,3390000,11151,12/11/2013,South,6. Normal (Good Direction - S/E),150.0,6.0
46,11,Mid, D,304,Small_Unit,3138000,10322,11/11/2013,South,6. Normal (Good Direction - S/E),180.0,6.0
19,13,Mid, C,327,Small_Unit,3368000,10300,11/11/2013,South West,6. Normal (Good Direction - S/E),550.0,6.0
39,31,High, A,284,Small_Unit,3380000,11901,11/11/2013,East,9. Poor Close (Wall View),180.0,3.0
48,11,Mid, B,284,Small_Unit,3160000,11127,8/11/2013,West,9. Poor Close (Wall View),200.0,3.0
35,24,Mid, A,707,Large_Unit,6820000,9646,8/11/2013,South,10. Poor Street (Busy Road),320.0,2.0
50,17,Mid, B,284,Small_Unit,3225000,11356,7/11/2013,North West,8. Normal (Poor Direction - N/W),250.0,4.5
23,13,Mid, D,327,Small_Unit,3270000,10000,7/11/2013,South West,6. Normal (Good Direction - S/E),350.0,6.0
29,29,High, A,451,Middle_Unit,5030000,11153,7/11/2013,East,9. Poor Close (Wall View),450.0,3.0
49,10,Low, E,284,Small_Unit,3100000,10915,6/11/2013,South East,6. Normal (Good Direction - S/E),220.0,6.0
3,7,Low, F,451,Middle_Unit,4650000,10310,6/11/2013,South East,3. Premium Partial (Slivers of Water/Park),700.0,8.0
21,10,Low, A,451,Middle_Unit,4350000,9645,5/11/2013,North West,8. Normal (Poor Direction - N/W),500.0,4.5
32,24,Mid, C,327,Small_Unit,3308000,10116,1/11/2013,West,9. Poor Close (Wall View),380.0,3.0
51,12,Mid, A,284,Small_Unit,3170000,11162,1/11/2013,North West,8. Normal (Poor Direction - N/W),280.0,4.5
3,21,Mid, D,327,Small_Unit,3560000,10887,1/11/2013,South West,2. Premium (Full River - West/Sun),700.0,8.5
47,15,Mid, D,304,Small_Unit,3200000,10526,31/10/2013,South,6. Normal (Good Direction - S/E),180.0,6.0
45,27,High, C,304,Small_Unit,3300000,10855,31/10/2013,South,6. Normal (Good Direction - S/E),150.0,6.0
32,5,Low, G,327,Small_Unit,3180000,9725,29/10/2013,East,10. Poor Street (Busy Road),380.0,2.0
3,21,Mid, G,327,Small_Unit,3560000,10887,29/10/2013,North East,2. Premium (Full River - West/Sun),700.0,8.5
16,26,High, H,327,Small_Unit,3438000,10514,29/10/2013,North East,6. Normal (Good Direction - S/E),500.0,6.0
9,29,High, D,327,Small_Unit,3350000,10245,25/10/2013,South West,6. Normal (Good Direction - S/E),600.0,6.0
42,12,Mid, C,304,Small_Unit,3225000,10609,23/10/2013,South,6. Normal (Good Direction - S/E),200.0,6.0
7,11,Mid, F,484,Middle_Unit,4850000,10021,22/10/2013,South East,6. Normal (Good Direction - S/E),600.0,6.0
31,1,Low, C,327,Small_Unit,2935000,8976,21/10/2013,West,9. Poor Close (Wall View),400.0,3.0
26,9,Low, E,447,Middle_Unit,4700000,10515,18/10/2013,South,10. Poor Street (Busy Road),420.0,2.0
26,27,High, C,326,Small_Unit,3430000,10521,18/10/2013,West,9. Poor Close (Wall View),420.0,3.0
50,7,Low, D,304,Small_Unit,3200000,10526,17/10/2013,South West,6. Normal (Good Direction - S/E),250.0,6.0
46,29,High, A,284,Small_Unit,3200000,11268,17/10/2013,West,4. Good Open (High Floor City),180.0,7.0
23,2,Low, H,327,Small_Unit,3150000,9633,16/10/2013,North East,6. Normal (Good Direction - S/E),350.0,6.0
25,5,Low, B,688,Large_Unit,6470000,9404,16/10/2013,North,8. Normal (Poor Direction - N/W),400.0,4.5
24,15,Mid, B,450,Middle_Unit,4590000,10200,11/10/2013,East,9. Poor Close (Wall View),380.0,3.0
50,14,Mid, H,304,Small_Unit,3170000,10428,10/10/2013,North East,6. Normal (Good Direction - S/E),250.0,6.0
36,25,Mid, H,307,Small_Unit,3150000,10261,8/10/2013,West,10. Poor Street (Busy Road),300.0,2.0
44,15,Mid, A,284,Small_Unit,3250000,11444,8/10/2013,West,9. Poor Close (Wall View),150.0,3.0
42,32,High, H,304,Small_Unit,3350000,11020,4/10/2013,North,9. Poor Close (Wall View),200.0,3.0
17,15,Mid, D,327,Small_Unit,3239800,9908,4/10/2013,South West,6. Normal (Good Direction - S/E),520.0,6.0
23,11,Mid, A,451,Middle_Unit,4620000,10244,4/10/2013,North West,8. Normal (Poor Direction - N/W),350.0,4.5
42,9,Low, G,304,Small_Unit,3300000,10855,4/10/2013,North,9. Poor Close (Wall View),200.0,3.0
48,9,Low, E,284,Small_Unit,3100000,10915,3/10/2013,East,10. Poor Street (Busy Road),200.0,2.0
39,31,High, F,284,Small_Unit,3338000,11754,2/10/2013,West,9. Poor Close (Wall View),180.0,3.0
46,25,Mid, B,284,Small_Unit,3300000,11620,30/9/2013,West,10. Poor Street (Busy Road),180.0,2.0
42,32,High, C,304,Small_Unit,3800000,12500,30/9/2013,South,6. Normal (Good Direction - S/E),200.0,6.0
40,22,Mid, F,284,Small_Unit,3300000,11620,25/9/2013,West,10. Poor Street (Busy Road),200.0,2.0
23,21,Mid, D,327,Small_Unit,3518000,10758,25/9/2013,South West,6. Normal (Good Direction - S/E),350.0,6.0
52,7,Low, G,304,Small_Unit,3150000,10362,19/9/2013,North East,6. Normal (Good Direction - S/E),280.0,6.0
21,19,Mid, D,327,Small_Unit,3480000,10642,19/9/2013,South West,6. Normal (Good Direction - S/E),500.0,6.0
35,26,High, B,707,Large_Unit,7280000,10297,18/9/2013,North,5. Good Internal (Pool/Garden/Mall),320.0,6.5
9,27,High, H,327,Small_Unit,3465000,10596,17/9/2013,North East,6. Normal (Good Direction - S/E),600.0,6.0
26,28,High, A,447,Middle_Unit,4000000,8949,17/9/2013,North,8. Normal (Poor Direction - N/W),420.0,4.5
40,16,Mid, A,284,Small_Unit,3250000,11444,17/9/2013,East,9. Poor Close (Wall View),200.0,3.0
11,11,Mid, F,484,Middle_Unit,5000000,10331,16/9/2013,South East,1. Premium Plus (Full River/Park),550.0,9.0
42,22,Mid, G,304,Small_Unit,3280000,10789,16/9/2013,North,9. Poor Close (Wall View),200.0,3.0
32,2,Low, B,451,Middle_Unit,4280000,9490,16/9/2013,South,5. Good Internal (Pool/Garden/Mall),380.0,6.5
48,12,Mid, C,304,Small_Unit,3350000,11020,16/9/2013,South,6. Normal (Good Direction - S/E),200.0,6.0
37,4,Low, E,284,Small_Unit,3080000,10845,13/9/2013,West,9. Poor Close (Wall View),150.0,3.0
22,21,Mid, B,515,Middle_Unit,5290000,10272,12/9/2013,North West,8. Normal (Poor Direction - N/W),480.0,4.5
50,24,Mid, A,284,Small_Unit,3320000,11690,12/9/2013,North West,8. Normal (Poor Direction - N/W),250.0,4.5
40,6,Low, A,284,Small_Unit,3050000,10739,11/9/2013,East,9. Poor Close (Wall View),200.0,3.0
50,18,Mid, B,284,Small_Unit,3150000,11092,11/9/2013,North West,8. Normal (Poor Direction - N/W),250.0,4.5
37,6,Low, F,284,Small_Unit,3100000,10915,11/9/2013,West,9. Poor Close (Wall View),150.0,3.0
26,17,Mid, C,326,Small_Unit,3450000,10583,10/9/2013,West,9. Poor Close (Wall View),420.0,3.0
48,29,High, A,284,Small_Unit,3430000,12077,9/9/2013,West,9. Poor Close (Wall View),200.0,3.0
3,14,Mid, D,327,Small_Unit,3480000,10642,9/9/2013,South West,2. Premium (Full River - West/Sun),700.0,8.5
45,27,High, B,284,Small_Unit,3330000,11725,9/9/2013,West,9. Poor Close (Wall View),150.0,3.0
3,23,Mid, D,327,Small_Unit,3650000,11162,9/9/2013,South West,2. Premium (Full River - West/Sun),700.0,8.5
45,17,Mid, A,284,Small_Unit,3260000,11479,6/9/2013,West,9. Poor Close (Wall View),150.0,3.0
7,1,Low, E,504,Middle_Unit,4630000,9187,6/9/2013,South East,3. Premium Partial (Slivers of Water/Park),600.0,6.0
31,3,Low, C,327,Small_Unit,3080000,9419,5/9/2013,West,9. Poor Close (Wall View),400.0,3.0
16,21,Mid, D,327,Small_Unit,3400000,10398,4/9/2013,South West,6. Normal (Good Direction - S/E),500.0,6.0
40,28,High, D,304,Small_Unit,3360000,11053,2/9/2013,South,9. Poor Close (Wall View),200.0,3.0
23,10,Low, E,451,Middle_Unit,4650000,10310,2/9/2013,South East,6. Normal (Good Direction - S/E),350.0,6.0
22,23,Mid, C,484,Middle_Unit,5250000,10847,30/8/2013,South West,6. Normal (Good Direction - S/E),480.0,6.0
39,8,Low, F,284,Small_Unit,3250000,11444,29/8/2013,West,9. Poor Close (Wall View),180.0,3.0
47,7,Low, E,284,Small_Unit,3200000,11268,29/8/2013,East,9. Poor Close (Wall View),180.0,3.0
19,15,Mid, G,327,Small_Unit,3000000,9174,27/8/2013,North East,6. Normal (Good Direction - S/E),550.0,6.0
43,22,Mid, H,304,Small_Unit,3230000,10625,26/8/2013,North,9. Poor Close (Wall View),220.0,3.0
39,17,Mid, A,284,Small_Unit,3280000,11549,23/8/2013,East,9. Poor Close (Wall View),180.0,3.0
39,8,Low, H,304,Small_Unit,3380000,11118,23/8/2013,North,10. Poor Street (Busy Road),180.0,2.0
44,26,High, H,304,Small_Unit,3400000,11184,22/8/2013,North,9. Poor Close (Wall View),150.0,3.0
1,11,Mid, C,327,Small_Unit,3250000,9939,21/8/2013,South West,2. Premium (Full River - West/Sun),650.0,8.5
45,18,Mid, B,284,Small_Unit,2869000,10102,21/8/2013,West,9. Poor Close (Wall View),150.0,3.0
28,13,Mid, D,688,Large_Unit,7238000,10520,20/8/2013,West,9. Poor Close (Wall View),480.0,3.0
34,25,Mid, D,707,Large_Unit,6600000,9335,19/8/2013,South,10. Poor Street (Busy Road),300.0,2.0
52,28,High, H,304,Small_Unit,3500000,11513,19/8/2013,North East,6. Normal (Good Direction - S/E),280.0,6.0
45,21,Mid, C,304,Small_Unit,3270000,10757,16/8/2013,South,6. Normal (Good Direction - S/E),150.0,6.0
36,25,Mid, F,478,Middle_Unit,4600000,9623,16/8/2013,South,5. Good Internal (Pool/Garden/Mall),300.0,6.5
45,28,High, D,304,Small_Unit,3290000,10822,15/8/2013,South,6. Normal (Good Direction - S/E),150.0,6.0
37,30,High, C,304,Small_Unit,3450000,11349,12/8/2013,South,9. Poor Close (Wall View),150.0,3.0
18,13,Mid, A,515,Middle_Unit,5100000,9903,12/8/2013,North West,8. Normal (Poor Direction - N/W),550.0,4.5
37,18,Mid, D,304,Small_Unit,3380000,11118,12/8/2013,South,9. Poor Close (Wall View),150.0,3.0
21,18,Mid, H,327,Small_Unit,3445000,10535,9/8/2013,North East,6. Normal (Good Direction - S/E),500.0,6.0
52,18,Mid, B,284,Small_Unit,3288000,11577,9/8/2013,North West,8. Normal (Poor Direction - N/W),280.0,4.5
2,3,Low, H,327,Small_Unit,3188000,9749,9/8/2013,North East,2. Premium (Full River - West/Sun),680.0,8.5
50,10,Low, E,284,Small_Unit,2900000,10211,8/8/2013,South East,6. Normal (Good Direction - S/E),250.0,6.0
51,25,Mid, E,284,Small_Unit,3000000,10563,7/8/2013,South East,6. Normal (Good Direction - S/E),280.0,6.0
44,32,High, C,304,Small_Unit,3580000,11776,7/8/2013,South,6. Normal (Good Direction - S/E),150.0,6.0
37,29,High, A,284,Small_Unit,3350000,11796,7/8/2013,East,6. Normal (Good Direction - S/E),150.0,6.0
45,18,Mid, C,304,Small_Unit,3138000,10322,5/8/2013,South,6. Normal (Good Direction - S/E),150.0,6.0
48,4,Low, H,304,Small_Unit,3038000,9993,5/8/2013,North,10. Poor Street (Busy Road),200.0,2.0
46,18,Mid, C,304,Small_Unit,3210000,10559,5/8/2013,South,6. Normal (Good Direction - S/E),180.0,6.0
23,22,Mid, G,327,Small_Unit,3450000,10550,2/8/2013,North East,6. Normal (Good Direction - S/E),350.0,6.0
42,3,Low, B,284,Small_Unit,3050000,10739,2/8/2013,West,9. Poor Close (Wall View),200.0,3.0
45,16,Mid, B,284,Small_Unit,3200000,11268,1/8/2013,West,9. Poor Close (Wall View),150.0,3.0
25,14,Mid, D,688,Large_Unit,6700000,9738,31/7/2013,West,9. Poor Close (Wall View),400.0,3.0
37,26,High, H,304,Small_Unit,3350000,11020,29/7/2013,North,5. Good Internal (Pool/Garden/Mall),150.0,6.5
22,19,Mid, D,504,Middle_Unit,5250000,10417,26/7/2013,South West,6. Normal (Good Direction - S/E),480.0,6.0
2,26,High, D,327,Small_Unit,3600000,11009,26/7/2013,South West,2. Premium (Full River - West/Sun),680.0,8.5
2,2,Low, H,327,Small_Unit,3150000,9633,26/7/2013,North East,2. Premium (Full River - West/Sun),680.0,8.5
46,25,Mid, D,304,Small_Unit,3385000,11135,25/7/2013,South,6. Normal (Good Direction - S/E),180.0,6.0
39,11,Mid, B,284,Small_Unit,3250000,11444,25/7/2013,East,9. Poor Close (Wall View),180.0,3.0
38,11,Mid, G,304,Small_Unit,3320000,10921,25/7/2013,North,10. Poor Street (Busy Road),150.0,2.0
11,8,Low, E,504,Middle_Unit,5000000,9921,23/7/2013,South East,1. Premium Plus (Full River/Park),550.0,9.0
35,13,Mid, D,707,Large_Unit,6850000,9689,23/7/2013,South,10. Poor Street (Busy Road),320.0,2.0
50,9,Low, E,284,Small_Unit,3050000,10739,23/7/2013,South East,6. Normal (Good Direction - S/E),250.0,6.0
19,2,Low, C,327,Small_Unit,3120000,9541,23/7/2013,South West,6. Normal (Good Direction - S/E),550.0,6.0
39,24,Mid, G,304,Small_Unit,3055000,10049,23/7/2013,North,10. Poor Street (Busy Road),180.0,2.0
10,6,Low, B,451,Middle_Unit,4450000,9867,22/7/2013,North West,10. Poor Street (Busy Road),580.0,2.0
42,29,High, G,304,Small_Unit,2980000,9803,19/7/2013,North,9. Poor Close (Wall View),200.0,3.0
41,17,Mid, G,304,Small_Unit,3268000,10750,19/7/2013,North,10. Poor Street (Busy Road),220.0,2.0
7,6,Low, C,484,Middle_Unit,5100000,10537,19/7/2013,South West,2. Premium (Full River - West/Sun),600.0,8.5
30,7,Low, G,327,Small_Unit,3450000,10550,18/7/2013,East,9. Poor Close (Wall View),420.0,3.0
24,4,Low, D,326,Small_Unit,3018000,9258,18/7/2013,West,10. Poor Street (Busy Road),380.0,2.0
26,16,Mid, D,326,Small_Unit,3590000,11012,17/7/2013,West,9. Poor Close (Wall View),420.0,3.0
52,5,Low, E,284,Small_Unit,3090000,10880,17/7/2013,South East,6. Normal (Good Direction - S/E),280.0,6.0
21,23,Mid, B,451,Middle_Unit,4880000,10820,17/7/2013,North West,8. Normal (Poor Direction - N/W),500.0,4.5
37,17,Mid, F,284,Small_Unit,3050000,10739,16/7/2013,West,9. Poor Close (Wall View),150.0,3.0
17,26,High, H,327,Small_Unit,3500000,10703,15/7/2013,North East,6. Normal (Good Direction - S/E),520.0,6.0
46,11,Mid, E,284,Small_Unit,3200000,11268,15/7/2013,East,9. Poor Close (Wall View),180.0,3.0
48,4,Low, C,304,Small_Unit,3250000,10691,15/7/2013,South,6. Normal (Good Direction - S/E),200.0,6.0
38,12,Mid, G,304,Small_Unit,3400000,11184,12/7/2013,North,10. Poor Street (Busy Road),150.0,2.0
51,18,Mid, A,284,Small_Unit,3280000,11549,12/7/2013,North West,8. Normal (Poor Direction - N/W),280.0,4.5
42,23,Mid, A,284,Small_Unit,3280000,11549,12/7/2013,West,9. Poor Close (Wall View),200.0,3.0
18,31,High, A,515,Middle_Unit,5288000,10268,11/7/2013,North West,8. Normal (Poor Direction - N/W),550.0,4.5
52,7,Low, D,304,Small_Unit,3300000,10855,11/7/2013,South West,6. Normal (Good Direction - S/E),280.0,6.0
51,27,High, H,304,Small_Unit,3480000,11447,11/7/2013,North East,6. Normal (Good Direction - S/E),280.0,6.0
51,16,Mid, C,304,Small_Unit,3250000,10691,11/7/2013,South West,6. Normal (Good Direction - S/E),280.0,6.0
37,27,High, E,284,Small_Unit,3200000,11268,11/7/2013,West,9. Poor Close (Wall View),150.0,3.0
46,7,Low, B,284,Small_Unit,2972000,10465,10/7/2013,West,10. Poor Street (Busy Road),180.0,2.0
50,32,High, A,284,Small_Unit,3512000,12366,9/7/2013,North West,8. Normal (Poor Direction - N/W),250.0,4.5
30,30,High, A,451,Middle_Unit,5500000,12195,9/7/2013,South,5. Good Internal (Pool/Garden/Mall),420.0,6.5
43,28,High, H,304,Small_Unit,3300000,10855,8/7/2013,North,9. Poor Close (Wall View),220.0,3.0
47,12,Mid, H,304,Small_Unit,3230000,10625,8/7/2013,North,10. Poor Street (Busy Road),180.0,2.0
34,26,High, C,707,Large_Unit,6800000,9618,8/7/2013,North,4. Good Open (High Floor City),300.0,7.0
38,8,Low, G,304,Small_Unit,3230000,10625,8/7/2013,North,10. Poor Street (Busy Road),150.0,2.0
49,20,Mid, E,284,Small_Unit,3280000,11549,8/7/2013,South East,6. Normal (Good Direction - S/E),220.0,6.0
16,13,Mid, H,327,Small_Unit,3375000,10321,5/7/2013,North East,6. Normal (Good Direction - S/E),500.0,6.0
38,27,High, G,304,Small_Unit,3590000,11809,5/7/2013,North,10. Poor Street (Busy Road),150.0,2.0
50,3,Low, E,284,Small_Unit,3050000,10739,4/7/2013,South East,6. Normal (Good Direction - S/E),250.0,6.0
2,25,Mid, D,327,Small_Unit,3600000,11009,4/7/2013,South West,2. Premium (Full River - West/Sun),680.0,8.5
38,27,High, E,284,Small_Unit,3300000,11620,3/7/2013,West,9. Poor Close (Wall View),150.0,3.0
46,32,High, G,304,Small_Unit,3680000,12105,3/7/2013,North,10. Poor Street (Busy Road),180.0,2.0
48,14,Mid, H,304,Small_Unit,3280000,10789,3/7/2013,North,10. Poor Street (Busy Road),200.0,2.0
16,4,Low, B,451,Middle_Unit,4480000,9933,3/7/2013,North West,8. Normal (Poor Direction - N/W),500.0,4.5
46,15,Mid, E,284,Small_Unit,3195000,11250,3/7/2013,East,9. Poor Close (Wall View),180.0,3.0
22,1,Low, A,515,Middle_Unit,4550000,8835,2/7/2013,North West,8. Normal (Poor Direction - N/W),480.0,4.5
31,2,Low, G,327,Small_Unit,2980000,9113,2/7/2013,East,9. Poor Close (Wall View),400.0,3.0
8,8,Low, H,327,Small_Unit,3200000,9786,2/7/2013,North East,6. Normal (Good Direction - S/E),620.0,6.0
20,18,Mid, D,327,Small_Unit,3620000,11070,28/6/2013,South West,6. Normal (Good Direction - S/E),520.0,6.0
4,12,Mid, C,853,Large_Unit,7540000,8839,28/6/2013,South West,2. Premium (Full River - West/Sun),720.0,8.5
33,4,Low, B,820,Large_Unit,7180000,8756,28/6/2013,West,10. Poor Street (Busy Road),350.0,2.0
38,23,Mid, E,284,Small_Unit,3230000,11373,28/6/2013,West,9. Poor Close (Wall View),150.0,3.0
38,13,Mid, C,304,Small_Unit,3280000,10789,26/6/2013,South,9. Poor Close (Wall View),150.0,3.0
39,31,High, C,304,Small_Unit,3280000,10789,26/6/2013,South,9. Poor Close (Wall View),180.0,3.0
29,24,Mid, G,327,Small_Unit,3500000,10703,26/6/2013,South,9. Poor Close (Wall View),450.0,3.0
45,21,Mid, F,284,Small_Unit,3480000,12254,26/6/2013,East,10. Poor Street (Busy Road),150.0,2.0
40,20,Mid, F,284,Small_Unit,3200000,11268,26/6/2013,West,10. Poor Street (Busy Road),200.0,2.0
46,3,Low, H,304,Small_Unit,2800000,9211,26/6/2013,North,10. Poor Street (Busy Road),180.0,2.0
44,11,Mid, A,284,Small_Unit,3180000,11197,25/6/2013,West,9. Poor Close (Wall View),150.0,3.0
23,6,Low, C,327,Small_Unit,3050000,9327,25/6/2013,South West,6. Normal (Good Direction - S/E),350.0,6.0
42,32,High, A,284,Small_Unit,3453800,12161,25/6/2013,West,9. Poor Close (Wall View),200.0,3.0
41,9,Low, H,304,Small_Unit,3000000,9868,24/6/2013,North,10. Poor Street (Busy Road),220.0,2.0
51,14,Mid, H,304,Small_Unit,3380000,11118,24/6/2013,North East,6. Normal (Good Direction - S/E),280.0,6.0
13,12,Mid, A,819,Large_Unit,7100000,8669,21/6/2013,North West,1. Premium Plus (Full River/Park),700.0,9.0
48,26,High, H,304,Small_Unit,3268000,10750,21/6/2013,North,10. Poor Street (Busy Road),200.0,2.0
52,29,High, B,284,Small_Unit,3470000,12218,21/6/2013,North West,8. Normal (Poor Direction - N/W),280.0,4.5
3,10,Low, H,327,Small_Unit,3200000,9786,21/6/2013,North East,2. Premium (Full River - West/Sun),700.0,8.5
8,3,Low, C,327,Small_Unit,3100000,9480,21/6/2013,South West,6. Normal (Good Direction - S/E),620.0,6.0
36,24,Mid, G,307,Small_Unit,3200000,10423,21/6/2013,West,10. Poor Street (Busy Road),300.0,2.0
49,26,High, B,284,Small_Unit,2850000,10035,21/6/2013,North West,4. Good Open (High Floor City),220.0,7.0
44,25,Mid, H,304,Small_Unit,3328000,10947,21/6/2013,North,9. Poor Close (Wall View),150.0,3.0
23,10,Low, G,327,Small_Unit,3300000,10092,20/6/2013,North East,6. Normal (Good Direction - S/E),350.0,6.0
16,30,High, G,327,Small_Unit,3690000,11284,19/6/2013,North East,6. Normal (Good Direction - S/E),500.0,6.0
26,22,Mid, C,326,Small_Unit,3600000,11043,18/6/2013,West,9. Poor Close (Wall View),420.0,3.0
47,12,Mid, A,284,Small_Unit,3188000,11225,18/6/2013,West,9. Poor Close (Wall View),180.0,3.0
44,25,Mid, F,284,Small_Unit,3450000,12148,18/6/2013,East,9. Poor Close (Wall View),150.0,3.0
50,4,Low, H,304,Small_Unit,3080000,10132,18/6/2013,North East,6. Normal (Good Direction - S/E),250.0,6.0
26,30,High, E,447,Middle_Unit,5400000,12081,17/6/2013,South,10. Poor Street (Busy Road),420.0,2.0
51,17,Mid, F,284,Small_Unit,3150000,11092,14/6/2013,South East,6. Normal (Good Direction - S/E),280.0,6.0
43,11,Mid, C,304,Small_Unit,3130000,10296,14/6/2013,South,6. Normal (Good Direction - S/E),220.0,6.0
45,20,Mid, D,304,Small_Unit,3300000,10855,14/6/2013,South,6. Normal (Good Direction - S/E),150.0,6.0
17,27,High, G,327,Small_Unit,3680000,11254,14/6/2013,North East,6. Normal (Good Direction - S/E),520.0,6.0
11,22,Mid, F,484,Middle_Unit,5228000,10802,11/6/2013,South East,1. Premium Plus (Full River/Park),550.0,9.0
13,11,Mid, D,853,Large_Unit,7250000,8499,11/6/2013,South West,6. Normal (Good Direction - S/E),700.0,6.0
47,11,Mid, G,304,Small_Unit,2930000,9638,11/6/2013,North,10. Poor Street (Busy Road),180.0,2.0
16,22,Mid, A,451,Middle_Unit,4900000,10865,10/6/2013,North West,8. Normal (Poor Direction - N/W),500.0,4.5
42,5,Low, A,284,Small_Unit,3100000,10915,10/6/2013,West,9. Poor Close (Wall View),200.0,3.0
16,7,Low, B,451,Middle_Unit,4600000,10200,10/6/2013,North West,8. Normal (Poor Direction - N/W),500.0,4.5
30,15,Mid, G,327,Small_Unit,3180000,9725,10/6/2013,East,9. Poor Close (Wall View),420.0,3.0
50,6,Low, E,284,Small_Unit,3170000,11162,10/6/2013,South East,6. Normal (Good Direction - S/E),250.0,6.0
10,7,Low, H,327,Small_Unit,3050000,9327,7/6/2013,North East,1. Premium Plus (Full River/Park),580.0,9.0
48,15,Mid, C,304,Small_Unit,3268000,10750,7/6/2013,South,6. Normal (Good Direction - S/E),200.0,6.0
45,25,Mid, A,284,Small_Unit,3180000,11197,7/6/2013,West,9. Poor Close (Wall View),150.0,3.0
52,26,High, H,304,Small_Unit,3400000,11184,7/6/2013,North East,6. Normal (Good Direction - S/E),280.0,6.0
24,10,Low, D,326,Small_Unit,3380000,10368,7/6/2013,West,10. Poor Street (Busy Road),380.0,2.0
49,4,Low, G,304,Small_Unit,3060000,10066,6/6/2013,North East,6. Normal (Good Direction - S/E),220.0,6.0
41,3,Low, G,304,Small_Unit,2890000,9507,6/6/2013,North,10. Poor Street (Busy Road),220.0,2.0
50,11,Mid, E,284,Small_Unit,2980000,10493,5/6/2013,South East,6. Normal (Good Direction - S/E),250.0,6.0
39,7,Low, A,284,Small_Unit,3060000,10775,5/6/2013,East,9. Poor Close (Wall View),180.0,3.0
51,11,Mid, H,304,Small_Unit,3000000,9868,5/6/2013,North East,6. Normal (Good Direction - S/E),280.0,6.0
38,24,Mid, G,304,Small_Unit,3120000,10263,5/6/2013,North,10. Poor Street (Busy Road),150.0,2.0
37,10,Low, C,304,Small_Unit,3300000,10855,4/6/2013,South,9. Poor Close (Wall View),150.0,3.0
24,1,Low, D,326,Small_Unit,2910000,8926,4/6/2013,West,10. Poor Street (Busy Road),380.0,2.0
40,26,High, D,304,Small_Unit,3288000,10816,3/6/2013,South,9. Poor Close (Wall View),200.0,3.0
41,21,Mid, B,284,Small_Unit,3288000,11577,3/6/2013,West,10. Poor Street (Busy Road),220.0,2.0
31,23,Mid, B,451,Middle_Unit,4718000,10461,31/5/2013,South,5. Good Internal (Pool/Garden/Mall),400.0,6.5
52,28,High, B,284,Small_Unit,3280000,11549,31/5/2013,North West,8. Normal (Poor Direction - N/W),280.0,4.5
2,27,High, H,327,Small_Unit,3400000,10398,31/5/2013,North East,2. Premium (Full River - West/Sun),680.0,8.5
12,31,High, C,484,Middle_Unit,5075000,10486,31/5/2013,South West,3. Premium Partial (Slivers of Water/Park),580.0,6.0
46,4,Low, H,304,Small_Unit,2970000,9770,30/5/2013,North,10. Poor Street (Busy Road),180.0,2.0
2,15,Mid, C,327,Small_Unit,3290000,10061,30/5/2013,South West,2. Premium (Full River - West/Sun),680.0,8.5
45,18,Mid, A,284,Small_Unit,3048000,10732,30/5/2013,West,9. Poor Close (Wall View),150.0,3.0
48,27,High, E,284,Small_Unit,3280000,11549,30/5/2013,East,10. Poor Street (Busy Road),200.0,2.0
9,22,Mid, C,327,Small_Unit,3403000,10407,30/5/2013,South West,6. Normal (Good Direction - S/E),600.0,6.0
42,30,High, C,304,Small_Unit,3260000,10724,29/5/2013,South,6. Normal (Good Direction - S/E),200.0,6.0
52,6,Low, C,304,Small_Unit,3138000,10322,29/5/2013,South West,6. Normal (Good Direction - S/E),280.0,6.0
39,7,Low, C,304,Small_Unit,3030000,9967,28/5/2013,South,9. Poor Close (Wall View),180.0,3.0
23,9,Low, D,327,Small_Unit,3280000,10031,28/5/2013,South West,6. Normal (Good Direction - S/E),350.0,6.0
1,1,Low, D,327,Small_Unit,2800000,8563,28/5/2013,South West,2. Premium (Full River - West/Sun),650.0,8.5
19,13,Mid, A,451,Middle_Unit,4580000,10155,28/5/2013,North West,8. Normal (Poor Direction - N/W),550.0,4.5
34,33,High, C,707,Large_Unit,6980000,9873,28/5/2013,North,4. Good Open (High Floor City),300.0,7.0
20,12,Mid, F,451,Middle_Unit,4300000,9534,27/5/2013,South East,6. Normal (Good Direction - S/E),520.0,6.0
24,6,Low, D,326,Small_Unit,2800000,8589,24/5/2013,West,10. Poor Street (Busy Road),380.0,2.0
48,12,Mid, E,284,Small_Unit,2960000,10423,24/5/2013,East,10. Poor Street (Busy Road),200.0,2.0
2,1,Low, D,327,Small_Unit,2860000,8746,23/5/2013,South West,2. Premium (Full River - West/Sun),680.0,8.5
1,12,Mid, G,327,Small_Unit,3280000,10031,23/5/2013,North East,2. Premium (Full River - West/Sun),650.0,8.5
45,15,Mid, B,284,Small_Unit,2980000,10493,23/5/2013,West,9. Poor Close (Wall View),150.0,3.0
40,7,Low, E,284,Small_Unit,3000000,10563,22/5/2013,West,10. Poor Street (Busy Road),200.0,2.0
42,16,Mid, F,284,Small_Unit,2930000,10317,22/5/2013,East,9. Poor Close (Wall View),200.0,3.0
21,28,High, A,451,Middle_Unit,4680000,10377,21/5/2013,North West,8. Normal (Poor Direction - N/W),500.0,4.5
39,10,Low, H,304,Small_Unit,3120000,10263,21/5/2013,North,10. Poor Street (Busy Road),180.0,2.0
7,3,Low, A,515,Middle_Unit,4780000,9282,16/5/2013,North West,2. Premium (Full River - West/Sun),600.0,8.5
10,23,Mid, B,451,Middle_Unit,4850000,10754,16/5/2013,North West,10. Poor Street (Busy Road),580.0,2.0
12,16,Mid, F,484,Middle_Unit,4800000,9917,16/5/2013,South East,1. Premium Plus (Full River/Park),580.0,9.0
17,19,Mid, G,327,Small_Unit,3255000,9954,16/5/2013,North East,6. Normal (Good Direction - S/E),520.0,6.0
47,17,Mid, E,284,Small_Unit,3000000,10563,16/5/2013,East,9. Poor Close (Wall View),180.0,3.0
52,8,Low, H,304,Small_Unit,2985000,9819,16/5/2013,North East,6. Normal (Good Direction - S/E),280.0,6.0
39,7,Low, G,304,Small_Unit,3150000,10362,16/5/2013,North,10. Poor Street (Busy Road),180.0,2.0
1,8,Low, A,451,Middle_Unit,4598000,10195,15/5/2013,North West,2. Premium (Full River - West/Sun),650.0,8.5
24,19,Mid, F,447,Middle_Unit,4880000,10917,15/5/2013,North,8. Normal (Poor Direction - N/W),380.0,4.5
44,12,Mid, H,304,Small_Unit,3150000,10362,15/5/2013,North,9. Poor Close (Wall View),150.0,3.0
3,19,Mid, G,327,Small_Unit,3248000,9933,14/5/2013,North East,2. Premium (Full River - West/Sun),700.0,8.5
39,4,Low, H,304,Small_Unit,2890000,9507,14/5/2013,North,10. Poor Street (Busy Road),180.0,2.0
20,2,Low, C,327,Small_Unit,3050000,9327,14/5/2013,South West,6. Normal (Good Direction - S/E),520.0,6.0
46,15,Mid, D,304,Small_Unit,3050000,10033,14/5/2013,South,6. Normal (Good Direction - S/E),180.0,6.0
40,26,High, F,284,Small_Unit,2800000,9859,14/5/2013,West,10. Poor Street (Busy Road),200.0,2.0
41,32,High, A,284,Small_Unit,3380000,11901,14/5/2013,West,10. Poor Street (Busy Road),220.0,2.0
37,25,Mid, H,304,Small_Unit,3120000,10263,13/5/2013,North,5. Good Internal (Pool/Garden/Mall),150.0,6.5
35,27,High, A,707,Large_Unit,6800000,9618,13/5/2013,South,10. Poor Street (Busy Road),320.0,2.0
41,25,Mid, E,284,Small_Unit,3080000,10845,13/5/2013,East,9. Poor Close (Wall View),220.0,3.0
36,19,Mid, C,307,Small_Unit,3150000,10261,10/5/2013,East,6. Normal (Good Direction - S/E),300.0,6.0
19,22,Mid, E,451,Middle_Unit,4460000,9889,10/5/2013,South East,6. Normal (Good Direction - S/E),550.0,6.0
37,22,Mid, F,284,Small_Unit,3280000,11549,10/5/2013,West,9. Poor Close (Wall View),150.0,3.0
3,15,Mid, E,451,Middle_Unit,4780000,10599,9/5/2013,South East,3. Premium Partial (Slivers of Water/Park),700.0,8.0
51,14,Mid, G,304,Small_Unit,3090000,10164,9/5/2013,North East,6. Normal (Good Direction - S/E),280.0,6.0
44,6,Low, F,284,Small_Unit,3220000,11338,9/5/2013,East,9. Poor Close (Wall View),150.0,3.0
50,15,Mid, E,284,Small_Unit,2800000,9859,8/5/2013,South East,6. Normal (Good Direction - S/E),250.0,6.0
31,15,Mid, D,327,Small_Unit,3200000,9786,7/5/2013,West,9. Poor Close (Wall View),400.0,3.0
9,26,High, F,451,Middle_Unit,4550000,10089,7/5/2013,South East,6. Normal (Good Direction - S/E),600.0,6.0
44,5,Low, C,304,Small_Unit,2900000,9539,3/5/2013,South,6. Normal (Good Direction - S/E),150.0,6.0
7,18,Mid, F,484,Middle_Unit,4000000,8264,3/5/2013,South East,6. Normal (Good Direction - S/E),600.0,6.0
46,20,Mid, C,304,Small_Unit,3200000,10526,3/5/2013,South,6. Normal (Good Direction - S/E),180.0,6.0
6,2,Low, A,819,Large_Unit,6780000,8278,2/5/2013,North West,2. Premium (Full River - West/Sun),720.0,8.5
43,31,High, D,304,Small_Unit,3330000,10954,30/4/2013,South,6. Normal (Good Direction - S/E),220.0,6.0
37,3,Low, F,284,Small_Unit,2788000,9817,30/4/2013,West,9. Poor Close (Wall View),150.0,3.0
29,5,Low, E,451,Middle_Unit,4100000,9091,30/4/2013,North,10. Poor Street (Busy Road),450.0,2.0
25,2,Low, C,688,Large_Unit,6080000,8837,26/4/2013,West,9. Poor Close (Wall View),400.0,3.0
46,29,High, C,304,Small_Unit,3160000,10395,26/4/2013,South,6. Normal (Good Direction - S/E),180.0,6.0
2,12,Mid, E,451,Middle_Unit,4638000,10284,26/4/2013,South East,3. Premium Partial (Slivers of Water/Park),680.0,8.0
4,12,Mid, D,853,Large_Unit,7538000,8837,26/4/2013,South West,2. Premium (Full River - West/Sun),720.0,8.5
8,6,Low, C,327,Small_Unit,3000000,9174,25/4/2013,South West,6. Normal (Good Direction - S/E),620.0,6.0
26,11,Mid, G,326,Small_Unit,3400000,10429,25/4/2013,East,10. Poor Street (Busy Road),420.0,2.0
11,26,High, A,515,Middle_Unit,5380000,10447,19/4/2013,North West,1. Premium Plus (Full River/Park),550.0,9.0
29,13,Mid, C,327,Small_Unit,3150000,9633,18/4/2013,West,10. Poor Street (Busy Road),450.0,2.0
13,5,Low, B,819,Large_Unit,6500000,7937,18/4/2013,North West,1. Premium Plus (Full River/Park),700.0,9.0
34,15,Mid, B,707,Large_Unit,6750000,9547,18/4/2013,North,5. Good Internal (Pool/Garden/Mall),300.0,6.5
49,16,Mid, C,304,Small_Unit,3270000,10757,17/4/2013,South West,6. Normal (Good Direction - S/E),220.0,6.0
51,7,Low, F,284,Small_Unit,2980000,10493,16/4/2013,South East,6. Normal (Good Direction - S/E),280.0,6.0
17,13,Mid, C,327,Small_Unit,3200000,9786,12/4/2013,South West,6. Normal (Good Direction - S/E),520.0,6.0
45,9,Low, C,304,Small_Unit,3448000,11342,11/4/2013,South,6. Normal (Good Direction - S/E),150.0,6.0
19,23,Mid, B,451,Middle_Unit,4980000,11042,10/4/2013,North West,8. Normal (Poor Direction - N/W),550.0,4.5
13,10,Low, D,853,Large_Unit,8000000,9379,5/4/2013,South West,6. Normal (Good Direction - S/E),700.0,6.0
10,12,Mid, G,327,Small_Unit,3450000,10550,3/4/2013,North East,1. Premium Plus (Full River/Park),580.0,9.0
23,14,Mid, D,327,Small_Unit,3500000,10703,3/4/2013,South West,6. Normal (Good Direction - S/E),350.0,6.0
41,13,Mid, F,284,Small_Unit,3140000,11056,3/4/2013,East,9. Poor Close (Wall View),220.0,3.0
44,22,Mid, A,284,Small_Unit,3220000,11338,2/4/2013,West,9. Poor Close (Wall View),150.0,3.0
29,28,High, D,327,Small_Unit,3500000,10703,28/3/2013,West,10. Poor Street (Busy Road),450.0,2.0
44,4,Low, C,304,Small_Unit,3120000,10263,27/3/2013,South,6. Normal (Good Direction - S/E),150.0,6.0
43,31,High, H,304,Small_Unit,3400000,11184,25/3/2013,North,9. Poor Close (Wall View),220.0,3.0
44,15,Mid, H,304,Small_Unit,3398000,11178,22/3/2013,North,9. Poor Close (Wall View),150.0,3.0
32,19,Mid, H,327,Small_Unit,3380000,10336,21/3/2013,East,10. Poor Street (Busy Road),380.0,2.0
10,26,High, D,327,Small_Unit,3700000,11315,21/3/2013,South West,3. Premium Partial (Slivers of Water/Park),580.0,8.0
31,20,Mid, D,327,Small_Unit,3638000,11125,20/3/2013,West,9. Poor Close (Wall View),400.0,3.0
50,32,High, H,304,Small_Unit,3800000,12500,20/3/2013,North East,6. Normal (Good Direction - S/E),250.0,6.0
38,4,Low, G,304,Small_Unit,3150000,10362,19/3/2013,North,10. Poor Street (Busy Road),150.0,2.0
19,17,Mid, E,451,Middle_Unit,4980000,11042,18/3/2013,South East,6. Normal (Good Direction - S/E),550.0,6.0
31,4,Low, F,451,Middle_Unit,4448000,9863,18/3/2013,North,10. Poor Street (Busy Road),400.0,2.0
37,7,Low, D,304,Small_Unit,3280000,10789,18/3/2013,South,9. Poor Close (Wall View),150.0,3.0
18,3,Low, F,484,Middle_Unit,5100000,10537,15/3/2013,South East,6. Normal (Good Direction - S/E),550.0,6.0
18,11,Mid, B,515,Middle_Unit,5100000,9903,14/3/2013,North West,8. Normal (Poor Direction - N/W),550.0,4.5
49,14,Mid, A,284,Small_Unit,3230000,11373,12/3/2013,North West,8. Normal (Poor Direction - N/W),220.0,4.5
24,14,Mid, F,447,Middle_Unit,4800000,10738,12/3/2013,North,8. Normal (Poor Direction - N/W),380.0,4.5
10,27,High, D,327,Small_Unit,3318000,10147,12/3/2013,South West,3. Premium Partial (Slivers of Water/Park),580.0,8.0
50,4,Low, A,284,Small_Unit,2945000,10370,12/3/2013,North West,8. Normal (Poor Direction - N/W),250.0,4.5
7,18,Mid, E,504,Middle_Unit,5120000,10159,12/3/2013,South East,3. Premium Partial (Slivers of Water/Park),600.0,6.0
45,26,High, G,304,Small_Unit,3550000,11678,11/3/2013,North,9. Poor Close (Wall View),150.0,3.0
42,16,Mid, B,284,Small_Unit,3120000,10986,8/3/2013,West,9. Poor Close (Wall View),200.0,3.0
48,7,Low, B,284,Small_Unit,2700000,9507,8/3/2013,West,9. Poor Close (Wall View),200.0,3.0
48,16,Mid, G,304,Small_Unit,3300000,10855,8/3/2013,North,10. Poor Street (Busy Road),200.0,2.0
39,15,Mid, F,284,Small_Unit,3180000,11197,7/3/2013,West,9. Poor Close (Wall View),180.0,3.0
43,3,Low, D,304,Small_Unit,3280000,10789,7/3/2013,South,6. Normal (Good Direction - S/E),220.0,6.0
22,12,Mid, C,484,Middle_Unit,5100000,10537,6/3/2013,South West,6. Normal (Good Direction - S/E),480.0,6.0
51,5,Low, B,284,Small_Unit,3100000,10915,6/3/2013,North West,8. Normal (Poor Direction - N/W),280.0,4.5
21,20,Mid, C,327,Small_Unit,3580000,10948,6/3/2013,South West,6. Normal (Good Direction - S/E),500.0,6.0
33,16,Mid, D,854,Large_Unit,7830000,9169,6/3/2013,East,6. Normal (Good Direction - S/E),350.0,6.0
40,20,Mid, E,284,Small_Unit,3157500,11118,5/3/2013,West,10. Poor Street (Busy Road),200.0,2.0
45,30,High, D,304,Small_Unit,3490000,11480,5/3/2013,South,6. Normal (Good Direction - S/E),150.0,6.0
41,10,Low, E,284,Small_Unit,3170000,11162,4/3/2013,East,9. Poor Close (Wall View),220.0,3.0
37,7,Low, F,284,Small_Unit,3250000,11444,4/3/2013,West,9. Poor Close (Wall View),150.0,3.0
40,31,High, G,304,Small_Unit,3430000,11283,4/3/2013,North,10. Poor Street (Busy Road),200.0,2.0
24,16,Mid, A,447,Middle_Unit,4000000,8949,1/3/2013,East,9. Poor Close (Wall View),380.0,3.0
38,3,Low, D,304,Small_Unit,3080000,10132,1/3/2013,South,9. Poor Close (Wall View),150.0,3.0
28,1,Low, A,688,Large_Unit,5450000,7922,1/3/2013,East,6. Normal (Good Direction - S/E),480.0,6.0
49,26,High, C,304,Small_Unit,2950000,9704,28/2/2013,South West,6. Normal (Good Direction - S/E),220.0,6.0
47,29,High, D,304,Small_Unit,3010000,9901,28/2/2013,South,6. Normal (Good Direction - S/E),180.0,6.0
23,17,Mid, H,327,Small_Unit,3200000,9786,28/2/2013,North East,6. Normal (Good Direction - S/E),350.0,6.0
41,14,Mid, F,284,Small_Unit,3318000,11683,28/2/2013,East,9. Poor Close (Wall View),220.0,3.0
32,1,Low, C,327,Small_Unit,2920000,8930,28/2/2013,West,9. Poor Close (Wall View),380.0,3.0
43,18,Mid, E,284,Small_Unit,3328000,11718,27/2/2013,East,9. Poor Close (Wall View),220.0,3.0
41,26,High, A,284,Small_Unit,3300000,11620,27/2/2013,West,10. Poor Street (Busy Road),220.0,2.0
8,9,Low, H,327,Small_Unit,3210000,9817,27/2/2013,North East,6. Normal (Good Direction - S/E),620.0,6.0
11,19,Mid, F,484,Middle_Unit,4638000,9583,27/2/2013,South East,1. Premium Plus (Full River/Park),550.0,9.0
40,14,Mid, D,304,Small_Unit,3200000,10526,27/2/2013,South,9. Poor Close (Wall View),200.0,3.0
47,31,High, E,284,Small_Unit,3300000,11620,27/2/2013,East,9. Poor Close (Wall View),180.0,3.0
19,18,Mid, H,327,Small_Unit,3430000,10489,27/2/2013,North East,6. Normal (Good Direction - S/E),550.0,6.0
39,3,Low, C,304,Small_Unit,2950000,9704,27/2/2013,South,9. Poor Close (Wall View),180.0,3.0
29,10,Low, H,327,Small_Unit,3350000,10245,27/2/2013,South,9. Poor Close (Wall View),450.0,3.0
46,22,Mid, G,304,Small_Unit,3500000,11513,26/2/2013,North,10. Poor Street (Busy Road),180.0,2.0
23,14,Mid, C,327,Small_Unit,3500000,10703,25/2/2013,South West,6. Normal (Good Direction - S/E),350.0,6.0
26,2,Low, F,447,Middle_Unit,4550000,10179,25/2/2013,South,10. Poor Street (Busy Road),420.0,2.0
20,3,Low, G,327,Small_Unit,3168000,9688,25/2/2013,North East,6. Normal (Good Direction - S/E),520.0,6.0
25,16,Mid, A,688,Large_Unit,6880000,10000,25/2/2013,North,8. Normal (Poor Direction - N/W),400.0,4.5
1,13,Mid, H,327,Small_Unit,3000000,9174,25/2/2013,North East,2. Premium (Full River - West/Sun),650.0,8.5
49,11,Mid, G,304,Small_Unit,3200000,10526,25/2/2013,North East,6. Normal (Good Direction - S/E),220.0,6.0
11,2,Low, E,504,Middle_Unit,4600000,9127,25/2/2013,South East,1. Premium Plus (Full River/Park),550.0,9.0
38,16,Mid, C,303,Small_Unit,3280000,10825,22/2/2013,South,9. Poor Close (Wall View),150.0,3.0
42,23,Mid, F,284,Small_Unit,3280000,11549,22/2/2013,East,9. Poor Close (Wall View),200.0,3.0
10,3,Low, B,451,Middle_Unit,4480000,9933,22/2/2013,North West,10. Poor Street (Busy Road),580.0,2.0
31,12,Mid, B,451,Middle_Unit,4600000,10200,22/2/2013,South,5. Good Internal (Pool/Garden/Mall),400.0,6.5
3,10,Low, C,327,Small_Unit,3300000,10092,22/2/2013,South West,2. Premium (Full River - West/Sun),700.0,8.5
7,1,Low, A,515,Middle_Unit,4338000,8423,22/2/2013,North West,2. Premium (Full River - West/Sun),600.0,8.5
36,31,High, G,307,Small_Unit,3330000,10847,21/2/2013,West,10. Poor Street (Busy Road),300.0,2.0
3,12,Mid, H,327,Small_Unit,3280000,10031,20/2/2013,North East,2. Premium (Full River - West/Sun),700.0,8.5
6,22,Mid, B,819,Large_Unit,7710000,9414,20/2/2013,North West,2. Premium (Full River - West/Sun),720.0,8.5
1,23,Mid, H,327,Small_Unit,3338000,10208,20/2/2013,North East,2. Premium (Full River - West/Sun),650.0,8.5
10,30,High, F,451,Middle_Unit,4600000,10200,20/2/2013,South East,1. Premium Plus (Full River/Park),580.0,9.0
21,3,Low, C,327,Small_Unit,3190000,9755,20/2/2013,South West,6. Normal (Good Direction - S/E),500.0,6.0
22,4,Low, F,486,Middle_Unit,4780000,9835,20/2/2013,South East,6. Normal (Good Direction - S/E),480.0,6.0
37,13,Mid, A,284,Small_Unit,3230000,11373,20/2/2013,East,6. Normal (Good Direction - S/E),150.0,6.0
2,18,Mid, D,327,Small_Unit,3390000,10367,19/2/2013,South West,2. Premium (Full River - West/Sun),680.0,8.5
39,19,Mid, H,304,Small_Unit,3380000,11118,19/2/2013,North,10. Poor Street (Busy Road),180.0,2.0
42,19,Mid, E,284,Small_Unit,3250000,11444,19/2/2013,East,9. Poor Close (Wall View),200.0,3.0
30,6,Low, B,451,Middle_Unit,4500000,9978,19/2/2013,South,5. Good Internal (Pool/Garden/Mall),420.0,6.5
1,5,Low, C,327,Small_Unit,3280000,10031,15/2/2013,South West,2. Premium (Full River - West/Sun),650.0,8.5
51,28,High, F,284,Small_Unit,3400000,11972,15/2/2013,South East,6. Normal (Good Direction - S/E),280.0,6.0
2,25,Mid, F,451,Middle_Unit,4850000,10754,15/2/2013,South East,3. Premium Partial (Slivers of Water/Park),680.0,6.0
24,28,High, G,326,Small_Unit,3310000,10153,15/2/2013,South,10. Poor Street (Busy Road),380.0,2.0
32,2,Low, G,327,Small_Unit,3160000,9664,15/2/2013,East,10. Poor Street (Busy Road),380.0,2.0
30,3,Low, F,451,Middle_Unit,4150000,9202,15/2/2013,North,9. Poor Close (Wall View),420.0,3.0
10,6,Low, A,451,Middle_Unit,4460000,9889,15/2/2013,North West,1. Premium Plus (Full River/Park),580.0,9.0
45,11,Mid, A,284,Small_Unit,3050000,10739,14/2/2013,West,9. Poor Close (Wall View),150.0,3.0
41,3,Low, E,284,Small_Unit,2795000,9842,14/2/2013,East,9. Poor Close (Wall View),220.0,3.0
39,4,Low, A,284,Small_Unit,3000000,10563,14/2/2013,East,9. Poor Close (Wall View),180.0,3.0
42,5,Low, G,304,Small_Unit,3150000,10362,14/2/2013,North,9. Poor Close (Wall View),200.0,3.0
37,14,Mid, G,304,Small_Unit,3340000,10987,14/2/2013,North,5. Good Internal (Pool/Garden/Mall),150.0,6.5
37,25,Mid, D,304,Small_Unit,3440000,11316,14/2/2013,South,9. Poor Close (Wall View),150.0,3.0
26,17,Mid, D,326,Small_Unit,2800000,8589,14/2/2013,West,9. Poor Close (Wall View),420.0,3.0
9,15,Mid, A,451,Middle_Unit,4360000,9667,14/2/2013,North West,8. Normal (Poor Direction - N/W),600.0,4.5
20,10,Low, E,451,Middle_Unit,4000000,8869,8/2/2013,South East,6. Normal (Good Direction - S/E),520.0,6.0
32,25,Mid, H,327,Small_Unit,3350000,10245,8/2/2013,East,10. Poor Street (Busy Road),380.0,2.0
22,7,Low, D,504,Middle_Unit,4480000,8889,8/2/2013,South West,6. Normal (Good Direction - S/E),480.0,6.0
3,2,Low, G,327,Small_Unit,2950000,9021,8/2/2013,North East,2. Premium (Full River - West/Sun),700.0,8.5
39,29,High, H,304,Small_Unit,3270000,10757,8/2/2013,North,10. Poor Street (Busy Road),180.0,2.0
1,21,Mid, F,451,Middle_Unit,4900000,10865,8/2/2013,South East,6. Normal (Good Direction - S/E),650.0,6.0
42,31,High, B,284,Small_Unit,3160000,11127,8/2/2013,West,9. Poor Close (Wall View),200.0,3.0
1,2,Low, H,327,Small_Unit,3103000,9489,8/2/2013,North East,2. Premium (Full River - West/Sun),650.0,8.5
17,7,Low, C,327,Small_Unit,3330000,10183,7/2/2013,South West,6. Normal (Good Direction - S/E),520.0,6.0
39,12,Mid, C,304,Small_Unit,3160000,10395,7/2/2013,South,9. Poor Close (Wall View),180.0,3.0
42,11,Mid, C,304,Small_Unit,3180000,10461,7/2/2013,South,6. Normal (Good Direction - S/E),200.0,6.0
2,11,Mid, D,327,Small_Unit,3150000,9633,7/2/2013,South West,2. Premium (Full River - West/Sun),680.0,8.5
26,5,Low, C,326,Small_Unit,3170000,9724,7/2/2013,West,9. Poor Close (Wall View),420.0,3.0
23,18,Mid, H,327,Small_Unit,3300000,10092,6/2/2013,North East,6. Normal (Good Direction - S/E),350.0,6.0
33,25,Mid, A,820,Large_Unit,7880000,9610,6/2/2013,East,6. Normal (Good Direction - S/E),350.0,6.0
19,25,Mid, B,451,Middle_Unit,4800000,10643,6/2/2013,North West,8. Normal (Poor Direction - N/W),550.0,4.5
34,31,High, A,707,Large_Unit,6730000,9519,6/2/2013,South,4. Good Open (High Floor City),300.0,7.0
10,11,Mid, F,451,Middle_Unit,4550000,10089,6/2/2013,South East,1. Premium Plus (Full River/Park),580.0,9.0
32,21,Mid, H,327,Small_Unit,3360000,10275,5/2/2013,East,10. Poor Street (Busy Road),380.0,2.0
7,7,Low, E,504,Middle_Unit,4700000,9325,5/2/2013,South East,3. Premium Partial (Slivers of Water/Park),600.0,6.0
52,30,High, F,284,Small_Unit,3150000,11092,5/2/2013,South East,6. Normal (Good Direction - S/E),280.0,6.0
52,12,Mid, B,284,Small_Unit,3020000,10634,4/2/2013,North West,8. Normal (Poor Direction - N/W),280.0,4.5
42,10,Low, A,284,Small_Unit,3015000,10616,4/2/2013,West,9. Poor Close (Wall View),200.0,3.0
36,32,High, G,307,Small_Unit,3100000,10098,4/2/2013,West,10. Poor Street (Busy Road),300.0,2.0
7,15,Mid, E,504,Middle_Unit,4790000,9504,4/2/2013,South East,3. Premium Partial (Slivers of Water/Park),600.0,6.0
36,8,Low, G,307,Small_Unit,2983000,9717,4/2/2013,West,10. Poor Street (Busy Road),300.0,2.0
16,6,Low, G,327,Small_Unit,3000000,9174,4/2/2013,North East,6. Normal (Good Direction - S/E),500.0,6.0
48,16,Mid, H,304,Small_Unit,3380000,11118,1/2/2013,North,10. Poor Street (Busy Road),200.0,2.0
41,25,Mid, D,304,Small_Unit,3200000,10526,1/2/2013,South,6. Normal (Good Direction - S/E),220.0,6.0
21,10,Low, G,327,Small_Unit,3180000,9725,1/2/2013,North East,6. Normal (Good Direction - S/E),500.0,6.0
44,4,Low, E,284,Small_Unit,3000000,10563,1/2/2013,East,9. Poor Close (Wall View),150.0,3.0
44,25,Mid, C,304,Small_Unit,3180000,10461,31/1/2013,South,6. Normal (Good Direction - S/E),150.0,6.0
43,22,Mid, B,284,Small_Unit,3075000,10827,31/1/2013,West,9. Poor Close (Wall View),220.0,3.0
38,31,High, A,284,Small_Unit,3373000,11877,31/1/2013,East,9. Poor Close (Wall View),150.0,3.0
14,6,Low, B,819,Large_Unit,7050000,8608,31/1/2013,North West,1. Premium Plus (Full River/Park),680.0,9.0
52,11,Mid, B,284,Small_Unit,3230000,11373,31/1/2013,North West,8. Normal (Poor Direction - N/W),280.0,4.5
39,9,Low, C,304,Small_Unit,3180000,10461,31/1/2013,South,9. Poor Close (Wall View),180.0,3.0
24,30,High, B,447,Middle_Unit,4770000,10671,31/1/2013,East,9. Poor Close (Wall View),380.0,3.0
34,33,High, A,707,Large_Unit,6600000,9335,30/1/2013,South,4. Good Open (High Floor City),300.0,7.0
30,16,Mid, H,327,Small_Unit,3268000,9994,30/1/2013,East,9. Poor Close (Wall View),420.0,3.0
37,32,High, B,284,Small_Unit,3440000,12113,30/1/2013,East,6. Normal (Good Direction - S/E),150.0,6.0
38,11,Mid, A,284,Small_Unit,3040000,10704,30/1/2013,East,9. Poor Close (Wall View),150.0,3.0
44,20,Mid, G,304,Small_Unit,3280000,10789,30/1/2013,North,9. Poor Close (Wall View),150.0,3.0
39,28,High, G,304,Small_Unit,3300000,10855,30/1/2013,North,10. Poor Street (Busy Road),180.0,2.0
16,13,Mid, F,451,Middle_Unit,4560000,10111,29/1/2013,South East,6. Normal (Good Direction - S/E),500.0,6.0
47,11,Mid, D,304,Small_Unit,3130000,10296,29/1/2013,South,6. Normal (Good Direction - S/E),180.0,6.0
36,23,Mid, H,307,Small_Unit,3190000,10391,28/1/2013,West,10. Poor Street (Busy Road),300.0,2.0
49,25,Mid, B,284,Small_Unit,3090000,10880,25/1/2013,North West,4. Good Open (High Floor City),220.0,7.0
26,9,Low, C,326,Small_Unit,3180000,9755,25/1/2013,West,9. Poor Close (Wall View),420.0,3.0
8,10,Low, C,327,Small_Unit,3100000,9480,25/1/2013,South West,6. Normal (Good Direction - S/E),620.0,6.0
48,6,Low, F,284,Small_Unit,2860000,10070,25/1/2013,East,10. Poor Street (Busy Road),200.0,2.0
9,27,High, D,327,Small_Unit,3280000,10031,25/1/2013,South West,6. Normal (Good Direction - S/E),600.0,6.0
38,19,Mid, F,284,Small_Unit,3243000,11419,24/1/2013,West,9. Poor Close (Wall View),150.0,3.0
48,4,Low, B,284,Small_Unit,2868000,10099,24/1/2013,West,9. Poor Close (Wall View),200.0,3.0
31,3,Low, G,327,Small_Unit,3220000,9847,24/1/2013,East,9. Poor Close (Wall View),400.0,3.0
1,11,Mid, F,451,Middle_Unit,4550000,10089,24/1/2013,South East,6. Normal (Good Direction - S/E),650.0,6.0
52,27,High, H,304,Small_Unit,3200000,10526,23/1/2013,North East,6. Normal (Good Direction - S/E),280.0,6.0
1,7,Low, D,327,Small_Unit,3260000,9969,23/1/2013,South West,2. Premium (Full River - West/Sun),650.0,8.5
39,9,Low, F,284,Small_Unit,3180000,11197,22/1/2013,West,9. Poor Close (Wall View),180.0,3.0
17,4,Low, C,327,Small_Unit,3180000,9725,22/1/2013,South West,6. Normal (Good Direction - S/E),520.0,6.0
12,1,Low, A,515,Middle_Unit,4180000,8117,22/1/2013,North West,1. Premium Plus (Full River/Park),580.0,9.0
39,12,Mid, D,304,Small_Unit,2800000,9211,21/1/2013,South,9. Poor Close (Wall View),180.0,3.0
49,13,Mid, B,284,Small_Unit,3170000,11162,21/1/2013,North West,4. Good Open (High Floor City),220.0,7.0
47,12,Mid, E,284,Small_Unit,3100000,10915,21/1/2013,East,9. Poor Close (Wall View),180.0,3.0
48,27,High, D,304,Small_Unit,3115000,10247,21/1/2013,South,6. Normal (Good Direction - S/E),200.0,6.0
52,28,High, F,284,Small_Unit,3300000,11620,18/1/2013,South East,6. Normal (Good Direction - S/E),280.0,6.0
36,7,Low, F,478,Middle_Unit,4560000,9540,18/1/2013,South,5. Good Internal (Pool/Garden/Mall),300.0,6.5
52,19,Mid, C,304,Small_Unit,3060000,10066,18/1/2013,South West,6. Normal (Good Direction - S/E),280.0,6.0
37,6,Low, C,304,Small_Unit,3040000,10000,18/1/2013,South,9. Poor Close (Wall View),150.0,3.0
34,29,High, B,707,Large_Unit,6680000,9448,17/1/2013,North,5. Good Internal (Pool/Garden/Mall),300.0,6.5
22,6,Low, C,484,Middle_Unit,4500000,9298,17/1/2013,South West,6. Normal (Good Direction - S/E),480.0,6.0
5,10,Low, A,819,Large_Unit,7503000,9161,17/1/2013,North West,2. Premium (Full River - West/Sun),750.0,8.5
8,4,Low, G,327,Small_Unit,3000000,9174,16/1/2013,North East,6. Normal (Good Direction - S/E),620.0,6.0
36,24,Mid, D,307,Small_Unit,3090000,10065,16/1/2013,East,6. Normal (Good Direction - S/E),300.0,6.0
21,18,Mid, G,327,Small_Unit,3160000,9664,15/1/2013,North East,6. Normal (Good Direction - S/E),500.0,6.0
18,7,Low, F,484,Middle_Unit,4550000,9401,14/1/2013,South East,6. Normal (Good Direction - S/E),550.0,6.0
39,9,Low, G,304,Small_Unit,3050000,10033,11/1/2013,North,10. Poor Street (Busy Road),180.0,2.0
30,1,Low, F,451,Middle_Unit,3750000,8315,10/1/2013,North,9. Poor Close (Wall View),420.0,3.0
26,5,Low, H,326,Small_Unit,3050000,9356,9/1/2013,East,10. Poor Street (Busy Road),420.0,2.0
9,13,Mid, D,327,Small_Unit,3200000,9786,9/1/2013,South West,6. Normal (Good Direction - S/E),600.0,6.0
47,29,High, C,304,Small_Unit,2880000,9474,9/1/2013,South,6. Normal (Good Direction - S/E),180.0,6.0
10,20,Mid, F,451,Middle_Unit,4500000,9978,9/1/2013,South East,1. Premium Plus (Full River/Park),580.0,9.0
20,4,Low, H,327,Small_Unit,3110000,9511,8/1/2013,North East,6. Normal (Good Direction - S/E),520.0,6.0
42,19,Mid, D,304,Small_Unit,3180000,10461,8/1/2013,South,6. Normal (Good Direction - S/E),200.0,6.0
9,25,Mid, G,327,Small_Unit,3245000,9924,8/1/2013,North East,6. Normal (Good Direction - S/E),600.0,6.0
49,27,High, F,284,Small_Unit,3060000,10775,8/1/2013,South East,6. Normal (Good Direction - S/E),220.0,6.0
41,30,High, A,284,Small_Unit,3200000,11268,7/1/2013,West,10. Poor Street (Busy Road),220.0,2.0
36,11,Mid, F,478,Middle_Unit,4600000,9623,7/1/2013,South,5. Good Internal (Pool/Garden/Mall),300.0,6.5
9,15,Mid, G,327,Small_Unit,3170000,9694,4/1/2013,North East,6. Normal (Good Direction - S/E),600.0,6.0
38,5,Low, C,304,Small_Unit,2938000,9664,4/1/2013,South,9. Poor Close (Wall View),150.0,3.0
37,21,Mid, C,304,Small_Unit,3138000,10322,4/1/2013,South,9. Poor Close (Wall View),150.0,3.0
7,2,Low, C,484,Middle_Unit,4300000,8884,4/1/2013,South West,2. Premium (Full River - West/Sun),600.0,8.5
4,23,Mid, B,819,Large_Unit,7330000,8950,2/1/2013,North West,2. Premium (Full River - West/Sun),720.0,8.5
10,19,Mid, G,327,Small_Unit,3238000,9902,28/12/2012,North East,1. Premium Plus (Full River/Park),580.0,9.0
46,25,Mid, E,284,Small_Unit,3200000,11268,27/12/2012,East,9. Poor Close (Wall View),180.0,3.0
36,4,Low, C,307,Small_Unit,2800000,9121,24/12/2012,East,6. Normal (Good Direction - S/E),300.0,6.0
38,7,Low, F,284,Small_Unit,3040000,10704,24/12/2012,West,9. Poor Close (Wall View),150.0,3.0
41,23,Mid, H,304,Small_Unit,3100000,10197,24/12/2012,North,10. Poor Street (Busy Road),220.0,2.0
45,16,Mid, C,304,Small_Unit,2950000,9704,24/12/2012,South,6. Normal (Good Direction - S/E),150.0,6.0
11,16,Mid, E,504,Middle_Unit,4000000,7937,21/12/2012,South East,1. Premium Plus (Full River/Park),550.0,9.0
49,23,Mid, H,304,Small_Unit,3350000,11020,21/12/2012,North East,6. Normal (Good Direction - S/E),220.0,6.0
16,13,Mid, E,451,Middle_Unit,4230000,9379,21/12/2012,South East,6. Normal (Good Direction - S/E),500.0,6.0
2,15,Mid, D,327,Small_Unit,3190000,9755,21/12/2012,South West,2. Premium (Full River - West/Sun),680.0,8.5
3,3,Low, H,327,Small_Unit,3100000,9480,20/12/2012,North East,2. Premium (Full River - West/Sun),700.0,8.5
52,17,Mid, E,284,Small_Unit,3000000,10563,19/12/2012,South East,6. Normal (Good Direction - S/E),280.0,6.0
42,7,Low, H,304,Small_Unit,3028000,9961,18/12/2012,North,9. Poor Close (Wall View),200.0,3.0
37,8,Low, D,304,Small_Unit,2928000,9632,12/12/2012,South,9. Poor Close (Wall View),150.0,3.0
21,29,High, A,451,Middle_Unit,4450000,9867,12/12/2012,North West,8. Normal (Poor Direction - N/W),500.0,4.5
20,20,Mid, D,327,Small_Unit,3160000,9664,11/12/2012,South West,6. Normal (Good Direction - S/E),520.0,6.0
43,5,Low, G,304,Small_Unit,2970000,9770,11/12/2012,North,9. Poor Close (Wall View),220.0,3.0
16,28,High, D,327,Small_Unit,3160000,9664,10/12/2012,South West,6. Normal (Good Direction - S/E),500.0,6.0
43,19,Mid, D,304,Small_Unit,3120000,10263,7/12/2012,South,6. Normal (Good Direction - S/E),220.0,6.0
43,13,Mid, D,304,Small_Unit,3150000,10362,7/12/2012,South,6. Normal (Good Direction - S/E),220.0,6.0
47,12,Mid, F,284,Small_Unit,2900000,10211,7/12/2012,East,9. Poor Close (Wall View),180.0,3.0
48,30,High, A,284,Small_Unit,3080000,10845,7/12/2012,West,9. Poor Close (Wall View),200.0,3.0
48,23,Mid, B,284,Small_Unit,3058000,10768,6/12/2012,West,9. Poor Close (Wall View),200.0,3.0
39,5,Low, H,304,Small_Unit,2750000,9046,6/12/2012,North,10. Poor Street (Busy Road),180.0,2.0
42,15,Mid, F,284,Small_Unit,2923000,10292,5/12/2012,East,9. Poor Close (Wall View),200.0,3.0
37,11,Mid, D,304,Small_Unit,2980000,9803,3/12/2012,South,9. Poor Close (Wall View),150.0,3.0
22,3,Low, A,515,Middle_Unit,4430000,8602,3/12/2012,North West,8. Normal (Poor Direction - N/W),480.0,4.5
35,16,Mid, B,707,Large_Unit,6450000,9123,3/12/2012,North,5. Good Internal (Pool/Garden/Mall),320.0,6.5
38,16,Mid, H,304,Small_Unit,3230000,10625,30/11/2012,North,10. Poor Street (Busy Road),150.0,2.0
26,24,Mid, G,326,Small_Unit,3348000,10270,29/11/2012,East,10. Poor Street (Busy Road),420.0,2.0
22,25,Mid, A,515,Middle_Unit,4730000,9184,29/11/2012,North West,8. Normal (Poor Direction - N/W),480.0,4.5
22,15,Mid, F,484,Middle_Unit,4500000,9298,28/11/2012,South East,6. Normal (Good Direction - S/E),480.0,6.0
44,17,Mid, D,304,Small_Unit,2900000,9539,28/11/2012,South,4. Good Open (High Floor City),150.0,7.0
50,5,Low, H,304,Small_Unit,3100000,10197,28/11/2012,North East,6. Normal (Good Direction - S/E),250.0,6.0
40,11,Mid, G,304,Small_Unit,2986000,9822,26/11/2012,North,10. Poor Street (Busy Road),200.0,2.0
50,32,High, D,304,Small_Unit,3300000,10855,26/11/2012,South West,6. Normal (Good Direction - S/E),250.0,6.0
48,6,Low, H,304,Small_Unit,2680000,8816,23/11/2012,North,10. Poor Street (Busy Road),200.0,2.0
9,29,High, E,451,Middle_Unit,4400000,9756,23/11/2012,South East,4. Good Open (High Floor City),600.0,7.0
24,18,Mid, D,326,Small_Unit,3280000,10061,23/11/2012,West,10. Poor Street (Busy Road),380.0,2.0
20,5,Low, G,327,Small_Unit,2800000,8563,23/11/2012,North East,6. Normal (Good Direction - S/E),520.0,6.0
10,24,Mid, D,327,Small_Unit,3070000,9388,22/11/2012,South West,3. Premium Partial (Slivers of Water/Park),580.0,8.0
52,23,Mid, A,284,Small_Unit,3350000,11796,22/11/2012,North West,8. Normal (Poor Direction - N/W),280.0,4.5
46,16,Mid, D,304,Small_Unit,3030000,9967,21/11/2012,South,6. Normal (Good Direction - S/E),180.0,6.0
20,19,Mid, B,451,Middle_Unit,4438000,9840,21/11/2012,North West,8. Normal (Poor Direction - N/W),520.0,4.5
21,7,Low, H,327,Small_Unit,2700000,8257,20/11/2012,North East,6. Normal (Good Direction - S/E),500.0,6.0
49,22,Mid, G,304,Small_Unit,3220000,10592,20/11/2012,North East,6. Normal (Good Direction - S/E),220.0,6.0
32,7,Low, E,451,Middle_Unit,4330000,9601,20/11/2012,North,10. Poor Street (Busy Road),380.0,2.0
4,6,Low, A,819,Large_Unit,7000000,8547,20/11/2012,North West,11. Poor Highway (Tai Chung Kiu Noise Penalty),720.0,1.0
30,22,Mid, H,327,Small_Unit,3326000,10171,19/11/2012,East,9. Poor Close (Wall View),420.0,3.0
50,24,Mid, H,304,Small_Unit,3065000,10082,16/11/2012,North East,6. Normal (Good Direction - S/E),250.0,6.0
41,6,Low, B,284,Small_Unit,2980000,10493,15/11/2012,West,10. Poor Street (Busy Road),220.0,2.0
31,29,High, G,327,Small_Unit,3210000,9817,13/11/2012,East,9. Poor Close (Wall View),400.0,3.0
14,4,Low, D,853,Large_Unit,7048000,8263,13/11/2012,South West,6. Normal (Good Direction - S/E),680.0,6.0
8,27,High, B,451,Middle_Unit,4500000,9978,12/11/2012,North West,8. Normal (Poor Direction - N/W),620.0,4.5
36,9,Low, E,478,Middle_Unit,4571688,9564,12/11/2012,South,5. Good Internal (Pool/Garden/Mall),300.0,6.5
45,20,Mid, F,284,Small_Unit,3310000,11655,12/11/2012,East,10. Poor Street (Busy Road),150.0,2.0
52,15,Mid, C,304,Small_Unit,3150000,10362,12/11/2012,South West,6. Normal (Good Direction - S/E),280.0,6.0
52,11,Mid, E,284,Small_Unit,3130000,11021,9/11/2012,South East,6. Normal (Good Direction - S/E),280.0,6.0
39,22,Mid, F,284,Small_Unit,3180000,11197,9/11/2012,West,9. Poor Close (Wall View),180.0,3.0
37,27,High, D,304,Small_Unit,3070000,10099,9/11/2012,South,9. Poor Close (Wall View),150.0,3.0
44,20,Mid, E,284,Small_Unit,2860000,10070,9/11/2012,East,9. Poor Close (Wall View),150.0,3.0
26,20,Mid, H,326,Small_Unit,3160000,9693,9/11/2012,East,10. Poor Street (Busy Road),420.0,2.0
44,24,Mid, F,284,Small_Unit,2955000,10405,9/11/2012,East,9. Poor Close (Wall View),150.0,3.0
38,16,Mid, D,304,Small_Unit,3080000,10132,9/11/2012,South,9. Poor Close (Wall View),150.0,3.0
44,21,Mid, A,284,Small_Unit,3278000,11542,8/11/2012,West,9. Poor Close (Wall View),150.0,3.0
36,10,Low, G,307,Small_Unit,2888000,9407,8/11/2012,West,10. Poor Street (Busy Road),300.0,2.0
32,29,High, C,327,Small_Unit,2400000,7339,8/11/2012,West,9. Poor Close (Wall View),380.0,3.0
18,4,Low, E,504,Middle_Unit,4390000,8710,7/11/2012,South East,6. Normal (Good Direction - S/E),550.0,6.0
50,30,High, E,284,Small_Unit,3000000,10563,7/11/2012,South East,6. Normal (Good Direction - S/E),250.0,6.0
3,7,Low, A,451,Middle_Unit,4268000,9463,7/11/2012,North West,2. Premium (Full River - West/Sun),700.0,8.5
10,22,Mid, A,451,Middle_Unit,4188000,9286,7/11/2012,North West,1. Premium Plus (Full River/Park),580.0,9.0
48,30,High, C,304,Small_Unit,3080000,10132,6/11/2012,South,6. Normal (Good Direction - S/E),200.0,6.0
36,13,Mid, H,307,Small_Unit,2990000,9739,6/11/2012,West,10. Poor Street (Busy Road),300.0,2.0
18,8,Low, B,515,Middle_Unit,4300000,8350,6/11/2012,North West,8. Normal (Poor Direction - N/W),550.0,4.5
42,26,High, F,284,Small_Unit,3000000,10563,6/11/2012,East,9. Poor Close (Wall View),200.0,3.0
48,13,Mid, A,284,Small_Unit,3050000,10739,6/11/2012,West,9. Poor Close (Wall View),200.0,3.0
22,11,Mid, B,515,Middle_Unit,4760000,9243,6/11/2012,North West,8. Normal (Poor Direction - N/W),480.0,4.5
13,25,Mid, C,853,Large_Unit,7900000,9261,5/11/2012,South West,3. Premium Partial (Slivers of Water/Park),700.0,8.0
26,24,Mid, C,326,Small_Unit,3210000,9847,2/11/2012,West,9. Poor Close (Wall View),420.0,3.0
24,13,Mid, C,326,Small_Unit,3050000,9356,2/11/2012,West,10. Poor Street (Busy Road),380.0,2.0
43,32,High, H,304,Small_Unit,3350000,11020,2/11/2012,North,9. Poor Close (Wall View),220.0,3.0
43,31,High, G,304,Small_Unit,2980000,9803,2/11/2012,North,9. Poor Close (Wall View),220.0,3.0
30,3,Low, C,327,Small_Unit,3000000,9174,1/11/2012,West,10. Poor Street (Busy Road),420.0,2.0
16,19,Mid, C,327,Small_Unit,3120000,9541,1/11/2012,South West,6. Normal (Good Direction - S/E),500.0,6.0
23,20,Mid, C,327,Small_Unit,3280000,10031,1/11/2012,South West,6. Normal (Good Direction - S/E),350.0,6.0
40,29,High, C,304,Small_Unit,2950000,9704,31/10/2012,South,9. Poor Close (Wall View),200.0,3.0
40,28,High, H,304,Small_Unit,3200000,10526,31/10/2012,North,10. Poor Street (Busy Road),200.0,2.0
48,4,Low, G,304,Small_Unit,2750000,9046,31/10/2012,North,10. Poor Street (Busy Road),200.0,2.0
20,7,Low, G,327,Small_Unit,2980000,9113,30/10/2012,North East,6. Normal (Good Direction - S/E),520.0,6.0
50,15,Mid, F,284,Small_Unit,2960000,10423,30/10/2012,South East,6. Normal (Good Direction - S/E),250.0,6.0
48,3,Low, E,284,Small_Unit,2620000,9225,29/10/2012,East,10. Poor Street (Busy Road),200.0,2.0
25,7,Low, D,688,Large_Unit,6280000,9128,29/10/2012,West,9. Poor Close (Wall View),400.0,3.0
2,3,Low, F,451,Middle_Unit,3998000,8865,29/10/2012,South East,3. Premium Partial (Slivers of Water/Park),680.0,6.0
32,20,Mid, H,327,Small_Unit,3088000,9443,29/10/2012,East,10. Poor Street (Busy Road),380.0,2.0
16,23,Mid, H,327,Small_Unit,3080000,9419,26/10/2012,North East,6. Normal (Good Direction - S/E),500.0,6.0
46,25,Mid, H,304,Small_Unit,3050000,10033,26/10/2012,North,10. Poor Street (Busy Road),180.0,2.0
45,7,Low, E,284,Small_Unit,2798000,9852,26/10/2012,East,10. Poor Street (Busy Road),150.0,2.0
32,24,Mid, D,327,Small_Unit,3128000,9566,26/10/2012,West,9. Poor Close (Wall View),380.0,3.0
33,4,Low, C,854,Large_Unit,7238000,8475,25/10/2012,West,10. Poor Street (Busy Road),350.0,2.0
42,17,Mid, D,304,Small_Unit,3230000,10625,25/10/2012,South,6. Normal (Good Direction - S/E),200.0,6.0
44,23,Mid, F,284,Small_Unit,3250000,11444,25/10/2012,East,9. Poor Close (Wall View),150.0,3.0
44,8,Low, F,284,Small_Unit,2500000,8803,25/10/2012,East,9. Poor Close (Wall View),150.0,3.0
45,9,Low, B,284,Small_Unit,2860000,10070,24/10/2012,West,9. Poor Close (Wall View),150.0,3.0
52,11,Mid, D,304,Small_Unit,2900000,9539,24/10/2012,South West,6. Normal (Good Direction - S/E),280.0,6.0
19,13,Mid, H,327,Small_Unit,3130000,9572,24/10/2012,North East,6. Normal (Good Direction - S/E),550.0,6.0
37,24,Mid, C,304,Small_Unit,3250000,10691,24/10/2012,South,9. Poor Close (Wall View),150.0,3.0
40,9,Low, B,284,Small_Unit,2700000,9507,24/10/2012,East,9. Poor Close (Wall View),200.0,3.0
38,3,Low, G,304,Small_Unit,2930000,9638,22/10/2012,North,10. Poor Street (Busy Road),150.0,2.0
42,31,High, D,304,Small_Unit,3100000,10197,22/10/2012,South,6. Normal (Good Direction - S/E),200.0,6.0
21,17,Mid, E,451,Middle_Unit,4260000,9446,22/10/2012,South East,6. Normal (Good Direction - S/E),500.0,6.0
16,7,Low, E,451,Middle_Unit,4400000,9756,22/10/2012,South East,6. Normal (Good Direction - S/E),500.0,6.0
29,29,High, G,327,Small_Unit,3250000,9939,22/10/2012,South,9. Poor Close (Wall View),450.0,3.0
44,4,Low, G,304,Small_Unit,2730000,8980,22/10/2012,North,9. Poor Close (Wall View),150.0,3.0
49,29,High, D,304,Small_Unit,3080000,10132,19/10/2012,South West,6. Normal (Good Direction - S/E),220.0,6.0
1,27,High, G,327,Small_Unit,3000000,9174,19/10/2012,North East,2. Premium (Full River - West/Sun),650.0,8.5
6,22,Mid, A,819,Large_Unit,7200000,8791,19/10/2012,North West,2. Premium (Full River - West/Sun),720.0,8.5
1,27,High, H,327,Small_Unit,3000000,9174,19/10/2012,North East,2. Premium (Full River - West/Sun),650.0,8.5
32,26,High, C,327,Small_Unit,2800000,8563,19/10/2012,West,9. Poor Close (Wall View),380.0,3.0
14,7,Low, A,819,Large_Unit,6830000,8339,19/10/2012,North West,1. Premium Plus (Full River/Park),680.0,9.0
38,14,Mid, C,304,Small_Unit,3060000,10066,19/10/2012,South,9. Poor Close (Wall View),150.0,3.0
19,10,Low, C,327,Small_Unit,2950000,9021,18/10/2012,South West,6. Normal (Good Direction - S/E),550.0,6.0
42,6,Low, B,284,Small_Unit,2900000,10211,18/10/2012,West,9. Poor Close (Wall View),200.0,3.0
29,26,High, C,327,Small_Unit,3030000,9266,18/10/2012,West,10. Poor Street (Busy Road),450.0,2.0
8,3,Low, H,327,Small_Unit,2750000,8410,18/10/2012,North East,6. Normal (Good Direction - S/E),620.0,6.0
47,17,Mid, B,284,Small_Unit,2910000,10246,18/10/2012,West,9. Poor Close (Wall View),180.0,3.0
29,11,Mid, D,327,Small_Unit,2880000,8807,18/10/2012,West,10. Poor Street (Busy Road),450.0,2.0
45,4,Low, C,304,Small_Unit,2850000,9375,17/10/2012,South,6. Normal (Good Direction - S/E),150.0,6.0
36,6,Low, E,478,Middle_Unit,4500000,9414,17/10/2012,South,5. Good Internal (Pool/Garden/Mall),300.0,6.5
9,24,Mid, G,327,Small_Unit,3080000,9419,17/10/2012,North East,6. Normal (Good Direction - S/E),600.0,6.0
8,10,Low, D,327,Small_Unit,3050000,9327,17/10/2012,South West,6. Normal (Good Direction - S/E),620.0,6.0
41,21,Mid, G,304,Small_Unit,3150000,10362,17/10/2012,North,10. Poor Street (Busy Road),220.0,2.0
51,12,Mid, E,284,Small_Unit,2980000,10493,16/10/2012,South East,6. Normal (Good Direction - S/E),280.0,6.0
48,31,High, E,284,Small_Unit,3078000,10838,16/10/2012,East,10. Poor Street (Busy Road),200.0,2.0
46,5,Low, H,304,Small_Unit,2400000,7895,15/10/2012,North,10. Poor Street (Busy Road),180.0,2.0
12,32,High, E,504,Middle_Unit,4780000,9484,15/10/2012,South East,1. Premium Plus (Full River/Park),580.0,9.0
31,27,High, D,327,Small_Unit,3138000,9596,15/10/2012,West,9. Poor Close (Wall View),400.0,3.0
37,23,Mid, E,284,Small_Unit,3080000,10845,15/10/2012,West,9. Poor Close (Wall View),150.0,3.0
3,18,Mid, G,327,Small_Unit,3000000,9174,12/10/2012,North East,2. Premium (Full River - West/Sun),700.0,8.5
21,19,Mid, C,327,Small_Unit,2900000,8869,12/10/2012,South West,6. Normal (Good Direction - S/E),500.0,6.0
21,8,Low, G,327,Small_Unit,2950000,9021,12/10/2012,North East,6. Normal (Good Direction - S/E),500.0,6.0
48,10,Low, C,304,Small_Unit,2860000,9408,12/10/2012,South,6. Normal (Good Direction - S/E),200.0,6.0
40,26,High, E,284,Small_Unit,2790000,9824,12/10/2012,West,10. Poor Street (Busy Road),200.0,2.0
52,3,Low, D,304,Small_Unit,2510000,8257,11/10/2012,South West,6. Normal (Good Direction - S/E),280.0,6.0
43,20,Mid, D,304,Small_Unit,3100000,10197,11/10/2012,South,6. Normal (Good Direction - S/E),220.0,6.0
23,23,Mid, C,327,Small_Unit,3000000,9174,11/10/2012,South West,6. Normal (Good Direction - S/E),350.0,6.0
43,9,Low, F,284,Small_Unit,2798000,9852,11/10/2012,East,9. Poor Close (Wall View),220.0,3.0
10,21,Mid, F,451,Middle_Unit,4050000,8980,10/10/2012,South East,1. Premium Plus (Full River/Park),580.0,9.0
50,26,High, G,304,Small_Unit,3170000,10428,10/10/2012,North East,6. Normal (Good Direction - S/E),250.0,6.0
47,20,Mid, B,284,Small_Unit,2850000,10035,10/10/2012,West,9. Poor Close (Wall View),180.0,3.0
50,31,High, G,304,Small_Unit,3080000,10132,9/10/2012,North East,6. Normal (Good Direction - S/E),250.0,6.0
27,21,Mid, B,688,Large_Unit,6400000,9302,9/10/2012,East,9. Poor Close (Wall View),450.0,3.0
49,12,Mid, F,284,Small_Unit,2930000,10317,9/10/2012,South East,6. Normal (Good Direction - S/E),220.0,6.0
30,15,Mid, A,451,Middle_Unit,4150000,9202,9/10/2012,South,5. Good Internal (Pool/Garden/Mall),420.0,6.5
49,26,High, D,304,Small_Unit,2100000,6908,9/10/2012,South West,6. Normal (Good Direction - S/E),220.0,6.0
49,14,Mid, E,284,Small_Unit,2840000,10000,8/10/2012,South East,6. Normal (Good Direction - S/E),220.0,6.0
37,15,Mid, B,284,Small_Unit,2950000,10387,8/10/2012,East,6. Normal (Good Direction - S/E),150.0,6.0
48,26,High, G,304,Small_Unit,2845000,9359,8/10/2012,North,10. Poor Street (Busy Road),200.0,2.0
36,29,High, H,307,Small_Unit,3000000,9772,8/10/2012,West,10. Poor Street (Busy Road),300.0,2.0
50,12,Mid, A,284,Small_Unit,2750000,9683,8/10/2012,North West,8. Normal (Poor Direction - N/W),250.0,4.5
10,6,Low, D,327,Small_Unit,2738000,8373,8/10/2012,South West,3. Premium Partial (Slivers of Water/Park),580.0,8.0
48,21,Mid, F,284,Small_Unit,2730000,9613,5/10/2012,East,10. Poor Street (Busy Road),200.0,2.0
43,23,Mid, D,304,Small_Unit,3000000,9868,5/10/2012,South,6. Normal (Good Direction - S/E),220.0,6.0
49,3,Low, H,304,Small_Unit,2500000,8224,5/10/2012,North East,6. Normal (Good Direction - S/E),220.0,6.0
51,29,High, D,304,Small_Unit,2818000,9270,5/10/2012,South West,6. Normal (Good Direction - S/E),280.0,6.0
51,21,Mid, D,304,Small_Unit,2850000,9375,5/10/2012,South West,6. Normal (Good Direction - S/E),280.0,6.0
9,6,Low, D,327,Small_Unit,2860000,8746,5/10/2012,South West,6. Normal (Good Direction - S/E),600.0,6.0
31,6,Low, H,327,Small_Unit,2930000,8960,5/10/2012,East,9. Poor Close (Wall View),400.0,3.0
14,17,Mid, A,819,Large_Unit,6930000,8462,4/10/2012,North West,1. Premium Plus (Full River/Park),680.0,9.0
40,9,Low, H,304,Small_Unit,2800000,9211,4/10/2012,North,10. Poor Street (Busy Road),200.0,2.0
46,5,Low, D,304,Small_Unit,2530000,8322,3/10/2012,South,6. Normal (Good Direction - S/E),180.0,6.0
37,20,Mid, F,284,Small_Unit,2750000,9683,3/10/2012,West,9. Poor Close (Wall View),150.0,3.0
44,23,Mid, G,304,Small_Unit,3180000,10461,28/9/2012,North,9. Poor Close (Wall View),150.0,3.0
46,26,High, E,284,Small_Unit,2768000,9746,28/9/2012,East,9. Poor Close (Wall View),180.0,3.0
48,15,Mid, F,284,Small_Unit,2873000,10116,28/9/2012,East,10. Poor Street (Busy Road),200.0,2.0
43,12,Mid, B,284,Small_Unit,2700000,9507,27/9/2012,West,9. Poor Close (Wall View),220.0,3.0
40,13,Mid, D,304,Small_Unit,2800000,9211,27/9/2012,South,9. Poor Close (Wall View),200.0,3.0
11,4,Low, D,504,Middle_Unit,4350000,8631,27/9/2012,South West,6. Normal (Good Direction - S/E),550.0,6.0
40,26,High, C,304,Small_Unit,2980000,9803,27/9/2012,South,9. Poor Close (Wall View),200.0,3.0
45,29,High, B,284,Small_Unit,2800000,9859,27/9/2012,West,9. Poor Close (Wall View),150.0,3.0
48,3,Low, H,304,Small_Unit,2510000,8257,26/9/2012,North,10. Poor Street (Busy Road),200.0,2.0
31,17,Mid, D,327,Small_Unit,2800000,8563,26/9/2012,West,9. Poor Close (Wall View),400.0,3.0
3,12,Mid, G,327,Small_Unit,2900000,8869,26/9/2012,North East,2. Premium (Full River - West/Sun),700.0,8.5
32,6,Low, H,327,Small_Unit,2960000,9052,26/9/2012,East,10. Poor Street (Busy Road),380.0,2.0
41,19,Mid, A,284,Small_Unit,2810000,9894,26/9/2012,West,10. Poor Street (Busy Road),220.0,2.0
22,5,Low, B,515,Middle_Unit,4480000,8699,26/9/2012,North West,8. Normal (Poor Direction - N/W),480.0,4.5
43,4,Low, F,284,Small_Unit,2590000,9120,24/9/2012,East,9. Poor Close (Wall View),220.0,3.0
21,21,Mid, H,327,Small_Unit,2918000,8924,24/9/2012,North East,6. Normal (Good Direction - S/E),500.0,6.0
9,24,Mid, A,451,Middle_Unit,4180000,9268,21/9/2012,North West,8. Normal (Poor Direction - N/W),600.0,4.5
49,30,High, C,304,Small_Unit,2810000,9243,21/9/2012,South West,6. Normal (Good Direction - S/E),220.0,6.0
5,1,Low, D,853,Large_Unit,5780000,6776,21/9/2012,South West,2. Premium (Full River - West/Sun),750.0,8.5
29,2,Low, D,327,Small_Unit,2650000,8104,21/9/2012,West,10. Poor Street (Busy Road),450.0,2.0
48,25,Mid, A,284,Small_Unit,2938000,10345,20/9/2012,West,9. Poor Close (Wall View),200.0,3.0
52,29,High, C,304,Small_Unit,2880000,9474,20/9/2012,South West,6. Normal (Good Direction - S/E),280.0,6.0
7,22,Mid, A,515,Middle_Unit,4290000,8330,20/9/2012,North West,2. Premium (Full River - West/Sun),600.0,8.5
42,10,Low, D,304,Small_Unit,2750000,9046,20/9/2012,South,6. Normal (Good Direction - S/E),200.0,6.0
15,16,Mid, D,853,Large_Unit,6950000,8148,19/9/2012,South West,3. Premium Partial (Slivers of Water/Park),650.0,8.0
50,16,Mid, C,304,Small_Unit,2850000,9375,19/9/2012,South West,6. Normal (Good Direction - S/E),250.0,6.0
37,21,Mid, F,284,Small_Unit,2920000,10282,19/9/2012,West,9. Poor Close (Wall View),150.0,3.0
31,19,Mid, G,327,Small_Unit,2820000,8624,19/9/2012,East,9. Poor Close (Wall View),400.0,3.0
36,3,Low, C,307,Small_Unit,2380000,7752,18/9/2012,East,6. Normal (Good Direction - S/E),300.0,6.0
29,6,Low, A,451,Middle_Unit,3900000,8647,18/9/2012,East,9. Poor Close (Wall View),450.0,3.0
17,9,Low, H,327,Small_Unit,2830000,8654,18/9/2012,North East,6. Normal (Good Direction - S/E),520.0,6.0
17,1,Low, H,327,Small_Unit,2620000,8012,17/9/2012,North East,6. Normal (Good Direction - S/E),520.0,6.0
20,8,Low, G,327,Small_Unit,2750000,8410,17/9/2012,North East,6. Normal (Good Direction - S/E),520.0,6.0
42,5,Low, D,304,Small_Unit,2660000,8750,17/9/2012,South,6. Normal (Good Direction - S/E),200.0,6.0
50,3,Low, H,304,Small_Unit,2480000,8158,17/9/2012,North East,6. Normal (Good Direction - S/E),250.0,6.0
41,12,Mid, F,284,Small_Unit,2700000,9507,14/9/2012,East,9. Poor Close (Wall View),220.0,3.0
19,20,Mid, C,327,Small_Unit,2950000,9021,14/9/2012,South West,6. Normal (Good Direction - S/E),550.0,6.0
46,27,High, F,284,Small_Unit,2750000,9683,14/9/2012,East,9. Poor Close (Wall View),180.0,3.0
30,12,Mid, D,327,Small_Unit,2750000,8410,14/9/2012,West,10. Poor Street (Busy Road),420.0,2.0
52,16,Mid, E,284,Small_Unit,2820000,9930,14/9/2012,South East,6. Normal (Good Direction - S/E),280.0,6.0
9,28,High, H,327,Small_Unit,2850000,8716,14/9/2012,North East,6. Normal (Good Direction - S/E),600.0,6.0
10,2,Low, C,327,Small_Unit,2556800,7819,13/9/2012,South West,3. Premium Partial (Slivers of Water/Park),580.0,8.0
49,13,Mid, G,304,Small_Unit,2850000,9375,13/9/2012,North East,6. Normal (Good Direction - S/E),220.0,6.0
44,28,High, C,304,Small_Unit,2760000,9079,13/9/2012,South,6. Normal (Good Direction - S/E),150.0,6.0
39,11,Mid, G,304,Small_Unit,2980000,9803,13/9/2012,North,10. Poor Street (Busy Road),180.0,2.0
39,28,High, B,284,Small_Unit,2790000,9824,12/9/2012,East,9. Poor Close (Wall View),180.0,3.0
37,3,Low, G,304,Small_Unit,2420000,7961,12/9/2012,North,5. Good Internal (Pool/Garden/Mall),150.0,6.5
36,7,Low, G,307,Small_Unit,2800000,9121,11/9/2012,West,10. Poor Street (Busy Road),300.0,2.0
51,9,Low, D,304,Small_Unit,2920000,9605,10/9/2012,South West,6. Normal (Good Direction - S/E),280.0,6.0
50,8,Low, G,304,Small_Unit,2866000,9428,7/9/2012,North East,6. Normal (Good Direction - S/E),250.0,6.0
47,25,Mid, A,284,Small_Unit,2690000,9472,7/9/2012,West,9. Poor Close (Wall View),180.0,3.0
17,13,Mid, H,327,Small_Unit,2920000,8930,7/9/2012,North East,6. Normal (Good Direction - S/E),520.0,6.0
6,1,Low, A,819,Large_Unit,5708000,6969,7/9/2012,North West,2. Premium (Full River - West/Sun),720.0,8.5
45,9,Low, E,284,Small_Unit,2600000,9155,6/9/2012,East,10. Poor Street (Busy Road),150.0,2.0
18,21,Mid, F,484,Middle_Unit,4380000,9050,5/9/2012,South East,6. Normal (Good Direction - S/E),550.0,6.0
48,31,High, F,284,Small_Unit,2820000,9930,5/9/2012,East,10. Poor Street (Busy Road),200.0,2.0
3,22,Mid, F,451,Middle_Unit,4200000,9313,5/9/2012,South East,3. Premium Partial (Slivers of Water/Park),700.0,8.0
8,25,Mid, C,327,Small_Unit,2720000,8318,5/9/2012,South West,6. Normal (Good Direction - S/E),620.0,6.0
49,29,High, B,284,Small_Unit,2730000,9613,5/9/2012,North West,4. Good Open (High Floor City),220.0,7.0
10,11,Mid, A,451,Middle_Unit,3880000,8603,4/9/2012,North West,1. Premium Plus (Full River/Park),580.0,9.0
52,22,Mid, A,284,Small_Unit,2680000,9437,4/9/2012,North West,8. Normal (Poor Direction - N/W),280.0,4.5
43,5,Low, C,304,Small_Unit,2600000,8553,3/9/2012,South,6. Normal (Good Direction - S/E),220.0,6.0
46,20,Mid, F,284,Small_Unit,2720000,9577,3/9/2012,East,9. Poor Close (Wall View),180.0,3.0
17,23,Mid, F,451,Middle_Unit,3380000,7494,3/9/2012,South East,6. Normal (Good Direction - S/E),520.0,6.0
39,13,Mid, F,284,Small_Unit,2830000,9965,3/9/2012,West,9. Poor Close (Wall View),180.0,3.0
41,11,Mid, C,304,Small_Unit,2575000,8470,31/8/2012,South,6. Normal (Good Direction - S/E),220.0,6.0
45,23,Mid, G,304,Small_Unit,2868000,9434,31/8/2012,North,9. Poor Close (Wall View),150.0,3.0
45,15,Mid, A,284,Small_Unit,2700000,9507,31/8/2012,West,9. Poor Close (Wall View),150.0,3.0
50,5,Low, A,284,Small_Unit,2880000,10141,31/8/2012,North West,8. Normal (Poor Direction - N/W),250.0,4.5
51,8,Low, D,304,Small_Unit,2500000,8224,31/8/2012,South West,6. Normal (Good Direction - S/E),280.0,6.0
11,23,Mid, B,515,Middle_Unit,4380000,8505,31/8/2012,North West,1. Premium Plus (Full River/Park),550.0,9.0
28,12,Mid, C,688,Large_Unit,6060000,8808,30/8/2012,West,9. Poor Close (Wall View),480.0,3.0
27,23,Mid, B,688,Large_Unit,5980000,8692,30/8/2012,East,9. Poor Close (Wall View),450.0,3.0
47,14,Mid, C,304,Small_Unit,2730000,8980,30/8/2012,South,6. Normal (Good Direction - S/E),180.0,6.0
1,12,Mid, D,327,Small_Unit,2880000,8807,30/8/2012,South West,2. Premium (Full River - West/Sun),650.0,8.5
40,4,Low, E,284,Small_Unit,2468000,8690,30/8/2012,West,10. Poor Street (Busy Road),200.0,2.0
9,5,Low, G,327,Small_Unit,2600000,7951,29/8/2012,North East,6. Normal (Good Direction - S/E),600.0,6.0
44,31,High, A,284,Small_Unit,2800000,9859,29/8/2012,West,9. Poor Close (Wall View),150.0,3.0
37,17,Mid, E,284,Small_Unit,2650000,9331,28/8/2012,West,9. Poor Close (Wall View),150.0,3.0
48,31,High, A,284,Small_Unit,2300000,8099,28/8/2012,West,9. Poor Close (Wall View),200.0,3.0
49,6,Low, F,284,Small_Unit,2615000,9208,27/8/2012,South East,6. Normal (Good Direction - S/E),220.0,6.0
28,23,Mid, D,688,Large_Unit,6210000,9026,27/8/2012,West,9. Poor Close (Wall View),480.0,3.0
41,28,High, B,284,Small_Unit,2760000,9718,27/8/2012,West,10. Poor Street (Busy Road),220.0,2.0
37,31,High, G,304,Small_Unit,2750000,9046,27/8/2012,North,5. Good Internal (Pool/Garden/Mall),150.0,6.5
44,10,Low, B,284,Small_Unit,2580000,9085,27/8/2012,West,9. Poor Close (Wall View),150.0,3.0
31,21,Mid, H,327,Small_Unit,2780000,8502,27/8/2012,East,9. Poor Close (Wall View),400.0,3.0
22,27,High, F,484,Middle_Unit,4380000,9050,24/8/2012,South East,6. Normal (Good Direction - S/E),480.0,6.0
43,16,Mid, A,284,Small_Unit,2590000,9120,24/8/2012,West,9. Poor Close (Wall View),220.0,3.0
52,31,High, G,304,Small_Unit,2680000,8816,24/8/2012,North East,6. Normal (Good Direction - S/E),280.0,6.0
18,10,Low, B,515,Middle_Unit,4270000,8291,23/8/2012,North West,8. Normal (Poor Direction - N/W),550.0,4.5
34,8,Low, D,707,Large_Unit,5680000,8034,23/8/2012,South,10. Poor Street (Busy Road),300.0,2.0
45,13,Mid, G,304,Small_Unit,2650000,8717,23/8/2012,North,9. Poor Close (Wall View),150.0,3.0
41,18,Mid, E,284,Small_Unit,2600000,9155,22/8/2012,East,9. Poor Close (Wall View),220.0,3.0
52,23,Mid, E,284,Small_Unit,2680000,9437,22/8/2012,South East,6. Normal (Good Direction - S/E),280.0,6.0
39,26,High, F,284,Small_Unit,2750000,9683,22/8/2012,West,9. Poor Close (Wall View),180.0,3.0
6,27,High, A,819,Large_Unit,7150000,8730,22/8/2012,North West,2. Premium (Full River - West/Sun),720.0,8.5
52,22,Mid, E,284,Small_Unit,2780000,9789,22/8/2012,South East,6. Normal (Good Direction - S/E),280.0,6.0
48,7,Low, C,304,Small_Unit,2680000,8816,22/8/2012,South,6. Normal (Good Direction - S/E),200.0,6.0
52,19,Mid, E,284,Small_Unit,2580000,9085,21/8/2012,South East,6. Normal (Good Direction - S/E),280.0,6.0
52,7,Low, H,304,Small_Unit,2468000,8118,21/8/2012,North East,6. Normal (Good Direction - S/E),280.0,6.0
3,1,Low, D,327,Small_Unit,2380000,7278,21/8/2012,South West,2. Premium (Full River - West/Sun),700.0,8.5
15,16,Mid, B,819,Large_Unit,6680000,8156,20/8/2012,North West,1. Premium Plus (Full River/Park),650.0,9.0
37,11,Mid, H,304,Small_Unit,2700000,8882,20/8/2012,North,5. Good Internal (Pool/Garden/Mall),150.0,6.5
31,24,Mid, B,451,Middle_Unit,3960000,8780,20/8/2012,South,5. Good Internal (Pool/Garden/Mall),400.0,6.5
23,6,Low, G,327,Small_Unit,2700000,8257,20/8/2012,North East,6. Normal (Good Direction - S/E),350.0,6.0
38,10,Low, D,304,Small_Unit,2650000,8717,17/8/2012,South,9. Poor Close (Wall View),150.0,3.0
33,11,Mid, A,820,Large_Unit,6700000,8171,17/8/2012,East,6. Normal (Good Direction - S/E),350.0,6.0
49,6,Low, D,304,Small_Unit,2598000,8546,16/8/2012,South West,6. Normal (Good Direction - S/E),220.0,6.0
41,7,Low, E,284,Small_Unit,2548000,8972,16/8/2012,East,9. Poor Close (Wall View),220.0,3.0
32,21,Mid, A,451,Middle_Unit,3808000,8443,16/8/2012,South,5. Good Internal (Pool/Garden/Mall),380.0,6.5
19,12,Mid, H,327,Small_Unit,2866000,8765,16/8/2012,North East,6. Normal (Good Direction - S/E),550.0,6.0
42,30,High, H,304,Small_Unit,2630000,8651,16/8/2012,North,9. Poor Close (Wall View),200.0,3.0
45,30,High, E,284,Small_Unit,2750000,9683,16/8/2012,East,10. Poor Street (Busy Road),150.0,2.0
16,30,High, D,327,Small_Unit,2915000,8914,15/8/2012,South West,6. Normal (Good Direction - S/E),500.0,6.0
43,21,Mid, D,304,Small_Unit,2680000,8816,15/8/2012,South,6. Normal (Good Direction - S/E),220.0,6.0
39,16,Mid, D,304,Small_Unit,2598000,8546,15/8/2012,South,9. Poor Close (Wall View),180.0,3.0
44,15,Mid, G,304,Small_Unit,2750000,9046,14/8/2012,North,9. Poor Close (Wall View),150.0,3.0
51,29,High, E,284,Small_Unit,2750000,9683,14/8/2012,South East,6. Normal (Good Direction - S/E),280.0,6.0
48,25,Mid, D,304,Small_Unit,2680000,8816,14/8/2012,South,6. Normal (Good Direction - S/E),200.0,6.0
7,22,Mid, B,515,Middle_Unit,4300000,8350,10/8/2012,North West,2. Premium (Full River - West/Sun),600.0,8.5
43,4,Low, D,304,Small_Unit,2300000,7566,10/8/2012,South,6. Normal (Good Direction - S/E),220.0,6.0
17,18,Mid, E,451,Middle_Unit,3863800,8567,10/8/2012,South East,6. Normal (Good Direction - S/E),520.0,6.0
12,2,Low, C,484,Middle_Unit,3840000,7934,10/8/2012,South West,3. Premium Partial (Slivers of Water/Park),580.0,6.0
24,21,Mid, C,326,Small_Unit,2750000,8436,10/8/2012,West,10. Poor Street (Busy Road),380.0,2.0
1,2,Low, F,451,Middle_Unit,3200000,7095,9/8/2012,South East,6. Normal (Good Direction - S/E),650.0,6.0
23,24,Mid, H,327,Small_Unit,2840000,8685,9/8/2012,North East,6. Normal (Good Direction - S/E),350.0,6.0
40,10,Low, H,304,Small_Unit,2550000,8388,8/8/2012,North,10. Poor Street (Busy Road),200.0,2.0
48,13,Mid, C,304,Small_Unit,2680000,8816,7/8/2012,South,6. Normal (Good Direction - S/E),200.0,6.0
46,31,High, C,304,Small_Unit,2620000,8618,7/8/2012,South,6. Normal (Good Direction - S/E),180.0,6.0
21,15,Mid, C,327,Small_Unit,2730000,8349,7/8/2012,South West,6. Normal (Good Direction - S/E),500.0,6.0
9,26,High, H,327,Small_Unit,2890000,8838,7/8/2012,North East,6. Normal (Good Direction - S/E),600.0,6.0
15,4,Low, B,819,Large_Unit,6000000,7326,7/8/2012,North West,1. Premium Plus (Full River/Park),650.0,9.0
16,28,High, C,327,Small_Unit,2860000,8746,6/8/2012,South West,6. Normal (Good Direction - S/E),500.0,6.0
38,11,Mid, H,304,Small_Unit,2750000,9046,6/8/2012,North,10. Poor Street (Busy Road),150.0,2.0
48,26,High, E,284,Small_Unit,2670000,9401,6/8/2012,East,10. Poor Street (Busy Road),200.0,2.0
46,14,Mid, E,284,Small_Unit,2600000,9155,6/8/2012,East,9. Poor Close (Wall View),180.0,3.0
35,15,Mid, D,707,Large_Unit,6050000,8557,3/8/2012,South,10. Poor Street (Busy Road),320.0,2.0
23,27,High, D,327,Small_Unit,2930000,8960,3/8/2012,South West,6. Normal (Good Direction - S/E),350.0,6.0
36,31,High, F,478,Middle_Unit,4310000,9017,3/8/2012,South,5. Good Internal (Pool/Garden/Mall),300.0,6.5
46,22,Mid, F,284,Small_Unit,2650000,9331,3/8/2012,East,9. Poor Close (Wall View),180.0,3.0
38,14,Mid, A,284,Small_Unit,2630000,9261,2/8/2012,East,9. Poor Close (Wall View),150.0,3.0
51,29,High, F,284,Small_Unit,2580000,9085,2/8/2012,South East,6. Normal (Good Direction - S/E),280.0,6.0
10,23,Mid, C,327,Small_Unit,2700000,8257,2/8/2012,South West,3. Premium Partial (Slivers of Water/Park),580.0,8.0
24,18,Mid, H,326,Small_Unit,2710000,8313,1/8/2012,South,10. Poor Street (Busy Road),380.0,2.0
26,10,Low, E,447,Middle_Unit,3680000,8233,1/8/2012,South,10. Poor Street (Busy Road),420.0,2.0
26,1,Low, C,326,Small_Unit,2400000,7362,1/8/2012,West,9. Poor Close (Wall View),420.0,3.0
4,4,Low, C,853,Large_Unit,6150000,7210,31/7/2012,South West,2. Premium (Full River - West/Sun),720.0,8.5
37,3,Low, E,284,Small_Unit,2288000,8056,30/7/2012,West,9. Poor Close (Wall View),150.0,3.0
46,12,Mid, B,284,Small_Unit,2570000,9049,30/7/2012,West,10. Poor Street (Busy Road),180.0,2.0
44,10,Low, A,284,Small_Unit,2500000,8803,30/7/2012,West,9. Poor Close (Wall View),150.0,3.0
50,19,Mid, C,304,Small_Unit,2300000,7566,27/7/2012,South West,6. Normal (Good Direction - S/E),250.0,6.0
23,2,Low, H,327,Small_Unit,2385000,7294,27/7/2012,North East,6. Normal (Good Direction - S/E),350.0,6.0
18,29,High, C,484,Middle_Unit,4500000,9298,25/7/2012,South West,6. Normal (Good Direction - S/E),550.0,6.0
49,8,Low, B,284,Small_Unit,2760000,9718,25/7/2012,North West,4. Good Open (High Floor City),220.0,7.0
9,27,High, G,327,Small_Unit,2500000,7645,23/7/2012,North East,6. Normal (Good Direction - S/E),600.0,6.0
42,20,Mid, D,304,Small_Unit,2550000,8388,20/7/2012,South,6. Normal (Good Direction - S/E),200.0,6.0
15,21,Mid, B,819,Large_Unit,6800000,8303,20/7/2012,North West,1. Premium Plus (Full River/Park),650.0,9.0
17,12,Mid, F,451,Middle_Unit,4000000,8869,20/7/2012,South East,6. Normal (Good Direction - S/E),520.0,6.0
29,1,Low, C,327,Small_Unit,2500000,7645,19/7/2012,West,10. Poor Street (Busy Road),450.0,2.0
26,10,Low, D,326,Small_Unit,2830000,8681,19/7/2012,West,9. Poor Close (Wall View),420.0,3.0
16,13,Mid, C,327,Small_Unit,2615000,7997,18/7/2012,South West,6. Normal (Good Direction - S/E),500.0,6.0
40,27,High, B,284,Small_Unit,2650000,9331,18/7/2012,East,9. Poor Close (Wall View),200.0,3.0
18,1,Low, A,515,Middle_Unit,3700000,7184,17/7/2012,North West,8. Normal (Poor Direction - N/W),550.0,4.5
9,10,Low, G,327,Small_Unit,2590000,7920,13/7/2012,North East,6. Normal (Good Direction - S/E),600.0,6.0
52,32,High, H,304,Small_Unit,2950000,9704,12/7/2012,North East,6. Normal (Good Direction - S/E),280.0,6.0
13,10,Low, D,853,Large_Unit,6500000,7620,12/7/2012,South West,6. Normal (Good Direction - S/E),700.0,6.0
16,25,Mid, E,451,Middle_Unit,4000000,8869,12/7/2012,South East,6. Normal (Good Direction - S/E),500.0,6.0
10,28,High, C,327,Small_Unit,2640000,8073,11/7/2012,South West,3. Premium Partial (Slivers of Water/Park),580.0,8.0
41,6,Low, A,284,Small_Unit,2390000,8415,10/7/2012,West,10. Poor Street (Busy Road),220.0,2.0
7,18,Mid, C,484,Middle_Unit,4180000,8636,10/7/2012,South West,2. Premium (Full River - West/Sun),600.0,8.5
18,14,Mid, C,484,Middle_Unit,4300000,8884,9/7/2012,South West,6. Normal (Good Direction - S/E),550.0,6.0
20,4,Low, C,327,Small_Unit,2400000,7339,9/7/2012,South West,6. Normal (Good Direction - S/E),520.0,6.0
17,12,Mid, B,451,Middle_Unit,3780000,8381,6/7/2012,North West,8. Normal (Poor Direction - N/W),520.0,4.5
13,21,Mid, B,819,Large_Unit,6720000,8205,6/7/2012,North West,1. Premium Plus (Full River/Park),700.0,9.0
45,10,Low, D,304,Small_Unit,2550000,8388,5/7/2012,South,6. Normal (Good Direction - S/E),150.0,6.0
46,22,Mid, H,304,Small_Unit,2620000,8618,5/7/2012,North,10. Poor Street (Busy Road),180.0,2.0
35,31,High, B,707,Large_Unit,6180000,8741,28/6/2012,North,5. Good Internal (Pool/Garden/Mall),320.0,6.5
38,17,Mid, E,284,Small_Unit,2588000,9113,28/6/2012,West,9. Poor Close (Wall View),150.0,3.0
10,10,Low, H,327,Small_Unit,2630000,8043,26/6/2012,North East,1. Premium Plus (Full River/Park),580.0,9.0
52,5,Low, D,304,Small_Unit,2480000,8158,22/6/2012,South West,6. Normal (Good Direction - S/E),280.0,6.0
48,12,Mid, A,284,Small_Unit,2000000,7042,22/6/2012,West,9. Poor Close (Wall View),200.0,3.0
3,8,Low, D,327,Small_Unit,2680000,8196,22/6/2012,South West,2. Premium (Full River - West/Sun),700.0,8.5
26,25,Mid, B,447,Middle_Unit,4030000,9016,21/6/2012,North,8. Normal (Poor Direction - N/W),420.0,4.5
40,3,Low, A,284,Small_Unit,2200000,7746,21/6/2012,East,9. Poor Close (Wall View),200.0,3.0
17,24,Mid, E,451,Middle_Unit,3780000,8381,20/6/2012,South East,6. Normal (Good Direction - S/E),520.0,6.0
1,20,Mid, E,451,Middle_Unit,3980000,8825,20/6/2012,South East,6. Normal (Good Direction - S/E),650.0,6.0
11,15,Mid, C,484,Middle_Unit,4150000,8574,20/6/2012,South West,3. Premium Partial (Slivers of Water/Park),550.0,8.0
46,17,Mid, F,284,Small_Unit,2580000,9085,19/6/2012,East,9. Poor Close (Wall View),180.0,3.0
29,23,Mid, F,451,Middle_Unit,3578000,7933,18/6/2012,North,10. Poor Street (Busy Road),450.0,2.0
38,26,High, H,304,Small_Unit,2890000,9507,18/6/2012,North,10. Poor Street (Busy Road),150.0,2.0
2,14,Mid, H,327,Small_Unit,2510000,7676,15/6/2012,North East,2. Premium (Full River - West/Sun),680.0,8.5
26,9,Low, G,326,Small_Unit,2960000,9080,15/6/2012,East,10. Poor Street (Busy Road),420.0,2.0
44,27,High, F,284,Small_Unit,2500000,8803,15/6/2012,East,9. Poor Close (Wall View),150.0,3.0
30,7,Low, E,451,Middle_Unit,3750000,8315,15/6/2012,North,9. Poor Close (Wall View),420.0,3.0
24,2,Low, D,326,Small_Unit,2350000,7209,14/6/2012,West,10. Poor Street (Busy Road),380.0,2.0
9,30,High, G,327,Small_Unit,2890000,8838,13/6/2012,North East,6. Normal (Good Direction - S/E),600.0,6.0
50,32,High, A,284,Small_Unit,2680000,9437,13/6/2012,North West,8. Normal (Poor Direction - N/W),250.0,4.5
40,11,Mid, F,284,Small_Unit,2538000,8937,13/6/2012,West,10. Poor Street (Busy Road),200.0,2.0
45,4,Low, F,284,Small_Unit,2380000,8380,12/6/2012,East,10. Poor Street (Busy Road),150.0,2.0
40,28,High, A,284,Small_Unit,2788000,9817,12/6/2012,East,9. Poor Close (Wall View),200.0,3.0
47,10,Low, G,304,Small_Unit,2360000,7763,12/6/2012,North,10. Poor Street (Busy Road),180.0,2.0
8,21,Mid, G,327,Small_Unit,2600000,7951,11/6/2012,North East,6. Normal (Good Direction - S/E),620.0,6.0
46,6,Low, E,284,Small_Unit,2512000,8845,11/6/2012,East,9. Poor Close (Wall View),180.0,3.0
46,13,Mid, B,284,Small_Unit,2490000,8768,7/6/2012,West,10. Poor Street (Busy Road),180.0,2.0
42,21,Mid, D,304,Small_Unit,2575000,8470,7/6/2012,South,6. Normal (Good Direction - S/E),200.0,6.0
16,15,Mid, G,327,Small_Unit,2780000,8502,6/6/2012,North East,6. Normal (Good Direction - S/E),500.0,6.0
16,4,Low, E,451,Middle_Unit,3500000,7761,6/6/2012,South East,6. Normal (Good Direction - S/E),500.0,6.0
48,30,High, D,304,Small_Unit,2590000,8520,6/6/2012,South,6. Normal (Good Direction - S/E),200.0,6.0
9,6,Low, A,451,Middle_Unit,3628000,8044,6/6/2012,North West,8. Normal (Poor Direction - N/W),600.0,4.5
44,16,Mid, C,304,Small_Unit,2450000,8059,5/6/2012,South,6. Normal (Good Direction - S/E),150.0,6.0
32,23,Mid, D,327,Small_Unit,2688000,8220,5/6/2012,West,9. Poor Close (Wall View),380.0,3.0
31,8,Low, D,327,Small_Unit,2500000,7645,4/6/2012,West,9. Poor Close (Wall View),400.0,3.0
42,3,Low, H,304,Small_Unit,2360000,7763,4/6/2012,North,9. Poor Close (Wall View),200.0,3.0
43,17,Mid, F,284,Small_Unit,2570000,9049,4/6/2012,East,9. Poor Close (Wall View),220.0,3.0
10,12,Mid, C,327,Small_Unit,2700000,8257,4/6/2012,South West,3. Premium Partial (Slivers of Water/Park),580.0,8.0
29,16,Mid, H,327,Small_Unit,2750000,8410,4/6/2012,South,9. Poor Close (Wall View),450.0,3.0
12,4,Low, B,515,Middle_Unit,3580000,6951,1/6/2012,North West,1. Premium Plus (Full River/Park),580.0,9.0
40,24,Mid, F,284,Small_Unit,2620000,9225,1/6/2012,West,10. Poor Street (Busy Road),200.0,2.0
45,22,Mid, B,284,Small_Unit,2500000,8803,1/6/2012,West,9. Poor Close (Wall View),150.0,3.0
10,20,Mid, H,327,Small_Unit,2680000,8196,1/6/2012,North East,1. Premium Plus (Full River/Park),580.0,9.0
43,30,High, D,304,Small_Unit,2810000,9243,31/5/2012,South,6. Normal (Good Direction - S/E),220.0,6.0
6,11,Mid, B,819,Large_Unit,6380000,7790,31/5/2012,North West,2. Premium (Full River - West/Sun),720.0,8.5
44,24,Mid, C,304,Small_Unit,2550000,8388,31/5/2012,South,6. Normal (Good Direction - S/E),150.0,6.0
47,17,Mid, G,304,Small_Unit,2500000,8224,31/5/2012,North,10. Poor Street (Busy Road),180.0,2.0
22,28,High, C,484,Middle_Unit,4380000,9050,30/5/2012,South West,6. Normal (Good Direction - S/E),480.0,6.0
52,25,Mid, D,304,Small_Unit,2480000,8158,30/5/2012,South West,6. Normal (Good Direction - S/E),280.0,6.0
52,26,High, C,304,Small_Unit,2700000,8882,30/5/2012,South West,6. Normal (Good Direction - S/E),280.0,6.0
31,27,High, B,451,Middle_Unit,4200000,9313,29/5/2012,South,5. Good Internal (Pool/Garden/Mall),400.0,6.5
41,11,Mid, F,284,Small_Unit,2280000,8028,28/5/2012,East,9. Poor Close (Wall View),220.0,3.0
16,7,Low, A,451,Middle_Unit,3880000,8603,28/5/2012,North West,8. Normal (Poor Direction - N/W),500.0,4.5
19,27,High, C,327,Small_Unit,2700000,8257,28/5/2012,South West,6. Normal (Good Direction - S/E),550.0,6.0
52,19,Mid, G,304,Small_Unit,2430000,7993,25/5/2012,North East,6. Normal (Good Direction - S/E),280.0,6.0
9,27,High, E,451,Middle_Unit,3880000,8603,25/5/2012,South East,4. Good Open (High Floor City),600.0,7.0
24,28,High, D,326,Small_Unit,2818000,8644,25/5/2012,West,10. Poor Street (Busy Road),380.0,2.0
47,32,High, D,304,Small_Unit,2830000,9309,25/5/2012,South,6. Normal (Good Direction - S/E),180.0,6.0
6,10,Low, C,853,Large_Unit,6550000,7679,25/5/2012,South West,11. Poor Highway (Tai Chung Kiu Noise Penalty),720.0,1.0
40,26,High, A,284,Small_Unit,2600000,9155,25/5/2012,East,9. Poor Close (Wall View),200.0,3.0
24,13,Mid, E,447,Middle_Unit,3800000,8501,25/5/2012,North,8. Normal (Poor Direction - N/W),380.0,4.5
10,23,Mid, G,327,Small_Unit,2698000,8251,25/5/2012,North East,1. Premium Plus (Full River/Park),580.0,9.0
29,22,Mid, B,451,Middle_Unit,3730000,8271,25/5/2012,East,9. Poor Close (Wall View),450.0,3.0
32,15,Mid, F,451,Middle_Unit,3068000,6803,24/5/2012,North,10. Poor Street (Busy Road),380.0,2.0
44,13,Mid, D,304,Small_Unit,2600000,8553,24/5/2012,South,4. Good Open (High Floor City),150.0,7.0
47,10,Low, F,284,Small_Unit,2638000,9289,23/5/2012,East,9. Poor Close (Wall View),180.0,3.0
32,2,Low, F,451,Middle_Unit,3400000,7539,23/5/2012,North,10. Poor Street (Busy Road),380.0,2.0
16,11,Mid, G,327,Small_Unit,2758000,8434,23/5/2012,North East,6. Normal (Good Direction - S/E),500.0,6.0
45,10,Low, G,304,Small_Unit,2550000,8388,23/5/2012,North,9. Poor Close (Wall View),150.0,3.0
22,26,High, F,484,Middle_Unit,4300000,8884,22/5/2012,South East,6. Normal (Good Direction - S/E),480.0,6.0
12,14,Mid, D,504,Middle_Unit,4200000,8333,22/5/2012,South West,3. Premium Partial (Slivers of Water/Park),580.0,8.0
38,20,Mid, B,284,Small_Unit,2450000,8627,22/5/2012,East,9. Poor Close (Wall View),150.0,3.0
51,9,Low, C,304,Small_Unit,2500000,8224,22/5/2012,South West,6. Normal (Good Direction - S/E),280.0,6.0
37,8,Low, H,304,Small_Unit,2390000,7862,22/5/2012,North,5. Good Internal (Pool/Garden/Mall),150.0,6.5
42,30,High, C,304,Small_Unit,2610000,8586,22/5/2012,South,6. Normal (Good Direction - S/E),200.0,6.0
18,16,Mid, A,515,Middle_Unit,3800000,7379,22/5/2012,North West,8. Normal (Poor Direction - N/W),550.0,4.5
38,7,Low, A,284,Small_Unit,2600000,9155,21/5/2012,East,9. Poor Close (Wall View),150.0,3.0
30,14,Mid, B,451,Middle_Unit,3690000,8182,21/5/2012,South,5. Good Internal (Pool/Garden/Mall),420.0,6.5
9,10,Low, F,451,Middle_Unit,3550000,7871,21/5/2012,South East,6. Normal (Good Direction - S/E),600.0,6.0
37,10,Low, F,284,Small_Unit,2600000,9155,21/5/2012,West,9. Poor Close (Wall View),150.0,3.0
9,15,Mid, C,327,Small_Unit,2650000,8104,18/5/2012,South West,6. Normal (Good Direction - S/E),600.0,6.0
50,21,Mid, G,304,Small_Unit,2680000,8816,18/5/2012,North East,6. Normal (Good Direction - S/E),250.0,6.0
16,5,Low, H,327,Small_Unit,2470000,7554,18/5/2012,North East,6. Normal (Good Direction - S/E),500.0,6.0
42,12,Mid, A,284,Small_Unit,2545000,8961,17/5/2012,West,9. Poor Close (Wall View),200.0,3.0
49,17,Mid, F,284,Small_Unit,2600000,9155,17/5/2012,South East,6. Normal (Good Direction - S/E),220.0,6.0
38,31,High, B,284,Small_Unit,2800000,9859,17/5/2012,East,9. Poor Close (Wall View),150.0,3.0
8,28,High, B,451,Middle_Unit,3800000,8426,17/5/2012,North West,8. Normal (Poor Direction - N/W),620.0,4.5
37,9,Low, H,304,Small_Unit,2200000,7237,17/5/2012,North,5. Good Internal (Pool/Garden/Mall),150.0,6.5
45,31,High, E,284,Small_Unit,2730000,9613,16/5/2012,East,10. Poor Street (Busy Road),150.0,2.0
35,15,Mid, C,707,Large_Unit,5900000,8345,16/5/2012,North,4. Good Open (High Floor City),320.0,7.0
21,30,High, A,451,Middle_Unit,4080000,9047,15/5/2012,North West,8. Normal (Poor Direction - N/W),500.0,4.5
11,28,High, F,484,Middle_Unit,4170000,8616,15/5/2012,South East,1. Premium Plus (Full River/Park),550.0,9.0
37,7,Low, B,284,Small_Unit,2300000,8099,15/5/2012,East,6. Normal (Good Direction - S/E),150.0,6.0
40,19,Mid, H,304,Small_Unit,2600000,8553,15/5/2012,North,10. Poor Street (Busy Road),200.0,2.0
19,8,Low, H,327,Small_Unit,2500000,7645,15/5/2012,North East,6. Normal (Good Direction - S/E),550.0,6.0
46,3,Low, A,284,Small_Unit,2400000,8451,15/5/2012,West,4. Good Open (High Floor City),180.0,7.0
47,30,High, B,284,Small_Unit,2638000,9289,14/5/2012,West,9. Poor Close (Wall View),180.0,3.0
42,15,Mid, E,284,Small_Unit,2610000,9190,14/5/2012,East,9. Poor Close (Wall View),200.0,3.0
1,18,Mid, F,451,Middle_Unit,3888000,8621,11/5/2012,South East,6. Normal (Good Direction - S/E),650.0,6.0
50,15,Mid, C,304,Small_Unit,2680000,8816,11/5/2012,South West,6. Normal (Good Direction - S/E),250.0,6.0
48,32,High, F,284,Small_Unit,2528000,8901,11/5/2012,East,10. Poor Street (Busy Road),200.0,2.0
22,33,High, C,484,Middle_Unit,4580000,9463,11/5/2012,South West,6. Normal (Good Direction - S/E),480.0,6.0
50,24,Mid, E,284,Small_Unit,2398000,8444,11/5/2012,South East,6. Normal (Good Direction - S/E),250.0,6.0
26,3,Low, C,326,Small_Unit,2428000,7448,11/5/2012,West,9. Poor Close (Wall View),420.0,3.0
19,30,High, B,451,Middle_Unit,4050000,8980,11/5/2012,North West,8. Normal (Poor Direction - N/W),550.0,4.5
49,20,Mid, F,284,Small_Unit,2620000,9225,11/5/2012,South East,6. Normal (Good Direction - S/E),220.0,6.0
52,32,High, G,304,Small_Unit,2790000,9178,9/5/2012,North East,6. Normal (Good Direction - S/E),280.0,6.0
26,17,Mid, A,447,Middle_Unit,3800000,8501,8/5/2012,North,8. Normal (Poor Direction - N/W),420.0,4.5
43,8,Low, C,304,Small_Unit,2340000,7697,7/5/2012,South,6. Normal (Good Direction - S/E),220.0,6.0
27,21,Mid, A,688,Large_Unit,5800000,8430,7/5/2012,East,9. Poor Close (Wall View),450.0,3.0
9,5,Low, B,451,Middle_Unit,3450000,7650,4/5/2012,North West,8. Normal (Poor Direction - N/W),600.0,4.5
43,16,Mid, B,284,Small_Unit,2500000,8803,4/5/2012,West,9. Poor Close (Wall View),220.0,3.0
44,21,Mid, B,284,Small_Unit,2435000,8574,3/5/2012,West,9. Poor Close (Wall View),150.0,3.0
42,19,Mid, C,304,Small_Unit,2550000,8388,3/5/2012,South,6. Normal (Good Direction - S/E),200.0,6.0
51,6,Low, C,304,Small_Unit,2360000,7763,3/5/2012,South West,6. Normal (Good Direction - S/E),280.0,6.0
52,10,Low, G,304,Small_Unit,2380000,7829,3/5/2012,North East,6. Normal (Good Direction - S/E),280.0,6.0
32,10,Low, A,451,Middle_Unit,3580000,7938,2/5/2012,South,5. Good Internal (Pool/Garden/Mall),380.0,6.5
46,23,Mid, G,304,Small_Unit,2610000,8586,2/5/2012,North,10. Poor Street (Busy Road),180.0,2.0
39,23,Mid, H,304,Small_Unit,2590000,8520,2/5/2012,North,10. Poor Street (Busy Road),180.0,2.0
24,30,High, E,447,Middle_Unit,4100000,9172,2/5/2012,North,8. Normal (Poor Direction - N/W),380.0,4.5
19,19,Mid, B,451,Middle_Unit,3645000,8082,30/4/2012,North West,8. Normal (Poor Direction - N/W),550.0,4.5
46,21,Mid, G,304,Small_Unit,2400000,7895,30/4/2012,North,10. Poor Street (Busy Road),180.0,2.0
22,7,Low, C,484,Middle_Unit,3850000,7955,27/4/2012,South West,6. Normal (Good Direction - S/E),480.0,6.0
34,35,High, B,707,Large_Unit,5800000,8204,27/4/2012,North,5. Good Internal (Pool/Garden/Mall),300.0,6.5
31,18,Mid, D,327,Small_Unit,2670000,8165,27/4/2012,West,9. Poor Close (Wall View),400.0,3.0
7,26,High, A,515,Middle_Unit,3890000,7553,27/4/2012,North West,2. Premium (Full River - West/Sun),600.0,8.5
15,6,Low, D,853,Large_Unit,6000000,7034,26/4/2012,South West,3. Premium Partial (Slivers of Water/Park),650.0,8.0
11,29,High, B,515,Middle_Unit,3760000,7301,26/4/2012,North West,1. Premium Plus (Full River/Park),550.0,9.0
39,21,Mid, H,304,Small_Unit,2580000,8487,25/4/2012,North,10. Poor Street (Busy Road),180.0,2.0
18,17,Mid, F,484,Middle_Unit,4090000,8450,25/4/2012,South East,6. Normal (Good Direction - S/E),550.0,6.0
41,16,Mid, B,284,Small_Unit,2390000,8415,25/4/2012,West,10. Poor Street (Busy Road),220.0,2.0
42,21,Mid, C,304,Small_Unit,2468000,8118,25/4/2012,South,6. Normal (Good Direction - S/E),200.0,6.0
48,18,Mid, D,304,Small_Unit,2500000,8224,25/4/2012,South,6. Normal (Good Direction - S/E),200.0,6.0
19,21,Mid, D,327,Small_Unit,2670000,8165,25/4/2012,South West,6. Normal (Good Direction - S/E),550.0,6.0
44,32,High, D,304,Small_Unit,2520000,8289,24/4/2012,South,4. Good Open (High Floor City),150.0,7.0
38,26,High, D,304,Small_Unit,2388000,7855,24/4/2012,South,9. Poor Close (Wall View),150.0,3.0
52,32,High, C,304,Small_Unit,2650000,8717,23/4/2012,South West,6. Normal (Good Direction - S/E),280.0,6.0
1,8,Low, B,451,Middle_Unit,3590000,7960,23/4/2012,North West,2. Premium (Full River - West/Sun),650.0,8.5
32,4,Low, E,451,Middle_Unit,3450000,7650,23/4/2012,North,10. Poor Street (Busy Road),380.0,2.0
40,22,Mid, D,304,Small_Unit,2400000,7895,23/4/2012,South,9. Poor Close (Wall View),200.0,3.0
43,8,Low, B,284,Small_Unit,2350000,8275,20/4/2012,West,9. Poor Close (Wall View),220.0,3.0
43,28,High, G,304,Small_Unit,2640000,8684,20/4/2012,North,9. Poor Close (Wall View),220.0,3.0
31,11,Mid, H,327,Small_Unit,2600000,7951,20/4/2012,East,9. Poor Close (Wall View),400.0,3.0
43,15,Mid, A,284,Small_Unit,2250000,7923,20/4/2012,West,9. Poor Close (Wall View),220.0,3.0
16,17,Mid, G,327,Small_Unit,2678000,8190,20/4/2012,North East,6. Normal (Good Direction - S/E),500.0,6.0
16,20,Mid, B,451,Middle_Unit,3680000,8160,19/4/2012,North West,8. Normal (Poor Direction - N/W),500.0,4.5
37,32,High, D,304,Small_Unit,2500000,8224,19/4/2012,South,9. Poor Close (Wall View),150.0,3.0
45,18,Mid, E,284,Small_Unit,2450000,8627,18/4/2012,East,10. Poor Street (Busy Road),150.0,2.0
40,20,Mid, D,304,Small_Unit,2600000,8553,17/4/2012,South,9. Poor Close (Wall View),200.0,3.0
42,24,Mid, H,304,Small_Unit,2430000,7993,17/4/2012,North,9. Poor Close (Wall View),200.0,3.0
20,22,Mid, G,327,Small_Unit,2528000,7731,17/4/2012,North East,6. Normal (Good Direction - S/E),520.0,6.0
1,8,Low, E,451,Middle_Unit,3700000,8204,17/4/2012,South East,6. Normal (Good Direction - S/E),650.0,6.0
42,14,Mid, F,284,Small_Unit,2350000,8275,16/4/2012,East,9. Poor Close (Wall View),200.0,3.0
40,21,Mid, D,304,Small_Unit,2398000,7888,16/4/2012,South,9. Poor Close (Wall View),200.0,3.0
47,31,High, A,284,Small_Unit,2430000,8556,16/4/2012,West,9. Poor Close (Wall View),180.0,3.0
46,7,Low, H,304,Small_Unit,2400000,7895,16/4/2012,North,10. Poor Street (Busy Road),180.0,2.0
51,11,Mid, C,304,Small_Unit,2400000,7895,13/4/2012,South West,6. Normal (Good Direction - S/E),280.0,6.0
30,8,Low, C,327,Small_Unit,2515000,7691,13/4/2012,West,10. Poor Street (Busy Road),420.0,2.0
10,22,Mid, H,327,Small_Unit,2500000,7645,13/4/2012,North East,1. Premium Plus (Full River/Park),580.0,9.0
24,2,Low, H,326,Small_Unit,2380000,7301,13/4/2012,South,10. Poor Street (Busy Road),380.0,2.0
8,8,Low, C,327,Small_Unit,2520000,7706,11/4/2012,South West,6. Normal (Good Direction - S/E),620.0,6.0
49,13,Mid, H,304,Small_Unit,2460000,8092,11/4/2012,North East,6. Normal (Good Direction - S/E),220.0,6.0
41,16,Mid, C,304,Small_Unit,2150000,7072,11/4/2012,South,6. Normal (Good Direction - S/E),220.0,6.0
48,25,Mid, C,304,Small_Unit,2500000,8224,10/4/2012,South,6. Normal (Good Direction - S/E),200.0,6.0
36,6,Low, C,307,Small_Unit,2170000,7068,5/4/2012,East,6. Normal (Good Direction - S/E),300.0,6.0
9,26,High, G,327,Small_Unit,2680000,8196,5/4/2012,North East,6. Normal (Good Direction - S/E),600.0,6.0
16,11,Mid, H,327,Small_Unit,2650000,8104,5/4/2012,North East,6. Normal (Good Direction - S/E),500.0,6.0
50,11,Mid, D,304,Small_Unit,2443000,8036,5/4/2012,South West,6. Normal (Good Direction - S/E),250.0,6.0
43,27,High, H,304,Small_Unit,2350000,7730,5/4/2012,North,9. Poor Close (Wall View),220.0,3.0
37,25,Mid, H,304,Small_Unit,2530000,8322,5/4/2012,North,5. Good Internal (Pool/Garden/Mall),150.0,6.5
29,16,Mid, F,451,Middle_Unit,3800000,8426,3/4/2012,North,10. Poor Street (Busy Road),450.0,2.0
20,26,High, F,451,Middle_Unit,3500000,7761,3/4/2012,South East,6. Normal (Good Direction - S/E),520.0,6.0
44,26,High, A,284,Small_Unit,2038000,7176,3/4/2012,West,9. Poor Close (Wall View),150.0,3.0
37,17,Mid, A,284,Small_Unit,2500000,8803,3/4/2012,East,6. Normal (Good Direction - S/E),150.0,6.0
30,7,Low, F,451,Middle_Unit,3430000,7605,3/4/2012,North,9. Poor Close (Wall View),420.0,3.0
52,28,High, E,284,Small_Unit,2520000,8873,2/4/2012,South East,6. Normal (Good Direction - S/E),280.0,6.0
42,28,High, H,304,Small_Unit,2280000,7500,2/4/2012,North,9. Poor Close (Wall View),200.0,3.0
30,25,Mid, F,451,Middle_Unit,3900000,8647,2/4/2012,North,9. Poor Close (Wall View),420.0,3.0
1,22,Mid, C,327,Small_Unit,2770000,8471,2/4/2012,South West,2. Premium (Full River - West/Sun),650.0,8.5
45,26,High, E,284,Small_Unit,2490000,8768,2/4/2012,East,10. Poor Street (Busy Road),150.0,2.0
44,13,Mid, G,304,Small_Unit,2420000,7961,2/4/2012,North,9. Poor Close (Wall View),150.0,3.0
49,11,Mid, A,284,Small_Unit,2388000,8408,2/4/2012,North West,8. Normal (Poor Direction - N/W),220.0,4.5
3,9,Low, D,327,Small_Unit,2600000,7951,2/4/2012,South West,2. Premium (Full River - West/Sun),700.0,8.5
43,28,High, H,304,Small_Unit,2400000,7895,2/4/2012,North,9. Poor Close (Wall View),220.0,3.0
3,24,Mid, C,327,Small_Unit,2400000,7339,30/3/2012,South West,2. Premium (Full River - West/Sun),700.0,8.5
2,19,Mid, C,327,Small_Unit,2600000,7951,30/3/2012,South West,2. Premium (Full River - West/Sun),680.0,8.5
11,10,Low, E,504,Middle_Unit,3628000,7198,30/3/2012,South East,1. Premium Plus (Full River/Park),550.0,9.0
19,26,High, G,327,Small_Unit,2538000,7761,30/3/2012,North East,6. Normal (Good Direction - S/E),550.0,6.0
39,18,Mid, D,304,Small_Unit,2383000,7839,30/3/2012,South,9. Poor Close (Wall View),180.0,3.0
47,28,High, C,304,Small_Unit,2280000,7500,30/3/2012,South,6. Normal (Good Direction - S/E),180.0,6.0
41,32,High, D,304,Small_Unit,2580000,8487,30/3/2012,South,6. Normal (Good Direction - S/E),220.0,6.0
51,31,High, G,304,Small_Unit,2600000,8553,30/3/2012,North East,6. Normal (Good Direction - S/E),280.0,6.0
50,4,Low, A,284,Small_Unit,2200000,7746,30/3/2012,North West,8. Normal (Poor Direction - N/W),250.0,4.5
36,7,Low, H,307,Small_Unit,2368000,7713,30/3/2012,West,10. Poor Street (Busy Road),300.0,2.0
48,27,High, G,304,Small_Unit,2360000,7763,30/3/2012,North,10. Poor Street (Busy Road),200.0,2.0
41,21,Mid, D,304,Small_Unit,2510000,8257,30/3/2012,South,6. Normal (Good Direction - S/E),220.0,6.0
48,12,Mid, H,304,Small_Unit,2450000,8059,30/3/2012,North,10. Poor Street (Busy Road),200.0,2.0
12,17,Mid, D,504,Middle_Unit,3700000,7341,30/3/2012,South West,3. Premium Partial (Slivers of Water/Park),580.0,8.0
39,14,Mid, C,304,Small_Unit,2350000,7730,29/3/2012,South,9. Poor Close (Wall View),180.0,3.0
48,10,Low, A,284,Small_Unit,2300000,8099,29/3/2012,West,9. Poor Close (Wall View),200.0,3.0
52,24,Mid, B,284,Small_Unit,2430000,8556,28/3/2012,North West,8. Normal (Poor Direction - N/W),280.0,4.5
52,28,High, G,304,Small_Unit,2650000,8717,28/3/2012,North East,6. Normal (Good Direction - S/E),280.0,6.0
1,10,Low, B,451,Middle_Unit,3600000,7982,28/3/2012,North West,2. Premium (Full River - West/Sun),650.0,8.5
17,1,Low, A,451,Middle_Unit,3260000,7228,28/3/2012,North West,8. Normal (Poor Direction - N/W),520.0,4.5
47,7,Low, F,284,Small_Unit,2420000,8521,27/3/2012,East,9. Poor Close (Wall View),180.0,3.0
44,9,Low, B,284,Small_Unit,2370000,8345,27/3/2012,West,9. Poor Close (Wall View),150.0,3.0
36,30,High, D,307,Small_Unit,2520000,8208,27/3/2012,East,6. Normal (Good Direction - S/E),300.0,6.0
10,9,Low, H,327,Small_Unit,2330000,7125,27/3/2012,North East,1. Premium Plus (Full River/Park),580.0,9.0
48,17,Mid, D,304,Small_Unit,2388000,7855,27/3/2012,South,6. Normal (Good Direction - S/E),200.0,6.0
21,27,High, D,327,Small_Unit,2590000,7920,26/3/2012,South West,6. Normal (Good Direction - S/E),500.0,6.0
4,27,High, B,819,Large_Unit,6708000,8190,26/3/2012,North West,2. Premium (Full River - West/Sun),720.0,8.5
50,31,High, D,304,Small_Unit,2495000,8207,26/3/2012,South West,6. Normal (Good Direction - S/E),250.0,6.0
42,27,High, B,284,Small_Unit,2400000,8451,26/3/2012,West,9. Poor Close (Wall View),200.0,3.0
34,22,Mid, B,707,Large_Unit,5800000,8204,26/3/2012,North,5. Good Internal (Pool/Garden/Mall),300.0,6.5
39,23,Mid, B,284,Small_Unit,2180000,7676,26/3/2012,East,9. Poor Close (Wall View),180.0,3.0
45,11,Mid, H,304,Small_Unit,2238000,7362,26/3/2012,North,9. Poor Close (Wall View),150.0,3.0
38,19,Mid, D,304,Small_Unit,2600000,8553,23/3/2012,South,9. Poor Close (Wall View),150.0,3.0
39,12,Mid, A,284,Small_Unit,2400000,8451,23/3/2012,East,9. Poor Close (Wall View),180.0,3.0
26,20,Mid, C,326,Small_Unit,2600000,7975,23/3/2012,West,9. Poor Close (Wall View),420.0,3.0
51,27,High, B,284,Small_Unit,2500000,8803,23/3/2012,North West,8. Normal (Poor Direction - N/W),280.0,4.5
51,4,Low, E,284,Small_Unit,2230000,7852,23/3/2012,South East,6. Normal (Good Direction - S/E),280.0,6.0
42,27,High, E,284,Small_Unit,2450000,8627,23/3/2012,East,9. Poor Close (Wall View),200.0,3.0
10,25,Mid, D,327,Small_Unit,2630000,8043,23/3/2012,South West,3. Premium Partial (Slivers of Water/Park),580.0,8.0
45,8,Low, H,304,Small_Unit,2300000,7566,23/3/2012,North,9. Poor Close (Wall View),150.0,3.0
29,4,Low, B,451,Middle_Unit,3399000,7537,22/3/2012,East,9. Poor Close (Wall View),450.0,3.0
40,16,Mid, D,304,Small_Unit,2450000,8059,22/3/2012,South,9. Poor Close (Wall View),200.0,3.0
26,28,High, F,447,Middle_Unit,3780000,8456,21/3/2012,South,10. Poor Street (Busy Road),420.0,2.0
47,15,Mid, G,304,Small_Unit,2240000,7368,21/3/2012,North,10. Poor Street (Busy Road),180.0,2.0
47,18,Mid, B,284,Small_Unit,2335000,8222,21/3/2012,West,9. Poor Close (Wall View),180.0,3.0
49,24,Mid, H,304,Small_Unit,2480000,8158,21/3/2012,North East,6. Normal (Good Direction - S/E),220.0,6.0
45,10,Low, C,304,Small_Unit,2370000,7796,21/3/2012,South,6. Normal (Good Direction - S/E),150.0,6.0
48,13,Mid, B,284,Small_Unit,2310000,8134,21/3/2012,West,9. Poor Close (Wall View),200.0,3.0
36,23,Mid, A,478,Middle_Unit,3850000,8054,21/3/2012,North,9. Poor Close (Wall View),300.0,3.0
47,20,Mid, H,304,Small_Unit,2300000,7566,20/3/2012,North,10. Poor Street (Busy Road),180.0,2.0
11,7,Low, D,504,Middle_Unit,3950000,7837,20/3/2012,South West,6. Normal (Good Direction - S/E),550.0,6.0
24,27,High, A,447,Middle_Unit,3900000,8725,20/3/2012,East,9. Poor Close (Wall View),380.0,3.0
44,32,High, E,284,Small_Unit,2550000,8979,20/3/2012,East,9. Poor Close (Wall View),150.0,3.0
40,15,Mid, A,284,Small_Unit,2550000,8979,20/3/2012,East,9. Poor Close (Wall View),200.0,3.0
10,23,Mid, F,451,Middle_Unit,3400000,7539,20/3/2012,South East,1. Premium Plus (Full River/Park),580.0,9.0
41,30,High, C,304,Small_Unit,2480000,8158,20/3/2012,South,6. Normal (Good Direction - S/E),220.0,6.0
26,8,Low, G,326,Small_Unit,2500000,7669,19/3/2012,East,10. Poor Street (Busy Road),420.0,2.0
7,32,High, A,515,Middle_Unit,4180000,8117,19/3/2012,North West,2. Premium (Full River - West/Sun),600.0,8.5
20,4,Low, F,451,Middle_Unit,3400000,7539,19/3/2012,South East,6. Normal (Good Direction - S/E),520.0,6.0
23,5,Low, D,327,Small_Unit,2330000,7125,19/3/2012,South West,6. Normal (Good Direction - S/E),350.0,6.0
23,7,Low, C,327,Small_Unit,2495000,7630,19/3/2012,South West,6. Normal (Good Direction - S/E),350.0,6.0
38,3,Low, B,284,Small_Unit,2030000,7148,19/3/2012,East,9. Poor Close (Wall View),150.0,3.0
24,13,Mid, B,447,Middle_Unit,3410000,7629,19/3/2012,East,9. Poor Close (Wall View),380.0,3.0
26,12,Mid, D,326,Small_Unit,2400000,7362,16/3/2012,West,9. Poor Close (Wall View),420.0,3.0
52,5,Low, A,284,Small_Unit,2270000,7993,16/3/2012,North West,8. Normal (Poor Direction - N/W),280.0,4.5
48,22,Mid, F,284,Small_Unit,2300000,8099,16/3/2012,East,10. Poor Street (Busy Road),200.0,2.0
32,10,Low, B,451,Middle_Unit,3560000,7894,16/3/2012,South,5. Good Internal (Pool/Garden/Mall),380.0,6.5
41,12,Mid, D,304,Small_Unit,2300000,7566,16/3/2012,South,6. Normal (Good Direction - S/E),220.0,6.0
46,11,Mid, B,284,Small_Unit,2300000,8099,16/3/2012,West,10. Poor Street (Busy Road),180.0,2.0
39,31,High, C,304,Small_Unit,2360000,7763,16/3/2012,South,9. Poor Close (Wall View),180.0,3.0
42,27,High, F,284,Small_Unit,2400000,8451,16/3/2012,East,9. Poor Close (Wall View),200.0,3.0
41,25,Mid, A,284,Small_Unit,2530000,8908,15/3/2012,West,10. Poor Street (Busy Road),220.0,2.0
47,5,Low, D,304,Small_Unit,2130000,7007,15/3/2012,South,6. Normal (Good Direction - S/E),180.0,6.0
49,14,Mid, G,304,Small_Unit,2323000,7641,15/3/2012,North East,6. Normal (Good Direction - S/E),220.0,6.0
50,12,Mid, G,304,Small_Unit,2370000,7796,15/3/2012,North East,6. Normal (Good Direction - S/E),250.0,6.0
45,14,Mid, G,304,Small_Unit,2320000,7632,15/3/2012,North,9. Poor Close (Wall View),150.0,3.0
38,4,Low, A,284,Small_Unit,2130000,7500,15/3/2012,East,9. Poor Close (Wall View),150.0,3.0
11,33,High, F,484,Middle_Unit,4420000,9132,15/3/2012,South East,1. Premium Plus (Full River/Park),550.0,9.0
11,33,High, B,515,Middle_Unit,4188000,8132,15/3/2012,North West,1. Premium Plus (Full River/Park),550.0,9.0
19,20,Mid, E,451,Middle_Unit,3280000,7273,14/3/2012,South East,6. Normal (Good Direction - S/E),550.0,6.0
52,27,High, D,304,Small_Unit,2268000,7461,14/3/2012,South West,6. Normal (Good Direction - S/E),280.0,6.0
50,14,Mid, E,284,Small_Unit,2280000,8028,14/3/2012,South East,6. Normal (Good Direction - S/E),250.0,6.0
52,10,Low, D,304,Small_Unit,2180000,7171,14/3/2012,South West,6. Normal (Good Direction - S/E),280.0,6.0
38,3,Low, C,304,Small_Unit,2179000,7168,14/3/2012,South,9. Poor Close (Wall View),150.0,3.0
50,11,Mid, C,304,Small_Unit,2350000,7730,13/3/2012,South West,6. Normal (Good Direction - S/E),250.0,6.0
24,22,Mid, C,326,Small_Unit,2600000,7975,13/3/2012,West,10. Poor Street (Busy Road),380.0,2.0
3,12,Mid, C,327,Small_Unit,2270000,6942,13/3/2012,South West,2. Premium (Full River - West/Sun),700.0,8.5
37,15,Mid, H,304,Small_Unit,2315000,7615,13/3/2012,North,5. Good Internal (Pool/Garden/Mall),150.0,6.5
22,24,Mid, B,515,Middle_Unit,3950000,7670,13/3/2012,North West,8. Normal (Poor Direction - N/W),480.0,4.5
10,8,Low, C,327,Small_Unit,2500000,7645,13/3/2012,South West,3. Premium Partial (Slivers of Water/Park),580.0,8.0
49,16,Mid, E,284,Small_Unit,2388000,8408,13/3/2012,South East,6. Normal (Good Direction - S/E),220.0,6.0
24,29,High, B,447,Middle_Unit,3630000,8121,12/3/2012,East,9. Poor Close (Wall View),380.0,3.0
48,11,Mid, A,284,Small_Unit,2338000,8232,12/3/2012,West,9. Poor Close (Wall View),200.0,3.0
29,22,Mid, H,327,Small_Unit,2480000,7584,12/3/2012,South,9. Poor Close (Wall View),450.0,3.0
40,13,Mid, B,284,Small_Unit,2338000,8232,9/3/2012,East,9. Poor Close (Wall View),200.0,3.0
42,23,Mid, H,304,Small_Unit,2430000,7993,9/3/2012,North,9. Poor Close (Wall View),200.0,3.0
15,7,Low, A,819,Large_Unit,5980000,7302,9/3/2012,North West,1. Premium Plus (Full River/Park),650.0,9.0
32,24,Mid, G,327,Small_Unit,2620000,8012,8/3/2012,East,10. Poor Street (Busy Road),380.0,2.0
23,20,Mid, F,451,Middle_Unit,3590000,7960,8/3/2012,South East,6. Normal (Good Direction - S/E),350.0,6.0
46,8,Low, A,284,Small_Unit,2260000,7958,8/3/2012,West,4. Good Open (High Floor City),180.0,7.0
47,5,Low, H,304,Small_Unit,2100000,6908,8/3/2012,North,10. Poor Street (Busy Road),180.0,2.0
41,5,Low, B,284,Small_Unit,2150000,7570,8/3/2012,West,10. Poor Street (Busy Road),220.0,2.0
44,30,High, A,284,Small_Unit,2290000,8063,8/3/2012,West,9. Poor Close (Wall View),150.0,3.0
24,25,Mid, F,447,Middle_Unit,3520000,7875,8/3/2012,North,8. Normal (Poor Direction - N/W),380.0,4.5
36,21,Mid, B,478,Middle_Unit,3750000,7845,8/3/2012,North,4. Good Open (High Floor City),300.0,7.0
48,11,Mid, C,304,Small_Unit,2338000,7691,7/3/2012,South,6. Normal (Good Direction - S/E),200.0,6.0
52,12,Mid, F,284,Small_Unit,2280000,8028,7/3/2012,South East,6. Normal (Good Direction - S/E),280.0,6.0
32,21,Mid, C,327,Small_Unit,2350000,7187,6/3/2012,West,9. Poor Close (Wall View),380.0,3.0
46,25,Mid, A,284,Small_Unit,2260000,7958,6/3/2012,West,4. Good Open (High Floor City),180.0,7.0
46,12,Mid, G,304,Small_Unit,2220000,7303,6/3/2012,North,10. Poor Street (Busy Road),180.0,2.0
1,13,Mid, G,327,Small_Unit,2570000,7859,6/3/2012,North East,2. Premium (Full River - West/Sun),650.0,8.5
41,32,High, B,284,Small_Unit,2528000,8901,6/3/2012,West,10. Poor Street (Busy Road),220.0,2.0
36,33,High, C,307,Small_Unit,2450000,7980,6/3/2012,East,6. Normal (Good Direction - S/E),300.0,6.0
8,12,Mid, H,327,Small_Unit,2280000,6972,6/3/2012,North East,6. Normal (Good Direction - S/E),620.0,6.0
29,7,Low, E,451,Middle_Unit,3460000,7672,6/3/2012,North,10. Poor Street (Busy Road),450.0,2.0
49,18,Mid, C,304,Small_Unit,2280000,7500,6/3/2012,South West,6. Normal (Good Direction - S/E),220.0,6.0
36,29,High, E,478,Middle_Unit,4150000,8682,6/3/2012,South,5. Good Internal (Pool/Garden/Mall),300.0,6.5
14,2,Low, B,819,Large_Unit,5300000,6471,6/3/2012,North West,1. Premium Plus (Full River/Park),680.0,9.0
41,24,Mid, E,284,Small_Unit,2300000,8099,5/3/2012,East,9. Poor Close (Wall View),220.0,3.0
15,6,Low, A,819,Large_Unit,5850000,7143,5/3/2012,North West,1. Premium Plus (Full River/Park),650.0,9.0
1,11,Mid, G,327,Small_Unit,2400000,7339,5/3/2012,North East,2. Premium (Full River - West/Sun),650.0,8.5
34,13,Mid, D,707,Large_Unit,5780000,8175,5/3/2012,South,10. Poor Street (Busy Road),300.0,2.0
44,30,High, B,284,Small_Unit,2320000,8169,2/3/2012,West,9. Poor Close (Wall View),150.0,3.0
3,18,Mid, B,451,Middle_Unit,3280000,7273,2/3/2012,North West,2. Premium (Full River - West/Sun),700.0,8.5
18,30,High, E,504,Middle_Unit,3800000,7540,2/3/2012,South East,6. Normal (Good Direction - S/E),550.0,6.0
42,13,Mid, A,284,Small_Unit,2098000,7387,2/3/2012,West,9. Poor Close (Wall View),200.0,3.0
43,29,High, E,284,Small_Unit,2300000,8099,2/3/2012,East,9. Poor Close (Wall View),220.0,3.0
41,13,Mid, D,304,Small_Unit,2290000,7533,2/3/2012,South,6. Normal (Good Direction - S/E),220.0,6.0
31,30,High, H,327,Small_Unit,2620000,8012,2/3/2012,East,9. Poor Close (Wall View),400.0,3.0
42,24,Mid, F,284,Small_Unit,2040000,7183,1/3/2012,East,9. Poor Close (Wall View),200.0,3.0
43,24,Mid, E,284,Small_Unit,2268000,7986,1/3/2012,East,9. Poor Close (Wall View),220.0,3.0
14,23,Mid, D,853,Large_Unit,5600000,6565,1/3/2012,South West,6. Normal (Good Direction - S/E),680.0,6.0
38,8,Low, F,284,Small_Unit,2170000,7641,1/3/2012,West,9. Poor Close (Wall View),150.0,3.0
51,10,Low, H,304,Small_Unit,2285000,7516,1/3/2012,North East,6. Normal (Good Direction - S/E),280.0,6.0
29,29,High, D,327,Small_Unit,2620000,8012,1/3/2012,West,10. Poor Street (Busy Road),450.0,2.0
46,16,Mid, C,304,Small_Unit,2200000,7237,1/3/2012,South,6. Normal (Good Direction - S/E),180.0,6.0
40,16,Mid, E,284,Small_Unit,2270000,7993,1/3/2012,West,10. Poor Street (Busy Road),200.0,2.0
26,4,Low, A,447,Middle_Unit,3280000,7338,29/2/2012,North,8. Normal (Poor Direction - N/W),420.0,4.5
52,5,Low, H,304,Small_Unit,2150000,7072,29/2/2012,North East,6. Normal (Good Direction - S/E),280.0,6.0
42,7,Low, F,284,Small_Unit,2251500,7928,28/2/2012,East,9. Poor Close (Wall View),200.0,3.0
43,6,Low, G,304,Small_Unit,2120000,6974,28/2/2012,North,9. Poor Close (Wall View),220.0,3.0
37,13,Mid, E,284,Small_Unit,2260000,7958,28/2/2012,West,9. Poor Close (Wall View),150.0,3.0
36,35,High, D,307,Small_Unit,2550000,8306,28/2/2012,East,6. Normal (Good Direction - S/E),300.0,6.0
24,18,Mid, E,447,Middle_Unit,3398000,7602,28/2/2012,North,8. Normal (Poor Direction - N/W),380.0,4.5
48,29,High, D,304,Small_Unit,2350000,7730,27/2/2012,South,6. Normal (Good Direction - S/E),200.0,6.0
7,12,Mid, A,515,Middle_Unit,3870000,7515,27/2/2012,North West,2. Premium (Full River - West/Sun),600.0,8.5
41,7,Low, G,304,Small_Unit,2260000,7434,24/2/2012,North,10. Poor Street (Busy Road),220.0,2.0
3,17,Mid, G,327,Small_Unit,2350000,7187,24/2/2012,North East,2. Premium (Full River - West/Sun),700.0,8.5
52,4,Low, E,284,Small_Unit,2000000,7042,24/2/2012,South East,6. Normal (Good Direction - S/E),280.0,6.0
47,17,Mid, C,304,Small_Unit,2150000,7072,24/2/2012,South,6. Normal (Good Direction - S/E),180.0,6.0
20,9,Low, C,327,Small_Unit,2350000,7187,24/2/2012,South West,6. Normal (Good Direction - S/E),520.0,6.0
37,22,Mid, H,304,Small_Unit,2280000,7500,23/2/2012,North,5. Good Internal (Pool/Garden/Mall),150.0,6.5
41,18,Mid, B,284,Small_Unit,2158000,7599,23/2/2012,West,10. Poor Street (Busy Road),220.0,2.0
30,23,Mid, B,451,Middle_Unit,3600000,7982,23/2/2012,South,5. Good Internal (Pool/Garden/Mall),420.0,6.5
41,21,Mid, F,284,Small_Unit,2280000,8028,22/2/2012,East,9. Poor Close (Wall View),220.0,3.0
1,27,High, D,327,Small_Unit,2660000,8135,21/2/2012,South West,2. Premium (Full River - West/Sun),650.0,8.5
19,18,Mid, C,327,Small_Unit,2260000,6911,21/2/2012,South West,6. Normal (Good Direction - S/E),550.0,6.0
38,15,Mid, A,284,Small_Unit,2200000,7746,17/2/2012,East,9. Poor Close (Wall View),150.0,3.0
50,24,Mid, A,284,Small_Unit,2150000,7570,17/2/2012,North West,8. Normal (Poor Direction - N/W),250.0,4.5
34,16,Mid, B,707,Large_Unit,5050000,7143,16/2/2012,North,5. Good Internal (Pool/Garden/Mall),300.0,6.5
52,23,Mid, G,304,Small_Unit,2400000,7895,15/2/2012,North East,6. Normal (Good Direction - S/E),280.0,6.0
10,28,High, H,327,Small_Unit,2390000,7309,13/2/2012,North East,1. Premium Plus (Full River/Park),580.0,9.0
46,23,Mid, H,304,Small_Unit,2300000,7566,10/2/2012,North,10. Poor Street (Busy Road),180.0,2.0
18,1,Low, C,484,Middle_Unit,3200000,6612,10/2/2012,South West,6. Normal (Good Direction - S/E),550.0,6.0
32,12,Mid, C,327,Small_Unit,2800000,8563,10/2/2012,West,9. Poor Close (Wall View),380.0,3.0
32,23,Mid, F,451,Middle_Unit,3480000,7716,9/2/2012,North,10. Poor Street (Busy Road),380.0,2.0
43,25,Mid, F,284,Small_Unit,2150000,7570,8/2/2012,East,9. Poor Close (Wall View),220.0,3.0
42,30,High, D,304,Small_Unit,2360000,7763,8/2/2012,South,6. Normal (Good Direction - S/E),200.0,6.0
10,30,High, D,327,Small_Unit,2430000,7431,8/2/2012,South West,3. Premium Partial (Slivers of Water/Park),580.0,8.0
17,20,Mid, E,451,Middle_Unit,3200000,7095,7/2/2012,South East,6. Normal (Good Direction - S/E),520.0,6.0
7,19,Mid, C,484,Middle_Unit,3800000,7851,6/2/2012,South West,2. Premium (Full River - West/Sun),600.0,8.5
42,9,Low, E,284,Small_Unit,2000000,7042,3/2/2012,East,9. Poor Close (Wall View),200.0,3.0
3,16,Mid, F,451,Middle_Unit,3400000,7539,3/2/2012,South East,3. Premium Partial (Slivers of Water/Park),700.0,8.0
31,26,High, F,451,Middle_Unit,3580000,7938,2/2/2012,North,10. Poor Street (Busy Road),400.0,2.0
46,30,High, G,304,Small_Unit,2350000,7730,2/2/2012,North,10. Poor Street (Busy Road),180.0,2.0
7,23,Mid, D,504,Middle_Unit,3690000,7321,2/2/2012,South West,2. Premium (Full River - West/Sun),600.0,8.5
1,12,Mid, C,327,Small_Unit,2290000,7003,1/2/2012,South West,2. Premium (Full River - West/Sun),650.0,8.5
48,14,Mid, D,304,Small_Unit,2378000,7822,31/1/2012,South,6. Normal (Good Direction - S/E),200.0,6.0
52,8,Low, E,284,Small_Unit,2185000,7694,30/1/2012,South East,6. Normal (Good Direction - S/E),280.0,6.0
37,5,Low, F,284,Small_Unit,2020000,7113,30/1/2012,West,9. Poor Close (Wall View),150.0,3.0
34,32,High, C,707,Large_Unit,5500000,7779,27/1/2012,North,4. Good Open (High Floor City),300.0,7.0
20,12,Mid, H,327,Small_Unit,2350000,7187,20/1/2012,North East,6. Normal (Good Direction - S/E),520.0,6.0
39,21,Mid, A,284,Small_Unit,2250000,7923,20/1/2012,East,9. Poor Close (Wall View),180.0,3.0
29,8,Low, G,327,Small_Unit,2400000,7339,20/1/2012,South,9. Poor Close (Wall View),450.0,3.0
50,11,Mid, B,284,Small_Unit,2250000,7923,20/1/2012,North West,8. Normal (Poor Direction - N/W),250.0,4.5
16,28,High, H,327,Small_Unit,2380000,7278,19/1/2012,North East,6. Normal (Good Direction - S/E),500.0,6.0
9,16,Mid, H,327,Small_Unit,2400000,7339,19/1/2012,North East,6. Normal (Good Direction - S/E),600.0,6.0
35,36,High, D,707,Large_Unit,5750000,8133,19/1/2012,South,10. Poor Street (Busy Road),320.0,2.0
41,29,High, F,284,Small_Unit,2390000,8415,19/1/2012,East,9. Poor Close (Wall View),220.0,3.0
39,15,Mid, F,284,Small_Unit,2230000,7852,17/1/2012,West,9. Poor Close (Wall View),180.0,3.0
8,19,Mid, D,327,Small_Unit,2260000,6911,17/1/2012,South West,6. Normal (Good Direction - S/E),620.0,6.0
37,29,High, G,304,Small_Unit,2300000,7566,16/1/2012,North,5. Good Internal (Pool/Garden/Mall),150.0,6.5
37,24,Mid, F,284,Small_Unit,2350000,8275,13/1/2012,West,9. Poor Close (Wall View),150.0,3.0
17,13,Mid, A,451,Middle_Unit,3130000,6940,12/1/2012,North West,8. Normal (Poor Direction - N/W),520.0,4.5
28,7,Low, C,688,Large_Unit,4528000,6581,12/1/2012,West,9. Poor Close (Wall View),480.0,3.0
29,29,High, H,327,Small_Unit,2480000,7584,11/1/2012,South,9. Poor Close (Wall View),450.0,3.0
3,17,Mid, A,451,Middle_Unit,3350000,7428,11/1/2012,North West,2. Premium (Full River - West/Sun),700.0,8.5
18,27,High, E,504,Middle_Unit,3600000,7143,11/1/2012,South East,6. Normal (Good Direction - S/E),550.0,6.0
44,32,High, H,304,Small_Unit,2500000,8224,11/1/2012,North,9. Poor Close (Wall View),150.0,3.0
4,18,Mid, B,819,Large_Unit,5800000,7082,10/1/2012,North West,2. Premium (Full River - West/Sun),720.0,8.5
2,15,Mid, E,451,Middle_Unit,3428000,7601,10/1/2012,South East,3. Premium Partial (Slivers of Water/Park),680.0,8.0
13,22,Mid, C,853,Large_Unit,5800000,6800,9/1/2012,South West,3. Premium Partial (Slivers of Water/Park),700.0,8.0
38,16,Mid, G,304,Small_Unit,2280000,7500,5/1/2012,North,10. Poor Street (Busy Road),150.0,2.0
43,24,Mid, G,304,Small_Unit,2300000,7566,4/1/2012,North,9. Poor Close (Wall View),220.0,3.0
27,3,Low, B,688,Large_Unit,4730000,6875,4/1/2012,East,9. Poor Close (Wall View),450.0,3.0
23,14,Mid, B,451,Middle_Unit,3498000,7756,30/12/2011,North West,8. Normal (Poor Direction - N/W),350.0,4.5
23,8,Low, F,451,Middle_Unit,3268000,7246,30/12/2011,South East,6. Normal (Good Direction - S/E),350.0,6.0
40,14,Mid, B,284,Small_Unit,2280000,8028,29/12/2011,East,9. Poor Close (Wall View),200.0,3.0
21,26,High, B,451,Middle_Unit,3375000,7483,23/12/2011,North West,8. Normal (Poor Direction - N/W),500.0,4.5
24,23,Mid, B,447,Middle_Unit,3450000,7718,23/12/2011,East,9. Poor Close (Wall View),380.0,3.0
31,11,Mid, C,327,Small_Unit,2230000,6820,23/12/2011,West,9. Poor Close (Wall View),400.0,3.0
6,2,Low, D,853,Large_Unit,5000000,5862,23/12/2011,South West,11. Poor Highway (Tai Chung Kiu Noise Penalty),720.0,1.0
40,7,Low, G,304,Small_Unit,2280000,7500,23/12/2011,North,10. Poor Street (Busy Road),200.0,2.0
40,30,High, G,304,Small_Unit,2398000,7888,21/12/2011,North,10. Poor Street (Busy Road),200.0,2.0
26,2,Low, H,326,Small_Unit,2150000,6595,21/12/2011,East,10. Poor Street (Busy Road),420.0,2.0
30,12,Mid, E,451,Middle_Unit,3500000,7761,19/12/2011,North,9. Poor Close (Wall View),420.0,3.0
37,27,High, C,304,Small_Unit,2390000,7862,15/12/2011,South,9. Poor Close (Wall View),150.0,3.0
30,21,Mid, B,451,Middle_Unit,3630000,8049,14/12/2011,South,5. Good Internal (Pool/Garden/Mall),420.0,6.5
37,19,Mid, E,284,Small_Unit,2250000,7923,13/12/2011,West,9. Poor Close (Wall View),150.0,3.0
46,14,Mid, D,304,Small_Unit,2230000,7336,13/12/2011,South,6. Normal (Good Direction - S/E),180.0,6.0
18,11,Mid, F,484,Middle_Unit,3750000,7748,12/12/2011,South East,6. Normal (Good Direction - S/E),550.0,6.0
37,29,High, D,304,Small_Unit,2200000,7237,9/12/2011,South,9. Poor Close (Wall View),150.0,3.0
29,9,Low, H,327,Small_Unit,2380000,7278,9/12/2011,South,9. Poor Close (Wall View),450.0,3.0
10,6,Low, E,451,Middle_Unit,3200000,7095,8/12/2011,South East,1. Premium Plus (Full River/Park),580.0,9.0
16,15,Mid, F,451,Middle_Unit,3610000,8004,8/12/2011,South East,6. Normal (Good Direction - S/E),500.0,6.0
39,7,Low, B,284,Small_Unit,2138000,7528,7/12/2011,East,9. Poor Close (Wall View),180.0,3.0
44,29,High, H,304,Small_Unit,2438000,8020,6/12/2011,North,9. Poor Close (Wall View),150.0,3.0
10,24,Mid, G,327,Small_Unit,2517000,7697,5/12/2011,North East,1. Premium Plus (Full River/Park),580.0,9.0
20,9,Low, F,451,Middle_Unit,3180000,7051,2/12/2011,South East,6. Normal (Good Direction - S/E),520.0,6.0
50,25,Mid, B,284,Small_Unit,2270000,7993,1/12/2011,North West,8. Normal (Poor Direction - N/W),250.0,4.5
52,31,High, C,304,Small_Unit,2390000,7862,1/12/2011,South West,6. Normal (Good Direction - S/E),280.0,6.0
37,10,Low, H,304,Small_Unit,2250000,7401,29/11/2011,North,5. Good Internal (Pool/Garden/Mall),150.0,6.5
50,17,Mid, D,304,Small_Unit,2340000,7697,28/11/2011,South West,6. Normal (Good Direction - S/E),250.0,6.0
45,20,Mid, G,304,Small_Unit,2288000,7526,28/11/2011,North,9. Poor Close (Wall View),150.0,3.0
29,21,Mid, C,327,Small_Unit,2538000,7761,24/11/2011,West,10. Poor Street (Busy Road),450.0,2.0
32,10,Low, D,327,Small_Unit,2300000,7034,22/11/2011,West,9. Poor Close (Wall View),380.0,3.0
43,13,Mid, B,284,Small_Unit,2190000,7711,21/11/2011,West,9. Poor Close (Wall View),220.0,3.0
29,5,Low, G,327,Small_Unit,2400000,7339,21/11/2011,South,9. Poor Close (Wall View),450.0,3.0
45,28,High, G,304,Small_Unit,2280000,7500,21/11/2011,North,9. Poor Close (Wall View),150.0,3.0
38,20,Mid, G,304,Small_Unit,2450000,8059,21/11/2011,North,10. Poor Street (Busy Road),150.0,2.0
17,5,Low, F,451,Middle_Unit,3150000,6984,18/11/2011,South East,6. Normal (Good Direction - S/E),520.0,6.0
42,26,High, C,304,Small_Unit,2600000,8553,18/11/2011,South,6. Normal (Good Direction - S/E),200.0,6.0
50,6,Low, D,304,Small_Unit,2310000,7599,17/11/2011,South West,6. Normal (Good Direction - S/E),250.0,6.0
44,27,High, A,284,Small_Unit,2350000,8275,16/11/2011,West,9. Poor Close (Wall View),150.0,3.0
19,7,Low, B,451,Middle_Unit,3300000,7317,15/11/2011,North West,8. Normal (Poor Direction - N/W),550.0,4.5
44,16,Mid, B,284,Small_Unit,2200000,7746,15/11/2011,West,9. Poor Close (Wall View),150.0,3.0
39,12,Mid, A,284,Small_Unit,2360000,8310,15/11/2011,East,9. Poor Close (Wall View),180.0,3.0
32,25,Mid, G,327,Small_Unit,2500000,7645,14/11/2011,East,10. Poor Street (Busy Road),380.0,2.0
41,11,Mid, E,284,Small_Unit,2100000,7394,14/11/2011,East,9. Poor Close (Wall View),220.0,3.0
48,28,High, H,304,Small_Unit,2100000,6908,11/11/2011,North,10. Poor Street (Busy Road),200.0,2.0
32,5,Low, D,327,Small_Unit,2150000,6575,10/11/2011,West,9. Poor Close (Wall View),380.0,3.0
40,5,Low, A,284,Small_Unit,2000000,7042,10/11/2011,East,9. Poor Close (Wall View),200.0,3.0
48,12,Mid, D,304,Small_Unit,2245000,7385,10/11/2011,South,6. Normal (Good Direction - S/E),200.0,6.0
52,22,Mid, G,304,Small_Unit,2200000,7237,10/11/2011,North East,6. Normal (Good Direction - S/E),280.0,6.0
41,20,Mid, D,304,Small_Unit,2000000,6579,8/11/2011,South,6. Normal (Good Direction - S/E),220.0,6.0
49,14,Mid, D,304,Small_Unit,2150000,7072,8/11/2011,South West,6. Normal (Good Direction - S/E),220.0,6.0
23,24,Mid, C,327,Small_Unit,2490000,7615,7/11/2011,South West,6. Normal (Good Direction - S/E),350.0,6.0
35,7,Low, D,707,Large_Unit,4900000,6931,4/11/2011,South,10. Poor Street (Busy Road),320.0,2.0
46,22,Mid, G,304,Small_Unit,2340000,7697,3/11/2011,North,10. Poor Street (Busy Road),180.0,2.0
24,16,Mid, D,326,Small_Unit,2438000,7479,3/11/2011,West,10. Poor Street (Busy Road),380.0,2.0
2,26,High, H,327,Small_Unit,2560000,7829,2/11/2011,North East,2. Premium (Full River - West/Sun),680.0,8.5
24,5,Low, E,447,Middle_Unit,3200000,7159,2/11/2011,North,8. Normal (Poor Direction - N/W),380.0,4.5
10,18,Mid, H,327,Small_Unit,2370000,7248,28/10/2011,North East,1. Premium Plus (Full River/Park),580.0,9.0
49,17,Mid, B,284,Small_Unit,2230000,7852,28/10/2011,North West,4. Good Open (High Floor City),220.0,7.0
46,19,Mid, B,284,Small_Unit,2160000,7606,27/10/2011,West,10. Poor Street (Busy Road),180.0,2.0
30,16,Mid, G,327,Small_Unit,2530000,7737,26/10/2011,East,9. Poor Close (Wall View),420.0,3.0
41,10,Low, H,304,Small_Unit,2230000,7336,24/10/2011,North,10. Poor Street (Busy Road),220.0,2.0
38,13,Mid, F,284,Small_Unit,2250000,7923,24/10/2011,West,9. Poor Close (Wall View),150.0,3.0
39,30,High, A,284,Small_Unit,2500000,8803,21/10/2011,East,9. Poor Close (Wall View),180.0,3.0
16,30,High, C,327,Small_Unit,2598000,7945,21/10/2011,South West,6. Normal (Good Direction - S/E),500.0,6.0
31,26,High, D,327,Small_Unit,2600000,7951,21/10/2011,West,9. Poor Close (Wall View),400.0,3.0
47,15,Mid, D,304,Small_Unit,2330000,7664,20/10/2011,South,6. Normal (Good Direction - S/E),180.0,6.0
20,16,Mid, C,327,Small_Unit,2595000,7936,20/10/2011,South West,6. Normal (Good Direction - S/E),520.0,6.0
17,25,Mid, G,327,Small_Unit,2400000,7339,20/10/2011,North East,6. Normal (Good Direction - S/E),520.0,6.0
46,30,High, C,304,Small_Unit,2400000,7895,20/10/2011,South,6. Normal (Good Direction - S/E),180.0,6.0
3,6,Low, H,327,Small_Unit,2000000,6116,18/10/2011,North East,2. Premium (Full River - West/Sun),700.0,8.5
48,16,Mid, F,284,Small_Unit,2300000,8099,18/10/2011,East,10. Poor Street (Busy Road),200.0,2.0
48,10,Low, D,304,Small_Unit,2180000,7171,18/10/2011,South,6. Normal (Good Direction - S/E),200.0,6.0
24,27,High, C,326,Small_Unit,2443800,7496,17/10/2011,West,10. Poor Street (Busy Road),380.0,2.0
40,5,Low, B,284,Small_Unit,2130000,7500,17/10/2011,East,9. Poor Close (Wall View),200.0,3.0
38,7,Low, G,304,Small_Unit,2325000,7648,14/10/2011,North,10. Poor Street (Busy Road),150.0,2.0
52,31,High, D,304,Small_Unit,2430000,7993,14/10/2011,South West,6. Normal (Good Direction - S/E),280.0,6.0
23,14,Mid, C,327,Small_Unit,2520000,7706,14/10/2011,South West,6. Normal (Good Direction - S/E),350.0,6.0
42,29,High, C,304,Small_Unit,1920000,6316,14/10/2011,South,6. Normal (Good Direction - S/E),200.0,6.0
39,14,Mid, E,284,Small_Unit,2250000,7923,14/10/2011,West,9. Poor Close (Wall View),180.0,3.0
14,8,Low, C,853,Large_Unit,5700000,6682,14/10/2011,South West,6. Normal (Good Direction - S/E),680.0,6.0
35,29,High, C,707,Large_Unit,5600000,7921,13/10/2011,North,4. Good Open (High Floor City),320.0,7.0
17,19,Mid, A,451,Middle_Unit,3480000,7716,13/10/2011,North West,8. Normal (Poor Direction - N/W),520.0,4.5
40,28,High, F,284,Small_Unit,2475000,8715,13/10/2011,West,10. Poor Street (Busy Road),200.0,2.0
45,10,Low, B,284,Small_Unit,2350000,8275,12/10/2011,West,9. Poor Close (Wall View),150.0,3.0
19,1,Low, D,327,Small_Unit,2100000,6422,11/10/2011,South West,6. Normal (Good Direction - S/E),550.0,6.0
37,10,Low, G,304,Small_Unit,2355000,7747,11/10/2011,North,5. Good Internal (Pool/Garden/Mall),150.0,6.5
16,6,Low, F,451,Middle_Unit,3350000,7428,11/10/2011,South East,6. Normal (Good Direction - S/E),500.0,6.0
9,20,Mid, F,451,Middle_Unit,3500000,7761,11/10/2011,South East,6. Normal (Good Direction - S/E),600.0,6.0
9,10,Low, E,451,Middle_Unit,3580000,7938,11/10/2011,South East,4. Good Open (High Floor City),600.0,7.0
52,4,Low, G,304,Small_Unit,2180000,7171,11/10/2011,North East,6. Normal (Good Direction - S/E),280.0,6.0
27,20,Mid, A,688,Large_Unit,5430000,7892,11/10/2011,East,9. Poor Close (Wall View),450.0,3.0
45,28,High, H,304,Small_Unit,2400000,7895,10/10/2011,North,9. Poor Close (Wall View),150.0,3.0
46,8,Low, F,284,Small_Unit,2300000,8099,10/10/2011,East,9. Poor Close (Wall View),180.0,3.0
52,21,Mid, E,284,Small_Unit,2310000,8134,10/10/2011,South East,6. Normal (Good Direction - S/E),280.0,6.0
24,24,Mid, G,326,Small_Unit,2520000,7730,7/10/2011,South,10. Poor Street (Busy Road),380.0,2.0
21,16,Mid, A,451,Middle_Unit,3360000,7450,7/10/2011,North West,8. Normal (Poor Direction - N/W),500.0,4.5
41,4,Low, C,304,Small_Unit,2150000,7072,7/10/2011,South,6. Normal (Good Direction - S/E),220.0,6.0
49,8,Low, H,304,Small_Unit,2338000,7691,7/10/2011,North East,6. Normal (Good Direction - S/E),220.0,6.0
36,24,Mid, D,307,Small_Unit,2400000,7818,7/10/2011,East,6. Normal (Good Direction - S/E),300.0,6.0
51,10,Low, D,304,Small_Unit,2250000,7401,7/10/2011,South West,6. Normal (Good Direction - S/E),280.0,6.0
45,21,Mid, B,284,Small_Unit,2240000,7887,7/10/2011,West,9. Poor Close (Wall View),150.0,3.0
44,9,Low, C,304,Small_Unit,2000000,6579,7/10/2011,South,6. Normal (Good Direction - S/E),150.0,6.0
19,25,Mid, D,327,Small_Unit,2490000,7615,7/10/2011,South West,6. Normal (Good Direction - S/E),550.0,6.0
46,14,Mid, F,284,Small_Unit,2350000,8275,7/10/2011,East,9. Poor Close (Wall View),180.0,3.0
4,26,High, C,853,Large_Unit,6980000,8183,7/10/2011,South West,2. Premium (Full River - West/Sun),720.0,8.5
39,27,High, C,304,Small_Unit,2360000,7763,7/10/2011,South,9. Poor Close (Wall View),180.0,3.0
3,9,Low, H,327,Small_Unit,2393000,7318,7/10/2011,North East,2. Premium (Full River - West/Sun),700.0,8.5
48,18,Mid, C,304,Small_Unit,2450000,8059,6/10/2011,South,6. Normal (Good Direction - S/E),200.0,6.0
11,21,Mid, F,484,Middle_Unit,3700000,7645,6/10/2011,South East,1. Premium Plus (Full River/Park),550.0,9.0
48,19,Mid, A,284,Small_Unit,2360000,8310,6/10/2011,West,9. Poor Close (Wall View),200.0,3.0
1,2,Low, C,327,Small_Unit,2120000,6483,4/10/2011,South West,2. Premium (Full River - West/Sun),650.0,8.5
17,17,Mid, E,451,Middle_Unit,3370000,7472,4/10/2011,South East,6. Normal (Good Direction - S/E),520.0,6.0
39,3,Low, B,284,Small_Unit,2050000,7218,4/10/2011,East,9. Poor Close (Wall View),180.0,3.0
49,28,High, E,284,Small_Unit,2310000,8134,3/10/2011,South East,6. Normal (Good Direction - S/E),220.0,6.0
37,6,Low, E,284,Small_Unit,2280000,8028,3/10/2011,West,9. Poor Close (Wall View),150.0,3.0
45,17,Mid, B,284,Small_Unit,2376000,8366,30/9/2011,West,9. Poor Close (Wall View),150.0,3.0
45,27,High, C,304,Small_Unit,2280000,7500,30/9/2011,South,6. Normal (Good Direction - S/E),150.0,6.0
26,13,Mid, B,447,Middle_Unit,3380000,7562,30/9/2011,North,8. Normal (Poor Direction - N/W),420.0,4.5
21,13,Mid, B,451,Middle_Unit,3250000,7206,30/9/2011,North West,8. Normal (Poor Direction - N/W),500.0,4.5
45,3,Low, D,304,Small_Unit,2200000,7237,30/9/2011,South,6. Normal (Good Direction - S/E),150.0,6.0
7,8,Low, E,504,Middle_Unit,3750000,7440,30/9/2011,South East,3. Premium Partial (Slivers of Water/Park),600.0,6.0
30,22,Mid, E,451,Middle_Unit,3850000,8537,30/9/2011,North,9. Poor Close (Wall View),420.0,3.0
40,8,Low, H,304,Small_Unit,2320000,7632,30/9/2011,North,10. Poor Street (Busy Road),200.0,2.0
41,7,Low, B,284,Small_Unit,2050000,7218,30/9/2011,West,10. Poor Street (Busy Road),220.0,2.0
52,29,High, E,284,Small_Unit,2290000,8063,30/9/2011,South East,6. Normal (Good Direction - S/E),280.0,6.0
39,7,Low, E,284,Small_Unit,2260000,7958,30/9/2011,West,9. Poor Close (Wall View),180.0,3.0
18,1,Low, E,504,Middle_Unit,3370000,6687,28/9/2011,South East,6. Normal (Good Direction - S/E),550.0,6.0
45,17,Mid, F,284,Small_Unit,2400000,8451,28/9/2011,East,10. Poor Street (Busy Road),150.0,2.0
36,20,Mid, F,478,Middle_Unit,3790000,7929,28/9/2011,South,5. Good Internal (Pool/Garden/Mall),300.0,6.5
41,4,Low, G,304,Small_Unit,2076000,6829,28/9/2011,North,10. Poor Street (Busy Road),220.0,2.0
29,25,Mid, B,451,Middle_Unit,3550000,7871,28/9/2011,East,9. Poor Close (Wall View),450.0,3.0
37,18,Mid, H,304,Small_Unit,2270000,7467,28/9/2011,North,5. Good Internal (Pool/Garden/Mall),150.0,6.5
47,11,Mid, H,304,Small_Unit,2345000,7714,28/9/2011,North,10. Poor Street (Busy Road),180.0,2.0
51,6,Low, H,304,Small_Unit,2260000,7434,27/9/2011,North East,6. Normal (Good Direction - S/E),280.0,6.0
46,24,Mid, E,284,Small_Unit,2220000,7817,27/9/2011,East,9. Poor Close (Wall View),180.0,3.0
26,6,Low, F,447,Middle_Unit,3420000,7651,27/9/2011,South,10. Poor Street (Busy Road),420.0,2.0
52,7,Low, C,304,Small_Unit,2220000,7303,27/9/2011,South West,6. Normal (Good Direction - S/E),280.0,6.0
21,4,Low, H,327,Small_Unit,2150000,6575,27/9/2011,North East,6. Normal (Good Direction - S/E),500.0,6.0
24,11,Mid, D,326,Small_Unit,2308000,7080,27/9/2011,West,10. Poor Street (Busy Road),380.0,2.0
49,23,Mid, G,304,Small_Unit,2380000,7829,26/9/2011,North East,6. Normal (Good Direction - S/E),220.0,6.0
32,5,Low, B,451,Middle_Unit,3360000,7450,26/9/2011,South,5. Good Internal (Pool/Garden/Mall),380.0,6.5
40,9,Low, D,304,Small_Unit,2198000,7230,23/9/2011,South,9. Poor Close (Wall View),200.0,3.0
50,16,Mid, B,284,Small_Unit,2290000,8063,23/9/2011,North West,8. Normal (Poor Direction - N/W),250.0,4.5
44,11,Mid, F,284,Small_Unit,2278000,8021,23/9/2011,East,9. Poor Close (Wall View),150.0,3.0
38,23,Mid, H,304,Small_Unit,2320000,7632,22/9/2011,North,10. Poor Street (Busy Road),150.0,2.0
39,8,Low, G,304,Small_Unit,2290000,7533,22/9/2011,North,10. Poor Street (Busy Road),180.0,2.0
49,26,High, H,304,Small_Unit,2288000,7526,22/9/2011,North East,6. Normal (Good Direction - S/E),220.0,6.0
17,3,Low, G,327,Small_Unit,2138000,6538,21/9/2011,North East,6. Normal (Good Direction - S/E),520.0,6.0
39,21,Mid, B,284,Small_Unit,2188000,7704,21/9/2011,East,9. Poor Close (Wall View),180.0,3.0
41,22,Mid, H,304,Small_Unit,2388000,7855,21/9/2011,North,10. Poor Street (Busy Road),220.0,2.0
21,23,Mid, C,327,Small_Unit,2410000,7370,21/9/2011,South West,6. Normal (Good Direction - S/E),500.0,6.0
39,9,Low, A,284,Small_Unit,2255000,7940,21/9/2011,East,9. Poor Close (Wall View),180.0,3.0
44,29,High, F,284,Small_Unit,2360000,8310,21/9/2011,East,9. Poor Close (Wall View),150.0,3.0
51,26,High, D,304,Small_Unit,2250000,7401,21/9/2011,South West,6. Normal (Good Direction - S/E),280.0,6.0
41,15,Mid, A,284,Small_Unit,2420000,8521,21/9/2011,West,10. Poor Street (Busy Road),220.0,2.0
39,25,Mid, C,304,Small_Unit,2280000,7500,20/9/2011,South,9. Poor Close (Wall View),180.0,3.0
36,29,High, D,307,Small_Unit,2390000,7785,20/9/2011,East,6. Normal (Good Direction - S/E),300.0,6.0
19,5,Low, C,327,Small_Unit,2200000,6728,20/9/2011,South West,6. Normal (Good Direction - S/E),550.0,6.0
42,3,Low, C,304,Small_Unit,2020000,6645,20/9/2011,South,6. Normal (Good Direction - S/E),200.0,6.0
17,24,Mid, G,327,Small_Unit,2360000,7217,20/9/2011,North East,6. Normal (Good Direction - S/E),520.0,6.0
3,3,Low, A,451,Middle_Unit,3000000,6652,20/9/2011,North West,2. Premium (Full River - West/Sun),700.0,8.5
40,11,Mid, D,304,Small_Unit,2260000,7434,19/9/2011,South,9. Poor Close (Wall View),200.0,3.0
44,16,Mid, E,284,Small_Unit,2230000,7852,19/9/2011,East,9. Poor Close (Wall View),150.0,3.0
42,29,High, D,304,Small_Unit,1980000,6513,19/9/2011,South,6. Normal (Good Direction - S/E),200.0,6.0
50,32,High, C,304,Small_Unit,2358800,7759,19/9/2011,South West,6. Normal (Good Direction - S/E),250.0,6.0
44,23,Mid, F,284,Small_Unit,2300000,8099,16/9/2011,East,9. Poor Close (Wall View),150.0,3.0
23,16,Mid, A,451,Middle_Unit,3350000,7428,16/9/2011,North West,8. Normal (Poor Direction - N/W),350.0,4.5
47,27,High, E,284,Small_Unit,2328000,8197,16/9/2011,East,9. Poor Close (Wall View),180.0,3.0
37,7,Low, F,284,Small_Unit,2230000,7852,16/9/2011,West,9. Poor Close (Wall View),150.0,3.0
48,24,Mid, B,284,Small_Unit,2420000,8521,16/9/2011,West,9. Poor Close (Wall View),200.0,3.0
36,17,Mid, E,478,Middle_Unit,3580000,7490,16/9/2011,South,5. Good Internal (Pool/Garden/Mall),300.0,6.5
9,18,Mid, C,327,Small_Unit,2430000,7431,16/9/2011,South West,6. Normal (Good Direction - S/E),600.0,6.0
46,20,Mid, C,304,Small_Unit,2340000,7697,16/9/2011,South,6. Normal (Good Direction - S/E),180.0,6.0
42,30,High, A,284,Small_Unit,2250000,7923,15/9/2011,West,9. Poor Close (Wall View),200.0,3.0
8,10,Low, F,451,Middle_Unit,3158000,7002,15/9/2011,South East,6. Normal (Good Direction - S/E),620.0,6.0
19,13,Mid, G,327,Small_Unit,2150000,6575,15/9/2011,North East,6. Normal (Good Direction - S/E),550.0,6.0
39,31,High, H,304,Small_Unit,2350000,7730,15/9/2011,North,10. Poor Street (Busy Road),180.0,2.0
30,9,Low, D,327,Small_Unit,2290000,7003,15/9/2011,West,10. Poor Street (Busy Road),420.0,2.0
2,2,Low, H,327,Small_Unit,2000000,6116,15/9/2011,North East,2. Premium (Full River - West/Sun),680.0,8.5
52,32,High, D,304,Small_Unit,2370000,7796,15/9/2011,South West,6. Normal (Good Direction - S/E),280.0,6.0
36,25,Mid, H,307,Small_Unit,2358000,7681,14/9/2011,West,10. Poor Street (Busy Road),300.0,2.0
45,32,High, D,304,Small_Unit,2550000,8388,14/9/2011,South,6. Normal (Good Direction - S/E),150.0,6.0
2,11,Mid, C,327,Small_Unit,2300000,7034,14/9/2011,South West,2. Premium (Full River - West/Sun),680.0,8.5
10,14,Mid, H,327,Small_Unit,2350000,7187,12/9/2011,North East,1. Premium Plus (Full River/Park),580.0,9.0
52,18,Mid, A,284,Small_Unit,2300000,8099,12/9/2011,North West,8. Normal (Poor Direction - N/W),280.0,4.5
1,27,High, C,327,Small_Unit,2538000,7761,12/9/2011,South West,2. Premium (Full River - West/Sun),650.0,8.5
49,18,Mid, E,284,Small_Unit,2350000,8275,12/9/2011,South East,6. Normal (Good Direction - S/E),220.0,6.0
42,21,Mid, H,304,Small_Unit,2280000,7500,12/9/2011,North,9. Poor Close (Wall View),200.0,3.0
43,14,Mid, H,304,Small_Unit,2100000,6908,12/9/2011,North,9. Poor Close (Wall View),220.0,3.0
40,16,Mid, C,304,Small_Unit,2200000,7237,12/9/2011,South,9. Poor Close (Wall View),200.0,3.0
10,26,High, H,327,Small_Unit,2380000,7278,12/9/2011,North East,1. Premium Plus (Full River/Park),580.0,9.0
27,11,Mid, D,688,Large_Unit,5300000,7703,12/9/2011,West,10. Poor Street (Busy Road),450.0,2.0
49,18,Mid, D,304,Small_Unit,2310000,7599,9/9/2011,South West,6. Normal (Good Direction - S/E),220.0,6.0
1,17,Mid, D,327,Small_Unit,2350000,7187,9/9/2011,South West,2. Premium (Full River - West/Sun),650.0,8.5
41,21,Mid, E,284,Small_Unit,2288000,8056,8/9/2011,East,9. Poor Close (Wall View),220.0,3.0
2,6,Low, H,327,Small_Unit,2290000,7003,8/9/2011,North East,2. Premium (Full River - West/Sun),680.0,8.5
26,28,High, D,326,Small_Unit,2328000,7141,8/9/2011,West,9. Poor Close (Wall View),420.0,3.0
1,9,Low, C,327,Small_Unit,2400000,7339,8/9/2011,South West,2. Premium (Full River - West/Sun),650.0,8.5
37,6,Low, G,304,Small_Unit,2350000,7730,7/9/2011,North,5. Good Internal (Pool/Garden/Mall),150.0,6.5
43,11,Mid, C,304,Small_Unit,2278000,7493,7/9/2011,South,6. Normal (Good Direction - S/E),220.0,6.0
9,13,Mid, H,327,Small_Unit,2350000,7187,7/9/2011,North East,6. Normal (Good Direction - S/E),600.0,6.0
49,23,Mid, C,304,Small_Unit,2380000,7829,7/9/2011,South West,6. Normal (Good Direction - S/E),220.0,6.0
36,25,Mid, G,307,Small_Unit,2360000,7687,6/9/2011,West,10. Poor Street (Busy Road),300.0,2.0
32,24,Mid, F,451,Middle_Unit,3388000,7512,6/9/2011,North,10. Poor Street (Busy Road),380.0,2.0
19,10,Low, D,327,Small_Unit,2500000,7645,6/9/2011,South West,6. Normal (Good Direction - S/E),550.0,6.0
52,30,High, F,284,Small_Unit,2330000,8204,5/9/2011,South East,6. Normal (Good Direction - S/E),280.0,6.0
8,26,High, B,451,Middle_Unit,3600000,7982,5/9/2011,North West,8. Normal (Poor Direction - N/W),620.0,4.5
46,11,Mid, D,304,Small_Unit,2260000,7434,5/9/2011,South,6. Normal (Good Direction - S/E),180.0,6.0
41,4,Low, D,304,Small_Unit,2050000,6743,5/9/2011,South,6. Normal (Good Direction - S/E),220.0,6.0
51,9,Low, F,284,Small_Unit,2438000,8585,5/9/2011,South East,6. Normal (Good Direction - S/E),280.0,6.0
30,16,Mid, C,327,Small_Unit,2458000,7517,5/9/2011,West,10. Poor Street (Busy Road),420.0,2.0
45,20,Mid, A,284,Small_Unit,2170000,7641,5/9/2011,West,9. Poor Close (Wall View),150.0,3.0
28,1,Low, C,688,Large_Unit,4230000,6148,5/9/2011,West,9. Poor Close (Wall View),480.0,3.0
47,21,Mid, D,304,Small_Unit,2350000,7730,5/9/2011,South,6. Normal (Good Direction - S/E),180.0,6.0
44,3,Low, H,304,Small_Unit,2000000,6579,5/9/2011,North,9. Poor Close (Wall View),150.0,3.0
39,32,High, B,284,Small_Unit,2420000,8521,5/9/2011,East,9. Poor Close (Wall View),180.0,3.0
19,27,High, F,451,Middle_Unit,3438000,7623,5/9/2011,South East,6. Normal (Good Direction - S/E),550.0,6.0
2,21,Mid, E,451,Middle_Unit,3480000,7716,2/9/2011,South East,3. Premium Partial (Slivers of Water/Park),680.0,8.0
3,6,Low, D,327,Small_Unit,2238000,6844,2/9/2011,South West,2. Premium (Full River - West/Sun),700.0,8.5
46,17,Mid, H,304,Small_Unit,1900000,6250,2/9/2011,North,10. Poor Street (Busy Road),180.0,2.0
6,17,Mid, A,819,Large_Unit,6520000,7961,2/9/2011,North West,2. Premium (Full River - West/Sun),720.0,8.5
52,17,Mid, G,304,Small_Unit,2340000,7697,2/9/2011,North East,6. Normal (Good Direction - S/E),280.0,6.0
43,12,Mid, D,304,Small_Unit,2350000,7730,2/9/2011,South,6. Normal (Good Direction - S/E),220.0,6.0
22,28,High, A,515,Middle_Unit,3660000,7107,1/9/2011,North West,8. Normal (Poor Direction - N/W),480.0,4.5
18,7,Low, C,484,Middle_Unit,3650000,7541,1/9/2011,South West,6. Normal (Good Direction - S/E),550.0,6.0
42,11,Mid, F,284,Small_Unit,2255000,7940,1/9/2011,East,9. Poor Close (Wall View),200.0,3.0
31,29,High, G,327,Small_Unit,2328000,7119,31/8/2011,East,9. Poor Close (Wall View),400.0,3.0
23,13,Mid, A,451,Middle_Unit,3350000,7428,31/8/2011,North West,8. Normal (Poor Direction - N/W),350.0,4.5
1,8,Low, D,327,Small_Unit,2330000,7125,30/8/2011,South West,2. Premium (Full River - West/Sun),650.0,8.5
3,18,Mid, G,327,Small_Unit,2350000,7187,30/8/2011,North East,2. Premium (Full River - West/Sun),700.0,8.5
3,18,Mid, C,327,Small_Unit,2388000,7303,30/8/2011,South West,2. Premium (Full River - West/Sun),700.0,8.5
16,10,Low, H,327,Small_Unit,2378000,7272,30/8/2011,North East,6. Normal (Good Direction - S/E),500.0,6.0
38,5,Low, C,304,Small_Unit,2150000,7072,30/8/2011,South,9. Poor Close (Wall View),150.0,3.0
40,30,High, D,304,Small_Unit,2260000,7434,29/8/2011,South,9. Poor Close (Wall View),200.0,3.0
41,8,Low, A,284,Small_Unit,2330000,8204,29/8/2011,West,10. Poor Street (Busy Road),220.0,2.0
44,5,Low, G,304,Small_Unit,2138000,7033,29/8/2011,North,9. Poor Close (Wall View),150.0,3.0
31,26,High, E,451,Middle_Unit,3600000,7982,29/8/2011,North,10. Poor Street (Busy Road),400.0,2.0
45,18,Mid, B,284,Small_Unit,2230000,7852,26/8/2011,West,9. Poor Close (Wall View),150.0,3.0
36,8,Low, H,307,Small_Unit,2470000,8046,26/8/2011,West,10. Poor Street (Busy Road),300.0,2.0
40,22,Mid, E,284,Small_Unit,2280000,8028,26/8/2011,West,10. Poor Street (Busy Road),200.0,2.0
48,15,Mid, F,284,Small_Unit,2225000,7835,26/8/2011,East,10. Poor Street (Busy Road),200.0,2.0
35,18,Mid, A,707,Large_Unit,5500000,7779,25/8/2011,South,10. Poor Street (Busy Road),320.0,2.0
29,1,Low, D,327,Small_Unit,2040000,6239,25/8/2011,West,10. Poor Street (Busy Road),450.0,2.0
20,24,Mid, D,327,Small_Unit,2380000,7278,25/8/2011,South West,6. Normal (Good Direction - S/E),520.0,6.0
48,8,Low, G,304,Small_Unit,2250000,7401,25/8/2011,North,10. Poor Street (Busy Road),200.0,2.0
33,5,Low, C,854,Large_Unit,6000000,7026,24/8/2011,West,10. Poor Street (Busy Road),350.0,2.0
37,20,Mid, F,284,Small_Unit,2250000,7923,24/8/2011,West,9. Poor Close (Wall View),150.0,3.0
15,22,Mid, D,853,Large_Unit,6888000,8075,24/8/2011,South West,3. Premium Partial (Slivers of Water/Park),650.0,8.0
52,15,Mid, F,284,Small_Unit,2250000,7923,23/8/2011,South East,6. Normal (Good Direction - S/E),280.0,6.0
47,16,Mid, G,304,Small_Unit,2425000,7977,23/8/2011,North,10. Poor Street (Busy Road),180.0,2.0
38,10,Low, C,304,Small_Unit,2288000,7526,22/8/2011,South,9. Poor Close (Wall View),150.0,3.0
26,16,Mid, D,326,Small_Unit,2430000,7454,22/8/2011,West,9. Poor Close (Wall View),420.0,3.0
43,7,Low, F,284,Small_Unit,2250000,7923,22/8/2011,East,9. Poor Close (Wall View),220.0,3.0
37,31,High, F,284,Small_Unit,2480000,8732,22/8/2011,West,9. Poor Close (Wall View),150.0,3.0
40,31,High, G,304,Small_Unit,2555000,8405,22/8/2011,North,10. Poor Street (Busy Road),200.0,2.0
21,7,Low, C,327,Small_Unit,2200000,6728,19/8/2011,South West,6. Normal (Good Direction - S/E),500.0,6.0
42,16,Mid, G,304,Small_Unit,2280000,7500,19/8/2011,North,9. Poor Close (Wall View),200.0,3.0
51,7,Low, C,304,Small_Unit,2190000,7204,19/8/2011,South West,6. Normal (Good Direction - S/E),280.0,6.0
41,3,Low, G,304,Small_Unit,2053000,6753,18/8/2011,North,10. Poor Street (Busy Road),220.0,2.0
39,32,High, D,304,Small_Unit,2458000,8086,18/8/2011,South,9. Poor Close (Wall View),180.0,3.0
43,7,Low, C,304,Small_Unit,2160000,7105,18/8/2011,South,6. Normal (Good Direction - S/E),220.0,6.0
50,6,Low, A,284,Small_Unit,2130000,7500,18/8/2011,North West,8. Normal (Poor Direction - N/W),250.0,4.5
44,27,High, H,304,Small_Unit,2360000,7763,17/8/2011,North,9. Poor Close (Wall View),150.0,3.0
36,4,Low, C,307,Small_Unit,2150000,7003,17/8/2011,East,6. Normal (Good Direction - S/E),300.0,6.0
49,15,Mid, E,284,Small_Unit,2265000,7975,17/8/2011,South East,6. Normal (Good Direction - S/E),220.0,6.0
29,25,Mid, F,451,Middle_Unit,3430000,7605,16/8/2011,North,10. Poor Street (Busy Road),450.0,2.0
45,17,Mid, G,304,Small_Unit,2360000,7763,16/8/2011,North,9. Poor Close (Wall View),150.0,3.0
19,15,Mid, G,327,Small_Unit,2000000,6116,16/8/2011,North East,6. Normal (Good Direction - S/E),550.0,6.0
8,23,Mid, G,327,Small_Unit,2268000,6936,16/8/2011,North East,6. Normal (Good Direction - S/E),620.0,6.0
39,25,Mid, F,284,Small_Unit,2200000,7746,16/8/2011,West,9. Poor Close (Wall View),180.0,3.0
42,19,Mid, H,304,Small_Unit,2280000,7500,16/8/2011,North,9. Poor Close (Wall View),200.0,3.0
20,26,High, C,327,Small_Unit,2500000,7645,16/8/2011,South West,6. Normal (Good Direction - S/E),520.0,6.0
31,23,Mid, H,327,Small_Unit,2480000,7584,16/8/2011,East,9. Poor Close (Wall View),400.0,3.0
47,4,Low, C,304,Small_Unit,2070000,6809,15/8/2011,South,6. Normal (Good Direction - S/E),180.0,6.0
30,3,Low, C,327,Small_Unit,2250000,6881,15/8/2011,West,10. Poor Street (Busy Road),420.0,2.0
50,25,Mid, E,284,Small_Unit,2298000,8092,15/8/2011,South East,6. Normal (Good Direction - S/E),250.0,6.0
26,12,Mid, E,447,Middle_Unit,3350000,7494,15/8/2011,South,10. Poor Street (Busy Road),420.0,2.0
30,5,Low, A,451,Middle_Unit,3433000,7612,12/8/2011,South,5. Good Internal (Pool/Garden/Mall),420.0,6.5
8,1,Low, B,451,Middle_Unit,2850000,6319,11/8/2011,North West,8. Normal (Poor Direction - N/W),620.0,4.5
48,16,Mid, C,304,Small_Unit,2400000,7895,11/8/2011,South,6. Normal (Good Direction - S/E),200.0,6.0
9,8,Low, G,327,Small_Unit,2270000,6942,11/8/2011,North East,6. Normal (Good Direction - S/E),600.0,6.0
21,14,Mid, H,327,Small_Unit,2300000,7034,11/8/2011,North East,6. Normal (Good Direction - S/E),500.0,6.0
48,18,Mid, B,284,Small_Unit,2220000,7817,11/8/2011,West,9. Poor Close (Wall View),200.0,3.0
31,10,Low, D,327,Small_Unit,2280000,6972,11/8/2011,West,9. Poor Close (Wall View),400.0,3.0
37,14,Mid, B,284,Small_Unit,2395000,8433,10/8/2011,East,6. Normal (Good Direction - S/E),150.0,6.0
48,4,Low, H,304,Small_Unit,2180000,7171,9/8/2011,North,10. Poor Street (Busy Road),200.0,2.0
22,7,Low, F,484,Middle_Unit,3600000,7438,9/8/2011,South East,6. Normal (Good Direction - S/E),480.0,6.0
37,6,Low, C,304,Small_Unit,2228000,7329,8/8/2011,South,9. Poor Close (Wall View),150.0,3.0
41,14,Mid, G,304,Small_Unit,2280000,7500,5/8/2011,North,10. Poor Street (Busy Road),220.0,2.0
40,16,Mid, A,284,Small_Unit,2350000,8275,4/8/2011,East,9. Poor Close (Wall View),200.0,3.0
41,25,Mid, F,284,Small_Unit,2250000,7923,4/8/2011,East,9. Poor Close (Wall View),220.0,3.0
8,11,Mid, F,451,Middle_Unit,3230000,7162,3/8/2011,South East,6. Normal (Good Direction - S/E),620.0,6.0
41,31,High, G,304,Small_Unit,2380000,7829,3/8/2011,North,10. Poor Street (Busy Road),220.0,2.0
26,6,Low, C,326,Small_Unit,2300000,7055,2/8/2011,West,9. Poor Close (Wall View),420.0,3.0
3,6,Low, F,451,Middle_Unit,3340000,7406,1/8/2011,South East,3. Premium Partial (Slivers of Water/Park),700.0,8.0
51,3,Low, C,304,Small_Unit,2130000,7007,29/7/2011,South West,6. Normal (Good Direction - S/E),280.0,6.0
17,3,Low, C,327,Small_Unit,2230000,6820,29/7/2011,South West,6. Normal (Good Direction - S/E),520.0,6.0
9,28,High, G,327,Small_Unit,2270000,6942,28/7/2011,North East,6. Normal (Good Direction - S/E),600.0,6.0
23,11,Mid, C,327,Small_Unit,2460000,7523,26/7/2011,South West,6. Normal (Good Direction - S/E),350.0,6.0
46,9,Low, E,284,Small_Unit,2263000,7968,26/7/2011,East,9. Poor Close (Wall View),180.0,3.0
37,30,High, C,304,Small_Unit,2390000,7862,25/7/2011,South,9. Poor Close (Wall View),150.0,3.0
43,18,Mid, E,284,Small_Unit,2280000,8028,25/7/2011,East,9. Poor Close (Wall View),220.0,3.0
20,7,Low, F,451,Middle_Unit,3450000,7650,25/7/2011,South East,6. Normal (Good Direction - S/E),520.0,6.0
16,15,Mid, A,451,Middle_Unit,3550000,7871,25/7/2011,North West,8. Normal (Poor Direction - N/W),500.0,4.5
38,7,Low, C,304,Small_Unit,2268000,7461,22/7/2011,South,9. Poor Close (Wall View),150.0,3.0
39,28,High, C,304,Small_Unit,2285000,7516,22/7/2011,South,9. Poor Close (Wall View),180.0,3.0
41,13,Mid, B,284,Small_Unit,2230000,7852,22/7/2011,West,10. Poor Street (Busy Road),220.0,2.0
26,3,Low, D,326,Small_Unit,2220000,6810,22/7/2011,West,9. Poor Close (Wall View),420.0,3.0
17,27,High, D,327,Small_Unit,2538000,7761,22/7/2011,South West,6. Normal (Good Direction - S/E),520.0,6.0
44,14,Mid, A,284,Small_Unit,2195000,7729,21/7/2011,West,9. Poor Close (Wall View),150.0,3.0
10,17,Mid, A,451,Middle_Unit,3400000,7539,21/7/2011,North West,1. Premium Plus (Full River/Park),580.0,9.0
51,6,Low, F,284,Small_Unit,2275000,8011,20/7/2011,South East,6. Normal (Good Direction - S/E),280.0,6.0
35,26,High, C,707,Large_Unit,5850000,8274,20/7/2011,North,4. Good Open (High Floor City),320.0,7.0
10,12,Mid, E,451,Middle_Unit,3300000,7317,20/7/2011,South East,1. Premium Plus (Full River/Park),580.0,9.0
21,14,Mid, E,451,Middle_Unit,3430000,7605,20/7/2011,South East,6. Normal (Good Direction - S/E),500.0,6.0
28,18,Mid, A,688,Large_Unit,6000000,8721,20/7/2011,East,6. Normal (Good Direction - S/E),480.0,6.0
50,28,High, D,304,Small_Unit,2390000,7862,19/7/2011,South West,6. Normal (Good Direction - S/E),250.0,6.0
10,16,Mid, H,327,Small_Unit,2400000,7339,18/7/2011,North East,1. Premium Plus (Full River/Park),580.0,9.0
8,27,High, C,327,Small_Unit,2430000,7431,18/7/2011,South West,6. Normal (Good Direction - S/E),620.0,6.0
17,26,High, H,327,Small_Unit,2400000,7339,14/7/2011,North East,6. Normal (Good Direction - S/E),520.0,6.0
19,15,Mid, D,327,Small_Unit,2348000,7180,14/7/2011,South West,6. Normal (Good Direction - S/E),550.0,6.0
36,9,Low, G,307,Small_Unit,2350000,7655,14/7/2011,West,10. Poor Street (Busy Road),300.0,2.0
50,13,Mid, E,284,Small_Unit,2375000,8363,13/7/2011,South East,6. Normal (Good Direction - S/E),250.0,6.0
3,5,Low, F,451,Middle_Unit,3110000,6896,12/7/2011,South East,3. Premium Partial (Slivers of Water/Park),700.0,8.0
16,4,Low, B,451,Middle_Unit,3150000,6984,11/7/2011,North West,8. Normal (Poor Direction - N/W),500.0,4.5
46,12,Mid, D,304,Small_Unit,2258000,7428,11/7/2011,South,6. Normal (Good Direction - S/E),180.0,6.0
38,20,Mid, E,284,Small_Unit,2350000,8275,8/7/2011,West,9. Poor Close (Wall View),150.0,3.0
38,14,Mid, E,284,Small_Unit,2280000,8028,8/7/2011,West,9. Poor Close (Wall View),150.0,3.0
24,27,High, H,326,Small_Unit,2600000,7975,8/7/2011,South,10. Poor Street (Busy Road),380.0,2.0
46,30,High, A,284,Small_Unit,2280000,8028,8/7/2011,West,4. Good Open (High Floor City),180.0,7.0
19,16,Mid, D,327,Small_Unit,2380000,7278,8/7/2011,South West,6. Normal (Good Direction - S/E),550.0,6.0
46,9,Low, H,304,Small_Unit,2355000,7747,7/7/2011,North,10. Poor Street (Busy Road),180.0,2.0
47,19,Mid, A,284,Small_Unit,2300000,8099,6/7/2011,West,9. Poor Close (Wall View),180.0,3.0
47,10,Low, B,284,Small_Unit,2448000,8620,6/7/2011,West,9. Poor Close (Wall View),180.0,3.0
10,19,Mid, H,327,Small_Unit,2350000,7187,6/7/2011,North East,1. Premium Plus (Full River/Park),580.0,9.0
45,28,High, D,304,Small_Unit,2488000,8184,6/7/2011,South,6. Normal (Good Direction - S/E),150.0,6.0
41,17,Mid, G,304,Small_Unit,2280000,7500,6/7/2011,North,10. Poor Street (Busy Road),220.0,2.0
10,4,Low, E,451,Middle_Unit,3100000,6874,5/7/2011,South East,1. Premium Plus (Full River/Park),580.0,9.0
41,19,Mid, H,304,Small_Unit,2450000,8059,5/7/2011,North,10. Poor Street (Busy Road),220.0,2.0
18,19,Mid, F,484,Middle_Unit,4000000,8264,5/7/2011,South East,6. Normal (Good Direction - S/E),550.0,6.0
22,9,Low, D,504,Middle_Unit,3790000,7520,5/7/2011,South West,6. Normal (Good Direction - S/E),480.0,6.0
11,11,Mid, F,484,Middle_Unit,3800000,7851,5/7/2011,South East,1. Premium Plus (Full River/Park),550.0,9.0
43,25,Mid, B,284,Small_Unit,2100000,7394,4/7/2011,West,9. Poor Close (Wall View),220.0,3.0
9,4,Low, E,451,Middle_Unit,3390000,7517,4/7/2011,South East,4. Good Open (High Floor City),600.0,7.0
52,18,Mid, B,284,Small_Unit,2360000,8310,4/7/2011,North West,8. Normal (Poor Direction - N/W),280.0,4.5
24,9,Low, E,447,Middle_Unit,3500000,7830,30/6/2011,North,8. Normal (Poor Direction - N/W),380.0,4.5
28,16,Mid, C,688,Large_Unit,5800000,8430,30/6/2011,West,9. Poor Close (Wall View),480.0,3.0
8,28,High, G,327,Small_Unit,2658000,8128,30/6/2011,North East,6. Normal (Good Direction - S/E),620.0,6.0
40,27,High, E,284,Small_Unit,2500000,8803,30/6/2011,West,10. Poor Street (Busy Road),200.0,2.0
10,2,Low, G,327,Small_Unit,2300000,7034,29/6/2011,North East,1. Premium Plus (Full River/Park),580.0,9.0
1,1,Low, E,451,Middle_Unit,2838000,6293,29/6/2011,South East,6. Normal (Good Direction - S/E),650.0,6.0
50,24,Mid, D,304,Small_Unit,2370000,7796,29/6/2011,South West,6. Normal (Good Direction - S/E),250.0,6.0
8,6,Low, B,451,Middle_Unit,3300000,7317,29/6/2011,North West,8. Normal (Poor Direction - N/W),620.0,4.5
47,8,Low, C,304,Small_Unit,2215000,7286,28/6/2011,South,6. Normal (Good Direction - S/E),180.0,6.0
7,12,Mid, C,484,Middle_Unit,3750000,7748,28/6/2011,South West,2. Premium (Full River - West/Sun),600.0,8.5
48,26,High, F,284,Small_Unit,2458000,8655,28/6/2011,East,10. Poor Street (Busy Road),200.0,2.0
37,27,High, A,284,Small_Unit,2480000,8732,28/6/2011,East,6. Normal (Good Direction - S/E),150.0,6.0
47,27,High, C,304,Small_Unit,2400000,7895,27/6/2011,South,6. Normal (Good Direction - S/E),180.0,6.0
39,15,Mid, H,304,Small_Unit,2350000,7730,27/6/2011,North,10. Poor Street (Busy Road),180.0,2.0
27,15,Mid, B,688,Large_Unit,5250000,7631,27/6/2011,East,9. Poor Close (Wall View),450.0,3.0
31,24,Mid, G,327,Small_Unit,2376800,7269,27/6/2011,East,9. Poor Close (Wall View),400.0,3.0
38,28,High, F,284,Small_Unit,2360000,8310,27/6/2011,West,9. Poor Close (Wall View),150.0,3.0
47,16,Mid, F,284,Small_Unit,2300000,8099,24/6/2011,East,9. Poor Close (Wall View),180.0,3.0
49,6,Low, A,284,Small_Unit,2000000,7042,24/6/2011,North West,8. Normal (Poor Direction - N/W),220.0,4.5
50,32,High, D,304,Small_Unit,2580000,8487,24/6/2011,South West,6. Normal (Good Direction - S/E),250.0,6.0
1,4,Low, E,451,Middle_Unit,3350000,7428,23/6/2011,South East,6. Normal (Good Direction - S/E),650.0,6.0
23,23,Mid, D,327,Small_Unit,2480000,7584,23/6/2011,South West,6. Normal (Good Direction - S/E),350.0,6.0
16,10,Low, C,327,Small_Unit,2350000,7187,22/6/2011,South West,6. Normal (Good Direction - S/E),500.0,6.0
42,8,Low, D,304,Small_Unit,2270000,7467,22/6/2011,South,6. Normal (Good Direction - S/E),200.0,6.0
50,13,Mid, F,284,Small_Unit,2370000,8345,21/6/2011,South East,6. Normal (Good Direction - S/E),250.0,6.0
31,15,Mid, B,451,Middle_Unit,3580000,7938,21/6/2011,South,5. Good Internal (Pool/Garden/Mall),400.0,6.5
51,19,Mid, D,304,Small_Unit,2345000,7714,21/6/2011,South West,6. Normal (Good Direction - S/E),280.0,6.0
51,31,High, C,304,Small_Unit,2400000,7895,21/6/2011,South West,6. Normal (Good Direction - S/E),280.0,6.0
40,9,Low, C,304,Small_Unit,2285000,7516,20/6/2011,South,9. Poor Close (Wall View),200.0,3.0
42,14,Mid, C,304,Small_Unit,2360000,7763,20/6/2011,South,6. Normal (Good Direction - S/E),200.0,6.0
46,5,Low, C,304,Small_Unit,2220000,7303,17/6/2011,South,6. Normal (Good Direction - S/E),180.0,6.0
38,9,Low, B,284,Small_Unit,2230000,7852,17/6/2011,East,9. Poor Close (Wall View),150.0,3.0
38,24,Mid, A,284,Small_Unit,1950000,6866,17/6/2011,East,9. Poor Close (Wall View),150.0,3.0
49,23,Mid, H,304,Small_Unit,2350000,7730,17/6/2011,North East,6. Normal (Good Direction - S/E),220.0,6.0
41,21,Mid, C,304,Small_Unit,2390000,7862,16/6/2011,South,6. Normal (Good Direction - S/E),220.0,6.0
44,30,High, C,304,Small_Unit,2380000,7829,16/6/2011,South,6. Normal (Good Direction - S/E),150.0,6.0
49,20,Mid, D,304,Small_Unit,2435000,8010,16/6/2011,South West,6. Normal (Good Direction - S/E),220.0,6.0
52,13,Mid, F,284,Small_Unit,2476800,8721,16/6/2011,South East,6. Normal (Good Direction - S/E),280.0,6.0
51,10,Low, C,304,Small_Unit,2280000,7500,15/6/2011,South West,6. Normal (Good Direction - S/E),280.0,6.0
21,13,Mid, D,327,Small_Unit,2430000,7431,15/6/2011,South West,6. Normal (Good Direction - S/E),500.0,6.0
18,7,Low, E,504,Middle_Unit,3700000,7341,15/6/2011,South East,6. Normal (Good Direction - S/E),550.0,6.0
33,16,Mid, B,820,Large_Unit,6400000,7805,15/6/2011,West,10. Poor Street (Busy Road),350.0,2.0
22,33,High, A,515,Middle_Unit,4000000,7767,15/6/2011,North West,8. Normal (Poor Direction - N/W),480.0,4.5
29,5,Low, D,327,Small_Unit,2380000,7278,15/6/2011,West,10. Poor Street (Busy Road),450.0,2.0
1,21,Mid, B,451,Middle_Unit,3910000,8670,15/6/2011,North West,2. Premium (Full River - West/Sun),650.0,8.5
39,32,High, G,304,Small_Unit,2490000,8191,14/6/2011,North,10. Poor Street (Busy Road),180.0,2.0
47,18,Mid, D,304,Small_Unit,2460000,8092,14/6/2011,South,6. Normal (Good Direction - S/E),180.0,6.0
41,14,Mid, A,284,Small_Unit,2360000,8310,13/6/2011,West,10. Poor Street (Busy Road),220.0,2.0
44,19,Mid, F,284,Small_Unit,2360000,8310,10/6/2011,East,9. Poor Close (Wall View),150.0,3.0
32,29,High, F,451,Middle_Unit,3600000,7982,10/6/2011,North,10. Poor Street (Busy Road),380.0,2.0
12,27,High, C,484,Middle_Unit,4038000,8343,10/6/2011,South West,3. Premium Partial (Slivers of Water/Park),580.0,6.0
42,9,Low, G,304,Small_Unit,2318000,7625,10/6/2011,North,9. Poor Close (Wall View),200.0,3.0
2,1,Low, D,327,Small_Unit,1990000,6086,9/6/2011,South West,2. Premium (Full River - West/Sun),680.0,8.5
50,23,Mid, C,304,Small_Unit,2300000,7566,9/6/2011,South West,6. Normal (Good Direction - S/E),250.0,6.0
24,11,Mid, G,326,Small_Unit,2000000,6135,9/6/2011,South,10. Poor Street (Busy Road),380.0,2.0
50,4,Low, H,304,Small_Unit,2180000,7171,9/6/2011,North East,6. Normal (Good Direction - S/E),250.0,6.0
32,25,Mid, C,327,Small_Unit,2580000,7890,9/6/2011,West,9. Poor Close (Wall View),380.0,3.0
16,8,Low, G,327,Small_Unit,2530000,7737,8/6/2011,North East,6. Normal (Good Direction - S/E),500.0,6.0
52,16,Mid, C,304,Small_Unit,2280000,7500,8/6/2011,South West,6. Normal (Good Direction - S/E),280.0,6.0
19,12,Mid, E,451,Middle_Unit,3285000,7284,8/6/2011,South East,6. Normal (Good Direction - S/E),550.0,6.0
45,26,High, H,304,Small_Unit,2365000,7780,8/6/2011,North,9. Poor Close (Wall View),150.0,3.0
44,23,Mid, H,304,Small_Unit,2370000,7796,8/6/2011,North,9. Poor Close (Wall View),150.0,3.0
26,27,High, F,447,Middle_Unit,3580000,8009,8/6/2011,South,10. Poor Street (Busy Road),420.0,2.0
38,29,High, G,304,Small_Unit,2520000,8289,8/6/2011,North,10. Poor Street (Busy Road),150.0,2.0
30,7,Low, G,327,Small_Unit,2322000,7101,7/6/2011,East,9. Poor Close (Wall View),420.0,3.0
11,29,High, E,504,Middle_Unit,4280000,8492,3/6/2011,South East,1. Premium Plus (Full River/Park),550.0,9.0
46,28,High, H,304,Small_Unit,2268000,7461,3/6/2011,North,10. Poor Street (Busy Road),180.0,2.0
48,4,Low, A,284,Small_Unit,2130000,7500,3/6/2011,West,9. Poor Close (Wall View),200.0,3.0
49,18,Mid, B,284,Small_Unit,2203000,7757,3/6/2011,North West,4. Good Open (High Floor City),220.0,7.0
48,15,Mid, G,304,Small_Unit,2380000,7829,3/6/2011,North,10. Poor Street (Busy Road),200.0,2.0
40,5,Low, F,284,Small_Unit,2100000,7394,3/6/2011,West,10. Poor Street (Busy Road),200.0,2.0
13,16,Mid, B,819,Large_Unit,6700000,8181,3/6/2011,North West,1. Premium Plus (Full River/Park),700.0,9.0
31,12,Mid, E,451,Middle_Unit,3392000,7521,3/6/2011,North,10. Poor Street (Busy Road),400.0,2.0
50,19,Mid, E,284,Small_Unit,2280000,8028,2/6/2011,South East,6. Normal (Good Direction - S/E),250.0,6.0
47,12,Mid, A,284,Small_Unit,2430000,8556,2/6/2011,West,9. Poor Close (Wall View),180.0,3.0
11,8,Low, D,504,Middle_Unit,3650000,7242,2/6/2011,South West,6. Normal (Good Direction - S/E),550.0,6.0
39,13,Mid, E,284,Small_Unit,2300000,8099,2/6/2011,West,9. Poor Close (Wall View),180.0,3.0
48,8,Low, F,284,Small_Unit,2315000,8151,1/6/2011,East,10. Poor Street (Busy Road),200.0,2.0
42,15,Mid, B,284,Small_Unit,2380000,8380,1/6/2011,West,9. Poor Close (Wall View),200.0,3.0
51,17,Mid, F,284,Small_Unit,2330000,8204,1/6/2011,South East,6. Normal (Good Direction - S/E),280.0,6.0
9,30,High, D,327,Small_Unit,2720000,8318,31/5/2011,South West,6. Normal (Good Direction - S/E),600.0,6.0
38,10,Low, F,284,Small_Unit,2288000,8056,31/5/2011,West,9. Poor Close (Wall View),150.0,3.0
36,21,Mid, F,478,Middle_Unit,3768000,7883,31/5/2011,South,5. Good Internal (Pool/Garden/Mall),300.0,6.5
8,5,Low, G,327,Small_Unit,2278000,6966,31/5/2011,North East,6. Normal (Good Direction - S/E),620.0,6.0
49,30,High, A,284,Small_Unit,2480000,8732,31/5/2011,North West,8. Normal (Poor Direction - N/W),220.0,4.5
42,5,Low, B,284,Small_Unit,2090000,7359,30/5/2011,West,9. Poor Close (Wall View),200.0,3.0
29,9,Low, B,451,Middle_Unit,3500000,7761,30/5/2011,East,9. Poor Close (Wall View),450.0,3.0
51,25,Mid, A,284,Small_Unit,2385000,8398,30/5/2011,North West,8. Normal (Poor Direction - N/W),280.0,4.5
16,20,Mid, H,327,Small_Unit,2578000,7884,30/5/2011,North East,6. Normal (Good Direction - S/E),500.0,6.0
39,10,Low, D,304,Small_Unit,2330000,7664,30/5/2011,South,9. Poor Close (Wall View),180.0,3.0
2,10,Low, D,327,Small_Unit,2450000,7492,30/5/2011,South West,2. Premium (Full River - West/Sun),680.0,8.5
42,3,Low, F,284,Small_Unit,2120000,7465,30/5/2011,East,9. Poor Close (Wall View),200.0,3.0
38,11,Mid, E,284,Small_Unit,2260000,7958,27/5/2011,West,9. Poor Close (Wall View),150.0,3.0
21,13,Mid, A,451,Middle_Unit,3350000,7428,27/5/2011,North West,8. Normal (Poor Direction - N/W),500.0,4.5
46,26,High, B,284,Small_Unit,2280000,8028,27/5/2011,West,10. Poor Street (Busy Road),180.0,2.0
37,29,High, A,284,Small_Unit,2380000,8380,27/5/2011,East,6. Normal (Good Direction - S/E),150.0,6.0
41,18,Mid, C,304,Small_Unit,2315000,7615,26/5/2011,South,6. Normal (Good Direction - S/E),220.0,6.0
18,16,Mid, F,484,Middle_Unit,3920000,8099,26/5/2011,South East,6. Normal (Good Direction - S/E),550.0,6.0
48,14,Mid, F,284,Small_Unit,2160000,7606,26/5/2011,East,10. Poor Street (Busy Road),200.0,2.0
51,30,High, G,304,Small_Unit,2350000,7730,26/5/2011,North East,6. Normal (Good Direction - S/E),280.0,6.0
31,22,Mid, B,451,Middle_Unit,3625000,8038,25/5/2011,South,5. Good Internal (Pool/Garden/Mall),400.0,6.5
49,4,Low, A,284,Small_Unit,2050000,7218,25/5/2011,North West,8. Normal (Poor Direction - N/W),220.0,4.5
16,3,Low, A,451,Middle_Unit,3180000,7051,25/5/2011,North West,8. Normal (Poor Direction - N/W),500.0,4.5
40,4,Low, B,284,Small_Unit,2260000,7958,25/5/2011,East,9. Poor Close (Wall View),200.0,3.0
23,7,Low, F,451,Middle_Unit,3300000,7317,25/5/2011,South East,6. Normal (Good Direction - S/E),350.0,6.0
32,13,Mid, C,327,Small_Unit,2280000,6972,24/5/2011,West,9. Poor Close (Wall View),380.0,3.0
9,29,High, D,327,Small_Unit,2450000,7492,23/5/2011,South West,6. Normal (Good Direction - S/E),600.0,6.0
43,32,High, A,284,Small_Unit,2480000,8732,23/5/2011,West,9. Poor Close (Wall View),220.0,3.0
25,4,Low, A,688,Large_Unit,5298000,7701,23/5/2011,North,8. Normal (Poor Direction - N/W),400.0,4.5
43,23,Mid, D,304,Small_Unit,2238000,7362,23/5/2011,South,6. Normal (Good Direction - S/E),220.0,6.0
9,12,Mid, G,327,Small_Unit,2150000,6575,23/5/2011,North East,6. Normal (Good Direction - S/E),600.0,6.0
17,1,Low, C,327,Small_Unit,2160000,6606,23/5/2011,South West,6. Normal (Good Direction - S/E),520.0,6.0
1,14,Mid, C,327,Small_Unit,2430000,7431,23/5/2011,South West,2. Premium (Full River - West/Sun),650.0,8.5
37,29,High, E,284,Small_Unit,2460000,8662,23/5/2011,West,9. Poor Close (Wall View),150.0,3.0
1,23,Mid, A,451,Middle_Unit,3600000,7982,23/5/2011,North West,2. Premium (Full River - West/Sun),650.0,8.5
22,17,Mid, F,484,Middle_Unit,3980000,8223,23/5/2011,South East,6. Normal (Good Direction - S/E),480.0,6.0
11,22,Mid, F,484,Middle_Unit,3750000,7748,23/5/2011,South East,1. Premium Plus (Full River/Park),550.0,9.0
39,25,Mid, G,304,Small_Unit,2350000,7730,20/5/2011,North,10. Poor Street (Busy Road),180.0,2.0
42,5,Low, C,304,Small_Unit,2135000,7023,20/5/2011,South,6. Normal (Good Direction - S/E),200.0,6.0
38,27,High, E,284,Small_Unit,2180000,7676,20/5/2011,West,9. Poor Close (Wall View),150.0,3.0
32,26,High, H,327,Small_Unit,2450000,7492,20/5/2011,East,10. Poor Street (Busy Road),380.0,2.0
8,12,Mid, H,327,Small_Unit,2380000,7278,20/5/2011,North East,6. Normal (Good Direction - S/E),620.0,6.0
29,4,Low, A,451,Middle_Unit,3100000,6874,19/5/2011,East,9. Poor Close (Wall View),450.0,3.0
48,5,Low, B,284,Small_Unit,2160000,7606,19/5/2011,West,9. Poor Close (Wall View),200.0,3.0
19,24,Mid, C,327,Small_Unit,2500000,7645,19/5/2011,South West,6. Normal (Good Direction - S/E),550.0,6.0
50,6,Low, H,304,Small_Unit,2135000,7023,19/5/2011,North East,6. Normal (Good Direction - S/E),250.0,6.0
21,19,Mid, G,327,Small_Unit,2300000,7034,19/5/2011,North East,6. Normal (Good Direction - S/E),500.0,6.0
46,22,Mid, E,284,Small_Unit,2188000,7704,19/5/2011,East,9. Poor Close (Wall View),180.0,3.0
38,32,High, G,304,Small_Unit,2520000,8289,18/5/2011,North,10. Poor Street (Busy Road),150.0,2.0
11,8,Low, B,515,Middle_Unit,3730000,7243,18/5/2011,North West,1. Premium Plus (Full River/Park),550.0,9.0
41,21,Mid, B,284,Small_Unit,2450000,8627,18/5/2011,West,10. Poor Street (Busy Road),220.0,2.0
39,29,High, E,284,Small_Unit,2330000,8204,18/5/2011,West,9. Poor Close (Wall View),180.0,3.0
12,16,Mid, F,484,Middle_Unit,3600000,7438,17/5/2011,South East,1. Premium Plus (Full River/Park),580.0,9.0
49,28,High, H,304,Small_Unit,2368000,7789,17/5/2011,North East,6. Normal (Good Direction - S/E),220.0,6.0
8,2,Low, G,327,Small_Unit,2158000,6599,17/5/2011,North East,6. Normal (Good Direction - S/E),620.0,6.0
42,4,Low, F,284,Small_Unit,2110000,7430,16/5/2011,East,9. Poor Close (Wall View),200.0,3.0
52,17,Mid, A,284,Small_Unit,2330000,8204,16/5/2011,North West,8. Normal (Poor Direction - N/W),280.0,4.5
40,16,Mid, G,304,Small_Unit,2400000,7895,16/5/2011,North,10. Poor Street (Busy Road),200.0,2.0
17,25,Mid, G,327,Small_Unit,1980000,6055,13/5/2011,North East,6. Normal (Good Direction - S/E),520.0,6.0
42,27,High, D,304,Small_Unit,2450000,8059,13/5/2011,South,6. Normal (Good Direction - S/E),200.0,6.0
39,20,Mid, G,304,Small_Unit,2365000,7780,13/5/2011,North,10. Poor Street (Busy Road),180.0,2.0
24,27,High, B,447,Middle_Unit,3580000,8009,13/5/2011,East,9. Poor Close (Wall View),380.0,3.0
26,1,Low, A,447,Middle_Unit,3038000,6796,12/5/2011,North,8. Normal (Poor Direction - N/W),420.0,4.5
52,16,Mid, F,284,Small_Unit,2200000,7746,11/5/2011,South East,6. Normal (Good Direction - S/E),280.0,6.0
40,18,Mid, E,284,Small_Unit,2375000,8363,11/5/2011,West,10. Poor Street (Busy Road),200.0,2.0
52,17,Mid, B,284,Small_Unit,2230000,7852,11/5/2011,North West,8. Normal (Poor Direction - N/W),280.0,4.5
39,27,High, E,284,Small_Unit,2239000,7884,9/5/2011,West,9. Poor Close (Wall View),180.0,3.0
39,31,High, B,284,Small_Unit,2200000,7746,9/5/2011,East,9. Poor Close (Wall View),180.0,3.0
28,21,Mid, D,688,Large_Unit,5480000,7965,9/5/2011,West,9. Poor Close (Wall View),480.0,3.0
26,2,Low, C,326,Small_Unit,2150000,6595,9/5/2011,West,9. Poor Close (Wall View),420.0,3.0
41,26,High, F,284,Small_Unit,2350000,8275,9/5/2011,East,9. Poor Close (Wall View),220.0,3.0
19,26,High, D,327,Small_Unit,2558000,7823,9/5/2011,South West,6. Normal (Good Direction - S/E),550.0,6.0
24,14,Mid, A,447,Middle_Unit,3630000,8121,6/5/2011,East,9. Poor Close (Wall View),380.0,3.0
52,29,High, A,284,Small_Unit,2560000,9014,6/5/2011,North West,8. Normal (Poor Direction - N/W),280.0,4.5
24,29,High, H,326,Small_Unit,2577000,7905,6/5/2011,South,10. Poor Street (Busy Road),380.0,2.0
17,9,Low, G,327,Small_Unit,2300000,7034,6/5/2011,North East,6. Normal (Good Direction - S/E),520.0,6.0
27,11,Mid, A,688,Large_Unit,5400000,7849,5/5/2011,East,9. Poor Close (Wall View),450.0,3.0
46,31,High, A,284,Small_Unit,2350000,8275,5/5/2011,West,4. Good Open (High Floor City),180.0,7.0
11,18,Mid, F,484,Middle_Unit,3540000,7314,5/5/2011,South East,1. Premium Plus (Full River/Park),550.0,9.0
51,8,Low, C,304,Small_Unit,2278000,7493,5/5/2011,South West,6. Normal (Good Direction - S/E),280.0,6.0
45,27,High, E,284,Small_Unit,2380000,8380,5/5/2011,East,10. Poor Street (Busy Road),150.0,2.0
31,2,Low, E,451,Middle_Unit,3135000,6951,5/5/2011,North,10. Poor Street (Busy Road),400.0,2.0
3,22,Mid, D,327,Small_Unit,2510000,7676,5/5/2011,South West,2. Premium (Full River - West/Sun),700.0,8.5
45,7,Low, B,284,Small_Unit,2220000,7817,4/5/2011,West,9. Poor Close (Wall View),150.0,3.0
41,27,High, E,284,Small_Unit,2368000,8338,4/5/2011,East,9. Poor Close (Wall View),220.0,3.0
24,20,Mid, D,326,Small_Unit,2400288,7363,4/5/2011,West,10. Poor Street (Busy Road),380.0,2.0
32,28,High, F,451,Middle_Unit,3300000,7317,4/5/2011,North,10. Poor Street (Busy Road),380.0,2.0
9,25,Mid, G,327,Small_Unit,2380000,7278,3/5/2011,North East,6. Normal (Good Direction - S/E),600.0,6.0
46,4,Low, D,304,Small_Unit,2180000,7171,3/5/2011,South,6. Normal (Good Direction - S/E),180.0,6.0
51,22,Mid, G,304,Small_Unit,2380000,7829,3/5/2011,North East,6. Normal (Good Direction - S/E),280.0,6.0
41,24,Mid, F,284,Small_Unit,2300000,8099,29/4/2011,East,9. Poor Close (Wall View),220.0,3.0
38,8,Low, C,304,Small_Unit,2200000,7237,29/4/2011,South,9. Poor Close (Wall View),150.0,3.0
50,23,Mid, F,284,Small_Unit,2320000,8169,29/4/2011,South East,6. Normal (Good Direction - S/E),250.0,6.0
39,9,Low, G,304,Small_Unit,2268600,7463,29/4/2011,North,10. Poor Street (Busy Road),180.0,2.0
12,30,High, B,515,Middle_Unit,4150000,8058,29/4/2011,North West,1. Premium Plus (Full River/Park),580.0,9.0
16,8,Low, E,451,Middle_Unit,3590000,7960,29/4/2011,South East,6. Normal (Good Direction - S/E),500.0,6.0
49,25,Mid, F,284,Small_Unit,2438000,8585,28/4/2011,South East,6. Normal (Good Direction - S/E),220.0,6.0
3,8,Low, H,327,Small_Unit,2270000,6942,28/4/2011,North East,2. Premium (Full River - West/Sun),700.0,8.5
24,7,Low, D,326,Small_Unit,2300000,7055,27/4/2011,West,10. Poor Street (Busy Road),380.0,2.0
19,28,High, H,327,Small_Unit,2380000,7278,27/4/2011,North East,6. Normal (Good Direction - S/E),550.0,6.0
39,29,High, G,304,Small_Unit,2408000,7921,27/4/2011,North,10. Poor Street (Busy Road),180.0,2.0
39,27,High, F,284,Small_Unit,2400000,8451,27/4/2011,West,9. Poor Close (Wall View),180.0,3.0
48,5,Low, G,304,Small_Unit,2188000,7197,27/4/2011,North,10. Poor Street (Busy Road),200.0,2.0
37,23,Mid, F,284,Small_Unit,2265000,7975,27/4/2011,West,9. Poor Close (Wall View),150.0,3.0
52,5,Low, E,284,Small_Unit,2268000,7986,26/4/2011,South East,6. Normal (Good Direction - S/E),280.0,6.0
41,29,High, A,284,Small_Unit,2428000,8549,21/4/2011,West,10. Poor Street (Busy Road),220.0,2.0
16,13,Mid, H,327,Small_Unit,2350000,7187,21/4/2011,North East,6. Normal (Good Direction - S/E),500.0,6.0
41,17,Mid, D,304,Small_Unit,2380000,7829,21/4/2011,South,6. Normal (Good Direction - S/E),220.0,6.0
45,4,Low, B,284,Small_Unit,2090000,7359,20/4/2011,West,9. Poor Close (Wall View),150.0,3.0
10,5,Low, G,327,Small_Unit,2250000,6881,20/4/2011,North East,1. Premium Plus (Full River/Park),580.0,9.0
17,25,Mid, F,451,Middle_Unit,3530000,7827,20/4/2011,South East,6. Normal (Good Direction - S/E),520.0,6.0
31,11,Mid, G,327,Small_Unit,2345000,7171,20/4/2011,East,9. Poor Close (Wall View),400.0,3.0
19,21,Mid, E,451,Middle_Unit,3570000,7916,20/4/2011,South East,6. Normal (Good Direction - S/E),550.0,6.0
22,5,Low, B,515,Middle_Unit,3500000,6796,20/4/2011,North West,8. Normal (Poor Direction - N/W),480.0,4.5
30,14,Mid, A,451,Middle_Unit,3570000,7916,20/4/2011,South,5. Good Internal (Pool/Garden/Mall),420.0,6.5
1,26,High, F,451,Middle_Unit,3798000,8421,20/4/2011,South East,6. Normal (Good Direction - S/E),650.0,6.0
44,5,Low, E,284,Small_Unit,2130000,7500,19/4/2011,East,9. Poor Close (Wall View),150.0,3.0
24,11,Mid, C,326,Small_Unit,2538000,7785,19/4/2011,West,10. Poor Street (Busy Road),380.0,2.0
44,3,Low, E,284,Small_Unit,1950000,6866,19/4/2011,East,9. Poor Close (Wall View),150.0,3.0
36,14,Mid, C,307,Small_Unit,2280000,7427,19/4/2011,East,6. Normal (Good Direction - S/E),300.0,6.0
44,6,Low, B,284,Small_Unit,2080000,7324,19/4/2011,West,9. Poor Close (Wall View),150.0,3.0
13,20,Mid, C,853,Large_Unit,6430000,7538,19/4/2011,South West,3. Premium Partial (Slivers of Water/Park),700.0,8.0
50,17,Mid, G,304,Small_Unit,2395000,7878,18/4/2011,North East,6. Normal (Good Direction - S/E),250.0,6.0
44,22,Mid, G,304,Small_Unit,2200000,7237,18/4/2011,North,9. Poor Close (Wall View),150.0,3.0
21,5,Low, A,451,Middle_Unit,3290000,7295,15/4/2011,North West,8. Normal (Poor Direction - N/W),500.0,4.5
45,31,High, C,304,Small_Unit,2250000,7401,15/4/2011,South,6. Normal (Good Direction - S/E),150.0,6.0
51,4,Low, F,284,Small_Unit,2290000,8063,14/4/2011,South East,6. Normal (Good Direction - S/E),280.0,6.0
41,24,Mid, D,304,Small_Unit,2330000,7664,13/4/2011,South,6. Normal (Good Direction - S/E),220.0,6.0
7,3,Low, B,515,Middle_Unit,3300000,6408,13/4/2011,North West,2. Premium (Full River - West/Sun),600.0,8.5
20,8,Low, A,451,Middle_Unit,3280000,7273,13/4/2011,North West,8. Normal (Poor Direction - N/W),520.0,4.5
23,14,Mid, D,327,Small_Unit,2450000,7492,13/4/2011,South West,6. Normal (Good Direction - S/E),350.0,6.0
11,4,Low, C,484,Middle_Unit,3438000,7103,12/4/2011,South West,3. Premium Partial (Slivers of Water/Park),550.0,8.0
3,5,Low, B,451,Middle_Unit,3140000,6962,12/4/2011,North West,2. Premium (Full River - West/Sun),700.0,8.5
50,25,Mid, D,304,Small_Unit,2360000,7763,12/4/2011,South West,6. Normal (Good Direction - S/E),250.0,6.0
25,21,Mid, D,688,Large_Unit,5650000,8212,12/4/2011,West,9. Poor Close (Wall View),400.0,3.0
43,9,Low, B,284,Small_Unit,2250000,7923,12/4/2011,West,9. Poor Close (Wall View),220.0,3.0
24,10,Low, D,326,Small_Unit,2370000,7270,12/4/2011,West,10. Poor Street (Busy Road),380.0,2.0
9,9,Low, B,451,Middle_Unit,3200000,7095,11/4/2011,North West,8. Normal (Poor Direction - N/W),600.0,4.5
46,18,Mid, C,304,Small_Unit,2300000,7566,11/4/2011,South,6. Normal (Good Direction - S/E),180.0,6.0
39,23,Mid, F,284,Small_Unit,2200000,7746,8/4/2011,West,9. Poor Close (Wall View),180.0,3.0
29,3,Low, F,451,Middle_Unit,3150000,6984,8/4/2011,North,10. Poor Street (Busy Road),450.0,2.0
44,24,Mid, B,284,Small_Unit,2338000,8232,8/4/2011,West,9. Poor Close (Wall View),150.0,3.0
40,26,High, D,304,Small_Unit,2350000,7730,8/4/2011,South,9. Poor Close (Wall View),200.0,3.0
49,8,Low, C,304,Small_Unit,2180000,7171,7/4/2011,South West,6. Normal (Good Direction - S/E),220.0,6.0
12,10,Low, F,484,Middle_Unit,3525000,7283,7/4/2011,South East,1. Premium Plus (Full River/Park),580.0,9.0
23,26,High, H,327,Small_Unit,2480000,7584,7/4/2011,North East,6. Normal (Good Direction - S/E),350.0,6.0
31,2,Low, H,327,Small_Unit,2270000,6942,7/4/2011,East,9. Poor Close (Wall View),400.0,3.0
16,22,Mid, A,451,Middle_Unit,3600000,7982,7/4/2011,North West,8. Normal (Poor Direction - N/W),500.0,4.5
44,7,Low, F,284,Small_Unit,2260000,7958,6/4/2011,East,9. Poor Close (Wall View),150.0,3.0
24,7,Low, B,447,Middle_Unit,3600000,8054,6/4/2011,East,9. Poor Close (Wall View),380.0,3.0
16,26,High, C,327,Small_Unit,2465000,7538,6/4/2011,South West,6. Normal (Good Direction - S/E),500.0,6.0
1,11,Mid, B,451,Middle_Unit,3300000,7317,6/4/2011,North West,2. Premium (Full River - West/Sun),650.0,8.5
50,9,Low, D,304,Small_Unit,2090000,6875,4/4/2011,South West,6. Normal (Good Direction - S/E),250.0,6.0
10,4,Low, F,451,Middle_Unit,3320000,7361,4/4/2011,South East,1. Premium Plus (Full River/Park),580.0,9.0
36,28,High, H,307,Small_Unit,2200000,7166,4/4/2011,West,10. Poor Street (Busy Road),300.0,2.0
52,28,High, H,304,Small_Unit,2530000,8322,4/4/2011,North East,6. Normal (Good Direction - S/E),280.0,6.0
49,10,Low, H,304,Small_Unit,2310000,7599,1/4/2011,North East,6. Normal (Good Direction - S/E),220.0,6.0
44,28,High, D,304,Small_Unit,2380000,7829,1/4/2011,South,4. Good Open (High Floor City),150.0,7.0
50,20,Mid, B,284,Small_Unit,2380000,8380,1/4/2011,North West,8. Normal (Poor Direction - N/W),250.0,4.5
19,28,High, C,327,Small_Unit,2578000,7884,1/4/2011,South West,6. Normal (Good Direction - S/E),550.0,6.0
20,27,High, D,327,Small_Unit,2550000,7798,1/4/2011,South West,6. Normal (Good Direction - S/E),520.0,6.0
20,21,Mid, F,451,Middle_Unit,3050000,6763,31/3/2011,South East,6. Normal (Good Direction - S/E),520.0,6.0
30,14,Mid, F,451,Middle_Unit,3480000,7716,31/3/2011,North,9. Poor Close (Wall View),420.0,3.0
38,8,Low, G,304,Small_Unit,2200000,7237,31/3/2011,North,10. Poor Street (Busy Road),150.0,2.0
49,26,High, E,284,Small_Unit,1950000,6866,31/3/2011,South East,6. Normal (Good Direction - S/E),220.0,6.0
33,14,Mid, B,820,Large_Unit,6200000,7561,30/3/2011,West,10. Poor Street (Busy Road),350.0,2.0
52,28,High, B,284,Small_Unit,2300000,8099,30/3/2011,North West,8. Normal (Poor Direction - N/W),280.0,4.5
17,13,Mid, C,327,Small_Unit,2310000,7064,29/3/2011,South West,6. Normal (Good Direction - S/E),520.0,6.0
35,28,High, B,707,Large_Unit,5780000,8175,28/3/2011,North,5. Good Internal (Pool/Garden/Mall),320.0,6.5
41,23,Mid, B,284,Small_Unit,2355000,8292,28/3/2011,West,10. Poor Street (Busy Road),220.0,2.0
47,5,Low, G,304,Small_Unit,2190000,7204,28/3/2011,North,10. Poor Street (Busy Road),180.0,2.0
24,9,Low, H,326,Small_Unit,2250000,6902,25/3/2011,South,10. Poor Street (Busy Road),380.0,2.0
52,4,Low, F,284,Small_Unit,2048000,7211,25/3/2011,South East,6. Normal (Good Direction - S/E),280.0,6.0
38,9,Low, C,304,Small_Unit,2330000,7664,25/3/2011,South,9. Poor Close (Wall View),150.0,3.0
37,4,Low, F,284,Small_Unit,2153000,7581,24/3/2011,West,9. Poor Close (Wall View),150.0,3.0
2,15,Mid, C,327,Small_Unit,2430000,7431,24/3/2011,South West,2. Premium (Full River - West/Sun),680.0,8.5
16,14,Mid, D,327,Small_Unit,2280000,6972,24/3/2011,South West,6. Normal (Good Direction - S/E),500.0,6.0
31,1,Low, C,327,Small_Unit,2065000,6315,24/3/2011,West,9. Poor Close (Wall View),400.0,3.0
3,25,Mid, D,327,Small_Unit,2000000,6116,24/3/2011,South West,2. Premium (Full River - West/Sun),700.0,8.5
22,15,Mid, B,515,Middle_Unit,3750000,7282,24/3/2011,North West,8. Normal (Poor Direction - N/W),480.0,4.5
30,12,Mid, A,451,Middle_Unit,3430000,7605,24/3/2011,South,5. Good Internal (Pool/Garden/Mall),420.0,6.5
51,16,Mid, A,284,Small_Unit,2280000,8028,23/3/2011,North West,8. Normal (Poor Direction - N/W),280.0,4.5
43,30,High, F,284,Small_Unit,2270000,7993,23/3/2011,East,9. Poor Close (Wall View),220.0,3.0
39,27,High, G,304,Small_Unit,2440000,8026,23/3/2011,North,10. Poor Street (Busy Road),180.0,2.0
20,7,Low, D,327,Small_Unit,2398000,7333,23/3/2011,South West,6. Normal (Good Direction - S/E),520.0,6.0
26,17,Mid, G,326,Small_Unit,2300000,7055,22/3/2011,East,10. Poor Street (Busy Road),420.0,2.0
46,5,Low, E,284,Small_Unit,2100000,7394,22/3/2011,East,9. Poor Close (Wall View),180.0,3.0
8,27,High, D,327,Small_Unit,2330000,7125,22/3/2011,South West,6. Normal (Good Direction - S/E),620.0,6.0
9,4,Low, H,327,Small_Unit,2150000,6575,22/3/2011,North East,6. Normal (Good Direction - S/E),600.0,6.0
52,20,Mid, A,284,Small_Unit,2450000,8627,21/3/2011,North West,8. Normal (Poor Direction - N/W),280.0,4.5
3,21,Mid, G,327,Small_Unit,2430000,7431,21/3/2011,North East,2. Premium (Full River - West/Sun),700.0,8.5
37,3,Low, C,304,Small_Unit,2050000,6743,18/3/2011,South,9. Poor Close (Wall View),150.0,3.0
42,4,Low, A,284,Small_Unit,2068000,7282,17/3/2011,West,9. Poor Close (Wall View),200.0,3.0
20,19,Mid, H,327,Small_Unit,2480000,7584,17/3/2011,North East,6. Normal (Good Direction - S/E),520.0,6.0
9,26,High, G,327,Small_Unit,2340000,7156,17/3/2011,North East,6. Normal (Good Direction - S/E),600.0,6.0
44,4,Low, C,304,Small_Unit,2020000,6645,17/3/2011,South,6. Normal (Good Direction - S/E),150.0,6.0
23,5,Low, G,327,Small_Unit,2196800,6718,16/3/2011,North East,6. Normal (Good Direction - S/E),350.0,6.0
49,8,Low, E,284,Small_Unit,2250000,7923,16/3/2011,South East,6. Normal (Good Direction - S/E),220.0,6.0
1,20,Mid, C,327,Small_Unit,2413000,7379,15/3/2011,South West,2. Premium (Full River - West/Sun),650.0,8.5
1,6,Low, H,327,Small_Unit,2280000,6972,14/3/2011,North East,2. Premium (Full River - West/Sun),650.0,8.5
3,10,Low, B,451,Middle_Unit,3290000,7295,14/3/2011,North West,2. Premium (Full River - West/Sun),700.0,8.5
45,21,Mid, A,284,Small_Unit,2190000,7711,11/3/2011,West,9. Poor Close (Wall View),150.0,3.0
2,12,Mid, H,327,Small_Unit,2368000,7242,11/3/2011,North East,2. Premium (Full River - West/Sun),680.0,8.5
17,22,Mid, H,327,Small_Unit,2095000,6407,11/3/2011,North East,6. Normal (Good Direction - S/E),520.0,6.0
38,11,Mid, B,284,Small_Unit,2238000,7880,11/3/2011,East,9. Poor Close (Wall View),150.0,3.0
15,20,Mid, C,853,Large_Unit,6438000,7547,11/3/2011,South West,3. Premium Partial (Slivers of Water/Park),650.0,8.0
22,27,High, A,515,Middle_Unit,3780000,7340,11/3/2011,North West,8. Normal (Poor Direction - N/W),480.0,4.5
18,5,Low, C,484,Middle_Unit,3230000,6674,11/3/2011,South West,6. Normal (Good Direction - S/E),550.0,6.0
50,10,Low, E,284,Small_Unit,2200000,7746,10/3/2011,South East,6. Normal (Good Direction - S/E),250.0,6.0
23,8,Low, D,327,Small_Unit,2200000,6728,10/3/2011,South West,6. Normal (Good Direction - S/E),350.0,6.0
42,13,Mid, B,284,Small_Unit,2150000,7570,10/3/2011,West,9. Poor Close (Wall View),200.0,3.0
46,4,Low, G,304,Small_Unit,2200000,7237,10/3/2011,North,10. Poor Street (Busy Road),180.0,2.0
47,17,Mid, E,284,Small_Unit,2238000,7880,10/3/2011,East,9. Poor Close (Wall View),180.0,3.0
8,28,High, A,451,Middle_Unit,3593000,7967,9/3/2011,North West,4. Good Open (High Floor City),620.0,7.0
37,32,High, H,304,Small_Unit,2550000,8388,9/3/2011,North,5. Good Internal (Pool/Garden/Mall),150.0,6.5
24,5,Low, D,326,Small_Unit,2338000,7172,9/3/2011,West,10. Poor Street (Busy Road),380.0,2.0
45,21,Mid, F,284,Small_Unit,2313000,8144,9/3/2011,East,10. Poor Street (Busy Road),150.0,2.0
52,19,Mid, C,304,Small_Unit,2300000,7566,8/3/2011,South West,6. Normal (Good Direction - S/E),280.0,6.0
42,32,High, A,284,Small_Unit,2350000,8275,8/3/2011,West,9. Poor Close (Wall View),200.0,3.0
17,15,Mid, A,451,Middle_Unit,3400000,7539,8/3/2011,North West,8. Normal (Poor Direction - N/W),520.0,4.5
19,15,Mid, E,451,Middle_Unit,3330000,7384,8/3/2011,South East,6. Normal (Good Direction - S/E),550.0,6.0
48,29,High, C,304,Small_Unit,2399000,7891,8/3/2011,South,6. Normal (Good Direction - S/E),200.0,6.0
20,25,Mid, H,327,Small_Unit,2380000,7278,8/3/2011,North East,6. Normal (Good Direction - S/E),520.0,6.0
8,20,Mid, D,327,Small_Unit,2350000,7187,8/3/2011,South West,6. Normal (Good Direction - S/E),620.0,6.0
7,4,Low, E,504,Middle_Unit,3438000,6821,8/3/2011,South East,3. Premium Partial (Slivers of Water/Park),600.0,6.0
10,30,High, E,451,Middle_Unit,3450000,7650,8/3/2011,South East,1. Premium Plus (Full River/Park),580.0,9.0
43,18,Mid, A,284,Small_Unit,2250000,7923,7/3/2011,West,9. Poor Close (Wall View),220.0,3.0
38,13,Mid, C,304,Small_Unit,2200000,7237,7/3/2011,South,9. Poor Close (Wall View),150.0,3.0
19,30,High, H,327,Small_Unit,2500000,7645,7/3/2011,North East,6. Normal (Good Direction - S/E),550.0,6.0
51,26,High, H,304,Small_Unit,2350000,7730,7/3/2011,North East,6. Normal (Good Direction - S/E),280.0,6.0
47,27,High, D,304,Small_Unit,2250000,7401,4/3/2011,South,6. Normal (Good Direction - S/E),180.0,6.0
41,8,Low, F,284,Small_Unit,2280000,8028,4/3/2011,East,9. Poor Close (Wall View),220.0,3.0
52,3,Low, C,304,Small_Unit,2080000,6842,4/3/2011,South West,6. Normal (Good Direction - S/E),280.0,6.0
20,23,Mid, G,327,Small_Unit,2346000,7174,4/3/2011,North East,6. Normal (Good Direction - S/E),520.0,6.0
32,23,Mid, E,451,Middle_Unit,3300000,7317,4/3/2011,North,10. Poor Street (Busy Road),380.0,2.0
45,28,High, E,284,Small_Unit,2290000,8063,4/3/2011,East,10. Poor Street (Busy Road),150.0,2.0
26,11,Mid, G,326,Small_Unit,2430000,7454,4/3/2011,East,10. Poor Street (Busy Road),420.0,2.0
39,25,Mid, A,284,Small_Unit,2260000,7958,4/3/2011,East,9. Poor Close (Wall View),180.0,3.0
48,22,Mid, A,284,Small_Unit,2200000,7746,4/3/2011,West,9. Poor Close (Wall View),200.0,3.0
16,15,Mid, E,451,Middle_Unit,3100000,6874,3/3/2011,South East,6. Normal (Good Direction - S/E),500.0,6.0
42,31,High, H,304,Small_Unit,2360000,7763,3/3/2011,North,9. Poor Close (Wall View),200.0,3.0
16,30,High, G,327,Small_Unit,2380000,7278,2/3/2011,North East,6. Normal (Good Direction - S/E),500.0,6.0
51,3,Low, A,284,Small_Unit,1990000,7007,2/3/2011,North West,8. Normal (Poor Direction - N/W),280.0,4.5
36,20,Mid, E,478,Middle_Unit,3780000,7908,2/3/2011,South,5. Good Internal (Pool/Garden/Mall),300.0,6.5
1,5,Low, C,327,Small_Unit,2130000,6514,2/3/2011,South West,2. Premium (Full River - West/Sun),650.0,8.5
38,20,Mid, F,284,Small_Unit,2180000,7676,2/3/2011,West,9. Poor Close (Wall View),150.0,3.0
21,6,Low, H,327,Small_Unit,2200000,6728,2/3/2011,North East,6. Normal (Good Direction - S/E),500.0,6.0
31,23,Mid, B,451,Middle_Unit,3300000,7317,2/3/2011,South,5. Good Internal (Pool/Garden/Mall),400.0,6.5
17,20,Mid, A,451,Middle_Unit,3250000,7206,2/3/2011,North West,8. Normal (Poor Direction - N/W),520.0,4.5
10,6,Low, B,451,Middle_Unit,3230000,7162,2/3/2011,North West,10. Poor Street (Busy Road),580.0,2.0
20,20,Mid, F,451,Middle_Unit,3348000,7424,1/3/2011,South East,6. Normal (Good Direction - S/E),520.0,6.0
8,11,Mid, G,327,Small_Unit,2270000,6942,1/3/2011,North East,6. Normal (Good Direction - S/E),620.0,6.0
1,2,Low, H,327,Small_Unit,1998000,6110,1/3/2011,North East,2. Premium (Full River - West/Sun),650.0,8.5
42,17,Mid, H,304,Small_Unit,2090000,6875,28/2/2011,North,9. Poor Close (Wall View),200.0,3.0
23,10,Low, B,451,Middle_Unit,3368000,7468,28/2/2011,North West,8. Normal (Poor Direction - N/W),350.0,4.5
10,24,Mid, A,451,Middle_Unit,3250000,7206,28/2/2011,North West,1. Premium Plus (Full River/Park),580.0,9.0
35,18,Mid, B,707,Large_Unit,5450000,7709,28/2/2011,North,5. Good Internal (Pool/Garden/Mall),320.0,6.5
41,26,High, E,284,Small_Unit,2220000,7817,28/2/2011,East,9. Poor Close (Wall View),220.0,3.0
41,29,High, E,284,Small_Unit,2328000,8197,28/2/2011,East,9. Poor Close (Wall View),220.0,3.0
51,8,Low, H,304,Small_Unit,2280000,7500,28/2/2011,North East,6. Normal (Good Direction - S/E),280.0,6.0
37,23,Mid, B,284,Small_Unit,2303500,8111,28/2/2011,East,6. Normal (Good Direction - S/E),150.0,6.0
44,5,Low, C,304,Small_Unit,2050000,6743,28/2/2011,South,6. Normal (Good Direction - S/E),150.0,6.0
9,26,High, F,451,Middle_Unit,3300000,7317,25/2/2011,South East,6. Normal (Good Direction - S/E),600.0,6.0
45,27,High, B,284,Small_Unit,2128000,7493,25/2/2011,West,9. Poor Close (Wall View),150.0,3.0
24,30,High, F,447,Middle_Unit,3630000,8121,25/2/2011,North,8. Normal (Poor Direction - N/W),380.0,4.5
30,29,High, A,451,Middle_Unit,3400000,7539,25/2/2011,South,5. Good Internal (Pool/Garden/Mall),420.0,6.5
31,20,Mid, D,327,Small_Unit,2280000,6972,25/2/2011,West,9. Poor Close (Wall View),400.0,3.0
48,25,Mid, B,284,Small_Unit,2300000,8099,25/2/2011,West,9. Poor Close (Wall View),200.0,3.0
10,18,Mid, D,327,Small_Unit,2390000,7309,25/2/2011,South West,3. Premium Partial (Slivers of Water/Park),580.0,8.0
17,9,Low, E,451,Middle_Unit,3100000,6874,24/2/2011,South East,6. Normal (Good Direction - S/E),520.0,6.0
37,4,Low, G,304,Small_Unit,2000000,6579,24/2/2011,North,5. Good Internal (Pool/Garden/Mall),150.0,6.5
2,2,Low, G,327,Small_Unit,2138000,6538,24/2/2011,North East,2. Premium (Full River - West/Sun),680.0,8.5
19,22,Mid, D,327,Small_Unit,2190000,6697,24/2/2011,South West,6. Normal (Good Direction - S/E),550.0,6.0
20,8,Low, H,327,Small_Unit,2230000,6820,24/2/2011,North East,6. Normal (Good Direction - S/E),520.0,6.0
16,25,Mid, H,327,Small_Unit,2380000,7278,24/2/2011,North East,6. Normal (Good Direction - S/E),500.0,6.0
25,2,Low, C,688,Large_Unit,4750000,6904,24/2/2011,West,9. Poor Close (Wall View),400.0,3.0
1,6,Low, F,451,Middle_Unit,2880000,6386,23/2/2011,South East,6. Normal (Good Direction - S/E),650.0,6.0
42,7,Low, A,284,Small_Unit,2100000,7394,23/2/2011,West,9. Poor Close (Wall View),200.0,3.0
39,3,Low, C,304,Small_Unit,1955000,6431,23/2/2011,South,9. Poor Close (Wall View),180.0,3.0
21,19,Mid, D,327,Small_Unit,2388000,7303,23/2/2011,South West,6. Normal (Good Direction - S/E),500.0,6.0
20,11,Mid, F,451,Middle_Unit,3388000,7512,23/2/2011,South East,6. Normal (Good Direction - S/E),520.0,6.0
23,6,Low, C,327,Small_Unit,2280000,6972,23/2/2011,South West,6. Normal (Good Direction - S/E),350.0,6.0
51,18,Mid, D,304,Small_Unit,2130000,7007,23/2/2011,South West,6. Normal (Good Direction - S/E),280.0,6.0
50,3,Low, E,284,Small_Unit,2138000,7528,23/2/2011,South East,6. Normal (Good Direction - S/E),250.0,6.0
20,23,Mid, B,451,Middle_Unit,3380000,7494,23/2/2011,North West,8. Normal (Poor Direction - N/W),520.0,4.5
15,21,Mid, C,853,Large_Unit,5690000,6671,23/2/2011,South West,3. Premium Partial (Slivers of Water/Park),650.0,8.0
24,11,Mid, F,447,Middle_Unit,3520000,7875,23/2/2011,North,8. Normal (Poor Direction - N/W),380.0,4.5
40,25,Mid, D,304,Small_Unit,2250000,7401,23/2/2011,South,9. Poor Close (Wall View),200.0,3.0
19,28,High, G,327,Small_Unit,2300000,7034,23/2/2011,North East,6. Normal (Good Direction - S/E),550.0,6.0
48,20,Mid, E,284,Small_Unit,2110000,7430,23/2/2011,East,10. Poor Street (Busy Road),200.0,2.0
31,1,Low, F,451,Middle_Unit,3000000,6652,22/2/2011,North,10. Poor Street (Busy Road),400.0,2.0
9,14,Mid, F,451,Middle_Unit,3200000,7095,22/2/2011,South East,6. Normal (Good Direction - S/E),600.0,6.0
45,4,Low, H,304,Small_Unit,2088000,6868,22/2/2011,North,9. Poor Close (Wall View),150.0,3.0
45,23,Mid, A,284,Small_Unit,1980000,6972,22/2/2011,West,9. Poor Close (Wall View),150.0,3.0
7,21,Mid, E,504,Middle_Unit,3660000,7262,22/2/2011,South East,3. Premium Partial (Slivers of Water/Park),600.0,6.0
27,24,Mid, A,688,Large_Unit,5210000,7573,21/2/2011,East,9. Poor Close (Wall View),450.0,3.0
3,5,Low, H,327,Small_Unit,2108000,6446,21/2/2011,North East,2. Premium (Full River - West/Sun),700.0,8.5
21,26,High, F,451,Middle_Unit,3100000,6874,21/2/2011,South East,6. Normal (Good Direction - S/E),500.0,6.0
40,3,Low, D,304,Small_Unit,2088000,6868,21/2/2011,South,9. Poor Close (Wall View),200.0,3.0
41,6,Low, C,304,Small_Unit,2150000,7072,21/2/2011,South,6. Normal (Good Direction - S/E),220.0,6.0
48,27,High, E,284,Small_Unit,2200000,7746,21/2/2011,East,10. Poor Street (Busy Road),200.0,2.0
37,7,Low, G,304,Small_Unit,2120000,6974,21/2/2011,North,5. Good Internal (Pool/Garden/Mall),150.0,6.5
48,17,Mid, A,284,Small_Unit,2100000,7394,21/2/2011,West,9. Poor Close (Wall View),200.0,3.0
39,24,Mid, C,304,Small_Unit,2230000,7336,21/2/2011,South,9. Poor Close (Wall View),180.0,3.0
52,30,High, G,304,Small_Unit,2160000,7105,21/2/2011,North East,6. Normal (Good Direction - S/E),280.0,6.0
47,6,Low, D,304,Small_Unit,2150000,7072,21/2/2011,South,6. Normal (Good Direction - S/E),180.0,6.0
19,2,Low, G,327,Small_Unit,2000000,6116,21/2/2011,North East,6. Normal (Good Direction - S/E),550.0,6.0
25,25,Mid, A,688,Large_Unit,5180000,7529,21/2/2011,North,8. Normal (Poor Direction - N/W),400.0,4.5
38,21,Mid, E,284,Small_Unit,2108000,7423,21/2/2011,West,9. Poor Close (Wall View),150.0,3.0
38,32,High, E,284,Small_Unit,2330000,8204,21/2/2011,West,9. Poor Close (Wall View),150.0,3.0
49,8,Low, A,284,Small_Unit,2090000,7359,18/2/2011,North West,8. Normal (Poor Direction - N/W),220.0,4.5
34,26,High, C,707,Large_Unit,5298000,7494,18/2/2011,North,4. Good Open (High Floor City),300.0,7.0
39,7,Low, A,284,Small_Unit,1980000,6972,18/2/2011,East,9. Poor Close (Wall View),180.0,3.0
21,20,Mid, A,451,Middle_Unit,3138000,6958,18/2/2011,North West,8. Normal (Poor Direction - N/W),500.0,4.5
9,23,Mid, F,451,Middle_Unit,3250000,7206,18/2/2011,South East,6. Normal (Good Direction - S/E),600.0,6.0
42,4,Low, C,304,Small_Unit,1990000,6546,18/2/2011,South,6. Normal (Good Direction - S/E),200.0,6.0
11,22,Mid, C,484,Middle_Unit,3638000,7517,18/2/2011,South West,3. Premium Partial (Slivers of Water/Park),550.0,8.0
3,10,Low, D,327,Small_Unit,2260000,6911,18/2/2011,South West,2. Premium (Full River - West/Sun),700.0,8.5
40,32,High, D,304,Small_Unit,2280000,7500,18/2/2011,South,9. Poor Close (Wall View),200.0,3.0
45,26,High, G,304,Small_Unit,2280000,7500,18/2/2011,North,9. Poor Close (Wall View),150.0,3.0
3,23,Mid, D,327,Small_Unit,2398000,7333,17/2/2011,South West,2. Premium (Full River - West/Sun),700.0,8.5
21,7,Low, D,327,Small_Unit,2215000,6774,17/2/2011,South West,6. Normal (Good Direction - S/E),500.0,6.0
48,9,Low, G,304,Small_Unit,1950000,6414,17/2/2011,North,10. Poor Street (Busy Road),200.0,2.0
29,24,Mid, G,327,Small_Unit,2250000,6881,17/2/2011,South,9. Poor Close (Wall View),450.0,3.0
10,7,Low, H,327,Small_Unit,1950000,5963,17/2/2011,North East,1. Premium Plus (Full River/Park),580.0,9.0
32,15,Mid, G,327,Small_Unit,2200000,6728,17/2/2011,East,10. Poor Street (Busy Road),380.0,2.0
15,20,Mid, B,819,Large_Unit,5650000,6899,17/2/2011,North West,1. Premium Plus (Full River/Park),650.0,9.0
4,11,Mid, A,819,Large_Unit,5550000,6777,17/2/2011,North West,11. Poor Highway (Tai Chung Kiu Noise Penalty),720.0,1.0
17,20,Mid, D,327,Small_Unit,2068000,6324,17/2/2011,South West,6. Normal (Good Direction - S/E),520.0,6.0
24,20,Mid, F,447,Middle_Unit,3239000,7246,17/2/2011,North,8. Normal (Poor Direction - N/W),380.0,4.5
37,18,Mid, D,304,Small_Unit,2180000,7171,17/2/2011,South,9. Poor Close (Wall View),150.0,3.0
52,14,Mid, B,284,Small_Unit,2098000,7387,16/2/2011,North West,8. Normal (Poor Direction - N/W),280.0,4.5
30,9,Low, E,451,Middle_Unit,3268000,7246,16/2/2011,North,9. Poor Close (Wall View),420.0,3.0
15,14,Mid, C,853,Large_Unit,5800000,6800,16/2/2011,South West,3. Premium Partial (Slivers of Water/Park),650.0,8.0
31,7,Low, B,451,Middle_Unit,3150000,6984,16/2/2011,South,5. Good Internal (Pool/Garden/Mall),400.0,6.5
52,24,Mid, H,304,Small_Unit,2150000,7072,16/2/2011,North East,6. Normal (Good Direction - S/E),280.0,6.0
2,8,Low, F,451,Middle_Unit,3080000,6829,16/2/2011,South East,3. Premium Partial (Slivers of Water/Park),680.0,6.0
30,4,Low, E,451,Middle_Unit,2900000,6430,16/2/2011,North,9. Poor Close (Wall View),420.0,3.0
47,5,Low, E,284,Small_Unit,2100000,7394,16/2/2011,East,9. Poor Close (Wall View),180.0,3.0
30,15,Mid, G,327,Small_Unit,2220000,6789,16/2/2011,East,9. Poor Close (Wall View),420.0,3.0
13,3,Low, D,853,Large_Unit,5093000,5971,16/2/2011,South West,6. Normal (Good Direction - S/E),700.0,6.0
49,29,High, G,304,Small_Unit,2280000,7500,16/2/2011,North East,6. Normal (Good Direction - S/E),220.0,6.0
39,31,High, A,284,Small_Unit,2245000,7905,16/2/2011,East,9. Poor Close (Wall View),180.0,3.0
51,23,Mid, G,304,Small_Unit,2335000,7681,16/2/2011,North East,6. Normal (Good Direction - S/E),280.0,6.0
47,31,High, G,304,Small_Unit,2263800,7447,15/2/2011,North,10. Poor Street (Busy Road),180.0,2.0
37,16,Mid, F,284,Small_Unit,2230000,7852,15/2/2011,West,9. Poor Close (Wall View),150.0,3.0
30,15,Mid, C,327,Small_Unit,2410000,7370,15/2/2011,West,10. Poor Street (Busy Road),420.0,2.0
50,26,High, A,284,Small_Unit,2100000,7394,15/2/2011,North West,8. Normal (Poor Direction - N/W),250.0,4.5
9,27,High, B,451,Middle_Unit,3058000,6780,15/2/2011,North West,8. Normal (Poor Direction - N/W),600.0,4.5
36,3,Low, D,307,Small_Unit,2050000,6678,15/2/2011,East,6. Normal (Good Direction - S/E),300.0,6.0
47,28,High, D,304,Small_Unit,2110000,6941,15/2/2011,South,6. Normal (Good Direction - S/E),180.0,6.0
47,5,Low, A,284,Small_Unit,1945000,6849,15/2/2011,West,9. Poor Close (Wall View),180.0,3.0
24,19,Mid, A,447,Middle_Unit,3290000,7360,15/2/2011,East,9. Poor Close (Wall View),380.0,3.0
20,2,Low, C,327,Small_Unit,2120000,6483,15/2/2011,South West,6. Normal (Good Direction - S/E),520.0,6.0
20,16,Mid, E,451,Middle_Unit,3138000,6958,15/2/2011,South East,6. Normal (Good Direction - S/E),520.0,6.0
37,29,High, H,304,Small_Unit,2266000,7454,14/2/2011,North,5. Good Internal (Pool/Garden/Mall),150.0,6.5
46,6,Low, C,304,Small_Unit,2010000,6612,14/2/2011,South,6. Normal (Good Direction - S/E),180.0,6.0
19,18,Mid, E,451,Middle_Unit,3100000,6874,14/2/2011,South East,6. Normal (Good Direction - S/E),550.0,6.0
12,3,Low, A,515,Middle_Unit,3080000,5981,14/2/2011,North West,1. Premium Plus (Full River/Park),580.0,9.0
52,25,Mid, H,304,Small_Unit,2300000,7566,14/2/2011,North East,6. Normal (Good Direction - S/E),280.0,6.0
36,26,High, C,307,Small_Unit,2390000,7785,14/2/2011,East,6. Normal (Good Direction - S/E),300.0,6.0
16,10,Low, G,327,Small_Unit,2313000,7073,14/2/2011,North East,6. Normal (Good Direction - S/E),500.0,6.0
51,14,Mid, H,304,Small_Unit,2230000,7336,14/2/2011,North East,6. Normal (Good Direction - S/E),280.0,6.0
21,17,Mid, E,451,Middle_Unit,3230000,7162,11/2/2011,South East,6. Normal (Good Direction - S/E),500.0,6.0
51,26,High, F,284,Small_Unit,2280000,8028,11/2/2011,South East,6. Normal (Good Direction - S/E),280.0,6.0
3,27,High, G,327,Small_Unit,2500000,7645,11/2/2011,North East,2. Premium (Full River - West/Sun),700.0,8.5
50,21,Mid, D,304,Small_Unit,2168000,7132,11/2/2011,South West,6. Normal (Good Direction - S/E),250.0,6.0
43,27,High, C,304,Small_Unit,2180000,7171,11/2/2011,South,6. Normal (Good Direction - S/E),220.0,6.0
38,11,Mid, A,284,Small_Unit,2081000,7327,11/2/2011,East,9. Poor Close (Wall View),150.0,3.0
47,29,High, D,304,Small_Unit,2080000,6842,11/2/2011,South,6. Normal (Good Direction - S/E),180.0,6.0
38,4,Low, A,284,Small_Unit,2075000,7306,11/2/2011,East,9. Poor Close (Wall View),150.0,3.0
18,22,Mid, A,515,Middle_Unit,3550000,6893,11/2/2011,North West,8. Normal (Poor Direction - N/W),550.0,4.5
49,31,High, B,284,Small_Unit,2230000,7852,10/2/2011,North West,4. Good Open (High Floor City),220.0,7.0
23,9,Low, D,327,Small_Unit,2200000,6728,10/2/2011,South West,6. Normal (Good Direction - S/E),350.0,6.0
40,9,Low, A,284,Small_Unit,2100000,7394,10/2/2011,East,9. Poor Close (Wall View),200.0,3.0
42,9,Low, F,284,Small_Unit,2050000,7218,10/2/2011,East,9. Poor Close (Wall View),200.0,3.0
47,25,Mid, A,284,Small_Unit,2180000,7676,10/2/2011,West,9. Poor Close (Wall View),180.0,3.0
7,5,Low, F,484,Middle_Unit,3250000,6715,9/2/2011,South East,6. Normal (Good Direction - S/E),600.0,6.0
21,15,Mid, B,451,Middle_Unit,3100000,6874,9/2/2011,North West,8. Normal (Poor Direction - N/W),500.0,4.5
14,3,Low, B,819,Large_Unit,5200000,6349,8/2/2011,North West,1. Premium Plus (Full River/Park),680.0,9.0
36,17,Mid, H,307,Small_Unit,2200000,7166,7/2/2011,West,10. Poor Street (Busy Road),300.0,2.0
10,27,High, D,327,Small_Unit,2210000,6758,7/2/2011,South West,3. Premium Partial (Slivers of Water/Park),580.0,8.0
31,21,Mid, C,327,Small_Unit,2200000,6728,7/2/2011,West,9. Poor Close (Wall View),400.0,3.0
19,30,High, A,451,Middle_Unit,3280000,7273,7/2/2011,North West,8. Normal (Poor Direction - N/W),550.0,4.5
14,25,Mid, A,819,Large_Unit,5868000,7165,2/2/2011,North West,1. Premium Plus (Full River/Park),680.0,9.0
1,23,Mid, H,327,Small_Unit,2268000,6936,2/2/2011,North East,2. Premium (Full River - West/Sun),650.0,8.5
36,12,Mid, E,478,Middle_Unit,3500000,7322,2/2/2011,South,5. Good Internal (Pool/Garden/Mall),300.0,6.5
48,7,Low, G,304,Small_Unit,1850000,6086,2/2/2011,North,10. Poor Street (Busy Road),200.0,2.0
32,24,Mid, C,327,Small_Unit,2130000,6514,2/2/2011,West,9. Poor Close (Wall View),380.0,3.0
30,21,Mid, F,451,Middle_Unit,3168000,7024,2/2/2011,North,9. Poor Close (Wall View),420.0,3.0
36,27,High, H,307,Small_Unit,2000000,6515,2/2/2011,West,10. Poor Street (Busy Road),300.0,2.0
37,8,Low, E,284,Small_Unit,1968000,6930,2/2/2011,West,9. Poor Close (Wall View),150.0,3.0
41,4,Low, B,284,Small_Unit,1950000,6866,2/2/2011,West,10. Poor Street (Busy Road),220.0,2.0
22,13,Mid, D,504,Middle_Unit,3330000,6607,1/2/2011,South West,6. Normal (Good Direction - S/E),480.0,6.0
44,15,Mid, F,284,Small_Unit,2175000,7658,1/2/2011,East,9. Poor Close (Wall View),150.0,3.0
24,2,Low, B,447,Middle_Unit,2780000,6219,1/2/2011,East,9. Poor Close (Wall View),380.0,3.0
2,5,Low, B,451,Middle_Unit,2900000,6430,1/2/2011,North West,2. Premium (Full River - West/Sun),680.0,8.5
49,25,Mid, G,304,Small_Unit,2200000,7237,1/2/2011,North East,6. Normal (Good Direction - S/E),220.0,6.0
39,28,High, G,304,Small_Unit,2250000,7401,31/1/2011,North,10. Poor Street (Busy Road),180.0,2.0
1,21,Mid, D,327,Small_Unit,2420000,7401,31/1/2011,South West,2. Premium (Full River - West/Sun),650.0,8.5
26,30,High, E,447,Middle_Unit,3145000,7036,31/1/2011,South,10. Poor Street (Busy Road),420.0,2.0
17,20,Mid, H,327,Small_Unit,2105000,6437,31/1/2011,North East,6. Normal (Good Direction - S/E),520.0,6.0
10,12,Mid, G,327,Small_Unit,2180000,6667,31/1/2011,North East,1. Premium Plus (Full River/Park),580.0,9.0
20,27,High, C,327,Small_Unit,2180000,6667,31/1/2011,South West,6. Normal (Good Direction - S/E),520.0,6.0
7,16,Mid, F,484,Middle_Unit,3530000,7293,28/1/2011,South East,6. Normal (Good Direction - S/E),600.0,6.0
36,9,Low, D,307,Small_Unit,2000000,6515,28/1/2011,East,6. Normal (Good Direction - S/E),300.0,6.0
28,20,Mid, C,688,Large_Unit,5100000,7413,28/1/2011,West,9. Poor Close (Wall View),480.0,3.0
46,32,High, A,284,Small_Unit,2193000,7722,28/1/2011,West,4. Good Open (High Floor City),180.0,7.0
49,5,Low, D,304,Small_Unit,2050000,6743,28/1/2011,South West,6. Normal (Good Direction - S/E),220.0,6.0
38,15,Mid, B,284,Small_Unit,2180000,7676,28/1/2011,East,9. Poor Close (Wall View),150.0,3.0
23,16,Mid, C,327,Small_Unit,2380000,7278,28/1/2011,South West,6. Normal (Good Direction - S/E),350.0,6.0
50,9,Low, E,284,Small_Unit,2050000,7218,28/1/2011,South East,6. Normal (Good Direction - S/E),250.0,6.0
49,28,High, C,304,Small_Unit,2048000,6737,28/1/2011,South West,6. Normal (Good Direction - S/E),220.0,6.0
36,3,Low, G,307,Small_Unit,1900000,6189,28/1/2011,West,10. Poor Street (Busy Road),300.0,2.0
5,7,Low, B,819,Large_Unit,5550000,6777,27/1/2011,North West,2. Premium (Full River - West/Sun),750.0,8.5
20,17,Mid, H,327,Small_Unit,2158000,6599,27/1/2011,North East,6. Normal (Good Direction - S/E),520.0,6.0
19,17,Mid, E,451,Middle_Unit,3180000,7051,27/1/2011,South East,6. Normal (Good Direction - S/E),550.0,6.0
22,8,Low, F,484,Middle_Unit,3300000,6818,27/1/2011,South East,6. Normal (Good Direction - S/E),480.0,6.0
45,9,Low, C,304,Small_Unit,2060000,6776,27/1/2011,South,6. Normal (Good Direction - S/E),150.0,6.0
9,30,High, G,327,Small_Unit,2300000,7034,26/1/2011,North East,6. Normal (Good Direction - S/E),600.0,6.0
51,28,High, F,284,Small_Unit,2150000,7570,26/1/2011,South East,6. Normal (Good Direction - S/E),280.0,6.0
43,14,Mid, E,284,Small_Unit,2128000,7493,26/1/2011,East,9. Poor Close (Wall View),220.0,3.0
37,13,Mid, A,284,Small_Unit,2072000,7296,26/1/2011,East,6. Normal (Good Direction - S/E),150.0,6.0
42,17,Mid, B,284,Small_Unit,2118000,7458,26/1/2011,West,9. Poor Close (Wall View),200.0,3.0
8,30,High, C,327,Small_Unit,2248000,6875,26/1/2011,South West,6. Normal (Good Direction - S/E),620.0,6.0
51,4,Low, C,304,Small_Unit,2080000,6842,26/1/2011,South West,6. Normal (Good Direction - S/E),280.0,6.0
9,13,Mid, D,327,Small_Unit,2100000,6422,26/1/2011,South West,6. Normal (Good Direction - S/E),600.0,6.0
8,9,Low, D,327,Small_Unit,2238000,6844,26/1/2011,South West,6. Normal (Good Direction - S/E),620.0,6.0
39,10,Low, G,304,Small_Unit,2200000,7237,25/1/2011,North,10. Poor Street (Busy Road),180.0,2.0
52,6,Low, C,304,Small_Unit,1950000,6414,25/1/2011,South West,6. Normal (Good Direction - S/E),280.0,6.0
9,27,High, D,327,Small_Unit,2180000,6667,25/1/2011,South West,6. Normal (Good Direction - S/E),600.0,6.0
47,5,Low, H,304,Small_Unit,1830000,6020,25/1/2011,North,10. Poor Street (Busy Road),180.0,2.0
30,26,High, D,327,Small_Unit,2260000,6911,25/1/2011,West,10. Poor Street (Busy Road),420.0,2.0
25,3,Low, B,688,Large_Unit,4225000,6141,25/1/2011,North,8. Normal (Poor Direction - N/W),400.0,4.5
1,14,Mid, D,327,Small_Unit,2350000,7187,24/1/2011,South West,2. Premium (Full River - West/Sun),650.0,8.5
1,14,Mid, E,451,Middle_Unit,3060000,6785,24/1/2011,South East,6. Normal (Good Direction - S/E),650.0,6.0
37,17,Mid, F,284,Small_Unit,2088000,7352,24/1/2011,West,9. Poor Close (Wall View),150.0,3.0
7,18,Mid, E,504,Middle_Unit,3488000,6921,24/1/2011,South East,3. Premium Partial (Slivers of Water/Park),600.0,6.0
2,12,Mid, E,451,Middle_Unit,2990000,6630,24/1/2011,South East,3. Premium Partial (Slivers of Water/Park),680.0,8.0
41,29,High, B,284,Small_Unit,2100000,7394,24/1/2011,West,10. Poor Street (Busy Road),220.0,2.0
31,25,Mid, C,327,Small_Unit,2298000,7028,24/1/2011,West,9. Poor Close (Wall View),400.0,3.0
51,28,High, B,284,Small_Unit,2200000,7746,21/1/2011,North West,8. Normal (Poor Direction - N/W),280.0,4.5
39,7,Low, G,304,Small_Unit,2070000,6809,21/1/2011,North,10. Poor Street (Busy Road),180.0,2.0
43,8,Low, G,304,Small_Unit,2080000,6842,21/1/2011,North,9. Poor Close (Wall View),220.0,3.0
20,3,Low, C,327,Small_Unit,2018000,6171,21/1/2011,South West,6. Normal (Good Direction - S/E),520.0,6.0
43,5,Low, H,304,Small_Unit,1900000,6250,21/1/2011,North,9. Poor Close (Wall View),220.0,3.0
43,32,High, E,284,Small_Unit,2220000,7817,21/1/2011,East,9. Poor Close (Wall View),220.0,3.0
44,31,High, E,284,Small_Unit,2100000,7394,21/1/2011,East,9. Poor Close (Wall View),150.0,3.0
28,22,Mid, D,688,Large_Unit,5100000,7413,20/1/2011,West,9. Poor Close (Wall View),480.0,3.0
16,28,High, G,327,Small_Unit,2280000,6972,20/1/2011,North East,6. Normal (Good Direction - S/E),500.0,6.0
8,3,Low, F,451,Middle_Unit,2820000,6253,20/1/2011,South East,6. Normal (Good Direction - S/E),620.0,6.0
45,4,Low, A,284,Small_Unit,1880000,6620,20/1/2011,West,9. Poor Close (Wall View),150.0,3.0
24,18,Mid, G,326,Small_Unit,2180000,6687,20/1/2011,South,10. Poor Street (Busy Road),380.0,2.0
48,18,Mid, H,304,Small_Unit,2155000,7089,20/1/2011,North,10. Poor Street (Busy Road),200.0,2.0
20,25,Mid, B,451,Middle_Unit,3288000,7290,20/1/2011,North West,8. Normal (Poor Direction - N/W),520.0,4.5
49,8,Low, F,284,Small_Unit,2050000,7218,20/1/2011,South East,6. Normal (Good Direction - S/E),220.0,6.0
43,4,Low, G,304,Small_Unit,1938000,6375,19/1/2011,North,9. Poor Close (Wall View),220.0,3.0
19,13,Mid, B,451,Middle_Unit,3228000,7157,19/1/2011,North West,8. Normal (Poor Direction - N/W),550.0,4.5
10,24,Mid, C,327,Small_Unit,2180000,6667,19/1/2011,South West,3. Premium Partial (Slivers of Water/Park),580.0,8.0
32,19,Mid, E,451,Middle_Unit,2928000,6492,18/1/2011,North,10. Poor Street (Busy Road),380.0,2.0
40,32,High, B,284,Small_Unit,2130000,7500,18/1/2011,East,9. Poor Close (Wall View),200.0,3.0
45,5,Low, B,284,Small_Unit,2000000,7042,18/1/2011,West,9. Poor Close (Wall View),150.0,3.0
43,8,Low, E,284,Small_Unit,2000000,7042,18/1/2011,East,9. Poor Close (Wall View),220.0,3.0
19,19,Mid, D,327,Small_Unit,2152500,6583,18/1/2011,South West,6. Normal (Good Direction - S/E),550.0,6.0
47,11,Mid, D,304,Small_Unit,2030000,6678,18/1/2011,South,6. Normal (Good Direction - S/E),180.0,6.0
12,2,Low, F,484,Middle_Unit,2968000,6132,18/1/2011,South East,1. Premium Plus (Full River/Park),580.0,9.0
31,29,High, C,327,Small_Unit,2180000,6667,18/1/2011,West,9. Poor Close (Wall View),400.0,3.0
39,31,High, F,284,Small_Unit,2180000,7676,18/1/2011,West,9. Poor Close (Wall View),180.0,3.0
48,28,High, E,284,Small_Unit,2000000,7042,17/1/2011,East,10. Poor Street (Busy Road),200.0,2.0
30,19,Mid, E,451,Middle_Unit,3030000,6718,14/1/2011,North,9. Poor Close (Wall View),420.0,3.0
1,19,Mid, D,327,Small_Unit,2250000,6881,14/1/2011,South West,2. Premium (Full River - West/Sun),650.0,8.5
9,13,Mid, A,451,Middle_Unit,2980000,6608,14/1/2011,North West,8. Normal (Poor Direction - N/W),600.0,4.5
43,22,Mid, H,304,Small_Unit,1990000,6546,14/1/2011,North,9. Poor Close (Wall View),220.0,3.0
30,4,Low, F,451,Middle_Unit,2830000,6275,14/1/2011,North,9. Poor Close (Wall View),420.0,3.0
44,16,Mid, C,304,Small_Unit,2050000,6743,14/1/2011,South,6. Normal (Good Direction - S/E),150.0,6.0
52,17,Mid, E,284,Small_Unit,2000000,7042,14/1/2011,South East,6. Normal (Good Direction - S/E),280.0,6.0
47,15,Mid, C,304,Small_Unit,2100000,6908,13/1/2011,South,6. Normal (Good Direction - S/E),180.0,6.0
1,7,Low, H,327,Small_Unit,2080000,6361,13/1/2011,North East,2. Premium (Full River - West/Sun),650.0,8.5
17,13,Mid, D,327,Small_Unit,2100000,6422,13/1/2011,South West,6. Normal (Good Direction - S/E),520.0,6.0
49,32,High, C,304,Small_Unit,1980000,6513,13/1/2011,South West,6. Normal (Good Direction - S/E),220.0,6.0
45,30,High, D,304,Small_Unit,2197000,7227,13/1/2011,South,6. Normal (Good Direction - S/E),150.0,6.0
46,32,High, D,304,Small_Unit,2233000,7345,12/1/2011,South,6. Normal (Good Direction - S/E),180.0,6.0
47,3,Low, C,304,Small_Unit,1910000,6283,12/1/2011,South,6. Normal (Good Direction - S/E),180.0,6.0
7,22,Mid, E,504,Middle_Unit,3400000,6746,12/1/2011,South East,3. Premium Partial (Slivers of Water/Park),600.0,6.0
44,10,Low, C,304,Small_Unit,1980000,6513,12/1/2011,South,6. Normal (Good Direction - S/E),150.0,6.0
20,14,Mid, D,327,Small_Unit,2288000,6997,12/1/2011,South West,6. Normal (Good Direction - S/E),520.0,6.0
1,26,High, B,451,Middle_Unit,2950000,6541,12/1/2011,North West,2. Premium (Full River - West/Sun),650.0,8.5
26,27,High, C,326,Small_Unit,2188000,6712,12/1/2011,West,9. Poor Close (Wall View),420.0,3.0
48,22,Mid, H,304,Small_Unit,2090000,6875,11/1/2011,North,10. Poor Street (Busy Road),200.0,2.0
18,27,High, D,504,Middle_Unit,3480000,6905,11/1/2011,South West,6. Normal (Good Direction - S/E),550.0,6.0
44,21,Mid, B,284,Small_Unit,2000000,7042,11/1/2011,West,9. Poor Close (Wall View),150.0,3.0
29,16,Mid, D,327,Small_Unit,2270000,6942,11/1/2011,West,10. Poor Street (Busy Road),450.0,2.0
8,22,Mid, G,327,Small_Unit,2168000,6630,11/1/2011,North East,6. Normal (Good Direction - S/E),620.0,6.0
7,30,High, D,504,Middle_Unit,3540000,7024,11/1/2011,South West,2. Premium (Full River - West/Sun),600.0,8.5
41,4,Low, E,284,Small_Unit,1800000,6338,11/1/2011,East,9. Poor Close (Wall View),220.0,3.0
38,8,Low, B,284,Small_Unit,2000000,7042,11/1/2011,East,9. Poor Close (Wall View),150.0,3.0
37,31,High, E,284,Small_Unit,2092000,7366,11/1/2011,West,9. Poor Close (Wall View),150.0,3.0
30,14,Mid, D,327,Small_Unit,2080000,6361,11/1/2011,West,10. Poor Street (Busy Road),420.0,2.0
21,22,Mid, G,327,Small_Unit,2073000,6339,10/1/2011,North East,6. Normal (Good Direction - S/E),500.0,6.0
24,30,High, A,447,Middle_Unit,3380000,7562,10/1/2011,East,9. Poor Close (Wall View),380.0,3.0
49,24,Mid, B,284,Small_Unit,2000000,7042,10/1/2011,North West,4. Good Open (High Floor City),220.0,7.0
43,20,Mid, E,284,Small_Unit,2150000,7570,10/1/2011,East,9. Poor Close (Wall View),220.0,3.0
31,8,Low, G,327,Small_Unit,2060000,6300,10/1/2011,East,9. Poor Close (Wall View),400.0,3.0
16,20,Mid, G,327,Small_Unit,2220000,6789,10/1/2011,North East,6. Normal (Good Direction - S/E),500.0,6.0
37,7,Low, D,304,Small_Unit,2078000,6836,10/1/2011,South,9. Poor Close (Wall View),150.0,3.0
2,4,Low, C,327,Small_Unit,2000000,6116,7/1/2011,South West,2. Premium (Full River - West/Sun),680.0,8.5
29,8,Low, C,327,Small_Unit,2050000,6269,7/1/2011,West,10. Poor Street (Busy Road),450.0,2.0
8,3,Low, G,327,Small_Unit,1980000,6055,7/1/2011,North East,6. Normal (Good Direction - S/E),620.0,6.0
31,4,Low, F,451,Middle_Unit,2850000,6319,7/1/2011,North,10. Poor Street (Busy Road),400.0,2.0
41,31,High, H,304,Small_Unit,2130000,7007,7/1/2011,North,10. Poor Street (Busy Road),220.0,2.0
49,29,High, H,304,Small_Unit,2150000,7072,7/1/2011,North East,6. Normal (Good Direction - S/E),220.0,6.0
36,27,High, B,478,Middle_Unit,3650000,7636,7/1/2011,North,4. Good Open (High Floor City),300.0,7.0
35,23,Mid, B,707,Large_Unit,4750000,6719,6/1/2011,North,5. Good Internal (Pool/Garden/Mall),320.0,6.5
17,21,Mid, H,327,Small_Unit,2060000,6300,6/1/2011,North East,6. Normal (Good Direction - S/E),520.0,6.0
32,27,High, C,327,Small_Unit,2150000,6575,6/1/2011,West,9. Poor Close (Wall View),380.0,3.0
49,4,Low, C,304,Small_Unit,1990000,6546,6/1/2011,South West,6. Normal (Good Direction - S/E),220.0,6.0
34,33,High, C,707,Large_Unit,5028000,7112,5/1/2011,North,4. Good Open (High Floor City),300.0,7.0
2,15,Mid, D,327,Small_Unit,2180000,6667,4/1/2011,South West,2. Premium (Full River - West/Sun),680.0,8.5
49,16,Mid, C,304,Small_Unit,2080000,6842,3/1/2011,South West,6. Normal (Good Direction - S/E),220.0,6.0
41,8,Low, C,304,Small_Unit,1910000,6283,3/1/2011,South,6. Normal (Good Direction - S/E),220.0,6.0
48,23,Mid, A,284,Small_Unit,2130000,7500,3/1/2011,West,9. Poor Close (Wall View),200.0,3.0
