Block,Floor,FloorLevel,Room,Size,Size_Category,Price,AvgPrice,Date,Direction,View,Distance,View_Score
48,25,Mid,D,503,Small_Unit,8480000,16858.84692,22/7/2026,south,6. Normal (Good Direction - S/E),500,6
22,17,Mid,B,582,Middle_Unit,9000000,15463.91753,22/7/2026,east,6. Normal (Good Direction - S/E),150,6
16,19,Mid,D,689,Middle_Unit,10500000,15239.4775,14/7/2026,south,2. Premium (Full Mountain),400,8.5
63,16,Mid,A,592,Middle_Unit,12400000,20945.94595,14/7/2026,north,8. Normal (Poor Direction - N/W),200,4.5
27,24,Mid,A,580,Small_Unit,10500000,18103.44828,8/7/2026,north,8. Normal (Poor Direction - N/W),400,4.5
1,18,Mid,F,580,Small_Unit,7680000,13241.37931,8/7/2026,west,8. Normal (Poor Direction - N/W),400,4.5
10,17,Mid,D,689,Middle_Unit,10280000,14920.17417,7/7/2026,south,2. Premium (Full Mountain),400,8.5
49,7,Low,A,701,Middle_Unit,11800000,16833.09558,7/7/2026,north,8. Normal (Poor Direction - N/W),500,4.5
14,23,Mid,D,689,Middle_Unit,8000000,11611.03048,7/7/2026,south,2. Premium (Full Mountain),400,8.5
1,2,Low,B,580,Small_Unit,8000000,13793.10345,6/7/2026,east,6. Normal (Good Direction - S/E),400,6
52,15,Mid,D,582,Middle_Unit,10500000,18041.23711,2/7/2026,south,6. Normal (Good Direction - S/E),350,6
51,13,Mid,D,502,Small_Unit,8600000,17131.4741,30/6/2026,south,6. Normal (Good Direction - S/E),350,6
9,21,Mid,C,589,Middle_Unit,9120000,15483.87097,27/6/2026,east,6. Normal (Good Direction - S/E),400,6
49,20,Mid,G,664,Middle_Unit,12500000,18825.3012,25/6/2026,west,8. Normal (Poor Direction - N/W),500,4.5
48,23,Mid,H,603,Middle_Unit,11150000,18490.87894,25/6/2026,north,8. Normal (Poor Direction - N/W),500,4.5
32,17,Mid,D,580,Small_Unit,8000000,13793.10345,23/6/2026,south,6. Normal (Good Direction - S/E),500,6
27,6,Low,D,580,Small_Unit,9800000,16896.55172,17/6/2026,south,6. Normal (Good Direction - S/E),400,6
14,6,Low,A,530,Small_Unit,8400000,15849.0566,16/6/2026,north,8. Normal (Poor Direction - N/W),400,4.5
18,16,Mid,C,684,Middle_Unit,11000000,16081.87135,12/6/2026,east,6. Normal (Good Direction - S/E),400,6
52,12,Mid,D,582,Middle_Unit,10280000,17663.23024,12/6/2026,south,6. Normal (Good Direction - S/E),350,6
24,8,Low,H,709,Middle_Unit,11480000,16191.81946,11/6/2026,north,8. Normal (Poor Direction - N/W),200,4.5
29,5,Low,D,530,Small_Unit,8500000,16037.73585,8/6/2026,south,6. Normal (Good Direction - S/E),400,6
2,26,High,B,489,Small_Unit,7480000,15296.52352,4/6/2026,east,6. Normal (Good Direction - S/E),400,6
11,18,Mid,B,582,Middle_Unit,10400000,17869.41581,3/6/2026,east,6. Normal (Good Direction - S/E),400,6
20,18,Mid,G,716,Middle_Unit,12480000,21443.29897,3/6/2026,west,8. Normal (Poor Direction - N/W),150,4.5
7,6,Low,D,582,Middle_Unit,8900000,15292.09622,2/6/2026,south,2. Premium (Full Mountain),430,8.5
18,15,Mid,D,593,Middle_Unit,9400000,16151.20275,2/6/2026,south,2. Premium (Full Mountain),400,8.5
6,4,Low,F,704,Middle_Unit,10500000,18041.23711,29/5/2026,west,8. Normal (Poor Direction - N/W),460,4.5
23,8,Low,C,580,Small_Unit,9700000,16666.66667,29/5/2026,east,6. Normal (Good Direction - S/E),200,6
19,20,Mid,A,489,Small_Unit,8180000,14054.98282,28/5/2026,north,8. Normal (Poor Direction - N/W),150,4.5
1,5,Low,B,580,Small_Unit,8000000,13745.70447,28/5/2026,east,6. Normal (Good Direction - S/E),400,6
28,10,Low,F,583,Middle_Unit,7480000,12852.23368,28/5/2026,west,8. Normal (Poor Direction - N/W),400,4.5
29,10,Low,E,530,Small_Unit,8000000,13745.70447,28/5/2026,south,6. Normal (Good Direction - S/E),400,6
51,3,Low,F,664,Middle_Unit,9300000,15979.38144,28/5/2026,west,8. Normal (Poor Direction - N/W),350,4.5
57,26,High,B,624,Middle_Unit,7800000,13402.06186,28/5/2026,east,6. Normal (Good Direction - S/E),200,6
45,15,Mid,C,723,Middle_Unit,12100000,20790.37801,28/5/2026,east,3. Premium Partial (Gap Harbour View),650,8
30,3,Low,G,506,Small_Unit,8180000,14054.98282,28/5/2026,west,8. Normal (Poor Direction - N/W),500,4.5
28,5,Low,B,714,Middle_Unit,1150000,1975.945017,22/5/2026,east,6. Normal (Good Direction - S/E),400,6
23,22,Mid,E,702,Middle_Unit,11200000,19243.98625,22/5/2026,south,6. Normal (Good Direction - S/E),200,6
23,25,Mid,C,580,Small_Unit,9900000,17010.30928,21/5/2026,east,6. Normal (Good Direction - S/E),200,6
13,14,Mid,D,593,Middle_Unit,10080000,17319.58763,21/5/2026,south,10. Poor Street (King's Road Noise Penalty),400,2
53,16,Mid,G,719,Middle_Unit,10500000,18041.23711,20/5/2026,west,8. Normal (Poor Direction - N/W),350,4.5
28,17,Mid,A,706,Middle_Unit,11380000,19553.2646,19/5/2026,north,8. Normal (Poor Direction - N/W),400,4.5
46,14,Mid,F,718,Middle_Unit,12000000,20618.5567,18/5/2026,west,8. Normal (Poor Direction - N/W),500,4.5
11,23,Mid,H,598,Middle_Unit,7300000,12542.95533,18/5/2026,north,8. Normal (Poor Direction - N/W),400,4.5
29,22,Mid,G,580,Small_Unit,10600000,18275.86207,18/5/2026,west,8. Normal (Poor Direction - N/W),400,4.5
17,18,Mid,B,582,Middle_Unit,10138000,17419.24399,15/5/2026,east,6. Normal (Good Direction - S/E),400,6
60,18,Mid,F,647,Middle_Unit,12300000,19010.81917,15/5/2026,west,8. Normal (Poor Direction - N/W),200,4.5
10,9,Low,B,582,Middle_Unit,9800000,16838.48797,14/5/2026,east,6. Normal (Good Direction - S/E),400,6
22,17,Mid,C,582,Middle_Unit,9150000,15721.64948,13/5/2026,east,6. Normal (Good Direction - S/E),150,6
55,4,Low,G,680,Middle_Unit,11380000,16735.29412,13/5/2026,west,8. Normal (Poor Direction - N/W),200,4.5
21,12,Mid,A,709,Middle_Unit,12300000,17348.378,13/5/2026,north,8. Normal (Poor Direction - N/W),150,4.5
19,21,Mid,E,545,Small_Unit,9000000,16513.76147,13/5/2026,south,6. Normal (Good Direction - S/E),150,6
10,10,Low,E,689,Middle_Unit,8680000,12597.96807,12/5/2026,south,2. Premium (Full Mountain),400,8.5
32,13,Mid,A,580,Small_Unit,9520000,16413.7931,11/5/2026,north,8. Normal (Poor Direction - N/W),500,4.5
30,2,Low,F,506,Small_Unit,7088000,14007.90514,11/5/2026,west,8. Normal (Poor Direction - N/W),500,4.5
27,7,Low,A,580,Small_Unit,9350000,16120.68966,8/5/2026,north,8. Normal (Poor Direction - N/W),400,4.5
18,15,Mid,D,593,Middle_Unit,9400000,15851.60202,8/5/2026,south,2. Premium (Full Mountain),400,8.5
23,5,Low,G,580,Small_Unit,9700000,16724.13793,7/5/2026,west,8. Normal (Poor Direction - N/W),200,4.5
8,24,Mid,D,689,Middle_Unit,9500000,13788.09869,7/5/2026,south,2. Premium (Full Mountain),400,8.5
52,4,Low,H,582,Middle_Unit,9431000,16204.46735,5/5/2026,north,8. Normal (Poor Direction - N/W),350,4.5
27,15,Mid,H,580,Small_Unit,9980000,17206.89655,5/5/2026,north,8. Normal (Poor Direction - N/W),400,4.5
51,6,Low,D,502,Small_Unit,8000000,15936.25498,2/5/2026,south,6. Normal (Good Direction - S/E),350,6
34,9,Low,C,897,Large_Unit,12000000,13377.92642,2/5/2026,east,6. Normal (Good Direction - S/E),650,6
6,3,Low,D,762,Large_Unit,11880000,15590.55118,30/4/2026,south,2. Premium (Full Mountain),460,8.5
32,3,Low,C,651,Middle_Unit,9900000,15207.37327,30/4/2026,east,6. Normal (Good Direction - S/E),500,6
7,25,Mid,F,536,Small_Unit,8780000,16380.59701,30/4/2026,west,8. Normal (Poor Direction - N/W),430,4.5
22,11,Mid,H,702,Middle_Unit,1140000,1623.931624,30/4/2026,north,8. Normal (Poor Direction - N/W),150,4.5
1,26,High,D,489,Small_Unit,4728000,9668.711656,24/4/2026,south,10. Poor Street (King's Road Noise Penalty),400,2
55,7,Low,F,680,Middle_Unit,11900000,17500,24/4/2026,west,8. Normal (Poor Direction - N/W),200,4.5
2,20,Mid,D,583,Middle_Unit,7680000,13173.24185,24/4/2026,south,2. Premium (Full Mountain),400,8.5
10,24,Mid,F,582,Middle_Unit,8500000,14604.811,23/4/2026,west,8. Normal (Poor Direction - N/W),400,4.5
24,3,Low,C,580,Small_Unit,7960000,13724.13793,23/4/2026,east,6. Normal (Good Direction - S/E),200,6
7,5,Low,A,582,Middle_Unit,8600000,14776.6323,20/4/2026,north,8. Normal (Poor Direction - N/W),430,4.5
7,8,Low,F,536,Small_Unit,7000000,13059.70149,20/4/2026,west,8. Normal (Poor Direction - N/W),430,4.5
24,8,Low,E,702,Middle_Unit,11000000,15669.51567,23/4/2026,south,6. Normal (Good Direction - S/E),200,6
18,22,Mid,G,684,Middle_Unit,10700000,15643.27485,17/4/2026,west,8. Normal (Poor Direction - N/W),400,4.5
1,2,Low,D,489,Small_Unit,6850000,14008.17996,17/4/2026,south,10. Poor Street (King's Road Noise Penalty),400,2
28,5,Low,B,714,Middle_Unit,11500000,16106.44258,16/4/2026,east,6. Normal (Good Direction - S/E),400,6
27,23,Mid,A,580,Small_Unit,9200000,15862.06897,16/4/2026,north,8. Normal (Poor Direction - N/W),400,4.5
7,3,Low,H,582,Middle_Unit,8200000,14089.34708,16/4/2026,north,8. Normal (Poor Direction - N/W),430,4.5
49,3,Low,A,689,Middle_Unit,9900000,14368.65022,15/4/2026,north,8. Normal (Poor Direction - N/W),500,4.5
22,10,Low,A,702,Middle_Unit,11500000,16381.76638,15/4/2026,north,8. Normal (Poor Direction - N/W),150,4.5
12,3,Low,A,593,Middle_Unit,8180000,13794.26644,15/4/2026,north,8. Normal (Poor Direction - N/W),400,4.5
49,5,Low,F,664,Middle_Unit,10780000,16234.93976,14/4/2026,west,8. Normal (Poor Direction - N/W),500,4.5
6,22,Mid,G,704,Middle_Unit,10500000,14914.77273,8/4/2026,west,8. Normal (Poor Direction - N/W),460,4.5
28,13,Mid,D,602,Middle_Unit,8880000,14750.83056,8/4/2026,south,6. Normal (Good Direction - S/E),400,6
10,23,Mid,F,582,Middle_Unit,9100000,15635.73883,8/4/2026,west,8. Normal (Poor Direction - N/W),400,4.5
15,16,Mid,H,530,Small_Unit,8430000,15905.66038,3/4/2026,north,8. Normal (Poor Direction - N/W),400,4.5
52,24,Mid,A,582,Middle_Unit,10700000,18384.87973,3/4/2026,north,8. Normal (Poor Direction - N/W),350,4.5
12,17,Mid,A,593,Middle_Unit,8960000,15109.61214,2/4/2026,north,8. Normal (Poor Direction - N/W),400,4.5
44,17,Mid,E,708,Middle_Unit,11900000,16807.9096,2/4/2026,south,6. Normal (Good Direction - S/E),650,6
18,9,Low, E,593,Middle_Unit,8800120,14840,31/3/2026,south,2. Premium (Full Mountain),400,8.5
28,12,Mid, D,602,Middle_Unit,8600172,14286,31/3/2026,south,6. Normal (Good Direction - S/E),400,6
18,22,Mid, H,690,Middle_Unit,10000170,14493,30/3/2026,north,8. Normal (Poor Direction - N/W),400,4.5
38,26,High, A,1114,Large_Unit,21227270,19055,30/3/2026,north,1. Premium Plus (Full Harbour),600,9
52,22,Mid, E,582,Middle_Unit,9499986,16323,30/3/2026,south,6. Normal (Good Direction - S/E),350,6
57,22,Mid, D,760,Large_Unit,14120040,18579,27/3/2026,south,6. Normal (Good Direction - S/E),200,6
21,17,Mid, B,723,Large_Unit,10999722,15214,27/3/2026,east,6. Normal (Good Direction - S/E),150,6
45,15,Mid, F,572,Middle_Unit,6380088,11154,25/3/2026,west,3. Premium Partial (Gap Harbour View),650,8
60,17,Mid, C,680,Middle_Unit,11500160,16912,24/3/2026,east,6. Normal (Good Direction - S/E),200,6
39,18,Mid, H,1114,Large_Unit,20799494,18671,19/3/2026,north,1. Premium Plus (Full Harbour),600,9
14,25,Mid, G,582,Middle_Unit,9499986,16323,17/3/2026,west,8. Normal (Poor Direction - N/W),400,4.5
41,14,Mid, E,922,Large_Unit,15949678,17299,17/3/2026,south,6. Normal (Good Direction - S/E),600,6
55,25,Mid, G,684,Middle_Unit,10379700,15175,16/3/2026,west,8. Normal (Poor Direction - N/W),200,4.5
60,6,Low, F,647,Middle_Unit,10799724,16692,11/3/2026,west,8. Normal (Poor Direction - N/W),200,4.5
23,8,Low, B,580,Middle_Unit,9829840,16948,11/3/2026,east,6. Normal (Good Direction - S/E),200,6
9,8,Low, B,589,Middle_Unit,9319747,15823,11/3/2026,east,6. Normal (Good Direction - S/E),400,6
56,22,Mid, B,792,Large_Unit,15880392,20051,11/3/2026,east,6. Normal (Good Direction - S/E),200,6
29,9,Low, G,580,Middle_Unit,9180240,15828,10/3/2026,west,8. Normal (Poor Direction - N/W),400,4.5
28,17,Mid, F,583,Middle_Unit,7469979,12813,10/3/2026,west,8. Normal (Poor Direction - N/W),400,4.5
50,12,Mid, B,664,Middle_Unit,11149888,16792,9/3/2026,east,6. Normal (Good Direction - S/E),350,6
14,26,High, H,530,Small_Unit,8599780,16226,9/3/2026,north,8. Normal (Poor Direction - N/W),400,4.5
63,25,Mid, H,596,Middle_Unit,10900244,18289,6/3/2026,north,8. Normal (Poor Direction - N/W),200,4.5
47,17,Mid, C,707,Large_Unit,8879920,12560,5/3/2026,east,6. Normal (Good Direction - S/E),500,6
42,26,High, F,897,Large_Unit,15780024,17592,5/3/2026,west,3. Premium Partial (Gap Harbour View),650,8
17,5,Low, A,593,Middle_Unit,8500062,14334,4/3/2026,north,8. Normal (Poor Direction - N/W),400,4.5
1,15,Mid, H,545,Small_Unit,5749750,10550,4/3/2026,north,8. Normal (Poor Direction - N/W),400,4.5
26,22,Mid, F,716,Large_Unit,9799892,13687,4/3/2026,west,8. Normal (Poor Direction - N/W),200,4.5
8,17,Mid, E,689,Middle_Unit,9160255,13295,3/3/2026,south,2. Premium (Full Mountain),400,8.5
10,3,Low, G,582,Middle_Unit,8199798,14089,3/3/2026,west,8. Normal (Poor Direction - N/W),400,4.5
32,20,Mid, B,701,Large_Unit,10869706,15506,2/3/2026,east,6. Normal (Good Direction - S/E),500,6
54,3,Low, H,508,Small_Unit,6800088,13386,27/2/2026,north,1. Premium Plus (Full Harbour),650,9
58,26,High, B,702,Large_Unit,9980334,14217,27/2/2026,east,6. Normal (Good Direction - S/E),200,6
50,17,Mid, H,603,Middle_Unit,9250020,15340,27/2/2026,north,8. Normal (Poor Direction - N/W),350,4.5
54,18,Mid, B,587,Middle_Unit,10780255,18365,26/2/2026,east,3. Premium Partial (Gap Harbour View),650,8
41,4,Low, C,897,Large_Unit,13600314,15162,26/2/2026,east,3. Premium Partial (Gap Harbour View),600,8
9,9,Low, D,670,Middle_Unit,9499930,14179,25/2/2026,south,10. Poor Street (King's Road Noise Penalty),400,2
55,18,Mid, G,680,Middle_Unit,12499760,18382,24/2/2026,west,8. Normal (Poor Direction - N/W),200,4.5
27,21,Mid, C,703,Large_Unit,9879962,14054,24/2/2026,east,6. Normal (Good Direction - S/E),400,6
58,25,Mid, B,795,Large_Unit,11037780,13884,23/2/2026,east,6. Normal (Good Direction - S/E),200,6
24,26,High, G,723,Large_Unit,11549925,15975,23/2/2026,west,8. Normal (Poor Direction - N/W),200,4.5
42,7,Low, C,897,Large_Unit,14379807,16031,23/2/2026,east,3. Premium Partial (Gap Harbour View),650,8
31,16,Mid, C,703,Large_Unit,10500008,14936,23/2/2026,east,6. Normal (Good Direction - S/E),500,6
42,25,Mid, F,897,Large_Unit,15379962,17146,23/2/2026,west,3. Premium Partial (Gap Harbour View),650,8
38,8,Low, D,922,Large_Unit,13499924,14642,20/2/2026,south,6. Normal (Good Direction - S/E),600,6
59,24,Mid, A,584,Middle_Unit,10579744,18116,20/2/2026,north,8. Normal (Poor Direction - N/W),200,4.5
31,28,High, D,580,Middle_Unit,9600160,16552,16/2/2026,south,6. Normal (Good Direction - S/E),500,6
43,5,Low, H,1114,Large_Unit,19558498,17557,16/2/2026,north,11. Poor Highway (IEC Noise Penalty),700,1
51,26,High, E,502,Small_Unit,8300068,16534,13/2/2026,south,6. Normal (Good Direction - S/E),350,6
12,20,Mid, H,593,Middle_Unit,8650091,14587,13/2/2026,north,8. Normal (Poor Direction - N/W),400,4.5
63,26,High, D,741,Large_Unit,11200215,15115,13/2/2026,south,6. Normal (Good Direction - S/E),200,6
58,24,Mid, E,760,Large_Unit,13699760,18026,13/2/2026,south,6. Normal (Good Direction - S/E),200,6
51,21,Mid, G,664,Middle_Unit,9819896,14789,12/2/2026,west,8. Normal (Poor Direction - N/W),350,4.5
47,4,Low, B,707,Large_Unit,10380174,14682,12/2/2026,east,6. Normal (Good Direction - S/E),500,6
51,14,Mid, F,664,Middle_Unit,8999856,13554,11/2/2026,west,8. Normal (Poor Direction - N/W),350,4.5
41,7,Low, B,1015,Large_Unit,19020085,18739,11/2/2026,east,3. Premium Partial (Gap Harbour View),600,8
6,2,Low, D,763,Large_Unit,9680181,12687,11/2/2026,south,2. Premium (Full Mountain),460,8.5
10,7,Low, F,582,Middle_Unit,8050224,13832,11/2/2026,west,8. Normal (Poor Direction - N/W),400,4.5
53,9,Low, F,719,Large_Unit,10580085,14715,11/2/2026,west,8. Normal (Poor Direction - N/W),350,4.5
6,23,Mid, B,797,Large_Unit,13479661,16913,11/2/2026,east,6. Normal (Good Direction - S/E),460,6
26,9,Low, G,716,Large_Unit,10999908,15363,10/2/2026,west,8. Normal (Poor Direction - N/W),200,4.5
50,27,High, E,503,Small_Unit,8500197,16899,9/2/2026,south,6. Normal (Good Direction - S/E),350,6
39,5,Low, F,897,Large_Unit,12800190,14270,9/2/2026,west,8. Normal (Poor Direction - N/W),600,4.5
16,8,Low, E,689,Middle_Unit,8739965,12685,5/2/2026,south,2. Premium (Full Mountain),400,8.5
6,22,Mid, G,704,Large_Unit,8650048,12287,5/2/2026,west,8. Normal (Poor Direction - N/W),460,4.5
57,9,Low, E,760,Large_Unit,13480120,17737,4/2/2026,south,6. Normal (Good Direction - S/E),200,6
44,11,Mid, B,723,Large_Unit,12000354,16598,4/2/2026,east,3. Premium Partial (Gap Harbour View),650,6
9,4,Low, E,670,Middle_Unit,8699950,12985,2/2/2026,south,2. Premium (Full Mountain),400,8.5
57,21,Mid, A,760,Large_Unit,12799920,16842,30/1/2026,north,8. Normal (Poor Direction - N/W),200,4.5
20,23,Mid, F,716,Large_Unit,10200136,14246,29/1/2026,west,8. Normal (Poor Direction - N/W),150,4.5
28,5,Low, H,706,Large_Unit,9000088,12748,28/1/2026,north,8. Normal (Poor Direction - N/W),400,4.5
60,15,Mid, C,680,Middle_Unit,10580120,15559,28/1/2026,east,6. Normal (Good Direction - S/E),200,6
11,13,Mid, H,598,Middle_Unit,8499972,14214,28/1/2026,north,8. Normal (Poor Direction - N/W),400,4.5
13,7,Low, F,685,Middle_Unit,9300245,13577,27/1/2026,west,8. Normal (Poor Direction - N/W),400,4.5
43,19,Mid, C,897,Large_Unit,12899757,14381,27/1/2026,east,3. Premium Partial (Gap Harbour View),700,8
16,27,High, D,689,Middle_Unit,10899980,15820,26/1/2026,south,2. Premium (Full Mountain),400,8.5
55,9,Low, H,759,Large_Unit,12600159,16601,23/1/2026,north,8. Normal (Poor Direction - N/W),200,4.5
35,30,High, E,1072,Large_Unit,20199696,18843,22/1/2026,south,6. Normal (Good Direction - S/E),600,6
21,16,Mid, D,702,Large_Unit,9750078,13889,22/1/2026,south,6. Normal (Good Direction - S/E),150,6
21,9,Low, D,702,Large_Unit,9550008,13604,21/1/2026,south,6. Normal (Good Direction - S/E),150,6
29,12,Mid, G,580,Middle_Unit,8650120,14914,21/1/2026,west,8. Normal (Poor Direction - N/W),400,4.5
3,5,Low, A,583,Middle_Unit,7200050,12350,20/1/2026,north,8. Normal (Poor Direction - N/W),400,4.5
3,3,Low, A,583,Middle_Unit,7999926,13722,19/1/2026,north,8. Normal (Poor Direction - N/W),400,4.5
45,13,Mid, H,708,Large_Unit,10879836,15367,16/1/2026,north,1. Premium Plus (Full Harbour),650,9
22,14,Mid, G,582,Middle_Unit,9200256,15808,16/1/2026,west,8. Normal (Poor Direction - N/W),150,4.5
49,10,Low, A,701,Large_Unit,8799653,12553,15/1/2026,north,8. Normal (Poor Direction - N/W),500,4.5
47,24,Mid, C,707,Large_Unit,11850027,16761,14/1/2026,east,6. Normal (Good Direction - S/E),500,6
21,17,Mid, E,702,Large_Unit,9399780,13390,13/1/2026,south,6. Normal (Good Direction - S/E),150,6
2,9,Low, D,583,Middle_Unit,7138252,12244,13/1/2026,south,2. Premium (Full Mountain),400,8.5
15,10,Low, B,582,Middle_Unit,8679948,14914,12/1/2026,east,6. Normal (Good Direction - S/E),400,6
51,15,Mid, B,582,Middle_Unit,9499986,16323,12/1/2026,east,6. Normal (Good Direction - S/E),350,6
38,26,High, C,897,Large_Unit,13899912,15496,9/1/2026,east,3. Premium Partial (Gap Harbour View),600,8
58,21,Mid, G,717,Large_Unit,11279844,15732,7/1/2026,west,8. Normal (Poor Direction - N/W),200,4.5
3,21,Mid, E,583,Middle_Unit,7799957,13379,7/1/2026,south,2. Premium (Full Mountain),400,8.5
59,15,Mid, E,584,Middle_Unit,9450288,16182,6/1/2026,south,6. Normal (Good Direction - S/E),200,6
45,12,Mid, F,572,Middle_Unit,8399820,14685,6/1/2026,west,3. Premium Partial (Gap Harbour View),650,8
48,5,Low, G,580,Middle_Unit,8980140,15483,5/1/2026,west,8. Normal (Poor Direction - N/W),500,4.5
20,21,Mid, B,785,Large_Unit,12600035,16051,5/1/2026,east,6. Normal (Good Direction - S/E),150,6
36,15,Mid, H,1114,Large_Unit,22060542,19803,2/1/2026,north,1. Premium Plus (Full Harbour),600,9
39,9,Low, C,897,Large_Unit,13680147,15251,2/1/2026,east,3. Premium Partial (Gap Harbour View),600,8
58,24,Mid, H,760,Large_Unit,11400000,15000,31/12/2025,north,8. Normal (Poor Direction - N/W),200,4.5
23,20,Mid, B,580,Middle_Unit,9837960,16962,31/12/2025,east,6. Normal (Good Direction - S/E),200,6
31,24,Mid, G,503,Small_Unit,8170229,16243,30/12/2025,west,8. Normal (Poor Direction - N/W),500,4.5
47,19,Mid, G,707,Large_Unit,10100202,14286,30/12/2025,west,8. Normal (Poor Direction - N/W),500,4.5
43,3,Low, F,897,Large_Unit,11800035,13155,24/12/2025,west,3. Premium Partial (Gap Harbour View),700,8
30,11,Mid, A,583,Middle_Unit,7980104,13688,24/12/2025,north,8. Normal (Poor Direction - N/W),500,4.5
55,16,Mid, G,680,Middle_Unit,10899720,16029,24/12/2025,west,8. Normal (Poor Direction - N/W),200,4.5
24,12,Mid, H,709,Large_Unit,9899767,13963,22/12/2025,north,8. Normal (Poor Direction - N/W),200,4.5
26,8,Low, G,716,Large_Unit,8980072,12542,22/12/2025,west,8. Normal (Poor Direction - N/W),200,4.5
44,4,Low, F,572,Middle_Unit,8879728,15524,22/12/2025,west,3. Premium Partial (Gap Harbour View),650,8
54,22,Mid, E,488,Small_Unit,7199952,14754,19/12/2025,south,6. Normal (Good Direction - S/E),650,6
31,16,Mid, A,580,Middle_Unit,7999940,13793,19/12/2025,north,4. Good Open (High Floor City),500,7
61,5,Low, D,714,Large_Unit,11379732,15938,18/12/2025,south,6. Normal (Good Direction - S/E),200,6
24,16,Mid, A,709,Large_Unit,10600259,14951,17/12/2025,north,8. Normal (Poor Direction - N/W),200,4.5
18,18,Mid, D,593,Middle_Unit,8000163,13491,17/12/2025,south,2. Premium (Full Mountain),400,8.5
44,3,Low, H,708,Large_Unit,9300288,13136,16/12/2025,north,1. Premium Plus (Full Harbour),650,9
47,24,Mid, D,580,Middle_Unit,9900020,17069,15/12/2025,south,6. Normal (Good Direction - S/E),500,6
58,3,Low, A,833,Large_Unit,9900205,11885,12/12/2025,north,8. Normal (Poor Direction - N/W),200,4.5
61,8,Low, H,591,Middle_Unit,9649848,16328,12/12/2025,north,8. Normal (Poor Direction - N/W),200,4.5
58,25,Mid, D,685,Middle_Unit,9500265,13869,11/12/2025,south,6. Normal (Good Direction - S/E),200,6
39,19,Mid, E,922,Large_Unit,10280300,11150,10/12/2025,south,6. Normal (Good Direction - S/E),600,6
55,24,Mid, B,797,Large_Unit,12779895,16035,10/12/2025,east,6. Normal (Good Direction - S/E),200,6
8,6,Low, F,582,Middle_Unit,8180010,14055,10/12/2025,west,8. Normal (Poor Direction - N/W),400,4.5
11,8,Low, G,691,Middle_Unit,8499991,12301,9/12/2025,west,8. Normal (Poor Direction - N/W),400,4.5
45,24,Mid, F,572,Middle_Unit,8600020,15035,9/12/2025,west,3. Premium Partial (Gap Harbour View),650,8
14,2,Low, B,582,Middle_Unit,7300026,12543,5/12/2025,east,6. Normal (Good Direction - S/E),400,6
13,13,Mid, H,689,Middle_Unit,8899813,12917,5/12/2025,north,8. Normal (Poor Direction - N/W),400,4.5
39,16,Mid, B,1015,Large_Unit,17499615,17241,3/12/2025,east,3. Premium Partial (Gap Harbour View),600,8
1,7,Low, G,580,Middle_Unit,7000020,12069,2/12/2025,west,8. Normal (Poor Direction - N/W),400,4.5
11,26,High, C,582,Middle_Unit,8459952,14536,28/11/2025,east,6. Normal (Good Direction - S/E),400,6
51,6,Low, B,582,Middle_Unit,8249850,14175,28/11/2025,east,6. Normal (Good Direction - S/E),350,6
20,25,Mid, C,785,Large_Unit,12180060,15516,27/11/2025,east,6. Normal (Good Direction - S/E),150,6
48,25,Mid, B,662,Middle_Unit,10100134,15257,20/11/2025,east,6. Normal (Good Direction - S/E),500,6
46,4,Low, F,718,Large_Unit,9879680,13760,19/11/2025,west,8. Normal (Poor Direction - N/W),500,4.5
42,22,Mid, G,1015,Large_Unit,20300000,20000,19/11/2025,west,3. Premium Partial (Gap Harbour View),650,8
40,20,Mid, F,897,Large_Unit,13299819,14827,18/11/2025,west,3. Premium Partial (Gap Harbour View),600,8
42,5,Low, B,1015,Large_Unit,15899975,15665,17/11/2025,east,3. Premium Partial (Gap Harbour View),650,8
51,12,Mid, E,502,Small_Unit,6999888,13944,13/11/2025,south,6. Normal (Good Direction - S/E),350,6
35,30,High, D,1072,Large_Unit,18799664,17537,13/11/2025,south,6. Normal (Good Direction - S/E),600,6
12,16,Mid, A,593,Middle_Unit,7500264,12648,13/11/2025,north,8. Normal (Poor Direction - N/W),400,4.5
30,25,Mid, D,583,Middle_Unit,9300016,15952,12/11/2025,south,6. Normal (Good Direction - S/E),500,6
30,25,Mid, E,583,Middle_Unit,8999771,15437,12/11/2025,south,6. Normal (Good Direction - S/E),500,6
45,25,Mid, G,572,Middle_Unit,8280272,14476,12/11/2025,west,3. Premium Partial (Gap Harbour View),650,8
52,13,Mid, C,701,Large_Unit,10899849,15549,12/11/2025,east,6. Normal (Good Direction - S/E),350,6
18,8,Low, C,684,Middle_Unit,9299664,13596,11/11/2025,east,6. Normal (Good Direction - S/E),400,6
60,12,Mid, A,593,Middle_Unit,9550265,16105,11/11/2025,north,8. Normal (Poor Direction - N/W),200,4.5
2,20,Mid, F,545,Small_Unit,6859915,12587,10/11/2025,west,8. Normal (Poor Direction - N/W),400,4.5
2,10,Low, D,583,Middle_Unit,6699836,11492,10/11/2025,south,2. Premium (Full Mountain),400,8.5
25,9,Low, F,702,Large_Unit,9799920,13960,10/11/2025,west,8. Normal (Poor Direction - N/W),200,4.5
8,22,Mid, H,596,Middle_Unit,7500064,12584,6/11/2025,north,8. Normal (Poor Direction - N/W),400,4.5
27,22,Mid, C,703,Large_Unit,9219845,13115,6/11/2025,east,6. Normal (Good Direction - S/E),400,6
20,14,Mid, F,716,Large_Unit,9779844,13659,5/11/2025,west,8. Normal (Poor Direction - N/W),150,4.5
50,7,Low, H,603,Middle_Unit,8660286,14362,4/11/2025,north,8. Normal (Poor Direction - N/W),350,4.5
55,7,Low, E,759,Large_Unit,11999790,15810,30/10/2025,south,6. Normal (Good Direction - S/E),200,6
54,17,Mid, E,488,Small_Unit,7680144,15738,28/10/2025,south,6. Normal (Good Direction - S/E),650,6
32,26,High, F,503,Small_Unit,7550030,15010,28/10/2025,west,8. Normal (Poor Direction - N/W),500,4.5
47,3,Low, G,598,Middle_Unit,7500116,12542,27/10/2025,west,8. Normal (Poor Direction - N/W),500,4.5
20,24,Mid, G,716,Large_Unit,10399900,14525,27/10/2025,west,8. Normal (Poor Direction - N/W),150,4.5
18,11,Mid, F,684,Middle_Unit,8500068,12427,24/10/2025,west,8. Normal (Poor Direction - N/W),400,4.5
60,6,Low, A,593,Middle_Unit,9250207,15599,24/10/2025,north,8. Normal (Poor Direction - N/W),200,4.5
35,11,Mid, G,1015,Large_Unit,18199965,17931,23/10/2025,west,3. Premium Partial (Gap Harbour View),600,8
23,12,Mid, E,702,Large_Unit,9599850,13675,23/10/2025,south,6. Normal (Good Direction - S/E),200,6
36,27,High, A,1114,Large_Unit,22999644,20646,23/10/2025,north,1. Premium Plus (Full Harbour),600,9
59,4,Low, E,584,Middle_Unit,8199944,14041,21/10/2025,south,6. Normal (Good Direction - S/E),200,6
52,17,Mid, F,701,Large_Unit,9999765,14265,21/10/2025,west,8. Normal (Poor Direction - N/W),350,4.5
51,26,High, G,664,Middle_Unit,9880320,14880,21/10/2025,west,8. Normal (Poor Direction - N/W),350,4.5
63,15,Mid, F,589,Middle_Unit,9100050,15450,20/10/2025,west,8. Normal (Poor Direction - N/W),200,4.5
49,10,Low, A,701,Large_Unit,9799980,13980,20/10/2025,north,8. Normal (Poor Direction - N/W),500,4.5
35,4,Low, B,1015,Large_Unit,16979935,16729,15/10/2025,east,3. Premium Partial (Gap Harbour View),600,6
60,4,Low, H,593,Middle_Unit,8899744,15008,14/10/2025,north,8. Normal (Poor Direction - N/W),200,4.5
54,3,Low, C,587,Middle_Unit,6850290,11670,14/10/2025,east,6. Normal (Good Direction - S/E),650,6
30,7,Low, G,506,Small_Unit,5899960,11660,13/10/2025,west,8. Normal (Poor Direction - N/W),500,4.5
46,7,Low, H,748,Large_Unit,12300112,16444,10/10/2025,north,8. Normal (Poor Direction - N/W),500,4.5
62,21,Mid, G,561,Middle_Unit,8929998,15918,10/10/2025,west,8. Normal (Poor Direction - N/W),200,4.5
37,12,Mid, D,922,Large_Unit,13999648,15184,9/10/2025,south,6. Normal (Good Direction - S/E),600,6
21,9,Low, B,723,Large_Unit,9599994,13278,9/10/2025,east,6. Normal (Good Direction - S/E),150,6
13,25,Mid, H,689,Middle_Unit,9349730,13570,9/10/2025,north,8. Normal (Poor Direction - N/W),400,4.5
6,17,Mid, C,797,Large_Unit,11800382,14806,8/10/2025,east,6. Normal (Good Direction - S/E),460,6
45,21,Mid, D,708,Large_Unit,11299680,15960,6/10/2025,south,6. Normal (Good Direction - S/E),650,6
54,16,Mid, F,587,Middle_Unit,9079716,15468,6/10/2025,west,3. Premium Partial (Gap Harbour View),650,8
22,3,Low, A,658,Middle_Unit,8099980,12310,6/10/2025,north,8. Normal (Poor Direction - N/W),150,4.5
59,26,High, A,515,Small_Unit,7080220,13748,3/10/2025,north,8. Normal (Poor Direction - N/W),200,4.5
51,25,Mid, D,502,Small_Unit,7749876,15438,2/10/2025,south,6. Normal (Good Direction - S/E),350,6
33,7,Low, A,1114,Large_Unit,22280000,20000,2/10/2025,north,1. Premium Plus (Full Harbour),700,9
50,10,Low, F,582,Middle_Unit,8859786,15223,30/9/2025,west,8. Normal (Poor Direction - N/W),350,4.5
54,18,Mid, F,587,Middle_Unit,8100013,13799,26/9/2025,west,3. Premium Partial (Gap Harbour View),650,8
49,21,Mid, E,502,Small_Unit,7749876,15438,26/9/2025,south,6. Normal (Good Direction - S/E),500,6
50,5,Low, A,603,Middle_Unit,8499888,14096,25/9/2025,north,8. Normal (Poor Direction - N/W),350,4.5
11,13,Mid, B,582,Middle_Unit,8149746,14003,23/9/2025,east,6. Normal (Good Direction - S/E),400,6
63,14,Mid, A,592,Middle_Unit,9464896,15988,19/9/2025,north,8. Normal (Poor Direction - N/W),200,4.5
51,23,Mid, A,701,Large_Unit,10400036,14836,18/9/2025,north,8. Normal (Poor Direction - N/W),350,4.5
17,7,Low, F,685,Middle_Unit,8500165,12409,17/9/2025,west,8. Normal (Poor Direction - N/W),400,4.5
52,14,Mid, D,582,Middle_Unit,8849892,15206,17/9/2025,south,6. Normal (Good Direction - S/E),350,6
7,9,Low, D,582,Middle_Unit,7730124,13282,17/9/2025,south,2. Premium (Full Mountain),430,8.5
23,20,Mid, D,702,Large_Unit,9950148,14174,17/9/2025,south,6. Normal (Good Direction - S/E),200,6
28,26,High, E,602,Middle_Unit,8299774,13787,17/9/2025,south,6. Normal (Good Direction - S/E),400,6
56,12,Mid, E,759,Large_Unit,13029753,17167,16/9/2025,south,6. Normal (Good Direction - S/E),200,6
52,15,Mid, B,701,Large_Unit,9420038,13438,15/9/2025,east,6. Normal (Good Direction - S/E),350,6
32,29,High, H,580,Middle_Unit,8499900,14655,11/9/2025,north,8. Normal (Poor Direction - N/W),500,4.5
29,22,Mid, E,530,Small_Unit,6750080,12736,11/9/2025,south,6. Normal (Good Direction - S/E),400,6
46,26,High, F,718,Large_Unit,10500032,14624,11/9/2025,west,8. Normal (Poor Direction - N/W),500,4.5
63,19,Mid, F,589,Middle_Unit,9299721,15789,10/9/2025,west,8. Normal (Poor Direction - N/W),200,4.5
47,4,Low, G,707,Large_Unit,9600353,13579,9/9/2025,west,8. Normal (Poor Direction - N/W),500,4.5
16,7,Low, H,593,Middle_Unit,6999772,11804,4/9/2025,north,8. Normal (Poor Direction - N/W),400,4.5
13,9,Low, E,593,Middle_Unit,8300221,13997,4/9/2025,south,2. Premium (Full Mountain),400,8.5
33,13,Mid, G,1015,Large_Unit,13799940,13596,3/9/2025,west,3. Premium Partial (Gap Harbour View),700,8
53,4,Low, G,719,Large_Unit,9180192,12768,3/9/2025,west,8. Normal (Poor Direction - N/W),350,4.5
41,9,Low, G,1015,Large_Unit,15349845,15123,3/9/2025,west,3. Premium Partial (Gap Harbour View),600,8
25,19,Mid, G,702,Large_Unit,9999990,14245,28/8/2025,west,8. Normal (Poor Direction - N/W),200,4.5
9,12,Mid, C,589,Middle_Unit,7450261,12649,28/8/2025,east,6. Normal (Good Direction - S/E),400,6
14,26,High, G,582,Middle_Unit,7799964,13402,27/8/2025,west,8. Normal (Poor Direction - N/W),400,4.5
52,24,Mid, F,701,Large_Unit,9499952,13552,27/8/2025,west,8. Normal (Poor Direction - N/W),350,4.5
52,10,Low, E,582,Middle_Unit,8220168,14124,27/8/2025,south,6. Normal (Good Direction - S/E),350,6
60,3,Low, D,717,Large_Unit,9500250,13250,27/8/2025,south,6. Normal (Good Direction - S/E),200,6
16,16,Mid, G,685,Middle_Unit,9200235,13431,26/8/2025,west,8. Normal (Poor Direction - N/W),400,4.5
51,20,Mid, G,664,Middle_Unit,9499848,14307,26/8/2025,west,8. Normal (Poor Direction - N/W),350,4.5
3,17,Mid, C,489,Small_Unit,6000030,12270,25/8/2025,east,6. Normal (Good Direction - S/E),400,6
28,21,Mid, B,714,Large_Unit,9479778,13277,25/8/2025,east,6. Normal (Good Direction - S/E),400,6
24,13,Mid, A,709,Large_Unit,7999647,11283,22/8/2025,north,8. Normal (Poor Direction - N/W),200,4.5
37,26,High, E,922,Large_Unit,14700368,15944,21/8/2025,south,6. Normal (Good Direction - S/E),600,6
25,21,Mid, C,702,Large_Unit,9900306,14103,20/8/2025,east,6. Normal (Good Direction - S/E),200,6
19,7,Low, D,545,Small_Unit,7379845,13541,20/8/2025,south,6. Normal (Good Direction - S/E),150,6
51,20,Mid, B,582,Middle_Unit,8400006,14433,15/8/2025,east,6. Normal (Good Direction - S/E),350,6
8,23,Mid, D,689,Middle_Unit,8700003,12627,15/8/2025,south,2. Premium (Full Mountain),400,8.5
10,15,Mid, A,536,Small_Unit,5899752,11007,15/8/2025,north,8. Normal (Poor Direction - N/W),400,4.5
16,12,Mid, F,685,Middle_Unit,7959700,11620,15/8/2025,west,8. Normal (Poor Direction - N/W),400,4.5
56,24,Mid, B,792,Large_Unit,14999688,18939,14/8/2025,east,6. Normal (Good Direction - S/E),200,6
49,14,Mid, A,701,Large_Unit,8799653,12553,12/8/2025,north,8. Normal (Poor Direction - N/W),500,4.5
16,15,Mid, A,593,Middle_Unit,7949758,13406,8/8/2025,north,8. Normal (Poor Direction - N/W),400,4.5
24,19,Mid, F,723,Large_Unit,10299858,14246,8/8/2025,west,8. Normal (Poor Direction - N/W),200,4.5
11,16,Mid, B,582,Middle_Unit,8199798,14089,7/8/2025,east,6. Normal (Good Direction - S/E),400,6
58,13,Mid, B,792,Large_Unit,12500136,15783,6/8/2025,east,6. Normal (Good Direction - S/E),200,6
13,5,Low, D,593,Middle_Unit,8380276,14132,6/8/2025,south,10. Poor Street (King's Road Noise Penalty),400,2
61,15,Mid, D,714,Large_Unit,11379732,15938,6/8/2025,south,6. Normal (Good Direction - S/E),200,6
31,21,Mid, H,580,Middle_Unit,7799840,13448,6/8/2025,north,8. Normal (Poor Direction - N/W),500,4.5
18,20,Mid, G,684,Middle_Unit,9000072,13158,6/8/2025,west,8. Normal (Poor Direction - N/W),400,4.5
39,11,Mid, D,922,Large_Unit,13380064,14512,6/8/2025,south,6. Normal (Good Direction - S/E),600,6
11,15,Mid, D,689,Middle_Unit,8899813,12917,4/8/2025,south,2. Premium (Full Mountain),400,8.5
59,15,Mid, H,584,Middle_Unit,9080032,15548,31/7/2025,north,8. Normal (Poor Direction - N/W),200,4.5
31,20,Mid, B,703,Large_Unit,9538304,13568,31/7/2025,east,6. Normal (Good Direction - S/E),500,6
23,19,Mid, E,702,Large_Unit,9199710,13105,30/7/2025,south,6. Normal (Good Direction - S/E),200,6
28,6,Low, G,583,Middle_Unit,8349726,14322,30/7/2025,west,8. Normal (Poor Direction - N/W),400,4.5
54,24,Mid, H,552,Middle_Unit,7980264,14457,29/7/2025,north,1. Premium Plus (Full Harbour),650,9
41,20,Mid, B,1015,Large_Unit,17299660,17044,28/7/2025,east,3. Premium Partial (Gap Harbour View),600,8
23,5,Low, B,580,Middle_Unit,8799760,15172,28/7/2025,east,6. Normal (Good Direction - S/E),200,6
2,7,Low, B,489,Small_Unit,6179982,12638,25/7/2025,east,6. Normal (Good Direction - S/E),400,6
32,10,Low, C,701,Large_Unit,9499952,13552,25/7/2025,east,6. Normal (Good Direction - S/E),500,6
58,18,Mid, G,717,Large_Unit,11780310,16430,25/7/2025,west,8. Normal (Poor Direction - N/W),200,4.5
1,27,High, G,580,Middle_Unit,7599740,13103,24/7/2025,west,8. Normal (Poor Direction - N/W),400,4.5
40,25,Mid, H,1114,Large_Unit,20799494,18671,24/7/2025,north,1. Premium Plus (Full Harbour),600,9
23,3,Low, C,580,Middle_Unit,6780200,11690,24/7/2025,east,6. Normal (Good Direction - S/E),200,6
17,22,Mid, A,593,Middle_Unit,8600279,14503,24/7/2025,north,8. Normal (Poor Direction - N/W),400,4.5
59,5,Low, G,567,Middle_Unit,8799840,15520,23/7/2025,west,8. Normal (Poor Direction - N/W),200,4.5
10,10,Low, F,582,Middle_Unit,6999714,12027,23/7/2025,west,8. Normal (Poor Direction - N/W),400,4.5
46,15,Mid, E,748,Large_Unit,10000012,13369,22/7/2025,south,6. Normal (Good Direction - S/E),500,6
1,17,Mid, A,545,Small_Unit,7229970,13266,22/7/2025,north,8. Normal (Poor Direction - N/W),400,4.5
59,17,Mid, E,584,Middle_Unit,8599984,14726,22/7/2025,south,6. Normal (Good Direction - S/E),200,6
2,20,Mid, E,583,Middle_Unit,7050219,12093,21/7/2025,south,2. Premium (Full Mountain),400,8.5
50,4,Low, E,503,Small_Unit,6499766,12922,17/7/2025,south,6. Normal (Good Direction - S/E),350,6
7,11,Mid, D,582,Middle_Unit,7599756,13058,15/7/2025,south,2. Premium (Full Mountain),430,8.5
1,22,Mid, B,580,Middle_Unit,7200120,12414,14/7/2025,east,6. Normal (Good Direction - S/E),400,6
36,6,Low, E,922,Large_Unit,13260204,14382,14/7/2025,south,6. Normal (Good Direction - S/E),600,6
55,6,Low, E,759,Large_Unit,11000187,14493,11/7/2025,south,6. Normal (Good Direction - S/E),200,6
29,7,Low, D,530,Small_Unit,7037870,13279,11/7/2025,south,6. Normal (Good Direction - S/E),400,6
3,15,Mid, H,583,Middle_Unit,6800112,11664,10/7/2025,north,8. Normal (Poor Direction - N/W),400,4.5
30,11,Mid, E,583,Middle_Unit,7570255,12985,10/7/2025,south,6. Normal (Good Direction - S/E),500,6
50,7,Low, A,603,Middle_Unit,8499888,14096,9/7/2025,north,8. Normal (Poor Direction - N/W),350,4.5
7,5,Low, C,689,Middle_Unit,8179808,11872,9/7/2025,east,6. Normal (Good Direction - S/E),430,6
56,10,Low, F,717,Large_Unit,11499963,16039,9/7/2025,west,8. Normal (Poor Direction - N/W),200,4.5
46,11,Mid, D,748,Large_Unit,11499752,15374,7/7/2025,south,6. Normal (Good Direction - S/E),500,6
18,14,Mid, A,690,Middle_Unit,8849940,12826,7/7/2025,north,8. Normal (Poor Direction - N/W),400,4.5
44,24,Mid, A,708,Large_Unit,11199852,15819,3/7/2025,north,1. Premium Plus (Full Harbour),650,9
21,23,Mid, A,709,Large_Unit,10099705,14245,3/7/2025,north,8. Normal (Poor Direction - N/W),150,4.5
10,4,Low, E,689,Middle_Unit,8099884,11756,2/7/2025,south,2. Premium (Full Mountain),400,8.5
15,25,Mid, G,582,Middle_Unit,8000172,13746,30/6/2025,west,8. Normal (Poor Direction - N/W),400,4.5
18,23,Mid, G,684,Middle_Unit,9000072,13158,30/6/2025,west,8. Normal (Poor Direction - N/W),400,4.5
6,20,Mid, D,762,Large_Unit,11679936,15328,27/6/2025,south,2. Premium (Full Mountain),460,8.5
29,7,Low, G,580,Middle_Unit,7679780,13241,26/6/2025,west,8. Normal (Poor Direction - N/W),400,4.5
59,15,Mid, B,714,Large_Unit,11379732,15938,26/6/2025,east,6. Normal (Good Direction - S/E),200,6
35,5,Low, E,922,Large_Unit,12499554,13557,24/6/2025,south,6. Normal (Good Direction - S/E),600,6
30,3,Low, B,587,Middle_Unit,7180184,12232,23/6/2025,east,6. Normal (Good Direction - S/E),500,6
54,19,Mid, F,587,Middle_Unit,8100013,13799,20/6/2025,west,3. Premium Partial (Gap Harbour View),650,8
46,14,Mid, D,748,Large_Unit,11279840,15080,18/6/2025,south,6. Normal (Good Direction - S/E),500,6
53,20,Mid, F,719,Large_Unit,10429814,14506,17/6/2025,west,8. Normal (Poor Direction - N/W),350,4.5
47,23,Mid, A,580,Middle_Unit,7999940,13793,17/6/2025,north,8. Normal (Poor Direction - N/W),500,4.5
24,24,Mid, F,723,Large_Unit,9200175,12725,16/6/2025,west,8. Normal (Poor Direction - N/W),200,4.5
21,4,Low, B,723,Large_Unit,9099678,12586,13/6/2025,east,6. Normal (Good Direction - S/E),150,6
17,10,Low, G,685,Middle_Unit,8000115,11679,10/6/2025,west,8. Normal (Poor Direction - N/W),400,4.5
30,19,Mid, A,583,Middle_Unit,7762645,13315,10/6/2025,north,8. Normal (Poor Direction - N/W),500,4.5
8,25,Mid, H,596,Middle_Unit,7450000,12500,10/6/2025,north,8. Normal (Poor Direction - N/W),400,4.5
36,19,Mid, E,922,Large_Unit,13099776,14208,10/6/2025,south,6. Normal (Good Direction - S/E),600,6
21,4,Low, A,709,Large_Unit,8500201,11989,9/6/2025,north,8. Normal (Poor Direction - N/W),150,4.5
51,12,Mid, D,502,Small_Unit,7300084,14542,9/6/2025,south,6. Normal (Good Direction - S/E),350,6
41,6,Low, G,1015,Large_Unit,15300110,15074,9/6/2025,west,3. Premium Partial (Gap Harbour View),600,8
6,26,High, A,760,Large_Unit,10979720,14447,6/6/2025,north,8. Normal (Poor Direction - N/W),460,4.5
51,24,Mid, E,502,Small_Unit,7099786,14143,6/6/2025,south,6. Normal (Good Direction - S/E),350,6
27,17,Mid, E,580,Middle_Unit,7749960,13362,2/6/2025,south,6. Normal (Good Direction - S/E),400,6
58,26,High, B,702,Large_Unit,9999990,14245,2/6/2025,east,6. Normal (Good Direction - S/E),200,6
14,7,Low, G,582,Middle_Unit,7547958,12969,2/6/2025,west,8. Normal (Poor Direction - N/W),400,4.5
22,12,Mid, B,582,Middle_Unit,8100276,13918,29/5/2025,east,6. Normal (Good Direction - S/E),150,6
15,2,Low, E,689,Middle_Unit,7249658,10522,29/5/2025,south,10. Poor Street (King's Road Noise Penalty),400,2
44,4,Low, D,708,Large_Unit,11900064,16808,27/5/2025,south,6. Normal (Good Direction - S/E),650,6
44,7,Low, G,572,Middle_Unit,10099804,17657,27/5/2025,west,3. Premium Partial (Gap Harbour View),650,8
44,7,Low, H,708,Large_Unit,12399912,17514,27/5/2025,north,1. Premium Plus (Full Harbour),650,9
44,10,Low, G,572,Middle_Unit,10199904,17832,27/5/2025,west,3. Premium Partial (Gap Harbour View),650,8
44,11,Mid, A,708,Large_Unit,12899760,18220,27/5/2025,north,1. Premium Plus (Full Harbour),650,9
44,11,Mid, G,572,Middle_Unit,10300004,18007,27/5/2025,west,3. Premium Partial (Gap Harbour View),650,8
44,11,Mid, H,708,Large_Unit,12600276,17797,27/5/2025,north,1. Premium Plus (Full Harbour),650,9
44,16,Mid, D,708,Large_Unit,12499740,17655,27/5/2025,south,6. Normal (Good Direction - S/E),650,6
44,22,Mid, G,572,Middle_Unit,10699832,18706,27/5/2025,west,3. Premium Partial (Gap Harbour View),650,8
44,23,Mid, G,572,Middle_Unit,10699832,18706,27/5/2025,west,3. Premium Partial (Gap Harbour View),650,8
44,23,Mid, F,572,Middle_Unit,10699832,18706,27/5/2025,west,3. Premium Partial (Gap Harbour View),650,8
44,24,Mid, G,572,Middle_Unit,10699832,18706,27/5/2025,west,3. Premium Partial (Gap Harbour View),650,8
44,25,Mid, G,572,Middle_Unit,10799932,18881,27/5/2025,west,3. Premium Partial (Gap Harbour View),650,8
44,26,High, G,572,Middle_Unit,10799932,18881,27/5/2025,west,3. Premium Partial (Gap Harbour View),650,8
44,27,High, G,572,Middle_Unit,10799932,18881,27/5/2025,west,3. Premium Partial (Gap Harbour View),650,8
44,28,High, G,572,Middle_Unit,12399816,21678,27/5/2025,west,3. Premium Partial (Gap Harbour View),650,8
44,14,Mid, H,708,Large_Unit,12700104,17938,27/5/2025,north,1. Premium Plus (Full Harbour),650,9
44,12,Mid, G,572,Middle_Unit,10300004,18007,27/5/2025,west,3. Premium Partial (Gap Harbour View),650,8
44,3,Low, A,708,Large_Unit,12499740,17655,27/5/2025,north,1. Premium Plus (Full Harbour),650,9
45,2,Low, B,723,Large_Unit,12700218,17566,27/5/2025,east,3. Premium Partial (Gap Harbour View),650,8
45,3,Low, D,708,Large_Unit,12300084,17373,27/5/2025,south,6. Normal (Good Direction - S/E),650,6
45,9,Low, F,572,Middle_Unit,10699832,18706,27/5/2025,west,3. Premium Partial (Gap Harbour View),650,8
54,3,Low, D,488,Small_Unit,8700064,17828,27/5/2025,south,6. Normal (Good Direction - S/E),650,6
54,5,Low, B,587,Middle_Unit,10500256,17888,27/5/2025,east,3. Premium Partial (Gap Harbour View),650,8
54,8,Low, D,488,Small_Unit,9399856,19262,27/5/2025,south,6. Normal (Good Direction - S/E),650,6
44,10,Low, H,708,Large_Unit,12499740,17655,27/5/2025,north,1. Premium Plus (Full Harbour),650,9
44,28,High, H,708,Large_Unit,15399708,21751,27/5/2025,north,1. Premium Plus (Full Harbour),650,9
13,13,Mid, F,685,Middle_Unit,8600175,12555,26/5/2025,west,8. Normal (Poor Direction - N/W),400,4.5
3,27,High, D,583,Middle_Unit,7879828,13516,26/5/2025,south,2. Premium (Full Mountain),400,8.5
58,25,Mid, G,720,Large_Unit,10560240,14667,26/5/2025,west,8. Normal (Poor Direction - N/W),200,4.5
40,7,Low, A,1114,Large_Unit,18500198,16607,23/5/2025,north,1. Premium Plus (Full Harbour),600,9
6,21,Mid, E,709,Large_Unit,9250323,13047,23/5/2025,south,2. Premium (Full Mountain),460,8.5
2,14,Mid, E,583,Middle_Unit,6949943,11921,22/5/2025,south,2. Premium (Full Mountain),400,8.5
43,24,Mid, B,1015,Large_Unit,16600325,16355,22/5/2025,east,3. Premium Partial (Gap Harbour View),700,8
40,4,Low, C,897,Large_Unit,12499695,13935,21/5/2025,east,3. Premium Partial (Gap Harbour View),600,6
9,13,Mid, D,670,Middle_Unit,8200130,12239,19/5/2025,south,10. Poor Street (King's Road Noise Penalty),400,2
51,20,Mid, E,502,Small_Unit,7249884,14442,16/5/2025,south,6. Normal (Good Direction - S/E),350,6
7,23,Mid, E,582,Middle_Unit,7780176,13368,16/5/2025,south,2. Premium (Full Mountain),430,8.5
31,23,Mid, E,580,Middle_Unit,7400220,12759,16/5/2025,south,6. Normal (Good Direction - S/E),500,6
32,7,Low, H,580,Middle_Unit,7379920,12724,15/5/2025,north,8. Normal (Poor Direction - N/W),500,4.5
29,5,Low, G,580,Middle_Unit,7480260,12897,15/5/2025,west,8. Normal (Poor Direction - N/W),400,4.5
38,6,Low, A,1114,Large_Unit,16499454,14811,14/5/2025,north,1. Premium Plus (Full Harbour),600,9
2,20,Mid, A,583,Middle_Unit,7060130,12110,14/5/2025,north,8. Normal (Poor Direction - N/W),400,4.5
17,26,High, B,582,Middle_Unit,8349954,14347,13/5/2025,east,6. Normal (Good Direction - S/E),400,6
21,4,Low, C,723,Large_Unit,9080157,12559,13/5/2025,east,6. Normal (Good Direction - S/E),150,6
32,26,High, C,701,Large_Unit,9799980,13980,13/5/2025,east,6. Normal (Good Direction - S/E),500,6
34,21,Mid, B,1015,Large_Unit,17000235,16749,13/5/2025,east,3. Premium Partial (Gap Harbour View),650,8
8,14,Mid, D,689,Middle_Unit,8030295,11655,13/5/2025,south,2. Premium (Full Mountain),400,8.5
62,26,High, F,555,Middle_Unit,7580190,13658,13/5/2025,west,8. Normal (Poor Direction - N/W),200,4.5
42,27,High, B,1015,Large_Unit,17600100,17340,12/5/2025,east,3. Premium Partial (Gap Harbour View),650,8
25,14,Mid, D,580,Middle_Unit,8400140,14483,12/5/2025,south,6. Normal (Good Direction - S/E),200,6
50,6,Low, F,582,Middle_Unit,7379760,12680,9/5/2025,west,8. Normal (Poor Direction - N/W),350,4.5
34,14,Mid, B,1015,Large_Unit,17550365,17291,8/5/2025,east,3. Premium Partial (Gap Harbour View),650,8
24,9,Low, A,709,Large_Unit,9950106,14034,8/5/2025,north,8. Normal (Poor Direction - N/W),200,4.5
39,13,Mid, F,897,Large_Unit,12000066,13378,8/5/2025,west,8. Normal (Poor Direction - N/W),600,4.5
34,21,Mid, H,1114,Large_Unit,18699604,16786,7/5/2025,north,1. Premium Plus (Full Harbour),650,9
29,4,Low, A,703,Large_Unit,8400147,11949,7/5/2025,north,8. Normal (Poor Direction - N/W),400,4.5
38,11,Mid, H,1114,Large_Unit,19179738,17217,6/5/2025,north,1. Premium Plus (Full Harbour),600,9
63,8,Low, B,649,Middle_Unit,10180214,15686,30/4/2025,east,6. Normal (Good Direction - S/E),200,6
34,12,Mid, G,1015,Large_Unit,16000460,15764,30/4/2025,west,3. Premium Partial (Gap Harbour View),650,8
8,26,High, H,596,Middle_Unit,7899980,13255,29/4/2025,north,8. Normal (Poor Direction - N/W),400,4.5
27,30,High, H,580,Middle_Unit,8879800,15310,29/4/2025,north,8. Normal (Poor Direction - N/W),400,4.5
54,13,Mid, G,587,Middle_Unit,8530284,14532,28/4/2025,west,3. Premium Partial (Gap Harbour View),650,8
37,6,Low, C,897,Large_Unit,13000221,14493,25/4/2025,east,3. Premium Partial (Gap Harbour View),600,8
30,25,Mid, G,506,Small_Unit,7050098,13933,25/4/2025,west,8. Normal (Poor Direction - N/W),500,4.5
55,13,Mid, B,797,Large_Unit,11640185,14605,23/4/2025,east,6. Normal (Good Direction - S/E),200,6
40,5,Low, H,1114,Large_Unit,16999640,15260,23/4/2025,north,1. Premium Plus (Full Harbour),600,9
6,24,Mid, F,704,Large_Unit,9049920,12855,23/4/2025,west,8. Normal (Poor Direction - N/W),460,4.5
8,17,Mid, H,596,Middle_Unit,7960176,13356,23/4/2025,north,8. Normal (Poor Direction - N/W),400,4.5
41,25,Mid, H,1114,Large_Unit,21500200,19300,23/4/2025,north,1. Premium Plus (Full Harbour),600,9
21,5,Low, F,580,Middle_Unit,7599740,13103,22/4/2025,west,8. Normal (Poor Direction - N/W),150,4.5
6,28,High, A,760,Large_Unit,14699920,19342,17/4/2025,north,8. Normal (Poor Direction - N/W),460,4.5
16,10,Low, D,689,Middle_Unit,8279713,12017,17/4/2025,south,2. Premium (Full Mountain),400,8.5
55,18,Mid, F,680,Middle_Unit,10999680,16176,17/4/2025,west,8. Normal (Poor Direction - N/W),200,4.5
39,28,High, H,1280,Large_Unit,26000640,20313,17/4/2025,north,1. Premium Plus (Full Harbour),600,9
36,22,Mid, H,1114,Large_Unit,19800236,17774,15/4/2025,north,1. Premium Plus (Full Harbour),600,9
3,19,Mid, D,583,Middle_Unit,6680014,11458,15/4/2025,south,2. Premium (Full Mountain),400,8.5
55,6,Low, F,680,Middle_Unit,10100040,14853,15/4/2025,west,8. Normal (Poor Direction - N/W),200,4.5
62,26,High, B,604,Middle_Unit,9079932,15033,15/4/2025,east,6. Normal (Good Direction - S/E),200,6
32,25,Mid, E,580,Middle_Unit,7599740,13103,14/4/2025,south,6. Normal (Good Direction - S/E),500,6
29,3,Low, A,658,Middle_Unit,7480144,11368,14/4/2025,north,8. Normal (Poor Direction - N/W),400,4.5
19,12,Mid, F,583,Middle_Unit,7900233,13551,14/4/2025,west,8. Normal (Poor Direction - N/W),150,4.5
54,18,Mid, B,587,Middle_Unit,8199803,13969,11/4/2025,east,3. Premium Partial (Gap Harbour View),650,8
34,9,Low, C,897,Large_Unit,11500437,12821,11/4/2025,east,6. Normal (Good Direction - S/E),650,6
50,16,Mid, D,503,Small_Unit,7099845,14115,10/4/2025,south,6. Normal (Good Direction - S/E),350,6
8,19,Mid, A,706,Large_Unit,8179716,11586,10/4/2025,north,8. Normal (Poor Direction - N/W),400,4.5
62,15,Mid, H,592,Middle_Unit,9599872,16216,3/4/2025,north,8. Normal (Poor Direction - N/W),200,4.5
11,14,Mid, C,582,Middle_Unit,7799964,13402,3/4/2025,east,6. Normal (Good Direction - S/E),400,6
45,14,Mid, G,572,Middle_Unit,8511932,14881,3/4/2025,west,3. Premium Partial (Gap Harbour View),650,8
31,14,Mid, D,580,Middle_Unit,7999940,13793,2/4/2025,south,6. Normal (Good Direction - S/E),500,6
23,15,Mid, G,580,Middle_Unit,8299800,14310,1/4/2025,west,8. Normal (Poor Direction - N/W),200,4.5
30,8,Low, A,583,Middle_Unit,7970193,13671,28/3/2025,north,8. Normal (Poor Direction - N/W),500,4.5
37,10,Low, E,922,Large_Unit,13200274,14317,27/3/2025,south,6. Normal (Good Direction - S/E),600,6
9,18,Mid, A,518,Small_Unit,7080024,13668,26/3/2025,north,8. Normal (Poor Direction - N/W),400,4.5
34,25,Mid, C,897,Large_Unit,12499695,13935,26/3/2025,east,6. Normal (Good Direction - S/E),650,6
29,11,Mid, H,703,Large_Unit,9030035,12845,25/3/2025,north,8. Normal (Poor Direction - N/W),400,4.5
27,3,Low, G,530,Small_Unit,6799900,12830,20/3/2025,west,8. Normal (Poor Direction - N/W),400,4.5
37,3,Low, H,1114,Large_Unit,14600084,13106,20/3/2025,north,1. Premium Plus (Full Harbour),600,9
3,7,Low, H,583,Middle_Unit,6229938,10686,19/3/2025,north,8. Normal (Poor Direction - N/W),400,4.5
1,18,Mid, D,489,Small_Unit,6000030,12270,18/3/2025,south,10. Poor Street (King's Road Noise Penalty),400,2
41,26,High, B,1015,Large_Unit,18420220,18148,17/3/2025,east,3. Premium Partial (Gap Harbour View),600,8
41,13,Mid, C,897,Large_Unit,11910366,13278,17/3/2025,east,3. Premium Partial (Gap Harbour View),600,8
58,6,Low, A,760,Large_Unit,11200120,14737,17/3/2025,north,8. Normal (Poor Direction - N/W),200,4.5
34,24,Mid, C,897,Large_Unit,9799725,10925,14/3/2025,east,6. Normal (Good Direction - S/E),650,6
22,24,Mid, A,702,Large_Unit,8230248,11724,14/3/2025,north,8. Normal (Poor Direction - N/W),150,4.5
15,14,Mid, F,582,Middle_Unit,7880280,13540,13/3/2025,west,8. Normal (Poor Direction - N/W),400,4.5
23,7,Low, B,580,Middle_Unit,9299720,16034,13/3/2025,east,6. Normal (Good Direction - S/E),200,6
30,17,Mid, H,583,Middle_Unit,8100202,13894,11/3/2025,north,8. Normal (Poor Direction - N/W),500,4.5
57,8,Low, C,717,Large_Unit,11000214,15342,10/3/2025,east,6. Normal (Good Direction - S/E),200,6
52,27,High, H,582,Middle_Unit,7880280,13540,7/3/2025,north,8. Normal (Poor Direction - N/W),350,4.5
38,4,Low, E,922,Large_Unit,11999830,13015,6/3/2025,south,6. Normal (Good Direction - S/E),600,6
32,20,Mid, B,701,Large_Unit,9999765,14265,3/3/2025,east,6. Normal (Good Direction - S/E),500,6
57,23,Mid, C,717,Large_Unit,11200257,15621,3/3/2025,east,6. Normal (Good Direction - S/E),200,6
60,21,Mid, C,680,Middle_Unit,10100040,14853,3/3/2025,east,6. Normal (Good Direction - S/E),200,6
10,13,Mid, G,582,Middle_Unit,7550286,12973,3/3/2025,west,8. Normal (Poor Direction - N/W),400,4.5
23,6,Low, D,702,Large_Unit,8730072,12436,27/2/2025,south,6. Normal (Good Direction - S/E),200,6
29,9,Low, C,580,Middle_Unit,7879880,13586,27/2/2025,east,6. Normal (Good Direction - S/E),400,6
29,21,Mid, F,580,Middle_Unit,8100280,13966,26/2/2025,west,8. Normal (Poor Direction - N/W),400,4.5
38,7,Low, B,1015,Large_Unit,15500065,15271,25/2/2025,east,3. Premium Partial (Gap Harbour View),600,8
34,28,High, G,1015,Large_Unit,16800280,16552,24/2/2025,west,3. Premium Partial (Gap Harbour View),650,8
6,4,Low, D,762,Large_Unit,9880092,12966,21/2/2025,south,2. Premium (Full Mountain),460,8.5
54,21,Mid, G,587,Middle_Unit,8729864,14872,21/2/2025,west,3. Premium Partial (Gap Harbour View),650,8
35,27,High, C,897,Large_Unit,11300406,12598,13/2/2025,east,3. Premium Partial (Gap Harbour View),600,8
42,12,Mid, D,922,Large_Unit,12300402,13341,13/2/2025,south,6. Normal (Good Direction - S/E),650,6
10,19,Mid, D,689,Middle_Unit,8589763,12467,12/2/2025,south,2. Premium (Full Mountain),400,8.5
31,23,Mid, C,703,Large_Unit,9299987,13229,11/2/2025,east,6. Normal (Good Direction - S/E),500,6
13,26,High, G,685,Middle_Unit,9750290,14234,11/2/2025,west,8. Normal (Poor Direction - N/W),400,4.5
59,7,Low, H,584,Middle_Unit,8500120,14555,10/2/2025,north,8. Normal (Poor Direction - N/W),200,4.5
24,18,Mid, B,580,Middle_Unit,8379840,14448,7/2/2025,east,6. Normal (Good Direction - S/E),200,6
22,15,Mid, G,582,Middle_Unit,6970032,11976,6/2/2025,west,8. Normal (Poor Direction - N/W),150,4.5
21,26,High, G,580,Middle_Unit,8730160,15052,5/2/2025,west,8. Normal (Poor Direction - N/W),150,4.5
20,23,Mid, C,785,Large_Unit,10549615,13439,4/2/2025,east,6. Normal (Good Direction - S/E),150,6
43,3,Low, E,922,Large_Unit,11500106,12473,4/2/2025,south,6. Normal (Good Direction - S/E),700,6
56,10,Low, D,759,Large_Unit,12380049,16311,3/2/2025,south,6. Normal (Good Direction - S/E),200,6
28,3,Low, G,583,Middle_Unit,7200050,12350,27/1/2025,west,8. Normal (Poor Direction - N/W),400,4.5
39,24,Mid, C,897,Large_Unit,13579683,15139,27/1/2025,east,3. Premium Partial (Gap Harbour View),600,8
37,10,Low, C,897,Large_Unit,12479961,13913,24/1/2025,east,3. Premium Partial (Gap Harbour View),600,8
20,27,High, B,785,Large_Unit,12220095,15567,23/1/2025,east,6. Normal (Good Direction - S/E),150,6
48,25,Mid, F,580,Middle_Unit,8299800,14310,22/1/2025,west,8. Normal (Poor Direction - N/W),500,4.5
47,20,Mid, G,707,Large_Unit,10600051,14993,22/1/2025,west,8. Normal (Poor Direction - N/W),500,4.5
9,7,Low, G,589,Middle_Unit,8360266,14194,21/1/2025,west,8. Normal (Poor Direction - N/W),400,4.5
59,25,Mid, D,588,Middle_Unit,9035208,15366,17/1/2025,south,6. Normal (Good Direction - S/E),200,6
21,16,Mid, C,723,Large_Unit,9879795,13665,17/1/2025,east,6. Normal (Good Direction - S/E),150,6
8,11,Mid, H,596,Middle_Unit,7600192,12752,13/1/2025,north,8. Normal (Poor Direction - N/W),400,4.5
38,16,Mid, F,897,Large_Unit,13519584,15072,13/1/2025,west,3. Premium Partial (Gap Harbour View),600,8
62,13,Mid, C,680,Middle_Unit,10499880,15441,13/1/2025,east,6. Normal (Good Direction - S/E),200,6
28,29,High, F,583,Middle_Unit,8279766,14202,10/1/2025,west,8. Normal (Poor Direction - N/W),400,4.5
29,17,Mid, A,703,Large_Unit,8300321,11807,8/1/2025,north,8. Normal (Poor Direction - N/W),400,4.5
62,14,Mid, D,715,Large_Unit,11000275,15385,8/1/2025,south,6. Normal (Good Direction - S/E),200,6
14,27,High, C,582,Middle_Unit,8600214,14777,8/1/2025,east,6. Normal (Good Direction - S/E),400,6
61,16,Mid, H,591,Middle_Unit,8999748,15228,8/1/2025,north,8. Normal (Poor Direction - N/W),200,4.5
37,11,Mid, H,1114,Large_Unit,19390284,17406,8/1/2025,north,1. Premium Plus (Full Harbour),600,9
29,24,Mid, H,703,Large_Unit,9020193,12831,8/1/2025,north,8. Normal (Poor Direction - N/W),400,4.5
13,7,Low, D,593,Middle_Unit,7050177,11889,8/1/2025,south,10. Poor Street (King's Road Noise Penalty),400,2
50,10,Low, D,503,Small_Unit,7050048,14016,8/1/2025,south,6. Normal (Good Direction - S/E),350,6
9,10,Low, G,589,Middle_Unit,7880231,13379,7/1/2025,west,8. Normal (Poor Direction - N/W),400,4.5
28,29,High, B,714,Large_Unit,8800050,12325,7/1/2025,east,6. Normal (Good Direction - S/E),400,6
27,10,Low, B,703,Large_Unit,10000175,14225,7/1/2025,east,6. Normal (Good Direction - S/E),400,6
46,16,Mid, H,748,Large_Unit,10000012,13369,7/1/2025,north,8. Normal (Poor Direction - N/W),500,4.5
40,28,High, D,1074,Large_Unit,19700382,18343,7/1/2025,south,6. Normal (Good Direction - S/E),600,6
30,20,Mid, A,583,Middle_Unit,8380042,14374,6/1/2025,north,8. Normal (Poor Direction - N/W),500,4.5
46,11,Mid, E,748,Large_Unit,12000164,16043,3/1/2025,south,6. Normal (Good Direction - S/E),500,6
2,10,Low, E,583,Middle_Unit,6499867,11149,2/1/2025,south,2. Premium (Full Mountain),400,8.5
28,12,Mid, E,602,Middle_Unit,7780248,12924,2/1/2025,south,6. Normal (Good Direction - S/E),400,6
3,24,Mid, G,545,Small_Unit,9300000,17064,19/9/2018,west,8. Normal (Poor Direction - N/W),400,4.5
55,13,Mid, A,759,Large_Unit,11649891,15349,31/12/2024,north,8. Normal (Poor Direction - N/W),200,4.5
36,4,Low, C,897,Large_Unit,10799880,12040,31/12/2024,east,3. Premium Partial (Gap Harbour View),600,8
27,25,Mid, E,580,Middle_Unit,7999940,13793,24/12/2024,south,6. Normal (Good Direction - S/E),400,6
49,24,Mid, B,582,Middle_Unit,7880280,13540,24/12/2024,east,6. Normal (Good Direction - S/E),500,6
19,9,Low, B,583,Middle_Unit,7850095,13465,20/12/2024,east,6. Normal (Good Direction - S/E),150,6
43,27,High, B,1015,Large_Unit,17159590,16906,20/12/2024,east,3. Premium Partial (Gap Harbour View),700,8
48,13,Mid, A,603,Middle_Unit,8820081,14627,20/12/2024,north,8. Normal (Poor Direction - N/W),500,4.5
59,24,Mid, D,584,Middle_Unit,8580128,14692,19/12/2024,south,6. Normal (Good Direction - S/E),200,6
63,13,Mid, C,707,Large_Unit,10499657,14851,18/12/2024,east,6. Normal (Good Direction - S/E),200,6
63,21,Mid, F,589,Middle_Unit,9499981,16129,16/12/2024,west,8. Normal (Poor Direction - N/W),200,4.5
26,5,Low, E,747,Large_Unit,9849942,13186,16/12/2024,south,6. Normal (Good Direction - S/E),200,6
19,23,Mid, G,583,Middle_Unit,7999926,13722,16/12/2024,west,8. Normal (Poor Direction - N/W),150,4.5
50,7,Low, B,664,Middle_Unit,8999856,13554,13/12/2024,east,6. Normal (Good Direction - S/E),350,6
13,16,Mid, E,593,Middle_Unit,7780160,13120,6/12/2024,south,2. Premium (Full Mountain),400,8.5
8,25,Mid, A,706,Large_Unit,8800290,12465,6/12/2024,north,8. Normal (Poor Direction - N/W),400,4.5
15,27,High, B,582,Middle_Unit,9550038,16409,5/12/2024,east,6. Normal (Good Direction - S/E),400,6
59,26,High, H,515,Small_Unit,7649810,14854,5/12/2024,north,8. Normal (Poor Direction - N/W),200,4.5
30,13,Mid, C,606,Middle_Unit,8079798,13333,5/12/2024,east,6. Normal (Good Direction - S/E),500,6
9,26,High, A,518,Small_Unit,7249928,13996,4/12/2024,north,8. Normal (Poor Direction - N/W),400,4.5
45,20,Mid, B,723,Large_Unit,11320011,15657,4/12/2024,east,3. Premium Partial (Gap Harbour View),650,8
36,13,Mid, D,922,Large_Unit,13580138,14729,3/12/2024,south,6. Normal (Good Direction - S/E),600,6
38,20,Mid, B,1015,Large_Unit,16800280,16552,3/12/2024,east,3. Premium Partial (Gap Harbour View),600,8
8,14,Mid, H,596,Middle_Unit,7950044,13339,3/12/2024,north,8. Normal (Poor Direction - N/W),400,4.5
12,5,Low, H,593,Middle_Unit,7350235,12395,3/12/2024,north,8. Normal (Poor Direction - N/W),400,4.5
12,20,Mid, F,581,Middle_Unit,7350231,12651,2/12/2024,west,8. Normal (Poor Direction - N/W),400,4.5
22,9,Low, B,582,Middle_Unit,8280114,14227,29/11/2024,east,6. Normal (Good Direction - S/E),150,6
48,14,Mid, H,603,Middle_Unit,8530038,14146,28/11/2024,north,8. Normal (Poor Direction - N/W),500,4.5
52,14,Mid, H,582,Middle_Unit,7734780,13290,27/11/2024,north,8. Normal (Poor Direction - N/W),350,4.5
57,14,Mid, B,717,Large_Unit,10899834,15202,27/11/2024,east,6. Normal (Good Direction - S/E),200,6
45,4,Low, D,708,Large_Unit,9049656,12782,26/11/2024,south,6. Normal (Good Direction - S/E),650,6
34,10,Low, G,1015,Large_Unit,17220490,16966,26/11/2024,west,3. Premium Partial (Gap Harbour View),650,8
25,15,Mid, B,702,Large_Unit,10299744,14672,21/11/2024,east,6. Normal (Good Direction - S/E),200,6
34,13,Mid, F,897,Large_Unit,12600159,14047,21/11/2024,west,3. Premium Partial (Gap Harbour View),650,8
9,6,Low, D,670,Middle_Unit,8450040,12612,20/11/2024,south,10. Poor Street (King's Road Noise Penalty),400,2
15,16,Mid, G,582,Middle_Unit,7979802,13711,19/11/2024,west,8. Normal (Poor Direction - N/W),400,4.5
27,16,Mid, D,580,Middle_Unit,7830000,13500,19/11/2024,south,6. Normal (Good Direction - S/E),400,6
28,3,Low, E,602,Middle_Unit,6499794,10797,19/11/2024,south,6. Normal (Good Direction - S/E),400,6
49,22,Mid, F,664,Middle_Unit,9380328,14127,19/11/2024,west,8. Normal (Poor Direction - N/W),500,4.5
46,6,Low, E,748,Large_Unit,10329880,13810,18/11/2024,south,6. Normal (Good Direction - S/E),500,6
62,12,Mid, C,680,Middle_Unit,10450240,15368,18/11/2024,east,6. Normal (Good Direction - S/E),200,6
23,21,Mid, E,702,Large_Unit,9300096,13248,15/11/2024,south,6. Normal (Good Direction - S/E),200,6
25,17,Mid, A,580,Middle_Unit,8120000,14000,15/11/2024,north,8. Normal (Poor Direction - N/W),200,4.5
29,18,Mid, E,530,Small_Unit,7309760,13792,15/11/2024,south,6. Normal (Good Direction - S/E),400,6
36,11,Mid, E,922,Large_Unit,12860056,13948,15/11/2024,south,6. Normal (Good Direction - S/E),600,6
3,4,Low, A,583,Middle_Unit,6460223,11081,13/11/2024,north,8. Normal (Poor Direction - N/W),400,4.5
59,12,Mid, G,567,Middle_Unit,9179730,16190,13/11/2024,west,8. Normal (Poor Direction - N/W),200,4.5
47,27,High, C,707,Large_Unit,10679942,15106,12/11/2024,east,6. Normal (Good Direction - S/E),500,6
23,8,Low, G,580,Middle_Unit,8379840,14448,11/11/2024,west,8. Normal (Poor Direction - N/W),200,4.5
56,7,Low, G,717,Large_Unit,10499748,14644,11/11/2024,west,8. Normal (Poor Direction - N/W),200,4.5
18,5,Low, A,690,Middle_Unit,8280000,12000,6/11/2024,north,8. Normal (Poor Direction - N/W),400,4.5
6,5,Low, B,797,Large_Unit,10279706,12898,4/11/2024,east,6. Normal (Good Direction - S/E),460,6
10,25,Mid, D,689,Middle_Unit,8649706,12554,4/11/2024,south,2. Premium (Full Mountain),400,8.5
27,16,Mid, H,580,Middle_Unit,7849720,13534,4/11/2024,north,8. Normal (Poor Direction - N/W),400,4.5
35,25,Mid, F,897,Large_Unit,12679992,14136,4/11/2024,west,3. Premium Partial (Gap Harbour View),600,8
41,17,Mid, D,922,Large_Unit,13279566,14403,4/11/2024,south,6. Normal (Good Direction - S/E),600,6
6,21,Mid, B,797,Large_Unit,10919697,13701,31/10/2024,east,6. Normal (Good Direction - S/E),460,6
37,19,Mid, F,897,Large_Unit,12979590,14470,30/10/2024,west,3. Premium Partial (Gap Harbour View),600,8
34,15,Mid, G,1015,Large_Unit,13799940,13596,30/10/2024,west,3. Premium Partial (Gap Harbour View),650,8
2,13,Mid, A,583,Middle_Unit,6879983,11801,30/10/2024,north,8. Normal (Poor Direction - N/W),400,4.5
35,6,Low, G,1015,Large_Unit,15180340,14956,30/10/2024,west,3. Premium Partial (Gap Harbour View),600,8
29,9,Low, H,703,Large_Unit,8999806,12802,29/10/2024,north,8. Normal (Poor Direction - N/W),400,4.5
62,14,Mid, F,646,Middle_Unit,9480050,14675,28/10/2024,west,8. Normal (Poor Direction - N/W),200,4.5
13,8,Low, A,689,Middle_Unit,9039680,13120,25/10/2024,north,8. Normal (Poor Direction - N/W),400,4.5
24,15,Mid, C,580,Middle_Unit,8379840,14448,25/10/2024,east,6. Normal (Good Direction - S/E),200,6
48,26,High, D,503,Small_Unit,7699924,15308,24/10/2024,south,6. Normal (Good Direction - S/E),500,6
13,6,Low, F,685,Middle_Unit,7880240,11504,24/10/2024,west,8. Normal (Poor Direction - N/W),400,4.5
38,28,High, H,1277,Large_Unit,25800508,20204,24/10/2024,north,1. Premium Plus (Full Harbour),600,9
45,3,Low, C,723,Large_Unit,9099678,12586,23/10/2024,east,3. Premium Partial (Gap Harbour View),650,8
39,10,Low, C,897,Large_Unit,12299664,13712,21/10/2024,east,3. Premium Partial (Gap Harbour View),600,8
44,8,Low, G,572,Middle_Unit,7790068,13619,14/10/2024,west,3. Premium Partial (Gap Harbour View),650,8
17,11,Mid, B,582,Middle_Unit,7929750,13625,10/10/2024,east,6. Normal (Good Direction - S/E),400,6
19,15,Mid, A,489,Small_Unit,6600033,13497,10/10/2024,north,8. Normal (Poor Direction - N/W),150,4.5
55,8,Low, C,797,Large_Unit,9999959,12547,9/10/2024,east,6. Normal (Good Direction - S/E),200,6
13,7,Low, F,685,Middle_Unit,8388510,12246,9/10/2024,west,8. Normal (Poor Direction - N/W),400,4.5
33,19,Mid, G,1015,Large_Unit,17000235,16749,8/10/2024,west,3. Premium Partial (Gap Harbour View),700,8
13,2,Low, F,685,Middle_Unit,7193185,10501,7/10/2024,west,8. Normal (Poor Direction - N/W),400,4.5
14,24,Mid, A,530,Small_Unit,6980100,13170,4/10/2024,north,8. Normal (Poor Direction - N/W),400,4.5
11,7,Low, B,582,Small_Unit,9500000,16323,19/9/2018,east,6. Normal (Good Direction - S/E),400,6
31,17,Mid, B,703,Large_Unit,9600168,13656,2/10/2024,east,6. Normal (Good Direction - S/E),500,6
48,10,Low, B,662,Middle_Unit,8880068,13414,27/9/2024,east,6. Normal (Good Direction - S/E),500,6
36,4,Low, H,1114,Large_Unit,15799862,14183,27/9/2024,north,1. Premium Plus (Full Harbour),600,9
1,27,High, E,489,Small_Unit,5800029,11861,26/9/2024,south,2. Premium (Full Mountain),400,8.5
23,13,Mid, B,580,Middle_Unit,7959920,13724,25/9/2024,east,6. Normal (Good Direction - S/E),200,6
57,6,Low, C,717,Large_Unit,10149852,14156,25/9/2024,east,6. Normal (Good Direction - S/E),200,6
32,26,High, G,503,Small_Unit,7300039,14513,25/9/2024,west,8. Normal (Poor Direction - N/W),500,4.5
13,18,Mid, G,685,Middle_Unit,8979665,13109,25/9/2024,west,8. Normal (Poor Direction - N/W),400,4.5
26,19,Mid, B,785,Large_Unit,12000295,15287,23/9/2024,east,6. Normal (Good Direction - S/E),200,6
56,26,High, G,626,Middle_Unit,11800100,18850,17/9/2024,west,8. Normal (Poor Direction - N/W),200,4.5
44,25,Mid, H,708,Large_Unit,9999792,14124,16/9/2024,north,1. Premium Plus (Full Harbour),650,9
57,14,Mid, E,760,Large_Unit,12179760,16026,16/9/2024,south,6. Normal (Good Direction - S/E),200,6
48,4,Low, B,662,Middle_Unit,8400118,12689,13/9/2024,east,6. Normal (Good Direction - S/E),500,6
55,20,Mid, H,759,Large_Unit,12150072,16008,13/9/2024,north,8. Normal (Poor Direction - N/W),200,4.5
37,16,Mid, C,897,Large_Unit,13379652,14916,13/9/2024,east,3. Premium Partial (Gap Harbour View),600,8
2,24,Mid, C,489,Small_Unit,6029859,12331,13/9/2024,east,6. Normal (Good Direction - S/E),400,6
63,24,Mid, A,592,Middle_Unit,9450096,15963,12/9/2024,north,8. Normal (Poor Direction - N/W),200,4.5
21,18,Mid, A,709,Large_Unit,9329731,13159,12/9/2024,north,8. Normal (Poor Direction - N/W),150,4.5
36,7,Low, G,1015,Large_Unit,17379845,17123,11/9/2024,west,8. Normal (Poor Direction - N/W),600,4.5
31,20,Mid, F,503,Small_Unit,6980131,13877,10/9/2024,west,8. Normal (Poor Direction - N/W),500,4.5
14,23,Mid, F,582,Middle_Unit,7379760,12680,10/9/2024,west,8. Normal (Poor Direction - N/W),400,4.5
32,30,High, E,580,Middle_Unit,8499900,14655,10/9/2024,south,6. Normal (Good Direction - S/E),500,6
1,13,Mid, C,580,Middle_Unit,6780200,11690,9/9/2024,east,6. Normal (Good Direction - S/E),400,6
49,7,Low, D,502,Small_Unit,6999888,13944,4/9/2024,south,6. Normal (Good Direction - S/E),500,6
54,21,Mid, H,552,Middle_Unit,8549928,15489,2/9/2024,north,1. Premium Plus (Full Harbour),650,9
52,18,Mid, G,701,Large_Unit,9279838,13238,2/9/2024,west,8. Normal (Poor Direction - N/W),350,4.5
51,19,Mid, G,664,Middle_Unit,8070256,12154,2/9/2024,west,8. Normal (Poor Direction - N/W),350,4.5
2,7,Low, H,583,Middle_Unit,7200050,12350,2/9/2024,north,8. Normal (Poor Direction - N/W),400,4.5
54,17,Mid, H,552,Middle_Unit,7820184,14167,30/8/2024,north,1. Premium Plus (Full Harbour),650,9
11,22,Mid, F,691,Middle_Unit,8320331,12041,29/8/2024,west,8. Normal (Poor Direction - N/W),400,4.5
16,16,Mid, C,685,Middle_Unit,8200135,11971,29/8/2024,east,6. Normal (Good Direction - S/E),400,6
39,8,Low, A,1114,Large_Unit,19800236,17774,22/8/2024,north,1. Premium Plus (Full Harbour),600,1
3,3,Low, B,484,Small_Unit,5000204,10331,21/8/2024,east,6. Normal (Good Direction - S/E),400,6
44,19,Mid, H,708,Large_Unit,9999792,14124,21/8/2024,north,1. Premium Plus (Full Harbour),650,9
44,22,Mid, E,708,Large_Unit,9999792,14124,19/8/2024,south,6. Normal (Good Direction - S/E),650,6
53,21,Mid, B,809,Large_Unit,12979596,16044,15/8/2024,east,6. Normal (Good Direction - S/E),350,6
6,28,High, B,797,Large_Unit,12480223,15659,15/8/2024,east,6. Normal (Good Direction - S/E),460,6
12,22,Mid, C,684,Middle_Unit,9000072,13158,14/8/2024,east,6. Normal (Good Direction - S/E),400,6
46,22,Mid, B,809,Large_Unit,10800150,13350,14/8/2024,east,6. Normal (Good Direction - S/E),500,6
28,25,Mid, H,706,Large_Unit,9000088,12748,13/8/2024,north,8. Normal (Poor Direction - N/W),400,4.5
56,14,Mid, D,759,Large_Unit,12200166,16074,12/8/2024,south,6. Normal (Good Direction - S/E),200,6
11,24,Mid, F,691,Middle_Unit,8450239,12229,8/8/2024,west,8. Normal (Poor Direction - N/W),400,4.5
45,26,High, G,572,Middle_Unit,8499920,14860,5/8/2024,west,3. Premium Partial (Gap Harbour View),650,8
12,13,Mid, C,684,Middle_Unit,8300340,12135,1/8/2024,east,6. Normal (Good Direction - S/E),400,6
21,17,Mid, G,580,Middle_Unit,7700080,13276,31/7/2024,west,8. Normal (Poor Direction - N/W),150,4.5
7,8,Low, F,536,Small_Unit,6979792,13022,30/7/2024,west,8. Normal (Poor Direction - N/W),430,4.5
36,17,Mid, B,1015,Large_Unit,16600325,16355,26/7/2024,east,3. Premium Partial (Gap Harbour View),600,8
62,19,Mid, F,646,Middle_Unit,10080184,15604,26/7/2024,west,8. Normal (Poor Direction - N/W),200,4.5
36,16,Mid, E,922,Large_Unit,13679714,14837,26/7/2024,south,6. Normal (Good Direction - S/E),600,6
61,6,Low, D,714,Large_Unit,10829952,15168,24/7/2024,south,6. Normal (Good Direction - S/E),200,6
20,6,Low, C,785,Large_Unit,10179880,12968,22/7/2024,east,6. Normal (Good Direction - S/E),150,6
17,15,Mid, H,593,Middle_Unit,7280261,12277,19/7/2024,north,8. Normal (Poor Direction - N/W),400,4.5
20,26,High, F,716,Large_Unit,9880084,13799,17/7/2024,west,8. Normal (Poor Direction - N/W),150,4.5
35,20,Mid, E,922,Large_Unit,14079862,15271,17/7/2024,south,6. Normal (Good Direction - S/E),600,6
55,10,Low, B,797,Large_Unit,10679800,13400,15/7/2024,east,6. Normal (Good Direction - S/E),200,6
54,7,Low, D,488,Small_Unit,6899832,14139,15/7/2024,south,6. Normal (Good Direction - S/E),650,6
51,7,Low, A,701,Large_Unit,8834703,12603,12/7/2024,north,8. Normal (Poor Direction - N/W),350,4.5
61,10,Low, C,707,Large_Unit,11000213,15559,12/7/2024,east,6. Normal (Good Direction - S/E),200,6
20,3,Low, A,747,Large_Unit,8680140,11620,12/7/2024,north,8. Normal (Poor Direction - N/W),150,4.5
62,23,Mid, B,680,Middle_Unit,10920120,16059,10/7/2024,east,6. Normal (Good Direction - S/E),200,6
15,8,Low, C,582,Middle_Unit,7900068,13574,10/7/2024,east,6. Normal (Good Direction - S/E),400,6
36,4,Low, B,1015,Large_Unit,12880350,12690,10/7/2024,east,3. Premium Partial (Gap Harbour View),600,8
25,22,Mid, B,702,Large_Unit,10179702,14501,10/7/2024,east,6. Normal (Good Direction - S/E),200,6
59,15,Mid, D,584,Middle_Unit,8900160,15240,9/7/2024,south,6. Normal (Good Direction - S/E),200,6
44,10,Low, B,723,Large_Unit,12379929,17123,9/7/2024,east,3. Premium Partial (Gap Harbour View),650,6
47,9,Low, G,707,Large_Unit,10219685,14455,9/7/2024,west,8. Normal (Poor Direction - N/W),500,4.5
7,6,Low, F,536,Small_Unit,7679808,14328,8/7/2024,west,8. Normal (Poor Direction - N/W),430,4.5
43,7,Low, C,897,Large_Unit,12650391,14103,5/7/2024,east,3. Premium Partial (Gap Harbour View),700,8
27,30,High, B,703,Large_Unit,10000175,14225,4/7/2024,east,6. Normal (Good Direction - S/E),400,6
61,6,Low, H,591,Middle_Unit,9110265,15415,3/7/2024,north,8. Normal (Poor Direction - N/W),200,4.5
2,21,Mid, E,583,Middle_Unit,6879983,11801,2/7/2024,south,2. Premium (Full Mountain),400,8.5
61,17,Mid, A,591,Middle_Unit,9279882,15702,2/7/2024,north,8. Normal (Poor Direction - N/W),200,4.5
20,28,High, H,747,Large_Unit,12580227,16841,2/7/2024,north,8. Normal (Poor Direction - N/W),150,4.5
11,27,High, A,598,Middle_Unit,9249864,15468,28/6/2024,north,8. Normal (Poor Direction - N/W),400,4.5
10,20,Mid, H,536,Small_Unit,7550096,14086,27/6/2024,north,8. Normal (Poor Direction - N/W),400,4.5
45,28,High, D,708,Large_Unit,11400216,16102,27/6/2024,south,6. Normal (Good Direction - S/E),650,6
18,20,Mid, A,690,Middle_Unit,8999670,13043,24/6/2024,north,8. Normal (Poor Direction - N/W),400,4.5
14,3,Low, E,689,Middle_Unit,7999979,11611,20/6/2024,south,10. Poor Street (King's Road Noise Penalty),400,2
24,7,Low, E,702,Large_Unit,9100026,12963,20/6/2024,south,6. Normal (Good Direction - S/E),200,6
36,23,Mid, C,897,Large_Unit,14179776,15808,20/6/2024,east,3. Premium Partial (Gap Harbour View),600,8
19,26,High, D,545,Small_Unit,7880155,14459,19/6/2024,south,6. Normal (Good Direction - S/E),150,6
13,5,Low, F,685,Middle_Unit,8800195,12847,19/6/2024,west,8. Normal (Poor Direction - N/W),400,4.5
34,28,High, E,922,Large_Unit,13200274,14317,18/6/2024,south,6. Normal (Good Direction - S/E),650,6
35,14,Mid, E,922,Large_Unit,13629926,14783,17/6/2024,south,6. Normal (Good Direction - S/E),600,6
24,6,Low, F,723,Large_Unit,9900039,13693,17/6/2024,west,8. Normal (Poor Direction - N/W),200,4.5
32,17,Mid, A,580,Middle_Unit,8350260,14397,14/6/2024,north,8. Normal (Poor Direction - N/W),500,4.5
26,13,Mid, H,747,Large_Unit,10900224,14592,14/6/2024,north,8. Normal (Poor Direction - N/W),200,4.5
47,13,Mid, B,707,Large_Unit,10329977,14611,13/6/2024,east,6. Normal (Good Direction - S/E),500,6
35,15,Mid, H,1114,Large_Unit,19199790,17235,13/6/2024,north,1. Premium Plus (Full Harbour),600,9
21,21,Mid, A,709,Large_Unit,9999736,14104,12/6/2024,north,8. Normal (Poor Direction - N/W),150,4.5
15,4,Low, D,689,Middle_Unit,8099884,11756,11/6/2024,south,10. Poor Street (King's Road Noise Penalty),400,2
32,16,Mid, G,503,Small_Unit,6849854,13618,7/6/2024,west,8. Normal (Poor Direction - N/W),500,4.5
58,23,Mid, G,717,Large_Unit,12500178,17434,6/6/2024,west,8. Normal (Poor Direction - N/W),200,4.5
15,9,Low, D,689,Middle_Unit,8480212,12308,6/6/2024,south,10. Poor Street (King's Road Noise Penalty),400,2
22,5,Low, A,702,Large_Unit,9199710,13105,5/6/2024,north,8. Normal (Poor Direction - N/W),150,4.5
33,11,Mid, H,1114,Large_Unit,19000384,17056,4/6/2024,north,1. Premium Plus (Full Harbour),700,9
53,25,Mid, D,749,Large_Unit,11679906,15594,4/6/2024,south,6. Normal (Good Direction - S/E),350,6
28,11,Mid, D,602,Middle_Unit,8199842,13621,3/6/2024,south,6. Normal (Good Direction - S/E),400,6
23,20,Mid, H,702,Large_Unit,9519822,13561,31/5/2024,north,8. Normal (Poor Direction - N/W),200,4.5
15,10,Low, B,582,Middle_Unit,8479740,14570,31/5/2024,east,6. Normal (Good Direction - S/E),400,6
3,24,Mid, E,583,Middle_Unit,7299743,12521,31/5/2024,south,2. Premium (Full Mountain),400,8.5
49,28,High, H,701,Large_Unit,12850031,18331,31/5/2024,north,8. Normal (Poor Direction - N/W),500,4.5
40,12,Mid, B,1015,Large_Unit,18199965,17931,30/5/2024,east,3. Premium Partial (Gap Harbour View),600,8
27,11,Mid, G,530,Small_Unit,7500030,14151,27/5/2024,west,8. Normal (Poor Direction - N/W),400,4.5
30,4,Low, E,583,Middle_Unit,8180073,14031,23/5/2024,south,6. Normal (Good Direction - S/E),500,6
14,21,Mid, E,689,Middle_Unit,9100312,13208,23/5/2024,south,10. Poor Street (King's Road Noise Penalty),400,2
55,11,Mid, H,759,Large_Unit,12279861,16179,22/5/2024,north,8. Normal (Poor Direction - N/W),200,4.5
3,14,Mid, H,583,Middle_Unit,7000081,12007,22/5/2024,north,8. Normal (Poor Direction - N/W),400,4.5
12,26,High, G,581,Middle_Unit,8250200,14200,21/5/2024,west,8. Normal (Poor Direction - N/W),400,4.5
40,8,Low, H,1114,Large_Unit,19300050,17325,20/5/2024,north,1. Premium Plus (Full Harbour),600,9
27,13,Mid, H,580,Middle_Unit,8949980,15431,20/5/2024,north,8. Normal (Poor Direction - N/W),400,4.5
51,25,Mid, E,502,Small_Unit,7849774,15637,16/5/2024,south,6. Normal (Good Direction - S/E),350,6
60,13,Mid, F,647,Middle_Unit,9199693,14219,16/5/2024,west,8. Normal (Poor Direction - N/W),200,4.5
50,11,Mid, D,503,Small_Unit,7900118,15706,14/5/2024,south,6. Normal (Good Direction - S/E),350,6
25,20,Mid, F,702,Large_Unit,9929790,14145,10/5/2024,west,8. Normal (Poor Direction - N/W),200,4.5
39,8,Low, E,922,Large_Unit,13999648,15184,10/5/2024,south,6. Normal (Good Direction - S/E),600,6
13,5,Low, B,685,Middle_Unit,8800000,12847,11/4/2024,east,6. Normal (Good Direction - S/E),400,6
44,15,Mid, C,723,Large_Unit,10080066,13942,10/5/2024,east,3. Premium Partial (Gap Harbour View),650,8
34,23,Mid, E,922,Large_Unit,14500294,15727,10/5/2024,south,6. Normal (Good Direction - S/E),650,6
39,9,Low, B,1015,Large_Unit,18100495,17833,9/5/2024,east,3. Premium Partial (Gap Harbour View),600,8
57,4,Low, A,760,Large_Unit,11880320,15632,9/5/2024,north,8. Normal (Poor Direction - N/W),200,4.5
12,7,Low, H,593,Middle_Unit,7949758,13406,8/5/2024,north,8. Normal (Poor Direction - N/W),400,4.5
30,4,Low, A,583,Middle_Unit,8100202,13894,7/5/2024,north,8. Normal (Poor Direction - N/W),500,4.5
58,9,Low, G,717,Large_Unit,11380224,15872,7/5/2024,west,8. Normal (Poor Direction - N/W),200,4.5
55,19,Mid, B,797,Large_Unit,12880317,16161,7/5/2024,east,6. Normal (Good Direction - S/E),200,6
35,26,High, D,922,Large_Unit,14380434,15597,7/5/2024,south,6. Normal (Good Direction - S/E),600,6
47,27,High, A,580,Middle_Unit,8700000,15000,7/5/2024,north,8. Normal (Poor Direction - N/W),500,4.5
57,7,Low, A,760,Large_Unit,12299840,16184,7/5/2024,north,8. Normal (Poor Direction - N/W),200,4.5
42,27,High, C,897,Large_Unit,15129699,16867,6/5/2024,east,3. Premium Partial (Gap Harbour View),650,8
44,3,Low, B,723,Large_Unit,10599903,14661,3/5/2024,east,3. Premium Partial (Gap Harbour View),650,6
12,2,Low, F,581,Middle_Unit,6800024,11704,3/5/2024,west,8. Normal (Poor Direction - N/W),400,4.5
54,13,Mid, A,552,Middle_Unit,8899896,16123,2/5/2024,north,1. Premium Plus (Full Harbour),650,9
7,25,Mid, F,536,Small_Unit,7550096,14086,30/4/2024,west,8. Normal (Poor Direction - N/W),430,4.5
32,23,Mid, G,503,Small_Unit,7400136,14712,30/4/2024,west,8. Normal (Poor Direction - N/W),500,4.5
45,19,Mid, H,708,Large_Unit,12179724,17203,30/4/2024,north,1. Premium Plus (Full Harbour),650,9
20,4,Low, D,747,Large_Unit,9979920,13360,29/4/2024,south,6. Normal (Good Direction - S/E),150,6
27,12,Mid, G,530,Small_Unit,7500030,14151,29/4/2024,west,8. Normal (Poor Direction - N/W),400,4.5
12,13,Mid, D,593,Middle_Unit,8000163,13491,25/4/2024,south,10. Poor Street (King's Road Noise Penalty),400,2
46,23,Mid, F,718,Large_Unit,11200082,15599,25/4/2024,west,8. Normal (Poor Direction - N/W),500,4.5
57,5,Low, E,760,Large_Unit,9500000,12500,25/4/2024,south,6. Normal (Good Direction - S/E),200,6
12,15,Mid, H,593,Middle_Unit,7980001,13457,24/4/2024,north,8. Normal (Poor Direction - N/W),400,4.5
20,26,High, E,747,Large_Unit,12580227,16841,23/4/2024,south,6. Normal (Good Direction - S/E),150,6
1,12,Mid, A,545,Small_Unit,6799965,12477,23/4/2024,north,8. Normal (Poor Direction - N/W),400,4.5
31,6,Low, F,503,Small_Unit,6699960,13320,22/4/2024,west,8. Normal (Poor Direction - N/W),500,4.5
60,14,Mid, H,593,Middle_Unit,9499860,16020,18/4/2024,north,8. Normal (Poor Direction - N/W),200,4.5
33,7,Low, B,1015,Large_Unit,17680285,17419,18/4/2024,east,3. Premium Partial (Gap Harbour View),700,8
24,25,Mid, D,702,Large_Unit,10299744,14672,18/4/2024,south,6. Normal (Good Direction - S/E),200,6
63,10,Low, C,707,Large_Unit,11000213,15559,18/4/2024,east,6. Normal (Good Direction - S/E),200,6
49,4,Low, C,582,Middle_Unit,7900068,13574,18/4/2024,east,6. Normal (Good Direction - S/E),500,6
62,6,Low, H,592,Middle_Unit,9308016,15723,17/4/2024,north,8. Normal (Poor Direction - N/W),200,4.5
29,21,Mid, H,703,Large_Unit,10249740,14580,17/4/2024,north,8. Normal (Poor Direction - N/W),400,4.5
53,14,Mid, D,749,Large_Unit,12380221,16529,17/4/2024,south,6. Normal (Good Direction - S/E),350,6
25,28,High, D,580,Middle_Unit,9280000,16000,17/4/2024,south,6. Normal (Good Direction - S/E),200,6
59,7,Low, C,714,Large_Unit,11279772,15798,16/4/2024,east,6. Normal (Good Direction - S/E),200,6
22,19,Mid, C,582,Middle_Unit,8079906,13883,16/4/2024,east,6. Normal (Good Direction - S/E),150,6
18,8,Low, F,684,Middle_Unit,8879688,12982,15/4/2024,west,8. Normal (Poor Direction - N/W),400,4.5
49,13,Mid, C,582,Middle_Unit,8000172,13746,15/4/2024,east,6. Normal (Good Direction - S/E),500,6
19,7,Low, F,583,Middle_Unit,7720086,13242,15/4/2024,west,8. Normal (Poor Direction - N/W),150,4.5
41,10,Low, C,897,Large_Unit,14979900,16700,12/4/2024,east,3. Premium Partial (Gap Harbour View),600,8
13,5,Low, A,685,Middle_Unit,5800000,8467,18/3/2024,north,8. Normal (Poor Direction - N/W),400,4.5
47,18,Mid, H,580,Middle_Unit,2999760,5172,11/4/2024,north,8. Normal (Poor Direction - N/W),500,4.5
55,5,Low, B,797,Large_Unit,11319791,14203,10/4/2024,east,6. Normal (Good Direction - S/E),200,6
29,26,High, D,530,Small_Unit,7999820,15094,10/4/2024,south,6. Normal (Good Direction - S/E),400,6
48,13,Mid, A,603,Middle_Unit,8650035,14345,10/4/2024,north,8. Normal (Poor Direction - N/W),500,4.5
8,8,Low, F,582,Middle_Unit,7249974,12457,10/4/2024,west,8. Normal (Poor Direction - N/W),400,4.5
2,7,Low, D,583,Middle_Unit,7099774,12178,9/4/2024,south,2. Premium (Full Mountain),400,8.5
36,15,Mid, D,922,Large_Unit,2800114,3037,9/4/2024,south,6. Normal (Good Direction - S/E),600,6
27,21,Mid, G,530,Small_Unit,7849830,14811,9/4/2024,west,8. Normal (Poor Direction - N/W),400,4.5
34,9,Low, D,922,Large_Unit,14799944,16052,5/4/2024,south,6. Normal (Good Direction - S/E),650,6
18,27,High, A,690,Middle_Unit,10027770,14533,3/4/2024,north,8. Normal (Poor Direction - N/W),400,4.5
27,21,Mid, C,703,Large_Unit,8999806,12802,28/3/2024,east,6. Normal (Good Direction - S/E),400,6
32,18,Mid, E,580,Middle_Unit,7950060,13707,28/3/2024,south,6. Normal (Good Direction - S/E),500,6
25,24,Mid, D,580,Middle_Unit,7919900,13655,28/3/2024,south,6. Normal (Good Direction - S/E),200,6
43,10,Low, B,1015,Large_Unit,14679945,14463,27/3/2024,east,3. Premium Partial (Gap Harbour View),700,8
43,7,Low, E,922,Large_Unit,14500294,15727,27/3/2024,south,6. Normal (Good Direction - S/E),700,6
44,18,Mid, D,708,Large_Unit,2999796,4237,26/3/2024,south,6. Normal (Good Direction - S/E),650,6
49,19,Mid, A,701,Large_Unit,10379707,14807,25/3/2024,north,8. Normal (Poor Direction - N/W),500,4.5
45,7,Low, A,708,Large_Unit,11000196,15537,21/3/2024,north,1. Premium Plus (Full Harbour),650,9
58,18,Mid, H,760,Large_Unit,12799920,16842,21/3/2024,north,8. Normal (Poor Direction - N/W),200,4.5
31,2,Low, E,580,Middle_Unit,7599740,13103,21/3/2024,south,6. Normal (Good Direction - S/E),500,6
13,11,Mid, G,685,Middle_Unit,9379705,13693,21/3/2024,west,8. Normal (Poor Direction - N/W),400,4.5
60,22,Mid, G,563,Middle_Unit,9087946,16142,21/3/2024,west,8. Normal (Poor Direction - N/W),200,4.5
44,21,Mid, A,708,Large_Unit,13000296,18362,19/3/2024,north,1. Premium Plus (Full Harbour),650,9
30,7,Low, E,585,Small_Unit,9280000,15863,28/8/2023,south,6. Normal (Good Direction - S/E),500,6
58,25,Mid, C,795,Large_Unit,12288315,15457,18/3/2024,east,6. Normal (Good Direction - S/E),200,6
32,15,Mid, C,701,Large_Unit,4499719,6419,14/3/2024,east,6. Normal (Good Direction - S/E),500,6
35,10,Low, H,1114,Large_Unit,19538446,17539,13/3/2024,north,1. Premium Plus (Full Harbour),600,9
16,11,Mid, A,593,Middle_Unit,6999772,11804,12/3/2024,north,8. Normal (Poor Direction - N/W),400,4.5
41,5,Low, B,1015,Large_Unit,16299885,16059,12/3/2024,east,3. Premium Partial (Gap Harbour View),600,8
12,20,Mid, B,684,Middle_Unit,9699804,14181,11/3/2024,east,6. Normal (Good Direction - S/E),400,6
42,7,Low, C,897,Large_Unit,12899757,14381,11/3/2024,east,3. Premium Partial (Gap Harbour View),650,8
55,23,Mid, C,797,Large_Unit,11999632,15056,8/3/2024,east,6. Normal (Good Direction - S/E),200,6
36,9,Low, G,1015,Large_Unit,17579800,17320,7/3/2024,west,8. Normal (Poor Direction - N/W),600,4.5
6,16,Mid, B,797,Large_Unit,11680035,14655,5/3/2024,east,6. Normal (Good Direction - S/E),460,6
13,21,Mid, B,685,Middle_Unit,9479715,13839,5/3/2024,east,6. Normal (Good Direction - S/E),400,6
27,18,Mid, G,530,Small_Unit,7600200,14340,5/3/2024,west,8. Normal (Poor Direction - N/W),400,4.5
3,5,Low, H,583,Middle_Unit,6400174,10978,4/3/2024,north,8. Normal (Poor Direction - N/W),400,4.5
46,22,Mid, A,748,Large_Unit,12749660,17045,1/3/2024,north,8. Normal (Poor Direction - N/W),500,4.5
31,30,High, E,580,Middle_Unit,9400060,16207,1/3/2024,south,6. Normal (Good Direction - S/E),500,6
42,20,Mid, E,922,Large_Unit,14180360,15380,29/2/2024,south,6. Normal (Good Direction - S/E),650,6
14,13,Mid, C,582,Middle_Unit,2500272,4296,29/2/2024,east,6. Normal (Good Direction - S/E),400,6
54,19,Mid, A,552,Middle_Unit,8760240,15870,28/2/2024,north,1. Premium Plus (Full Harbour),650,9
22,8,Low, C,582,Middle_Unit,7979802,13711,26/2/2024,east,6. Normal (Good Direction - S/E),150,6
18,11,Mid, A,690,Middle_Unit,8999670,13043,23/2/2024,north,8. Normal (Poor Direction - N/W),400,4.5
34,27,High, A,1114,Large_Unit,19300050,17325,22/2/2024,north,1. Premium Plus (Full Harbour),650,9
1,6,Low, F,580,Middle_Unit,6000100,10345,21/2/2024,west,8. Normal (Poor Direction - N/W),400,4.5
21,4,Low, C,723,Large_Unit,8558874,11838,21/2/2024,east,6. Normal (Good Direction - S/E),150,6
41,10,Low, H,1114,Large_Unit,20750478,18627,20/2/2024,north,1. Premium Plus (Full Harbour),600,9
11,13,Mid, G,691,Middle_Unit,3000322,4342,20/2/2024,west,8. Normal (Poor Direction - N/W),400,4.5
14,23,Mid, E,689,Middle_Unit,8899813,12917,16/2/2024,south,10. Poor Street (King's Road Noise Penalty),400,2
16,20,Mid, G,685,Middle_Unit,8800195,12847,16/2/2024,west,8. Normal (Poor Direction - N/W),400,4.5
7,20,Mid, D,582,Middle_Unit,7099818,12199,16/2/2024,south,2. Premium (Full Mountain),430,8.5
9,5,Low, F,589,Middle_Unit,7999798,13582,16/2/2024,west,8. Normal (Poor Direction - N/W),400,4.5
30,17,Mid, E,583,Middle_Unit,8450002,14494,15/2/2024,south,6. Normal (Good Direction - S/E),500,6
27,3,Low, F,530,Small_Unit,6479780,12226,9/2/2024,west,8. Normal (Poor Direction - N/W),400,4.5
46,14,Mid, G,718,Large_Unit,10899958,15181,9/2/2024,west,8. Normal (Poor Direction - N/W),500,4.5
22,12,Mid, C,582,Middle_Unit,8149746,14003,9/2/2024,east,6. Normal (Good Direction - S/E),150,6
52,10,Low, F,701,Large_Unit,9999765,14265,9/2/2024,west,8. Normal (Poor Direction - N/W),350,4.5
28,24,Mid, D,602,Middle_Unit,8399706,13953,8/2/2024,south,6. Normal (Good Direction - S/E),400,6
8,17,Mid, F,582,Middle_Unit,7950120,13660,8/2/2024,west,8. Normal (Poor Direction - N/W),400,4.5
28,17,Mid, C,714,Large_Unit,9699690,13585,7/2/2024,east,6. Normal (Good Direction - S/E),400,6
56,12,Mid, F,717,Large_Unit,11999712,16736,2/2/2024,west,8. Normal (Poor Direction - N/W),200,4.5
51,17,Mid, F,664,Middle_Unit,9679792,14578,2/2/2024,west,8. Normal (Poor Direction - N/W),350,4.5
44,15,Mid, H,708,Large_Unit,11000196,15537,2/2/2024,north,1. Premium Plus (Full Harbour),650,9
19,26,High, C,583,Middle_Unit,3000118,5146,2/2/2024,east,6. Normal (Good Direction - S/E),150,6
14,11,Mid, D,689,Middle_Unit,8899813,12917,1/2/2024,south,2. Premium (Full Mountain),400,8.5
44,7,Low, B,723,Large_Unit,12400173,17151,31/1/2024,east,3. Premium Partial (Gap Harbour View),650,6
10,8,Low, G,582,Middle_Unit,7850016,13488,30/1/2024,west,8. Normal (Poor Direction - N/W),400,4.5
46,6,Low, F,718,Large_Unit,10500032,14624,30/1/2024,west,8. Normal (Poor Direction - N/W),500,4.5
62,25,Mid, C,685,Middle_Unit,3999715,5839,29/1/2024,east,6. Normal (Good Direction - S/E),200,6
19,22,Mid, F,583,Middle_Unit,8599833,14751,26/1/2024,west,8. Normal (Poor Direction - N/W),150,4.5
26,28,High, F,716,Large_Unit,11499676,16061,26/1/2024,west,8. Normal (Poor Direction - N/W),200,4.5
6,9,Low, A,760,Large_Unit,11330080,14908,25/1/2024,north,8. Normal (Poor Direction - N/W),460,4.5
34,22,Mid, D,922,Large_Unit,7199898,7809,25/1/2024,south,6. Normal (Good Direction - S/E),650,6
46,22,Mid, G,718,Large_Unit,10800156,15042,24/1/2024,west,8. Normal (Poor Direction - N/W),500,4.5
57,9,Low, C,717,Large_Unit,12379722,17266,24/1/2024,east,6. Normal (Good Direction - S/E),200,6
14,13,Mid, B,582,Middle_Unit,2500272,4296,23/1/2024,east,6. Normal (Good Direction - S/E),400,6
29,18,Mid, B,580,Middle_Unit,8499900,14655,23/1/2024,east,6. Normal (Good Direction - S/E),400,6
12,10,Low, E,593,Middle_Unit,7780160,13120,22/1/2024,south,2. Premium (Full Mountain),400,8.5
59,19,Mid, G,567,Middle_Unit,9480240,16720,19/1/2024,west,8. Normal (Poor Direction - N/W),200,4.5
7,24,Mid, B,689,Middle_Unit,9800336,14224,18/1/2024,east,6. Normal (Good Direction - S/E),430,6
11,6,Low, D,689,Middle_Unit,7900074,11466,17/1/2024,south,2. Premium (Full Mountain),400,8.5
56,4,Low, C,792,Large_Unit,11800008,14899,17/1/2024,east,6. Normal (Good Direction - S/E),200,6
7,3,Low, B,689,Middle_Unit,8299694,12046,16/1/2024,east,6. Normal (Good Direction - S/E),430,6
28,6,Low, G,583,Middle_Unit,7999926,13722,12/1/2024,west,8. Normal (Poor Direction - N/W),400,4.5
44,20,Mid, B,723,Large_Unit,2899953,4011,12/1/2024,east,3. Premium Partial (Gap Harbour View),650,6
46,26,High, A,748,Large_Unit,13099724,17513,12/1/2024,north,8. Normal (Poor Direction - N/W),500,4.5
35,20,Mid, D,922,Large_Unit,14799944,16052,10/1/2024,south,6. Normal (Good Direction - S/E),600,6
61,15,Mid, G,682,Middle_Unit,11199804,16422,3/1/2024,west,8. Normal (Poor Direction - N/W),200,4.5
52,7,Low, B,701,Large_Unit,10149779,14479,2/1/2024,east,6. Normal (Good Direction - S/E),350,6
49,4,Low, B,582,Middle_Unit,7799964,13402,29/12/2023,east,6. Normal (Good Direction - S/E),500,6
44,18,Mid, A,708,Large_Unit,12200256,17232,27/12/2023,north,1. Premium Plus (Full Harbour),650,9
48,7,Low, H,603,Middle_Unit,8499888,14096,27/12/2023,north,8. Normal (Poor Direction - N/W),500,4.5
35,23,Mid, E,922,Large_Unit,6000376,6508,22/12/2023,south,6. Normal (Good Direction - S/E),600,6
46,5,Low, F,718,Large_Unit,10299710,14345,22/12/2023,west,8. Normal (Poor Direction - N/W),500,4.5
15,20,Mid, D,689,Middle_Unit,8999718,13062,20/12/2023,south,10. Poor Street (King's Road Noise Penalty),400,2
60,11,Mid, A,593,Middle_Unit,8950149,15093,20/12/2023,north,8. Normal (Poor Direction - N/W),200,4.5
3,20,Mid, C,489,Small_Unit,6099786,12474,20/12/2023,east,6. Normal (Good Direction - S/E),400,6
6,10,Low, H,760,Large_Unit,1651480,2173,19/12/2023,north,8. Normal (Poor Direction - N/W),460,4.5
44,9,Low, A,708,Large_Unit,11500044,16243,18/12/2023,north,1. Premium Plus (Full Harbour),650,9
25,10,Low, E,580,Middle_Unit,7980220,13759,13/12/2023,south,6. Normal (Good Direction - S/E),200,6
39,3,Low, E,922,Large_Unit,8999642,9761,13/12/2023,south,6. Normal (Good Direction - S/E),600,6
27,21,Mid, D,580,Middle_Unit,8459880,14586,11/12/2023,south,6. Normal (Good Direction - S/E),400,6
16,22,Mid, E,689,Middle_Unit,10299861,14949,11/12/2023,south,2. Premium (Full Mountain),400,8.5
58,18,Mid, B,792,Large_Unit,13879800,17525,8/12/2023,east,6. Normal (Good Direction - S/E),200,6
15,6,Low, H,530,Small_Unit,7500030,14151,8/12/2023,north,8. Normal (Poor Direction - N/W),400,4.5
27,8,Low, H,580,Middle_Unit,7499980,12931,7/12/2023,north,8. Normal (Poor Direction - N/W),400,4.5
29,6,Low, C,580,Middle_Unit,7799840,13448,6/12/2023,east,6. Normal (Good Direction - S/E),400,6
38,12,Mid, F,897,Large_Unit,14500005,16165,6/12/2023,west,3. Premium Partial (Gap Harbour View),600,8
13,13,Mid, B,685,Middle_Unit,9398885,13721,6/12/2023,east,6. Normal (Good Direction - S/E),400,6
2,11,Mid, D,583,Middle_Unit,6499867,11149,6/12/2023,south,2. Premium (Full Mountain),400,8.5
9,28,High, B,589,Middle_Unit,8879764,15076,5/12/2023,east,6. Normal (Good Direction - S/E),400,6
23,5,Low, G,580,Middle_Unit,7799840,13448,5/12/2023,west,8. Normal (Poor Direction - N/W),200,4.5
35,18,Mid, G,1015,Large_Unit,16899750,16650,5/12/2023,west,3. Premium Partial (Gap Harbour View),600,8
19,20,Mid, H,489,Small_Unit,7200036,14724,4/12/2023,north,8. Normal (Poor Direction - N/W),150,4.5
12,18,Mid, A,593,Middle_Unit,8000163,13491,1/12/2023,north,8. Normal (Poor Direction - N/W),400,4.5
41,24,Mid, H,1114,Large_Unit,21200534,19031,30/11/2023,north,1. Premium Plus (Full Harbour),600,9
57,6,Low, D,760,Large_Unit,12299840,16184,29/11/2023,south,6. Normal (Good Direction - S/E),200,6
45,13,Mid, D,708,Large_Unit,10799832,15254,29/11/2023,south,6. Normal (Good Direction - S/E),650,6
29,17,Mid, B,580,Middle_Unit,7499980,12931,28/11/2023,east,6. Normal (Good Direction - S/E),400,6
61,11,Mid, B,563,Middle_Unit,8880199,15773,24/11/2023,east,6. Normal (Good Direction - S/E),200,6
34,27,High, H,1114,Large_Unit,2549946,2289,24/11/2023,north,1. Premium Plus (Full Harbour),650,9
25,13,Mid, A,580,Middle_Unit,9299720,16034,23/11/2023,north,8. Normal (Poor Direction - N/W),200,4.5
13,27,High, F,685,Middle_Unit,10599690,15474,21/11/2023,west,8. Normal (Poor Direction - N/W),400,4.5
18,16,Mid, D,593,Middle_Unit,8000163,13491,20/11/2023,south,2. Premium (Full Mountain),400,8.5
51,9,Low, H,701,Large_Unit,10280165,14665,17/11/2023,north,8. Normal (Poor Direction - N/W),350,4.5
37,21,Mid, F,897,Large_Unit,14799603,16499,15/11/2023,west,3. Premium Partial (Gap Harbour View),600,8
53,10,Low, F,719,Large_Unit,10600217,14743,14/11/2023,west,8. Normal (Poor Direction - N/W),350,4.5
23,26,High, C,580,Middle_Unit,8780040,15138,14/11/2023,east,6. Normal (Good Direction - S/E),200,6
26,11,Mid, G,716,Large_Unit,11380104,15894,13/11/2023,west,8. Normal (Poor Direction - N/W),200,4.5
46,10,Low, B,809,Large_Unit,12999821,16069,10/11/2023,east,6. Normal (Good Direction - S/E),500,6
43,6,Low, D,922,Large_Unit,15480380,16790,9/11/2023,south,6. Normal (Good Direction - S/E),700,6
46,7,Low, F,718,Large_Unit,10650094,14833,9/11/2023,west,8. Normal (Poor Direction - N/W),500,4.5
31,30,High, C,703,Large_Unit,13799890,19630,9/11/2023,east,6. Normal (Good Direction - S/E),500,6
32,8,Low, D,580,Middle_Unit,7999940,13793,7/11/2023,south,6. Normal (Good Direction - S/E),500,6
48,19,Mid, F,580,Middle_Unit,8480180,14621,6/11/2023,west,8. Normal (Poor Direction - N/W),500,4.5
61,25,Mid, G,685,Middle_Unit,12179985,17781,2/11/2023,west,8. Normal (Poor Direction - N/W),200,4.5
3,20,Mid, E,583,Middle_Unit,8345062,14314,1/11/2023,south,2. Premium (Full Mountain),400,8.5
50,20,Mid, D,503,Small_Unit,8000215,15905,1/11/2023,south,6. Normal (Good Direction - S/E),350,6
17,12,Mid, A,593,Middle_Unit,9999759,16863,30/10/2023,north,8. Normal (Poor Direction - N/W),400,4.5
32,7,Low, F,503,Small_Unit,7599827,15109,26/10/2023,west,8. Normal (Poor Direction - N/W),500,4.5
26,22,Mid, E,747,Large_Unit,11600163,15529,26/10/2023,south,6. Normal (Good Direction - S/E),200,6
7,23,Mid, B,689,Middle_Unit,10999885,15965,18/10/2023,east,6. Normal (Good Direction - S/E),430,6
37,20,Mid, D,922,Large_Unit,13799574,14967,18/10/2023,south,6. Normal (Good Direction - S/E),600,6
1,18,Mid, E,489,Small_Unit,3150138,6442,17/10/2023,south,2. Premium (Full Mountain),400,8.5
12,17,Mid, C,684,Middle_Unit,9179964,13421,17/10/2023,east,6. Normal (Good Direction - S/E),400,6
52,3,Low, D,582,Middle_Unit,8070012,13866,12/10/2023,south,6. Normal (Good Direction - S/E),350,6
9,19,Mid, H,518,Small_Unit,7800044,15058,12/10/2023,north,8. Normal (Poor Direction - N/W),400,4.5
47,23,Mid, D,580,Middle_Unit,8680280,14966,11/10/2023,south,6. Normal (Good Direction - S/E),500,6
12,22,Mid, C,684,Middle_Unit,9050004,13231,10/10/2023,east,6. Normal (Good Direction - S/E),400,6
17,12,Mid, G,685,Middle_Unit,9470125,13825,6/10/2023,west,8. Normal (Poor Direction - N/W),400,4.5
41,17,Mid, A,1114,Large_Unit,19499456,17504,5/10/2023,north,1. Premium Plus (Full Harbour),600,9
21,15,Mid, G,580,Middle_Unit,9699920,16724,29/9/2023,west,8. Normal (Poor Direction - N/W),150,4.5
49,18,Mid, C,582,Middle_Unit,9650142,16581,29/9/2023,east,6. Normal (Good Direction - S/E),500,6
49,23,Mid, F,664,Middle_Unit,9280064,13976,28/9/2023,west,8. Normal (Poor Direction - N/W),500,4.5
10,15,Mid, D,689,Middle_Unit,9900241,14369,28/9/2023,south,2. Premium (Full Mountain),400,8.5
11,13,Mid, A,598,Middle_Unit,9300096,15552,27/9/2023,north,8. Normal (Poor Direction - N/W),400,4.5
13,3,Low, D,593,Middle_Unit,8000163,13491,27/9/2023,south,10. Poor Street (King's Road Noise Penalty),400,2
46,16,Mid, B,809,Large_Unit,11999897,14833,27/9/2023,east,6. Normal (Good Direction - S/E),500,6
12,26,High, G,581,Middle_Unit,5999987,10327,25/9/2023,west,8. Normal (Poor Direction - N/W),400,4.5
55,5,Low, C,797,Large_Unit,13490022,16926,25/9/2023,east,6. Normal (Good Direction - S/E),200,6
29,5,Low, H,703,Large_Unit,9500342,13514,22/9/2023,north,8. Normal (Poor Direction - N/W),400,4.5
19,22,Mid, A,489,Small_Unit,8000040,16360,21/9/2023,north,8. Normal (Poor Direction - N/W),150,4.5
46,5,Low, E,748,Large_Unit,11320232,15134,21/9/2023,south,6. Normal (Good Direction - S/E),500,6
30,15,Mid, C,606,Middle_Unit,8499756,14026,20/9/2023,east,6. Normal (Good Direction - S/E),500,6
33,17,Mid, H,1114,Large_Unit,16999640,15260,19/9/2023,north,1. Premium Plus (Full Harbour),700,9
9,7,Low, E,670,Middle_Unit,9099940,13582,18/9/2023,south,2. Premium (Full Mountain),400,8.5
33,29,High, B,1015,Large_Unit,22000125,21675,18/9/2023,east,3. Premium Partial (Gap Harbour View),700,8
29,3,Low, H,691,Middle_Unit,7800008,11288,7/9/2023,north,8. Normal (Poor Direction - N/W),400,4.5
34,23,Mid, D,922,Large_Unit,15680454,17007,7/9/2023,south,6. Normal (Good Direction - S/E),650,6
52,23,Mid, D,582,Middle_Unit,9949872,17096,6/9/2023,south,6. Normal (Good Direction - S/E),350,6
34,11,Mid, E,922,Large_Unit,15680454,17007,31/8/2023,south,6. Normal (Good Direction - S/E),650,6
25,12,Mid, D,580,Middle_Unit,10199880,17586,30/8/2023,south,6. Normal (Good Direction - S/E),200,6
45,19,Mid, A,708,Large_Unit,13800336,19492,30/8/2023,north,1. Premium Plus (Full Harbour),650,9
11,10,Low, A,598,Middle_Unit,9499828,15886,29/8/2023,north,8. Normal (Poor Direction - N/W),400,4.5
15,9,Low, H,530,Small_Unit,8570100,16170,28/8/2023,north,8. Normal (Poor Direction - N/W),400,4.5
44,21,Mid, F,572,Small_Unit,8800000,15385,2/1/2025,west,3. Premium Partial (Gap Harbour View),650,8
20,3,Low, B,785,Large_Unit,9400375,11975,28/8/2023,east,6. Normal (Good Direction - S/E),150,6
17,18,Mid, F,685,Middle_Unit,10999730,16058,23/8/2023,west,8. Normal (Poor Direction - N/W),400,4.5
27,18,Mid, F,530,Small_Unit,8249980,15566,22/8/2023,west,8. Normal (Poor Direction - N/W),400,4.5
52,4,Low, D,582,Middle_Unit,9000048,15464,21/8/2023,south,6. Normal (Good Direction - S/E),350,6
44,3,Low, F,572,Middle_Unit,8950084,15647,15/8/2023,west,3. Premium Partial (Gap Harbour View),650,8
53,14,Mid, B,809,Large_Unit,11499935,14215,14/8/2023,east,6. Normal (Good Direction - S/E),350,6
15,15,Mid, B,582,Middle_Unit,9999924,17182,11/8/2023,east,6. Normal (Good Direction - S/E),400,6
59,17,Mid, H,584,Middle_Unit,11299816,19349,11/8/2023,north,8. Normal (Poor Direction - N/W),200,4.5
10,17,Mid, F,582,Middle_Unit,9629772,16546,1/8/2023,west,8. Normal (Poor Direction - N/W),400,4.5
62,24,Mid, A,592,Middle_Unit,11899792,20101,1/8/2023,north,8. Normal (Poor Direction - N/W),200,4.5
53,24,Mid, E,749,Large_Unit,12900027,17223,31/7/2023,south,6. Normal (Good Direction - S/E),350,6
47,23,Mid, B,707,Large_Unit,13100003,18529,27/7/2023,east,6. Normal (Good Direction - S/E),500,6
41,21,Mid, F,897,Large_Unit,15399696,17168,25/7/2023,west,3. Premium Partial (Gap Harbour View),600,8
40,13,Mid, E,922,Large_Unit,15000018,16269,24/7/2023,south,6. Normal (Good Direction - S/E),600,6
2,19,Mid, G,545,Small_Unit,8299805,15229,24/7/2023,west,8. Normal (Poor Direction - N/W),400,4.5
27,12,Mid, E,580,Middle_Unit,9499820,16379,21/7/2023,south,6. Normal (Good Direction - S/E),400,6
63,10,Low, G,589,Middle_Unit,11000164,18676,19/7/2023,west,8. Normal (Poor Direction - N/W),200,4.5
11,6,Low, H,598,Middle_Unit,8199776,13712,18/7/2023,north,8. Normal (Poor Direction - N/W),400,4.5
16,18,Mid, G,685,Middle_Unit,11549785,16861,18/7/2023,west,8. Normal (Poor Direction - N/W),400,4.5
10,19,Mid, H,536,Small_Unit,8879912,16567,14/7/2023,north,8. Normal (Poor Direction - N/W),400,4.5
56,4,Low, D,759,Large_Unit,12499971,16469,14/7/2023,south,6. Normal (Good Direction - S/E),200,6
37,28,High, F,1046,Large_Unit,22599876,21606,13/7/2023,west,3. Premium Partial (Gap Harbour View),600,8
35,6,Low, A,1114,Large_Unit,20280370,18205,11/7/2023,north,1. Premium Plus (Full Harbour),600,9
58,11,Mid, F,717,Large_Unit,13100307,18271,7/7/2023,west,8. Normal (Poor Direction - N/W),200,4.5
62,21,Mid, A,592,Middle_Unit,2600064,4392,5/7/2023,north,8. Normal (Poor Direction - N/W),200,4.5
60,26,High, C,603,Middle_Unit,9500265,15755,5/7/2023,east,6. Normal (Good Direction - S/E),200,6
42,9,Low, D,922,Large_Unit,15600240,16920,28/6/2023,south,6. Normal (Good Direction - S/E),650,6
63,16,Mid, A,592,Middle_Unit,11999840,20270,27/6/2023,north,8. Normal (Poor Direction - N/W),200,4.5
1,17,Mid, C,580,Middle_Unit,8740020,15069,23/6/2023,east,6. Normal (Good Direction - S/E),400,6
16,12,Mid, G,685,Middle_Unit,10499680,15328,23/6/2023,west,8. Normal (Poor Direction - N/W),400,4.5
40,24,Mid, C,897,Large_Unit,15280395,17035,21/6/2023,east,3. Premium Partial (Gap Harbour View),600,6
32,8,Low, H,580,Middle_Unit,9550280,16466,20/6/2023,north,8. Normal (Poor Direction - N/W),500,4.5
41,27,High, D,922,Large_Unit,7499548,8134,19/6/2023,south,6. Normal (Good Direction - S/E),600,6
45,15,Mid, G,572,Middle_Unit,10549968,18444,16/6/2023,west,3. Premium Partial (Gap Harbour View),650,8
62,5,Low, G,561,Middle_Unit,10679757,19037,13/6/2023,west,8. Normal (Poor Direction - N/W),200,4.5
2,26,High, D,583,Middle_Unit,8869762,15214,12/6/2023,south,2. Premium (Full Mountain),400,8.5
43,23,Mid, A,1114,Large_Unit,22380260,20090,12/6/2023,north,1. Premium Plus (Full Harbour),700,9
22,3,Low, G,582,Middle_Unit,8299902,14261,9/6/2023,west,8. Normal (Poor Direction - N/W),150,4.5
27,6,Low, E,580,Middle_Unit,8499900,14655,8/6/2023,south,6. Normal (Good Direction - S/E),400,6
46,20,Mid, B,809,Large_Unit,4249677,5253,5/6/2023,east,6. Normal (Good Direction - S/E),500,6
43,13,Mid, A,1114,Large_Unit,21000014,18851,2/6/2023,north,1. Premium Plus (Full Harbour),700,9
24,8,Low, B,580,Middle_Unit,9680200,16690,1/6/2023,east,6. Normal (Good Direction - S/E),200,6
8,14,Mid, C,722,Large_Unit,11320238,15679,25/5/2023,east,6. Normal (Good Direction - S/E),400,6
7,14,Mid, H,582,Middle_Unit,9880032,16976,25/5/2023,north,8. Normal (Poor Direction - N/W),430,4.5
61,12,Mid, A,591,Middle_Unit,11799906,19966,24/5/2023,north,8. Normal (Poor Direction - N/W),200,4.5
51,27,High, G,664,Middle_Unit,2499960,3765,24/5/2023,west,8. Normal (Poor Direction - N/W),350,4.5
48,6,Low, D,503,Small_Unit,8687816,17272,24/5/2023,south,6. Normal (Good Direction - S/E),500,6
15,21,Mid, D,689,Middle_Unit,11580023,16807,24/5/2023,south,10. Poor Street (King's Road Noise Penalty),400,2
49,8,Low, A,701,Large_Unit,10280165,14665,24/5/2023,north,8. Normal (Poor Direction - N/W),500,4.5
9,24,Mid, B,589,Middle_Unit,10500103,17827,19/5/2023,east,6. Normal (Good Direction - S/E),400,6
41,5,Low, E,922,Large_Unit,10800308,11714,18/5/2023,south,6. Normal (Good Direction - S/E),600,6
58,17,Mid, B,792,Large_Unit,15379848,19419,17/5/2023,east,6. Normal (Good Direction - S/E),200,6
20,26,High, D,747,Large_Unit,15849846,21218,16/5/2023,south,6. Normal (Good Direction - S/E),150,6
59,23,Mid, H,584,Middle_Unit,11680000,20000,15/5/2023,north,8. Normal (Poor Direction - N/W),200,4.5
34,3,Low, D,922,Large_Unit,12899702,13991,11/5/2023,south,6. Normal (Good Direction - S/E),650,6
43,10,Low, A,1114,Large_Unit,19800236,17774,10/5/2023,north,1. Premium Plus (Full Harbour),700,9
22,7,Low, E,702,Large_Unit,11980332,17066,10/5/2023,south,6. Normal (Good Direction - S/E),150,6
30,11,Mid, A,583,Middle_Unit,10280039,17633,9/5/2023,north,8. Normal (Poor Direction - N/W),500,4.5
15,17,Mid, C,582,Middle_Unit,8400006,14433,8/5/2023,east,6. Normal (Good Direction - S/E),400,6
41,8,Low, E,922,Large_Unit,14979734,16247,8/5/2023,south,6. Normal (Good Direction - S/E),600,6
17,19,Mid, B,582,Middle_Unit,9990030,17165,8/5/2023,east,6. Normal (Good Direction - S/E),400,6
8,2,Low, C,722,Large_Unit,9900064,13712,8/5/2023,east,6. Normal (Good Direction - S/E),400,6
49,10,Low, H,701,Large_Unit,12379660,17660,8/5/2023,north,8. Normal (Poor Direction - N/W),500,4.5
63,21,Mid, A,592,Middle_Unit,11950112,20186,5/5/2023,north,8. Normal (Poor Direction - N/W),200,4.5
31,12,Mid, C,703,Large_Unit,9500342,13514,5/5/2023,east,6. Normal (Good Direction - S/E),500,6
2,1,Low, A,583,Middle_Unit,6187962,10614,5/5/2023,north,8. Normal (Poor Direction - N/W),400,4.5
26,22,Mid, C,785,Large_Unit,13899995,17707,4/5/2023,east,6. Normal (Good Direction - S/E),200,6
29,22,Mid, D,530,Small_Unit,9550070,18019,2/5/2023,south,6. Normal (Good Direction - S/E),400,6
27,5,Low, D,580,Middle_Unit,9449940,16293,26/4/2023,south,6. Normal (Good Direction - S/E),400,6
21,10,Low, B,723,Large_Unit,13300308,18396,24/4/2023,east,6. Normal (Good Direction - S/E),150,6
52,4,Low, E,582,Middle_Unit,8980260,15430,21/4/2023,south,6. Normal (Good Direction - S/E),350,6
40,8,Low, E,922,Large_Unit,16799762,18221,20/4/2023,south,6. Normal (Good Direction - S/E),600,6
12,5,Low, C,684,Middle_Unit,9625248,14072,20/4/2023,east,6. Normal (Good Direction - S/E),400,6
17,18,Mid, G,685,Middle_Unit,9500265,13869,19/4/2023,west,8. Normal (Poor Direction - N/W),400,4.5
30,15,Mid, H,583,Middle_Unit,10099892,17324,19/4/2023,north,8. Normal (Poor Direction - N/W),500,4.5
61,4,Low, D,714,Large_Unit,13500312,18908,19/4/2023,south,6. Normal (Good Direction - S/E),200,6
38,19,Mid, C,897,Large_Unit,15599727,17391,19/4/2023,east,3. Premium Partial (Gap Harbour View),600,8
48,27,High, G,580,Middle_Unit,11020000,19000,19/4/2023,west,8. Normal (Poor Direction - N/W),500,4.5
41,23,Mid, C,897,Large_Unit,14000376,15608,18/4/2023,east,3. Premium Partial (Gap Harbour View),600,8
50,26,High, C,664,Middle_Unit,11999808,18072,18/4/2023,east,6. Normal (Good Direction - S/E),350,6
54,13,Mid, E,488,Small_Unit,8880136,18197,17/4/2023,south,6. Normal (Good Direction - S/E),650,6
42,18,Mid, F,897,Large_Unit,15999789,17837,17/4/2023,west,3. Premium Partial (Gap Harbour View),650,8
25,5,Low, F,702,Large_Unit,10800270,15385,17/4/2023,west,8. Normal (Poor Direction - N/W),200,4.5
43,8,Low, G,1015,Large_Unit,19999560,19704,17/4/2023,west,3. Premium Partial (Gap Harbour View),700,8
55,6,Low, A,759,Large_Unit,13379652,17628,14/4/2023,north,8. Normal (Poor Direction - N/W),200,4.5
23,21,Mid, B,580,Middle_Unit,10699840,18448,13/4/2023,east,6. Normal (Good Direction - S/E),200,6
31,4,Low, G,503,Small_Unit,8549994,16998,13/4/2023,west,8. Normal (Poor Direction - N/W),500,4.5
47,21,Mid, A,580,Middle_Unit,11000280,18966,13/4/2023,north,8. Normal (Poor Direction - N/W),500,4.5
6,9,Low, D,762,Large_Unit,13200126,17323,12/4/2023,south,2. Premium (Full Mountain),460,8.5
34,16,Mid, B,1015,Large_Unit,20650175,20345,3/4/2023,east,3. Premium Partial (Gap Harbour View),650,8
45,17,Mid, E,708,Large_Unit,11999892,16949,3/4/2023,south,6. Normal (Good Direction - S/E),650,6
55,8,Low, B,797,Large_Unit,13380036,16788,30/3/2023,east,6. Normal (Good Direction - S/E),200,6
51,9,Low, G,664,Middle_Unit,12299936,18524,29/3/2023,west,8. Normal (Poor Direction - N/W),350,4.5
56,13,Mid, G,717,Large_Unit,12700221,17713,28/3/2023,west,8. Normal (Poor Direction - N/W),200,4.5
46,8,Low, H,748,Large_Unit,14000316,18717,27/3/2023,north,8. Normal (Poor Direction - N/W),500,4.5
36,10,Low, D,922,Large_Unit,16727846,18143,27/3/2023,south,6. Normal (Good Direction - S/E),600,6
21,14,Mid, H,709,Large_Unit,12879694,18166,23/3/2023,north,8. Normal (Poor Direction - N/W),150,4.5
56,9,Low, C,792,Large_Unit,14999688,18939,23/3/2023,east,6. Normal (Good Direction - S/E),200,6
33,16,Mid, H,1114,Large_Unit,21799866,19569,23/3/2023,north,1. Premium Plus (Full Harbour),700,9
61,15,Mid, E,714,Large_Unit,13450332,18838,22/3/2023,south,6. Normal (Good Direction - S/E),200,6
27,20,Mid, D,580,Middle_Unit,9900020,17069,20/3/2023,south,6. Normal (Good Direction - S/E),400,6
20,16,Mid, A,747,Large_Unit,11999808,16064,20/3/2023,north,8. Normal (Poor Direction - N/W),150,4.5
45,15,Mid, A,708,Large_Unit,14199648,20056,20/3/2023,north,1. Premium Plus (Full Harbour),650,9
28,19,Mid, F,583,Middle_Unit,10029932,17204,20/3/2023,west,8. Normal (Poor Direction - N/W),400,4.5
34,6,Low, G,1015,Large_Unit,18100495,17833,20/3/2023,west,3. Premium Partial (Gap Harbour View),650,8
48,10,Low, F,580,Middle_Unit,10380260,17897,17/3/2023,west,8. Normal (Poor Direction - N/W),500,4.5
37,18,Mid, A,1114,Large_Unit,23879704,21436,17/3/2023,north,1. Premium Plus (Full Harbour),600,9
57,24,Mid, D,760,Large_Unit,14800240,19474,17/3/2023,south,6. Normal (Good Direction - S/E),200,6
55,20,Mid, E,759,Large_Unit,15500298,20422,17/3/2023,south,6. Normal (Good Direction - S/E),200,6
30,14,Mid, B,606,Middle_Unit,10680144,17624,16/3/2023,east,6. Normal (Good Direction - S/E),500,6
24,28,High, D,702,Large_Unit,13879944,19772,16/3/2023,south,6. Normal (Good Direction - S/E),200,6
40,26,High, F,897,Large_Unit,15999789,17837,15/3/2023,west,3. Premium Partial (Gap Harbour View),600,8
63,10,Low, F,589,Middle_Unit,10500103,17827,15/3/2023,west,8. Normal (Poor Direction - N/W),200,4.5
12,5,Low, D,593,Middle_Unit,9499860,16020,15/3/2023,south,10. Poor Street (King's Road Noise Penalty),400,2
26,24,Mid, G,716,Large_Unit,12999696,18156,14/3/2023,west,8. Normal (Poor Direction - N/W),200,4.5
41,16,Mid, A,1114,Large_Unit,19800236,17774,14/3/2023,north,1. Premium Plus (Full Harbour),600,9
44,4,Low, E,708,Large_Unit,12700104,17938,13/3/2023,south,6. Normal (Good Direction - S/E),650,6
18,6,Low, G,684,Middle_Unit,11329776,16564,10/3/2023,west,8. Normal (Poor Direction - N/W),400,4.5
24,17,Mid, F,723,Large_Unit,13000263,17981,10/3/2023,west,8. Normal (Poor Direction - N/W),200,4.5
59,4,Low, E,584,Middle_Unit,9199752,15753,10/3/2023,south,6. Normal (Good Direction - S/E),200,6
59,23,Mid, G,567,Middle_Unit,11199951,19753,10/3/2023,west,8. Normal (Poor Direction - N/W),200,4.5
42,28,High, C,1046,Large_Unit,21499484,20554,9/3/2023,east,3. Premium Partial (Gap Harbour View),650,8
1,10,Low, G,580,Middle_Unit,8680280,14966,8/3/2023,west,8. Normal (Poor Direction - N/W),400,4.5
61,26,High, C,635,Middle_Unit,9999980,15748,8/3/2023,east,6. Normal (Good Direction - S/E),200,6
50,23,Mid, H,603,Middle_Unit,9799956,16252,7/3/2023,north,8. Normal (Poor Direction - N/W),350,4.5
57,4,Low, D,760,Large_Unit,11299680,14868,7/3/2023,south,6. Normal (Good Direction - S/E),200,6
12,25,Mid, A,593,Middle_Unit,10500251,17707,7/3/2023,north,8. Normal (Poor Direction - N/W),400,4.5
15,15,Mid, F,582,Middle_Unit,9899820,17010,7/3/2023,west,8. Normal (Poor Direction - N/W),400,4.5
52,17,Mid, C,701,Large_Unit,12540189,17889,7/3/2023,east,6. Normal (Good Direction - S/E),350,6
49,9,Low, D,502,Small_Unit,7767948,15474,7/3/2023,south,6. Normal (Good Direction - S/E),500,6
36,7,Low, F,897,Large_Unit,14700036,16388,7/3/2023,west,3. Premium Partial (Gap Harbour View),600,4.5
8,4,Low, D,689,Middle_Unit,10000146,14514,6/3/2023,south,2. Premium (Full Mountain),400,8.5
2,11,Mid, B,489,Small_Unit,7249914,14826,6/3/2023,east,6. Normal (Good Direction - S/E),400,6
37,23,Mid, G,1015,Large_Unit,24500070,24138,6/3/2023,west,3. Premium Partial (Gap Harbour View),600,4.5
33,12,Mid, B,1015,Large_Unit,19879790,19586,3/3/2023,east,3. Premium Partial (Gap Harbour View),700,8
61,22,Mid, B,563,Middle_Unit,8700039,15453,3/3/2023,east,6. Normal (Good Direction - S/E),200,6
39,6,Low, H,1114,Large_Unit,22300052,20018,3/3/2023,north,1. Premium Plus (Full Harbour),600,9
7,4,Low, D,582,Middle_Unit,9000048,15464,2/3/2023,south,2. Premium (Full Mountain),430,8.5
19,8,Low, A,489,Small_Unit,8000040,16360,2/3/2023,north,8. Normal (Poor Direction - N/W),150,4.5
52,11,Mid, F,701,Large_Unit,11900176,16976,2/3/2023,west,8. Normal (Poor Direction - N/W),350,4.5
6,28,High, G,704,Large_Unit,11680064,16591,1/3/2023,west,8. Normal (Poor Direction - N/W),460,4.5
48,13,Mid, F,580,Middle_Unit,9650040,16638,28/2/2023,west,8. Normal (Poor Direction - N/W),500,4.5
56,5,Low, G,717,Large_Unit,11429697,15941,27/2/2023,west,8. Normal (Poor Direction - N/W),200,4.5
29,12,Mid, F,580,Middle_Unit,10249760,17672,24/2/2023,west,8. Normal (Poor Direction - N/W),400,4.5
26,19,Mid, F,716,Large_Unit,12280116,17151,24/2/2023,west,8. Normal (Poor Direction - N/W),200,4.5
22,11,Mid, B,582,Middle_Unit,10150080,17440,22/2/2023,east,6. Normal (Good Direction - S/E),150,6
18,15,Mid, E,593,Middle_Unit,8500062,14334,22/2/2023,south,2. Premium (Full Mountain),400,8.5
1,27,High, B,580,Middle_Unit,9879720,17034,21/2/2023,east,6. Normal (Good Direction - S/E),400,6
55,14,Mid, F,680,Middle_Unit,13079800,19235,21/2/2023,west,8. Normal (Poor Direction - N/W),200,4.5
8,27,High, A,706,Large_Unit,12100134,17139,20/2/2023,north,8. Normal (Poor Direction - N/W),400,4.5
7,28,High, H,582,Middle_Unit,11200008,19244,20/2/2023,north,8. Normal (Poor Direction - N/W),430,4.5
7,20,Mid, F,536,Small_Unit,8579752,16007,20/2/2023,west,8. Normal (Poor Direction - N/W),430,4.5
60,20,Mid, E,714,Large_Unit,13830180,19370,20/2/2023,south,6. Normal (Good Direction - S/E),200,6
46,28,High, A,748,Large_Unit,17500208,23396,16/2/2023,north,8. Normal (Poor Direction - N/W),500,4.5
13,23,Mid, G,685,Middle_Unit,11499780,16788,16/2/2023,west,8. Normal (Poor Direction - N/W),400,4.5
11,19,Mid, B,582,Middle_Unit,9179886,15773,16/2/2023,east,6. Normal (Good Direction - S/E),400,6
39,26,High, F,897,Large_Unit,14379807,16031,16/2/2023,west,8. Normal (Poor Direction - N/W),600,4.5
40,8,Low, A,1114,Large_Unit,9000006,8079,15/2/2023,north,1. Premium Plus (Full Harbour),600,9
41,11,Mid, G,1015,Large_Unit,19838175,19545,15/2/2023,west,3. Premium Partial (Gap Harbour View),600,8
40,17,Mid, D,922,Large_Unit,12100328,13124,15/2/2023,south,6. Normal (Good Direction - S/E),600,6
3,6,Low, G,545,Small_Unit,7400010,13578,14/2/2023,west,8. Normal (Poor Direction - N/W),400,4.5
8,9,Low, E,689,Middle_Unit,9599837,13933,14/2/2023,south,2. Premium (Full Mountain),400,8.5
20,22,Mid, B,785,Large_Unit,13800300,17580,13/2/2023,east,6. Normal (Good Direction - S/E),150,6
39,5,Low, A,1114,Large_Unit,19900496,17864,10/2/2023,north,1. Premium Plus (Full Harbour),600,1
24,21,Mid, C,580,Middle_Unit,10050240,17328,10/2/2023,east,6. Normal (Good Direction - S/E),200,6
59,8,Low, E,584,Middle_Unit,9999832,17123,10/2/2023,south,6. Normal (Good Direction - S/E),200,6
15,16,Mid, F,582,Middle_Unit,9550038,16409,8/2/2023,west,8. Normal (Poor Direction - N/W),400,4.5
24,6,Low, B,580,Middle_Unit,9800260,16897,7/2/2023,east,6. Normal (Good Direction - S/E),200,6
48,10,Low, G,580,Middle_Unit,9659900,16655,7/2/2023,west,8. Normal (Poor Direction - N/W),500,4.5
11,9,Low, G,691,Middle_Unit,9799762,14182,6/2/2023,west,8. Normal (Poor Direction - N/W),400,4.5
24,26,High, F,723,Large_Unit,12299676,17012,6/2/2023,west,8. Normal (Poor Direction - N/W),200,4.5
7,18,Mid, E,582,Middle_Unit,9150204,15722,6/2/2023,south,2. Premium (Full Mountain),430,8.5
50,12,Mid, E,503,Small_Unit,8398088,16696,2/2/2023,south,6. Normal (Good Direction - S/E),350,6
49,5,Low, C,582,Middle_Unit,8799840,15120,2/2/2023,east,6. Normal (Good Direction - S/E),500,6
35,26,High, E,922,Large_Unit,15749604,17082,31/1/2023,south,6. Normal (Good Direction - S/E),600,6
40,14,Mid, F,897,Large_Unit,14500005,16165,31/1/2023,west,3. Premium Partial (Gap Harbour View),600,8
47,7,Low, E,580,Middle_Unit,9480100,16345,31/1/2023,south,6. Normal (Good Direction - S/E),500,6
34,6,Low, F,897,Large_Unit,13499850,15050,30/1/2023,west,3. Premium Partial (Gap Harbour View),650,8
3,17,Mid, B,489,Small_Unit,7159938,14642,30/1/2023,east,6. Normal (Good Direction - S/E),400,6
48,5,Low, D,503,Small_Unit,8099809,16103,27/1/2023,south,6. Normal (Good Direction - S/E),500,6
57,5,Low, B,717,Large_Unit,11999712,16736,27/1/2023,east,6. Normal (Good Direction - S/E),200,6
6,17,Mid, G,704,Large_Unit,10250240,14560,26/1/2023,west,8. Normal (Poor Direction - N/W),460,4.5
32,9,Low, C,701,Large_Unit,11919804,17004,20/1/2023,east,6. Normal (Good Direction - S/E),500,6
8,4,Low, H,596,Middle_Unit,8379760,14060,20/1/2023,north,8. Normal (Poor Direction - N/W),400,4.5
59,5,Low, B,714,Large_Unit,11850258,16597,20/1/2023,east,6. Normal (Good Direction - S/E),200,6
50,10,Low, F,582,Middle_Unit,8299902,14261,20/1/2023,west,8. Normal (Poor Direction - N/W),350,4.5
34,23,Mid, B,1015,Large_Unit,18000010,17734,20/1/2023,east,3. Premium Partial (Gap Harbour View),650,8
32,5,Low, G,503,Small_Unit,7800021,15507,20/1/2023,west,8. Normal (Poor Direction - N/W),500,4.5
60,15,Mid, F,647,Middle_Unit,4499885,6955,20/1/2023,west,8. Normal (Poor Direction - N/W),200,4.5
19,4,Low, B,583,Middle_Unit,7999926,13722,20/1/2023,east,6. Normal (Good Direction - S/E),150,6
62,7,Low, A,592,Middle_Unit,10449984,17652,19/1/2023,north,8. Normal (Poor Direction - N/W),200,4.5
7,19,Mid, B,689,Middle_Unit,12610078,18302,18/1/2023,east,6. Normal (Good Direction - S/E),430,6
48,6,Low, H,603,Middle_Unit,9669708,16036,18/1/2023,north,8. Normal (Poor Direction - N/W),500,4.5
7,9,Low, E,582,Middle_Unit,8780052,15086,16/1/2023,south,2. Premium (Full Mountain),430,8.5
49,21,Mid, H,701,Large_Unit,12299746,17546,16/1/2023,north,8. Normal (Poor Direction - N/W),500,4.5
15,22,Mid, E,689,Middle_Unit,10000146,14514,16/1/2023,south,10. Poor Street (King's Road Noise Penalty),400,2
16,27,High, B,685,Middle_Unit,9800295,14307,13/1/2023,east,6. Normal (Good Direction - S/E),400,6
62,19,Mid, B,680,Middle_Unit,13799920,20294,13/1/2023,east,6. Normal (Good Direction - S/E),200,6
6,11,Mid, C,797,Large_Unit,10699725,13425,13/1/2023,east,6. Normal (Good Direction - S/E),460,6
7,4,Low, E,582,Middle_Unit,8264982,14201,11/1/2023,south,2. Premium (Full Mountain),430,8.5
52,22,Mid, D,582,Middle_Unit,9600090,16495,10/1/2023,south,6. Normal (Good Direction - S/E),350,6
12,3,Low, D,593,Middle_Unit,8500062,14334,10/1/2023,south,10. Poor Street (King's Road Noise Penalty),400,2
10,6,Low, C,582,Middle_Unit,8468100,14550,10/1/2023,east,6. Normal (Good Direction - S/E),400,6
49,9,Low, A,701,Large_Unit,8200298,11698,10/1/2023,north,8. Normal (Poor Direction - N/W),500,4.5
59,5,Low, D,584,Middle_Unit,4299992,7363,10/1/2023,south,6. Normal (Good Direction - S/E),200,6
21,5,Low, D,702,Large_Unit,11000340,15670,6/1/2023,south,6. Normal (Good Direction - S/E),150,6
13,6,Low, D,593,Middle_Unit,8600279,14503,6/1/2023,south,10. Poor Street (King's Road Noise Penalty),400,2
39,15,Mid, A,1114,Large_Unit,21000014,18851,5/1/2023,north,1. Premium Plus (Full Harbour),600,1
29,22,Mid, A,703,Large_Unit,10999841,15647,5/1/2023,north,8. Normal (Poor Direction - N/W),400,4.5
57,10,Low, G,792,Large_Unit,13399848,16919,4/1/2023,west,8. Normal (Poor Direction - N/W),200,4.5
48,6,Low, C,662,Middle_Unit,9600324,14502,30/12/2022,east,6. Normal (Good Direction - S/E),500,6
34,4,Low, C,897,Large_Unit,11500437,12821,29/12/2022,east,6. Normal (Good Direction - S/E),650,6
51,4,Low, C,582,Middle_Unit,8299902,14261,29/12/2022,east,6. Normal (Good Direction - S/E),350,6
17,5,Low, C,582,Middle_Unit,8479740,14570,29/12/2022,east,6. Normal (Good Direction - S/E),400,6
47,4,Low, D,580,Middle_Unit,8299800,14310,29/12/2022,south,6. Normal (Good Direction - S/E),500,6
13,7,Low, E,593,Middle_Unit,8380276,14132,28/12/2022,south,2. Premium (Full Mountain),400,8.5
33,8,Low, D,922,Large_Unit,13650210,14805,28/12/2022,south,6. Normal (Good Direction - S/E),700,6
15,12,Mid, G,582,Middle_Unit,8579844,14742,22/12/2022,west,8. Normal (Poor Direction - N/W),400,4.5
13,10,Low, A,689,Middle_Unit,10179975,14775,22/12/2022,north,8. Normal (Poor Direction - N/W),400,4.5
7,5,Low, G,536,Small_Unit,7427888,13858,22/12/2022,west,8. Normal (Poor Direction - N/W),430,4.5
58,24,Mid, E,760,Large_Unit,13400320,17632,20/12/2022,south,6. Normal (Good Direction - S/E),200,6
53,27,High, D,749,Large_Unit,15400189,20561,20/12/2022,south,6. Normal (Good Direction - S/E),350,6
39,20,Mid, E,922,Large_Unit,15000018,16269,20/12/2022,south,6. Normal (Good Direction - S/E),600,6
7,8,Low, H,582,Middle_Unit,8780052,15086,19/12/2022,north,8. Normal (Poor Direction - N/W),430,4.5
8,8,Low, E,689,Middle_Unit,9249825,13425,16/12/2022,south,2. Premium (Full Mountain),400,8.5
36,16,Mid, F,897,Large_Unit,14179776,15808,16/12/2022,west,3. Premium Partial (Gap Harbour View),600,4.5
31,27,High, H,580,Middle_Unit,9180240,15828,16/12/2022,north,8. Normal (Poor Direction - N/W),500,4.5
14,25,Mid, A,530,Small_Unit,8299800,15660,16/12/2022,north,8. Normal (Poor Direction - N/W),400,4.5
14,17,Mid, A,530,Small_Unit,8079850,15245,15/12/2022,north,8. Normal (Poor Direction - N/W),400,4.5
28,11,Mid, B,714,Large_Unit,10779972,15098,15/12/2022,east,6. Normal (Good Direction - S/E),400,6
42,23,Mid, E,922,Large_Unit,15000018,16269,15/12/2022,south,6. Normal (Good Direction - S/E),650,6
25,26,High, F,702,Large_Unit,10299744,14672,12/12/2022,west,8. Normal (Poor Direction - N/W),200,4.5
53,16,Mid, A,749,Large_Unit,12407934,16566,12/12/2022,north,8. Normal (Poor Direction - N/W),350,4.5
56,20,Mid, G,717,Large_Unit,13699719,19107,9/12/2022,west,8. Normal (Poor Direction - N/W),200,4.5
47,17,Mid, B,707,Large_Unit,12279883,17369,9/12/2022,east,6. Normal (Good Direction - S/E),500,6
15,9,Low, G,582,Middle_Unit,8500110,14605,7/12/2022,west,8. Normal (Poor Direction - N/W),400,4.5
26,17,Mid, F,716,Large_Unit,12280116,17151,7/12/2022,west,8. Normal (Poor Direction - N/W),200,4.5
63,12,Mid, E,715,Large_Unit,11600160,16224,7/12/2022,south,6. Normal (Good Direction - S/E),200,6
29,6,Low, G,580,Middle_Unit,8980140,15483,1/12/2022,west,8. Normal (Poor Direction - N/W),400,4.5
43,19,Mid, F,897,Large_Unit,13200252,14716,25/11/2022,west,3. Premium Partial (Gap Harbour View),700,8
45,26,High, F,572,Middle_Unit,9499776,16608,25/11/2022,west,3. Premium Partial (Gap Harbour View),650,8
21,24,Mid, A,709,Large_Unit,12630126,17814,23/11/2022,north,8. Normal (Poor Direction - N/W),150,4.5
16,15,Mid, E,689,Middle_Unit,9900241,14369,23/11/2022,south,2. Premium (Full Mountain),400,8.5
43,5,Low, C,897,Large_Unit,15379962,17146,22/11/2022,east,3. Premium Partial (Gap Harbour View),700,8
25,14,Mid, H,580,Middle_Unit,10279920,17724,21/11/2022,north,8. Normal (Poor Direction - N/W),200,4.5
10,8,Low, D,689,Middle_Unit,9679761,14049,16/11/2022,south,2. Premium (Full Mountain),400,8.5
50,15,Mid, E,503,Small_Unit,8000215,15905,15/11/2022,south,6. Normal (Good Direction - S/E),350,6
31,11,Mid, F,503,Small_Unit,7849818,15606,15/11/2022,west,8. Normal (Poor Direction - N/W),500,4.5
57,17,Mid, B,717,Large_Unit,12579765,17545,11/11/2022,east,6. Normal (Good Direction - S/E),200,6
48,11,Mid, C,662,Middle_Unit,11649876,17598,8/11/2022,east,6. Normal (Good Direction - S/E),500,6
28,23,Mid, C,714,Large_Unit,11700318,16387,7/11/2022,east,6. Normal (Good Direction - S/E),400,6
51,7,Low, B,582,Middle_Unit,9279990,15945,3/11/2022,east,6. Normal (Good Direction - S/E),350,6
37,8,Low, G,1015,Large_Unit,17400145,17143,3/11/2022,west,3. Premium Partial (Gap Harbour View),600,4.5
47,20,Mid, G,707,Large_Unit,10079699,14257,31/10/2022,west,8. Normal (Poor Direction - N/W),500,4.5
37,25,Mid, E,922,Large_Unit,18049994,19577,24/10/2022,south,6. Normal (Good Direction - S/E),600,6
6,9,Low, C,797,Large_Unit,12379801,15533,21/10/2022,east,6. Normal (Good Direction - S/E),460,6
51,25,Mid, C,582,Middle_Unit,10680282,18351,20/10/2022,east,6. Normal (Good Direction - S/E),350,6
41,26,High, H,1114,Large_Unit,27600464,24776,19/10/2022,north,1. Premium Plus (Full Harbour),600,9
1,20,Mid, F,580,Middle_Unit,8400140,14483,18/10/2022,west,8. Normal (Poor Direction - N/W),400,4.5
47,4,Low, H,580,Middle_Unit,9499820,16379,18/10/2022,north,8. Normal (Poor Direction - N/W),500,4.5
14,10,Low, B,582,Middle_Unit,9899820,17010,18/10/2022,east,6. Normal (Good Direction - S/E),400,6
22,28,High, A,702,Large_Unit,15050178,21439,17/10/2022,north,8. Normal (Poor Direction - N/W),150,4.5
26,18,Mid, F,716,Large_Unit,14249832,19902,12/10/2022,west,8. Normal (Poor Direction - N/W),200,4.5
27,27,High, D,580,Middle_Unit,9879720,17034,11/10/2022,south,6. Normal (Good Direction - S/E),400,6
61,5,Low, F,682,Middle_Unit,11679932,17126,10/10/2022,west,8. Normal (Poor Direction - N/W),200,4.5
58,15,Mid, H,760,Large_Unit,12780160,16816,10/10/2022,north,8. Normal (Poor Direction - N/W),200,4.5
8,20,Mid, C,722,Large_Unit,12180140,16870,7/10/2022,east,6. Normal (Good Direction - S/E),400,6
62,19,Mid, G,561,Middle_Unit,11879736,21176,7/10/2022,west,8. Normal (Poor Direction - N/W),200,4.5
60,24,Mid, C,680,Middle_Unit,12599720,18529,7/10/2022,east,6. Normal (Good Direction - S/E),200,6
22,9,Low, G,582,Middle_Unit,10399758,17869,3/10/2022,west,8. Normal (Poor Direction - N/W),150,4.5
12,11,Mid, H,593,Middle_Unit,10079814,16998,29/9/2022,north,8. Normal (Poor Direction - N/W),400,4.5
53,20,Mid, G,719,Large_Unit,12379742,17218,29/9/2022,west,8. Normal (Poor Direction - N/W),350,4.5
42,10,Low, G,1015,Large_Unit,19799605,19507,26/9/2022,west,3. Premium Partial (Gap Harbour View),650,8
43,28,High, E,922,Large_Unit,21999842,23861,23/9/2022,south,6. Normal (Good Direction - S/E),700,6
33,27,High, C,897,Large_Unit,16149588,18004,23/9/2022,east,3. Premium Partial (Gap Harbour View),700,8
47,10,Low, C,707,Large_Unit,12168177,17211,21/9/2022,east,6. Normal (Good Direction - S/E),500,6
40,23,Mid, H,1114,Large_Unit,25000388,22442,21/9/2022,north,1. Premium Plus (Full Harbour),600,9
23,19,Mid, A,702,Large_Unit,12880296,18348,20/9/2022,north,8. Normal (Poor Direction - N/W),200,4.5
7,8,Low, G,536,Small_Unit,9549912,17817,16/9/2022,west,8. Normal (Poor Direction - N/W),430,4.5
33,21,Mid, C,897,Large_Unit,14999634,16722,16/9/2022,east,3. Premium Partial (Gap Harbour View),700,8
46,11,Mid, F,718,Large_Unit,9000000,12535,10/5/2024,west,8. Normal (Poor Direction - N/W),500,4.5
30,16,Mid, B,606,Middle_Unit,11380074,18779,6/9/2022,east,6. Normal (Good Direction - S/E),500,6
16,21,Mid, F,685,Middle_Unit,12079975,17635,5/9/2022,west,8. Normal (Poor Direction - N/W),400,4.5
28,25,Mid, E,602,Middle_Unit,10200288,16944,2/9/2022,south,6. Normal (Good Direction - S/E),400,6
63,20,Mid, E,715,Large_Unit,14999985,20979,30/8/2022,south,6. Normal (Good Direction - S/E),200,6
27,17,Mid, C,703,Large_Unit,11899681,16927,30/8/2022,east,6. Normal (Good Direction - S/E),400,6
22,5,Low, C,582,Middle_Unit,10080240,17320,30/8/2022,east,6. Normal (Good Direction - S/E),150,6
7,26,High, F,536,Small_Unit,9480232,17687,26/8/2022,west,8. Normal (Poor Direction - N/W),430,4.5
53,10,Low, H,749,Large_Unit,13920165,18585,24/8/2022,north,8. Normal (Poor Direction - N/W),350,4.5
44,17,Mid, A,708,Large_Unit,15500244,21893,24/8/2022,north,1. Premium Plus (Full Harbour),650,9
21,28,High, H,709,Large_Unit,11000135,15515,23/8/2022,north,8. Normal (Poor Direction - N/W),150,4.5
9,22,Mid, H,518,Small_Unit,9800042,18919,19/8/2022,north,8. Normal (Poor Direction - N/W),400,4.5
22,9,Low, D,702,Large_Unit,12800268,18234,19/8/2022,south,6. Normal (Good Direction - S/E),150,6
17,22,Mid, E,593,Middle_Unit,9900135,16695,18/8/2022,south,2. Premium (Full Mountain),400,8.5
45,6,Low, G,572,Middle_Unit,11299860,19755,18/8/2022,west,3. Premium Partial (Gap Harbour View),650,8
29,23,Mid, A,703,Large_Unit,14299723,20341,18/8/2022,north,8. Normal (Poor Direction - N/W),400,4.5
38,15,Mid, C,897,Large_Unit,15879591,17703,17/8/2022,east,3. Premium Partial (Gap Harbour View),600,8
51,5,Low, A,701,Large_Unit,11389848,16248,16/8/2022,north,8. Normal (Poor Direction - N/W),350,4.5
28,8,Low, B,714,Large_Unit,13279686,18599,11/8/2022,east,6. Normal (Good Direction - S/E),400,6
2,6,Low, A,583,Middle_Unit,9499985,16295,11/8/2022,north,8. Normal (Poor Direction - N/W),400,4.5
19,16,Mid, B,583,Middle_Unit,11500258,19726,10/8/2022,east,6. Normal (Good Direction - S/E),150,6
38,28,High, B,1180,Large_Unit,32000420,27119,5/8/2022,east,3. Premium Partial (Gap Harbour View),600,8
30,15,Mid, B,606,Middle_Unit,12000012,19802,4/8/2022,east,6. Normal (Good Direction - S/E),500,6
50,4,Low, F,582,Middle_Unit,9880032,16976,28/7/2022,west,8. Normal (Poor Direction - N/W),350,4.5
47,18,Mid, A,580,Middle_Unit,11899860,20517,28/7/2022,north,8. Normal (Poor Direction - N/W),500,4.5
17,13,Mid, B,582,Middle_Unit,10200132,17526,27/7/2022,east,6. Normal (Good Direction - S/E),400,6
19,7,Low, G,583,Middle_Unit,9379887,16089,18/7/2022,west,8. Normal (Poor Direction - N/W),150,4.5
20,28,High, B,785,Large_Unit,19300010,24586,15/7/2022,east,6. Normal (Good Direction - S/E),150,6
45,14,Mid, G,572,Middle_Unit,12180168,21294,15/7/2022,west,3. Premium Partial (Gap Harbour View),650,8
24,11,Mid, H,709,Large_Unit,13680155,19295,14/7/2022,north,8. Normal (Poor Direction - N/W),200,4.5
63,9,Low, E,715,Large_Unit,12280125,17175,14/7/2022,south,6. Normal (Good Direction - S/E),200,6
2,7,Low, F,545,Small_Unit,8680215,15927,13/7/2022,west,8. Normal (Poor Direction - N/W),400,4.5
58,10,Low, B,792,Large_Unit,16499736,20833,13/7/2022,east,6. Normal (Good Direction - S/E),200,6
58,5,Low, H,760,Large_Unit,13249840,17434,12/7/2022,north,8. Normal (Poor Direction - N/W),200,4.5
23,10,Low, D,702,Large_Unit,13050180,18590,12/7/2022,south,6. Normal (Good Direction - S/E),200,6
14,23,Mid, A,530,Small_Unit,10189780,19226,11/7/2022,north,8. Normal (Poor Direction - N/W),400,4.5
16,6,Low, B,685,Middle_Unit,10999730,16058,7/7/2022,east,6. Normal (Good Direction - S/E),400,6
31,26,High, A,580,Middle_Unit,11699760,20172,7/7/2022,north,4. Good Open (High Floor City),500,7
25,16,Mid, F,702,Large_Unit,12249900,17450,6/7/2022,west,8. Normal (Poor Direction - N/W),200,4.5
9,4,Low, G,589,Middle_Unit,10379947,17623,6/7/2022,west,8. Normal (Poor Direction - N/W),400,4.5
48,23,Mid, F,580,Middle_Unit,9999780,17241,6/7/2022,west,8. Normal (Poor Direction - N/W),500,4.5
43,16,Mid, A,1114,Large_Unit,24799868,22262,5/7/2022,north,1. Premium Plus (Full Harbour),700,9
24,7,Low, H,709,Large_Unit,13200162,18618,4/7/2022,north,8. Normal (Poor Direction - N/W),200,4.5
8,27,High, C,722,Large_Unit,13559882,18781,30/6/2022,east,6. Normal (Good Direction - S/E),400,6
14,7,Low, F,582,Middle_Unit,10999800,18900,30/6/2022,west,8. Normal (Poor Direction - N/W),400,4.5
35,19,Mid, C,897,Large_Unit,17279808,19264,30/6/2022,east,3. Premium Partial (Gap Harbour View),600,8
51,11,Mid, A,701,Large_Unit,12880174,18374,29/6/2022,north,8. Normal (Poor Direction - N/W),350,4.5
52,16,Mid, D,582,Middle_Unit,9999924,17182,23/6/2022,south,6. Normal (Good Direction - S/E),350,6
62,16,Mid, G,561,Middle_Unit,11680020,20820,23/6/2022,west,8. Normal (Poor Direction - N/W),200,4.5
50,12,Mid, A,603,Middle_Unit,11820006,19602,23/6/2022,north,8. Normal (Poor Direction - N/W),350,4.5
30,26,High, F,506,Small_Unit,9299774,18379,23/6/2022,west,8. Normal (Poor Direction - N/W),500,4.5
1,9,Low, G,580,Middle_Unit,9550280,16466,21/6/2022,west,8. Normal (Poor Direction - N/W),400,4.5
38,5,Low, C,897,Large_Unit,14999634,16722,21/6/2022,east,3. Premium Partial (Gap Harbour View),600,8
62,24,Mid, D,715,Large_Unit,15150135,21189,17/6/2022,south,6. Normal (Good Direction - S/E),200,6
39,2,Low, H,1114,Large_Unit,19300050,17325,16/6/2022,north,1. Premium Plus (Full Harbour),600,9
38,9,Low, B,1015,Large_Unit,19999560,19704,14/6/2022,east,3. Premium Partial (Gap Harbour View),600,8
22,22,Mid, D,702,Large_Unit,12819924,18262,13/6/2022,south,6. Normal (Good Direction - S/E),150,6
43,25,Mid, D,922,Large_Unit,20179814,21887,10/6/2022,south,6. Normal (Good Direction - S/E),700,6
36,7,Low, A,1114,Large_Unit,23750480,21320,10/6/2022,north,1. Premium Plus (Full Harbour),600,9
23,13,Mid, A,702,Large_Unit,13799916,19658,8/6/2022,north,8. Normal (Poor Direction - N/W),200,4.5
60,22,Mid, B,680,Middle_Unit,14379960,21147,8/6/2022,east,6. Normal (Good Direction - S/E),200,6
7,21,Mid, C,689,Middle_Unit,11799814,17126,7/6/2022,east,6. Normal (Good Direction - S/E),430,6
28,23,Mid, A,706,Large_Unit,12780012,18102,7/6/2022,north,8. Normal (Poor Direction - N/W),400,4.5
35,27,High, F,897,Large_Unit,17199975,19175,2/6/2022,west,3. Premium Partial (Gap Harbour View),600,8
29,4,Low, D,530,Small_Unit,8800120,16604,2/6/2022,south,6. Normal (Good Direction - S/E),400,6
19,27,High, B,583,Middle_Unit,12880219,22093,1/6/2022,east,6. Normal (Good Direction - S/E),150,6
28,11,Mid, H,706,Large_Unit,12549856,17776,31/5/2022,north,8. Normal (Poor Direction - N/W),400,4.5
54,20,Mid, D,488,Small_Unit,10100136,20697,30/5/2022,south,6. Normal (Good Direction - S/E),650,6
29,8,Low, D,530,Small_Unit,10899980,20566,27/5/2022,south,6. Normal (Good Direction - S/E),400,6
54,24,Mid, D,488,Small_Unit,10080128,20656,27/5/2022,south,6. Normal (Good Direction - S/E),650,6
15,22,Mid, B,582,Middle_Unit,12000258,20619,27/5/2022,east,6. Normal (Good Direction - S/E),400,6
10,3,Low, G,582,Middle_Unit,9799716,16838,25/5/2022,west,8. Normal (Poor Direction - N/W),400,4.5
13,2,Low, A,689,Middle_Unit,10399766,15094,25/5/2022,north,8. Normal (Poor Direction - N/W),400,4.5
45,5,Low, G,572,Middle_Unit,12379796,21643,25/5/2022,west,3. Premium Partial (Gap Harbour View),650,8
63,14,Mid, E,715,Large_Unit,14420120,20168,24/5/2022,south,6. Normal (Good Direction - S/E),200,6
56,15,Mid, B,792,Large_Unit,17865144,22557,24/5/2022,east,6. Normal (Good Direction - S/E),200,6
48,9,Low, D,503,Small_Unit,10000143,19881,24/5/2022,south,6. Normal (Good Direction - S/E),500,6
50,21,Mid, A,603,Middle_Unit,10000152,16584,23/5/2022,north,8. Normal (Poor Direction - N/W),350,4.5
3,7,Low, A,583,Middle_Unit,9249878,15866,23/5/2022,north,8. Normal (Poor Direction - N/W),400,4.5
60,13,Mid, D,714,Large_Unit,14527758,20347,23/5/2022,south,6. Normal (Good Direction - S/E),200,6
54,19,Mid, D,488,Small_Unit,9699976,19877,23/5/2022,south,6. Normal (Good Direction - S/E),650,6
20,19,Mid, G,716,Large_Unit,14229784,19874,23/5/2022,west,8. Normal (Poor Direction - N/W),150,4.5
61,22,Mid, H,591,Middle_Unit,11700027,19797,23/5/2022,north,8. Normal (Poor Direction - N/W),200,4.5
54,21,Mid, H,552,Middle_Unit,10379808,18804,19/5/2022,north,1. Premium Plus (Full Harbour),650,9
59,11,Mid, F,567,Middle_Unit,12299931,21693,18/5/2022,west,8. Normal (Poor Direction - N/W),200,4.5
63,10,Low, E,715,Large_Unit,13900315,19441,18/5/2022,south,6. Normal (Good Direction - S/E),200,6
20,8,Low, C,785,Large_Unit,14699910,18726,18/5/2022,east,6. Normal (Good Direction - S/E),150,6
54,4,Low, C,587,Middle_Unit,9980174,17002,17/5/2022,east,6. Normal (Good Direction - S/E),650,6
50,23,Mid, D,503,Small_Unit,10680199,21233,17/5/2022,south,6. Normal (Good Direction - S/E),350,6
13,26,High, H,689,Middle_Unit,13079976,18984,17/5/2022,north,8. Normal (Poor Direction - N/W),400,4.5
34,3,Low, C,897,Large_Unit,9799725,10925,16/5/2022,east,6. Normal (Good Direction - S/E),650,6
45,7,Low, A,708,Large_Unit,16000092,22599,16/5/2022,north,1. Premium Plus (Full Harbour),650,9
8,12,Mid, C,722,Large_Unit,12349810,17105,13/5/2022,east,6. Normal (Good Direction - S/E),400,6
22,27,High, H,702,Large_Unit,14680224,20912,13/5/2022,north,8. Normal (Poor Direction - N/W),150,4.5
10,4,Low, A,536,Small_Unit,8499888,15858,11/5/2022,north,8. Normal (Poor Direction - N/W),400,4.5
63,14,Mid, B,649,Middle_Unit,14000228,21572,11/5/2022,east,6. Normal (Good Direction - S/E),200,6
30,5,Low, E,583,Middle_Unit,10460186,17942,11/5/2022,south,6. Normal (Good Direction - S/E),500,6
18,21,Mid, C,684,Middle_Unit,12679992,18538,10/5/2022,east,6. Normal (Good Direction - S/E),400,6
24,28,High, F,723,Large_Unit,16300035,22545,10/5/2022,west,8. Normal (Poor Direction - N/W),200,4.5
21,20,Mid, H,709,Large_Unit,14479907,20423,10/5/2022,north,8. Normal (Poor Direction - N/W),150,4.5
49,3,Low, C,582,Middle_Unit,9499986,16323,6/5/2022,east,6. Normal (Good Direction - S/E),500,6
2,18,Mid, H,583,Middle_Unit,10499830,18010,5/5/2022,north,8. Normal (Poor Direction - N/W),400,4.5
32,19,Mid, E,580,Middle_Unit,10600080,18276,5/5/2022,south,6. Normal (Good Direction - S/E),500,6
23,9,Low, C,580,Middle_Unit,12099960,20862,5/5/2022,east,6. Normal (Good Direction - S/E),200,6
27,24,Mid, D,580,Middle_Unit,10949820,18879,4/5/2022,south,6. Normal (Good Direction - S/E),400,6
55,17,Mid, A,759,Large_Unit,15599727,20553,4/5/2022,north,8. Normal (Poor Direction - N/W),200,4.5
9,7,Low, F,589,Middle_Unit,10399973,17657,4/5/2022,west,8. Normal (Poor Direction - N/W),400,4.5
49,25,Mid, E,502,Small_Unit,10100240,20120,4/5/2022,south,6. Normal (Good Direction - S/E),500,6
26,13,Mid, B,785,Large_Unit,14300345,18217,4/5/2022,east,6. Normal (Good Direction - S/E),200,6
32,9,Low, F,503,Small_Unit,9199870,18290,3/5/2022,west,8. Normal (Poor Direction - N/W),500,4.5
42,14,Mid, C,897,Large_Unit,16850145,18785,3/5/2022,east,3. Premium Partial (Gap Harbour View),650,8
6,15,Mid, A,760,Large_Unit,14949960,19671,29/4/2022,north,8. Normal (Poor Direction - N/W),460,4.5
13,3,Low, H,689,Middle_Unit,11267906,16354,29/4/2022,north,8. Normal (Poor Direction - N/W),400,4.5
37,5,Low, F,897,Large_Unit,16279653,18149,28/4/2022,west,3. Premium Partial (Gap Harbour View),600,8
44,4,Low, F,572,Middle_Unit,11379940,19895,27/4/2022,west,3. Premium Partial (Gap Harbour View),650,8
13,23,Mid, F,685,Middle_Unit,12880055,18803,26/4/2022,west,8. Normal (Poor Direction - N/W),400,4.5
10,14,Mid, B,582,Middle_Unit,9499986,16323,22/4/2022,east,6. Normal (Good Direction - S/E),400,6
18,15,Mid, C,684,Middle_Unit,12050028,17617,22/4/2022,east,6. Normal (Good Direction - S/E),400,6
6,21,Mid, D,762,Large_Unit,14279880,18740,22/4/2022,south,2. Premium (Full Mountain),460,8.5
18,14,Mid, G,684,Middle_Unit,12299688,17982,21/4/2022,west,8. Normal (Poor Direction - N/W),400,4.5
54,19,Mid, H,552,Middle_Unit,10600056,19203,21/4/2022,north,1. Premium Plus (Full Harbour),650,9
31,22,Mid, F,503,Small_Unit,9799949,19483,20/4/2022,west,8. Normal (Poor Direction - N/W),500,4.5
63,15,Mid, C,707,Large_Unit,14800338,20934,20/4/2022,east,6. Normal (Good Direction - S/E),200,6
52,15,Mid, G,701,Large_Unit,11480277,16377,14/4/2022,west,8. Normal (Poor Direction - N/W),350,4.5
36,1,Low, E,888,Large_Unit,12479952,14054,14/4/2022,south,6. Normal (Good Direction - S/E),600,6
16,10,Low, C,685,Middle_Unit,11499780,16788,14/4/2022,east,6. Normal (Good Direction - S/E),400,6
49,5,Low, H,701,Large_Unit,12880174,18374,14/4/2022,north,8. Normal (Poor Direction - N/W),500,4.5
50,4,Low, B,664,Middle_Unit,11880288,17892,14/4/2022,east,6. Normal (Good Direction - S/E),350,6
27,13,Mid, E,580,Middle_Unit,11000280,18966,12/4/2022,south,6. Normal (Good Direction - S/E),400,6
28,5,Low, E,602,Middle_Unit,9999822,16611,12/4/2022,south,6. Normal (Good Direction - S/E),400,6
29,4,Low, B,580,Middle_Unit,10380260,17897,12/4/2022,east,6. Normal (Good Direction - S/E),400,6
37,3,Low, C,897,Large_Unit,13899912,15496,12/4/2022,east,3. Premium Partial (Gap Harbour View),600,8
19,15,Mid, B,583,Middle_Unit,11380160,19520,12/4/2022,east,6. Normal (Good Direction - S/E),150,6
27,3,Low, A,580,Middle_Unit,9680200,16690,12/4/2022,north,8. Normal (Poor Direction - N/W),400,4.5
30,26,High, E,583,Middle_Unit,10800075,18525,11/4/2022,south,6. Normal (Good Direction - S/E),500,6
36,5,Low, D,922,Large_Unit,16849550,18275,8/4/2022,south,6. Normal (Good Direction - S/E),600,6
47,25,Mid, E,580,Middle_Unit,11000280,18966,8/4/2022,south,6. Normal (Good Direction - S/E),500,6
51,19,Mid, D,502,Small_Unit,9899942,19721,8/4/2022,south,6. Normal (Good Direction - S/E),350,6
24,23,Mid, A,709,Large_Unit,14879783,20987,7/4/2022,north,8. Normal (Poor Direction - N/W),200,4.5
11,27,High, A,598,Middle_Unit,12499994,20903,4/4/2022,north,8. Normal (Poor Direction - N/W),400,4.5
21,6,Low, F,580,Middle_Unit,10699840,18448,4/4/2022,west,8. Normal (Poor Direction - N/W),150,4.5
19,26,High, A,489,Small_Unit,9800049,20041,31/3/2022,north,8. Normal (Poor Direction - N/W),150,4.5
7,4,Low, C,689,Middle_Unit,11199695,16255,28/3/2022,east,6. Normal (Good Direction - S/E),430,6
56,20,Mid, H,759,Large_Unit,17780334,23426,28/3/2022,north,8. Normal (Poor Direction - N/W),200,4.5
10,7,Low, F,582,Middle_Unit,9700194,16667,22/3/2022,west,8. Normal (Poor Direction - N/W),400,4.5
11,17,Mid, E,689,Middle_Unit,11799814,17126,22/3/2022,south,2. Premium (Full Mountain),400,8.5
27,25,Mid, A,580,Middle_Unit,12059940,20793,21/3/2022,north,8. Normal (Poor Direction - N/W),400,4.5
49,4,Low, F,664,Middle_Unit,11199688,16867,21/3/2022,west,8. Normal (Poor Direction - N/W),500,4.5
8,14,Mid, H,596,Middle_Unit,10000284,16779,18/3/2022,north,8. Normal (Poor Direction - N/W),400,4.5
60,26,High, B,603,Middle_Unit,11800107,19569,16/3/2022,east,6. Normal (Good Direction - S/E),200,6
28,19,Mid,B,714,Large_Unit,13880160,19440,14/3/2022,east,6. Normal (Good Direction - S/E),400,6
54,27,High, D,488,Small_Unit,10000096,20492,14/3/2022,south,6. Normal (Good Direction - S/E),650,6
40,19,Mid, F,897,Large_Unit,16679715,18595,14/3/2022,west,3. Premium Partial (Gap Harbour View),600,8
44,3,Low, G,572,Middle_Unit,10000276,17483,10/3/2022,west,3. Premium Partial (Gap Harbour View),650,8
13,2,Low, C,685,Middle_Unit,10000315,14599,9/3/2022,east,6. Normal (Good Direction - S/E),400,6
48,18,Mid, D,503,Small_Unit,9500161,18887,9/3/2022,south,6. Normal (Good Direction - S/E),500,6
62,8,Low, E,715,Large_Unit,14500200,20280,9/3/2022,south,6. Normal (Good Direction - S/E),200,6
32,2,Low, E,577,Middle_Unit,9999987,17331,8/3/2022,south,6. Normal (Good Direction - S/E),500,6
3,13,Mid, H,583,Middle_Unit,9199740,15780,7/3/2022,north,8. Normal (Poor Direction - N/W),400,4.5
35,22,Mid, F,897,Large_Unit,18050331,20123,1/3/2022,west,3. Premium Partial (Gap Harbour View),600,8
2,6,Low, F,545,Small_Unit,7650165,14037,1/3/2022,west,8. Normal (Poor Direction - N/W),400,4.5
3,9,Low, H,583,Middle_Unit,8550278,14666,1/3/2022,north,8. Normal (Poor Direction - N/W),400,4.5
23,3,Low, H,690,Middle_Unit,10479720,15188,28/2/2022,north,8. Normal (Poor Direction - N/W),200,4.5
15,16,Mid, A,530,Small_Unit,9800230,18491,25/2/2022,north,8. Normal (Poor Direction - N/W),400,4.5
8,2,Low, E,689,Middle_Unit,10000146,14514,25/2/2022,south,2. Premium (Full Mountain),400,8.5
63,6,Low, B,649,Middle_Unit,14599904,22496,24/2/2022,east,6. Normal (Good Direction - S/E),200,6
28,23,Mid, D,602,Middle_Unit,9279830,15415,23/2/2022,south,6. Normal (Good Direction - S/E),400,6
47,16,Mid, G,707,Large_Unit,14299782,20226,22/2/2022,west,8. Normal (Poor Direction - N/W),500,4.5
22,16,Mid, C,582,Middle_Unit,9799716,16838,21/2/2022,east,6. Normal (Good Direction - S/E),150,6
16,18,Mid, H,593,Middle_Unit,10589794,17858,21/2/2022,north,8. Normal (Poor Direction - N/W),400,4.5
13,23,Mid, C,685,Middle_Unit,13280095,19387,18/2/2022,east,6. Normal (Good Direction - S/E),400,6
56,9,Low, B,792,Large_Unit,14999688,18939,18/2/2022,east,6. Normal (Good Direction - S/E),200,6
45,28,High, B,723,Large_Unit,22379742,30954,18/2/2022,east,3. Premium Partial (Gap Harbour View),650,8
57,24,Mid, G,792,Large_Unit,18980280,23965,17/2/2022,west,8. Normal (Poor Direction - N/W),200,4.5
7,24,Mid, D,582,Middle_Unit,11300112,19416,17/2/2022,south,2. Premium (Full Mountain),430,8.5
56,10,Low, E,759,Large_Unit,16499901,21739,16/2/2022,south,6. Normal (Good Direction - S/E),200,6
38,16,Mid, G,1015,Large_Unit,23799720,23448,16/2/2022,west,3. Premium Partial (Gap Harbour View),600,8
59,24,Mid, H,584,Middle_Unit,13050064,22346,15/2/2022,north,8. Normal (Poor Direction - N/W),200,4.5
56,9,Low, C,792,Large_Unit,16600320,20960,15/2/2022,east,6. Normal (Good Direction - S/E),200,6
49,3,Low, A,689,Middle_Unit,10000146,14514,15/2/2022,north,8. Normal (Poor Direction - N/W),500,4.5
9,20,Mid, C,589,Middle_Unit,10749839,18251,11/2/2022,east,6. Normal (Good Direction - S/E),400,6
48,9,Low, B,662,Middle_Unit,12499884,18882,10/2/2022,east,6. Normal (Good Direction - S/E),500,6
22,10,Low, B,582,Middle_Unit,10800174,18557,10/2/2022,east,6. Normal (Good Direction - S/E),150,6
26,26,High, D,747,Large_Unit,16549785,22155,10/2/2022,south,6. Normal (Good Direction - S/E),200,6
26,25,Mid, E,747,Large_Unit,16399638,21954,10/2/2022,south,6. Normal (Good Direction - S/E),200,6
13,5,Low, F,685,Middle_Unit,12299860,17956,8/2/2022,west,8. Normal (Poor Direction - N/W),400,4.5
60,16,Mid, F,647,Middle_Unit,13999786,21638,8/2/2022,west,8. Normal (Poor Direction - N/W),200,4.5
1,5,Low, G,580,Middle_Unit,9260280,15966,7/2/2022,west,8. Normal (Poor Direction - N/W),400,4.5
8,8,Low, H,596,Middle_Unit,10000284,16779,28/1/2022,north,8. Normal (Poor Direction - N/W),400,4.5
38,15,Mid, G,1015,Large_Unit,24899980,24532,28/1/2022,west,3. Premium Partial (Gap Harbour View),600,8
22,10,Low, C,582,Middle_Unit,10800174,18557,28/1/2022,east,6. Normal (Good Direction - S/E),150,6
62,18,Mid, H,592,Middle_Unit,13099776,22128,26/1/2022,north,8. Normal (Poor Direction - N/W),200,4.5
54,9,Low, A,552,Middle_Unit,11999928,21739,25/1/2022,north,1. Premium Plus (Full Harbour),650,9
50,25,Mid, C,664,Middle_Unit,13999776,21084,24/1/2022,east,6. Normal (Good Direction - S/E),350,6
37,20,Mid, E,922,Large_Unit,18000206,19523,21/1/2022,south,6. Normal (Good Direction - S/E),600,6
2,2,Low, C,482,Small_Unit,7299890,15145,18/1/2022,east,6. Normal (Good Direction - S/E),400,6
27,9,Low, C,703,Large_Unit,12635019,17973,13/1/2022,east,6. Normal (Good Direction - S/E),400,6
58,4,Low, A,760,Large_Unit,16000280,21053,12/1/2022,north,8. Normal (Poor Direction - N/W),200,4.5
7,14,Mid, G,536,Small_Unit,10000152,18657,11/1/2022,west,8. Normal (Poor Direction - N/W),430,4.5
8,24,Mid, B,722,Large_Unit,14180080,19640,11/1/2022,east,6. Normal (Good Direction - S/E),400,6
18,17,Mid, C,684,Middle_Unit,12000096,17544,10/1/2022,east,6. Normal (Good Direction - S/E),400,6
47,28,High, H,580,Middle_Unit,12349940,21293,7/1/2022,north,8. Normal (Poor Direction - N/W),500,4.5
63,19,Mid, H,592,Middle_Unit,11799744,19932,6/1/2022,north,8. Normal (Poor Direction - N/W),200,4.5
55,15,Mid, E,759,Large_Unit,16700277,22003,6/1/2022,south,6. Normal (Good Direction - S/E),200,6
31,22,Mid, B,703,Large_Unit,13700064,19488,6/1/2022,east,6. Normal (Good Direction - S/E),500,6
19,10,Low, E,545,Small_Unit,10400235,19083,5/1/2022,south,6. Normal (Good Direction - S/E),150,6
3,19,Mid, B,489,Small_Unit,8680239,17751,5/1/2022,east,6. Normal (Good Direction - S/E),400,6
61,16,Mid, D,714,Large_Unit,14000112,19608,4/1/2022,south,6. Normal (Good Direction - S/E),200,6
3,19,Mid, F,545,Small_Unit,9649770,17706,4/1/2022,west,8. Normal (Poor Direction - N/W),400,4.5
1,16,Mid, A,545,Small_Unit,10299955,18899,4/1/2022,north,8. Normal (Poor Direction - N/W),400,4.5
21,18,Mid, G,580,Middle_Unit,12500160,21552,4/1/2022,west,8. Normal (Poor Direction - N/W),150,4.5
29,3,Low, A,658,Middle_Unit,9800252,14894,31/12/2021,north,8. Normal (Poor Direction - N/W),400,4.5
35,22,Mid, H,1114,Large_Unit,27000018,24237,31/12/2021,north,1. Premium Plus (Full Harbour),600,9
8,6,Low, G,582,Middle_Unit,11200008,19244,31/12/2021,west,8. Normal (Poor Direction - N/W),400,4.5
50,19,Mid, G,582,Middle_Unit,10499862,18041,31/12/2021,west,8. Normal (Poor Direction - N/W),350,4.5
48,15,Mid, B,662,Middle_Unit,14099938,21299,29/12/2021,east,6. Normal (Good Direction - S/E),500,6
59,22,Mid, F,567,Middle_Unit,12899817,22751,29/12/2021,west,8. Normal (Poor Direction - N/W),200,4.5
42,19,Mid, C,897,Large_Unit,19000254,21182,29/12/2021,east,3. Premium Partial (Gap Harbour View),650,8
45,28,High, B,723,Large_Unit,22379742,30954,24/12/2021,east,3. Premium Partial (Gap Harbour View),650,8
44,14,Mid, E,708,Large_Unit,14999688,21186,23/12/2021,south,6. Normal (Good Direction - S/E),650,6
13,21,Mid, H,689,Middle_Unit,12000313,17417,23/12/2021,north,8. Normal (Poor Direction - N/W),400,4.5
55,6,Low, B,797,Large_Unit,15000337,18821,22/12/2021,east,6. Normal (Good Direction - S/E),200,6
43,6,Low, E,922,Large_Unit,17899708,19414,21/12/2021,south,6. Normal (Good Direction - S/E),700,6
11,17,Mid, G,691,Middle_Unit,13280329,19219,21/12/2021,west,8. Normal (Poor Direction - N/W),400,4.5
22,22,Mid, G,582,Middle_Unit,13150290,22595,17/12/2021,west,8. Normal (Poor Direction - N/W),150,4.5
59,14,Mid, C,714,Large_Unit,15980034,22381,16/12/2021,east,6. Normal (Good Direction - S/E),200,6
55,15,Mid, H,759,Large_Unit,15000117,19763,16/12/2021,north,8. Normal (Poor Direction - N/W),200,4.5
17,24,Mid, A,593,Middle_Unit,11600266,19562,15/12/2021,north,8. Normal (Poor Direction - N/W),400,4.5
15,25,Mid, F,582,Middle_Unit,10599966,18213,14/12/2021,west,8. Normal (Poor Direction - N/W),400,4.5
23,16,Mid, H,702,Large_Unit,14579838,20769,14/12/2021,north,8. Normal (Poor Direction - N/W),200,4.5
41,20,Mid, A,1114,Large_Unit,25999646,23339,13/12/2021,north,1. Premium Plus (Full Harbour),600,9
32,6,Low, E,580,Middle_Unit,10680120,18414,13/12/2021,south,6. Normal (Good Direction - S/E),500,6
11,6,Low, A,598,Middle_Unit,10799880,18060,9/12/2021,north,8. Normal (Poor Direction - N/W),400,4.5
46,24,Mid, D,748,Large_Unit,17800156,23797,9/12/2021,south,6. Normal (Good Direction - S/E),500,6
27,11,Mid, F,530,Small_Unit,9950220,18774,9/12/2021,west,8. Normal (Poor Direction - N/W),400,4.5
35,28,High, F,897,Large_Unit,16999944,18952,8/12/2021,west,3. Premium Partial (Gap Harbour View),600,8
3,19,Mid, C,489,Small_Unit,8299797,16973,7/12/2021,east,6. Normal (Good Direction - S/E),400,6
3,1,Low, C,484,Small_Unit,6650160,13740,3/12/2021,east,6. Normal (Good Direction - S/E),400,6
54,22,Mid, G,587,Middle_Unit,8999884,15332,30/11/2021,west,3. Premium Partial (Gap Harbour View),650,8
57,23,Mid, H,760,Large_Unit,17600080,23158,29/11/2021,north,8. Normal (Poor Direction - N/W),200,4.5
28,7,Low, F,583,Middle_Unit,12599796,21612,26/11/2021,west,8. Normal (Poor Direction - N/W),400,4.5
61,18,Mid, D,714,Large_Unit,12599958,17647,23/11/2021,south,6. Normal (Good Direction - S/E),200,6
30,9,Low, A,583,Middle_Unit,12550241,21527,19/11/2021,north,8. Normal (Poor Direction - N/W),500,4.5
7,25,Mid, G,536,Small_Unit,10750016,20056,18/11/2021,west,8. Normal (Poor Direction - N/W),430,4.5
27,13,Mid, H,580,Middle_Unit,11979900,20655,17/11/2021,north,8. Normal (Poor Direction - N/W),400,4.5
56,19,Mid, D,759,Large_Unit,17900256,23584,16/11/2021,south,6. Normal (Good Direction - S/E),200,6
47,6,Low, D,580,Middle_Unit,11500240,19828,15/11/2021,south,6. Normal (Good Direction - S/E),500,6
1,2,Low, E,489,Small_Unit,8000040,16360,15/11/2021,south,2. Premium (Full Mountain),400,8.5
44,19,Mid, G,572,Middle_Unit,12249952,21416,15/11/2021,west,3. Premium Partial (Gap Harbour View),650,8
18,17,Mid, B,684,Middle_Unit,12649896,18494,15/11/2021,east,6. Normal (Good Direction - S/E),400,6
29,23,Mid, B,580,Middle_Unit,11899860,20517,12/11/2021,east,6. Normal (Good Direction - S/E),400,6
44,13,Mid, D,708,Large_Unit,11999892,16949,12/11/2021,south,6. Normal (Good Direction - S/E),650,6
40,18,Mid, G,1015,Large_Unit,25380075,25005,10/11/2021,west,3. Premium Partial (Gap Harbour View),600,8
31,11,Mid, D,580,Middle_Unit,11199800,19310,10/11/2021,south,6. Normal (Good Direction - S/E),500,6
44,12,Mid, C,723,Large_Unit,15000081,20747,9/11/2021,east,3. Premium Partial (Gap Harbour View),650,8
63,19,Mid, D,715,Large_Unit,15599870,21818,5/11/2021,south,6. Normal (Good Direction - S/E),200,6
33,3,Low, D,922,Large_Unit,15499742,16811,5/11/2021,south,6. Normal (Good Direction - S/E),700,6
3,6,Low, B,489,Small_Unit,8629872,17648,2/11/2021,east,6. Normal (Good Direction - S/E),400,6
61,17,Mid, D,714,Large_Unit,14000112,19608,1/11/2021,south,6. Normal (Good Direction - S/E),200,6
6,12,Mid, F,704,Large_Unit,12579776,17869,29/10/2021,west,8. Normal (Poor Direction - N/W),460,4.5
27,30,High, C,703,Large_Unit,16800294,23898,28/10/2021,east,6. Normal (Good Direction - S/E),400,6
36,16,Mid, B,1015,Large_Unit,22999900,22660,27/10/2021,east,3. Premium Partial (Gap Harbour View),600,8
9,25,Mid, D,670,Middle_Unit,12049950,17985,22/10/2021,south,10. Poor Street (King's Road Noise Penalty),400,2
34,16,Mid, F,897,Large_Unit,16398057,18281,22/10/2021,west,3. Premium Partial (Gap Harbour View),650,8
27,13,Mid, C,703,Large_Unit,10279969,14623,21/10/2021,east,6. Normal (Good Direction - S/E),400,6
21,11,Mid, F,580,Middle_Unit,11680040,20138,20/10/2021,west,8. Normal (Poor Direction - N/W),150,4.5
9,3,Low, A,475,Small_Unit,7999950,16842,19/10/2021,north,8. Normal (Poor Direction - N/W),400,4.5
51,15,Mid, E,502,Small_Unit,11399918,22709,12/10/2021,south,6. Normal (Good Direction - S/E),350,6
17,8,Low, G,685,Middle_Unit,11999830,17518,11/10/2021,west,8. Normal (Poor Direction - N/W),400,4.5
26,12,Mid, B,785,Large_Unit,17120065,21809,11/10/2021,east,6. Normal (Good Direction - S/E),200,6
9,24,Mid, A,518,Small_Unit,10399886,20077,11/10/2021,north,8. Normal (Poor Direction - N/W),400,4.5
45,10,Low, C,723,Large_Unit,14199720,19640,7/10/2021,east,3. Premium Partial (Gap Harbour View),650,8
38,22,Mid, D,922,Large_Unit,18400354,19957,6/10/2021,south,6. Normal (Good Direction - S/E),600,6
44,28,High, A,708,Large_Unit,19780104,27938,5/10/2021,north,1. Premium Plus (Full Harbour),650,9
10,3,Low, H,524,Small_Unit,10000016,19084,4/10/2021,north,8. Normal (Poor Direction - N/W),400,4.5
22,13,Mid, C,582,Middle_Unit,10800174,18557,4/10/2021,east,6. Normal (Good Direction - S/E),150,6
49,10,Low, F,664,Middle_Unit,13999776,21084,30/9/2021,west,8. Normal (Poor Direction - N/W),500,4.5
33,4,Low, H,1114,Large_Unit,22000386,19749,30/9/2021,north,1. Premium Plus (Full Harbour),700,9
17,20,Mid, E,593,Middle_Unit,9999759,16863,29/9/2021,south,2. Premium (Full Mountain),400,8.5
3,10,Low, C,489,Small_Unit,9179997,18773,29/9/2021,east,6. Normal (Good Direction - S/E),400,6
41,28,High, C,1046,Large_Unit,28329864,27084,28/9/2021,east,3. Premium Partial (Gap Harbour View),600,8
43,11,Mid, B,1015,Large_Unit,21800170,21478,28/9/2021,east,3. Premium Partial (Gap Harbour View),700,8
63,8,Low, D,715,Large_Unit,13999700,19580,28/9/2021,south,6. Normal (Good Direction - S/E),200,6
30,9,Low, D,583,Middle_Unit,8999771,15437,27/9/2021,south,6. Normal (Good Direction - S/E),500,6
6,14,Mid, E,709,Large_Unit,14299821,20169,24/9/2021,south,2. Premium (Full Mountain),460,8.5
55,18,Mid, F,680,Middle_Unit,15559760,22882,21/9/2021,west,8. Normal (Poor Direction - N/W),200,4.5
25,6,Low, C,702,Large_Unit,14179698,20199,20/9/2021,east,6. Normal (Good Direction - S/E),200,6
13,5,Low, C,685,Middle_Unit,10799710,15766,20/9/2021,east,6. Normal (Good Direction - S/E),400,6
56,20,Mid, D,759,Large_Unit,17000082,22398,20/9/2021,south,6. Normal (Good Direction - S/E),200,6
59,24,Mid, G,567,Middle_Unit,11999988,21164,20/9/2021,west,8. Normal (Poor Direction - N/W),200,4.5
53,23,Mid, D,749,Large_Unit,17880128,23872,20/9/2021,south,6. Normal (Good Direction - S/E),350,6
38,21,Mid, H,1114,Large_Unit,27500204,24686,17/9/2021,north,1. Premium Plus (Full Harbour),600,9
45,10,Low, H,708,Large_Unit,15250320,21540,17/9/2021,north,1. Premium Plus (Full Harbour),650,9
12,12,Mid, G,581,Middle_Unit,10000172,17212,17/9/2021,west,8. Normal (Poor Direction - N/W),400,4.5
38,26,High, G,1015,Large_Unit,25679500,25300,17/9/2021,west,3. Premium Partial (Gap Harbour View),600,8
58,18,Mid, H,760,Large_Unit,17100000,22500,17/9/2021,north,8. Normal (Poor Direction - N/W),200,4.5
17,6,Low, E,593,Middle_Unit,9999759,16863,16/9/2021,south,2. Premium (Full Mountain),400,8.5
50,16,Mid, C,664,Middle_Unit,13999776,21084,16/9/2021,east,6. Normal (Good Direction - S/E),350,6
42,20,Mid, H,1114,Large_Unit,27100278,24327,15/9/2021,north,1. Premium Plus (Full Harbour),650,9
22,8,Low, H,702,Large_Unit,14749722,21011,15/9/2021,north,8. Normal (Poor Direction - N/W),150,4.5
28,9,Low, C,714,Large_Unit,13199718,18487,9/9/2021,east,6. Normal (Good Direction - S/E),400,6
15,12,Mid, C,582,Middle_Unit,11250060,19330,9/9/2021,east,6. Normal (Good Direction - S/E),400,6
50,6,Low, B,664,Middle_Unit,13799912,20783,8/9/2021,east,6. Normal (Good Direction - S/E),350,6
20,7,Low, E,747,Large_Unit,14999760,20080,8/9/2021,south,6. Normal (Good Direction - S/E),150,6
47,6,Low, H,580,Middle_Unit,13149760,22672,8/9/2021,north,8. Normal (Poor Direction - N/W),500,4.5
10,27,High, G,582,Middle_Unit,12950082,22251,7/9/2021,west,8. Normal (Poor Direction - N/W),400,4.5
8,15,Mid, B,722,Large_Unit,14600284,20222,6/9/2021,east,6. Normal (Good Direction - S/E),400,6
45,10,Low, B,723,Large_Unit,15999990,22130,3/9/2021,east,3. Premium Partial (Gap Harbour View),650,8
46,3,Low, E,748,Large_Unit,12980044,17353,3/9/2021,south,6. Normal (Good Direction - S/E),500,6
36,8,Low, G,1015,Large_Unit,25180120,24808,2/9/2021,west,8. Normal (Poor Direction - N/W),600,4.5
52,5,Low, G,701,Large_Unit,13349844,19044,1/9/2021,west,8. Normal (Poor Direction - N/W),350,4.5
27,22,Mid, A,580,Middle_Unit,12000200,20690,1/9/2021,north,8. Normal (Poor Direction - N/W),400,4.5
35,8,Low, C,897,Large_Unit,17180241,19153,1/9/2021,east,3. Premium Partial (Gap Harbour View),600,8
51,10,Low, E,502,Small_Unit,9999840,19920,30/8/2021,south,6. Normal (Good Direction - S/E),350,6
53,3,Low, C,763,Large_Unit,13800381,18087,30/8/2021,east,6. Normal (Good Direction - S/E),350,6
7,14,Mid, B,689,Middle_Unit,14500005,21045,30/8/2021,east,6. Normal (Good Direction - S/E),430,6
63,26,High, F,509,Small_Unit,10649807,20923,30/8/2021,west,8. Normal (Poor Direction - N/W),200,4.5
19,6,Low, H,489,Small_Unit,9899805,20245,26/8/2021,north,8. Normal (Poor Direction - N/W),150,4.5
48,7,Low, E,503,Small_Unit,10400028,20676,26/8/2021,south,6. Normal (Good Direction - S/E),500,6
38,23,Mid, C,897,Large_Unit,17279808,19264,18/8/2021,east,3. Premium Partial (Gap Harbour View),600,8
18,1,Low, H,690,Middle_Unit,10750200,15580,18/8/2021,north,8. Normal (Poor Direction - N/W),400,4.5
45,17,Mid, C,723,Large_Unit,14499765,20055,17/8/2021,east,3. Premium Partial (Gap Harbour View),650,8
16,6,Low, H,593,Middle_Unit,9999759,16863,16/8/2021,north,8. Normal (Poor Direction - N/W),400,4.5
43,25,Mid, B,1015,Large_Unit,24780210,24414,16/8/2021,east,3. Premium Partial (Gap Harbour View),700,8
41,6,Low, B,1015,Large_Unit,22750210,22414,16/8/2021,east,3. Premium Partial (Gap Harbour View),600,8
46,23,Mid, A,748,Large_Unit,14999644,20053,13/8/2021,north,8. Normal (Poor Direction - N/W),500,4.5
35,18,Mid, B,1015,Large_Unit,23999675,23645,10/8/2021,east,3. Premium Partial (Gap Harbour View),600,6
29,11,Mid, G,580,Middle_Unit,12050080,20776,9/8/2021,west,8. Normal (Poor Direction - N/W),400,4.5
63,13,Mid, E,715,Large_Unit,14460160,20224,9/8/2021,south,6. Normal (Good Direction - S/E),200,6
19,4,Low, A,489,Small_Unit,10000050,20450,9/8/2021,north,8. Normal (Poor Direction - N/W),150,4.5
20,19,Mid, H,747,Large_Unit,16679763,22329,6/8/2021,north,8. Normal (Poor Direction - N/W),150,4.5
53,5,Low, H,749,Large_Unit,16000138,21362,6/8/2021,north,8. Normal (Poor Direction - N/W),350,4.5
32,6,Low, A,580,Middle_Unit,9999780,17241,5/8/2021,north,8. Normal (Poor Direction - N/W),500,4.5
13,13,Mid, G,685,Middle_Unit,13980165,20409,5/8/2021,west,8. Normal (Poor Direction - N/W),400,4.5
25,25,Mid, C,702,Large_Unit,14800266,21083,5/8/2021,east,6. Normal (Good Direction - S/E),200,6
2,5,Low, A,583,Middle_Unit,10000199,17153,4/8/2021,north,8. Normal (Poor Direction - N/W),400,4.5
61,17,Mid, B,563,Middle_Unit,10000006,17762,4/8/2021,east,6. Normal (Good Direction - S/E),200,6
53,17,Mid, A,749,Large_Unit,17200036,22964,3/8/2021,north,8. Normal (Poor Direction - N/W),350,4.5
50,20,Mid, F,582,Middle_Unit,12299988,21134,3/8/2021,west,8. Normal (Poor Direction - N/W),350,4.5
23,18,Mid, H,702,Large_Unit,14600196,20798,30/7/2021,north,8. Normal (Poor Direction - N/W),200,4.5
60,7,Low, A,593,Middle_Unit,11800107,19899,29/7/2021,north,8. Normal (Poor Direction - N/W),200,4.5
29,9,Low, A,703,Large_Unit,12000210,17070,29/7/2021,north,8. Normal (Poor Direction - N/W),400,4.5
34,17,Mid, H,1114,Large_Unit,24900128,22352,28/7/2021,north,1. Premium Plus (Full Harbour),650,9
16,19,Mid, B,685,Middle_Unit,12599890,18394,27/7/2021,east,6. Normal (Good Direction - S/E),400,6
43,6,Low, A,1114,Large_Unit,24500202,21993,26/7/2021,north,1. Premium Plus (Full Harbour),700,9
55,4,Low, F,680,Middle_Unit,13480320,19824,21/7/2021,west,8. Normal (Poor Direction - N/W),200,4.5
20,20,Mid, D,747,Large_Unit,17980290,24070,21/7/2021,south,6. Normal (Good Direction - S/E),150,6
14,26,High, D,689,Middle_Unit,12800242,18578,21/7/2021,south,2. Premium (Full Mountain),400,8.5
28,6,Low, H,706,Large_Unit,14379808,20368,21/7/2021,north,8. Normal (Poor Direction - N/W),400,4.5
20,10,Low, E,747,Large_Unit,16380216,21928,21/7/2021,south,6. Normal (Good Direction - S/E),150,6
17,8,Low, C,582,Middle_Unit,11549790,19845,20/7/2021,east,6. Normal (Good Direction - S/E),400,6
9,15,Mid, A,518,Small_Unit,10599834,20463,20/7/2021,north,8. Normal (Poor Direction - N/W),400,4.5
1,8,Low, G,580,Middle_Unit,10779880,18586,19/7/2021,west,8. Normal (Poor Direction - N/W),400,4.5
20,14,Mid, C,785,Large_Unit,15499825,19745,19/7/2021,east,6. Normal (Good Direction - S/E),150,6
14,9,Low, H,530,Small_Unit,9599890,18113,19/7/2021,north,8. Normal (Poor Direction - N/W),400,4.5
3,26,High, B,489,Small_Unit,9980001,20409,16/7/2021,east,6. Normal (Good Direction - S/E),400,6
34,22,Mid, B,1015,Large_Unit,20499955,20197,16/7/2021,east,3. Premium Partial (Gap Harbour View),650,8
62,20,Mid, B,680,Middle_Unit,16300280,23971,16/7/2021,east,6. Normal (Good Direction - S/E),200,6
18,11,Mid, B,684,Middle_Unit,12799692,18713,16/7/2021,east,6. Normal (Good Direction - S/E),400,6
52,8,Low, D,582,Middle_Unit,9999924,17182,16/7/2021,south,6. Normal (Good Direction - S/E),350,6
16,10,Low, E,689,Middle_Unit,13000052,18868,15/7/2021,south,2. Premium (Full Mountain),400,8.5
21,3,Low, F,580,Middle_Unit,10899940,18793,15/7/2021,west,8. Normal (Poor Direction - N/W),150,4.5
24,22,Mid, A,709,Large_Unit,15000313,21157,15/7/2021,north,8. Normal (Poor Direction - N/W),200,4.5
37,4,Low, C,897,Large_Unit,16500315,18395,15/7/2021,east,3. Premium Partial (Gap Harbour View),600,8
60,13,Mid, C,680,Middle_Unit,13880160,20412,14/7/2021,east,6. Normal (Good Direction - S/E),200,6
47,13,Mid, D,580,Middle_Unit,12800020,22069,13/7/2021,south,6. Normal (Good Direction - S/E),500,6
2,4,Low, F,545,Small_Unit,9179980,16844,13/7/2021,west,8. Normal (Poor Direction - N/W),400,4.5
13,20,Mid, B,685,Middle_Unit,10799710,15766,12/7/2021,east,6. Normal (Good Direction - S/E),400,6
27,21,Mid, B,703,Large_Unit,13560167,19289,12/7/2021,east,6. Normal (Good Direction - S/E),400,6
23,9,Low, H,702,Large_Unit,14650038,20869,12/7/2021,north,8. Normal (Poor Direction - N/W),200,4.5
30,8,Low, C,606,Middle_Unit,12399972,20462,9/7/2021,east,6. Normal (Good Direction - S/E),500,6
49,18,Mid, F,664,Middle_Unit,14289944,21521,9/7/2021,west,8. Normal (Poor Direction - N/W),500,4.5
14,12,Mid, H,530,Small_Unit,10000040,18868,8/7/2021,north,8. Normal (Poor Direction - N/W),400,4.5
13,14,Mid, C,685,Middle_Unit,13750005,20073,8/7/2021,east,6. Normal (Good Direction - S/E),400,6
45,15,Mid, H,708,Large_Unit,14960040,21130,7/7/2021,north,1. Premium Plus (Full Harbour),650,9
58,11,Mid, D,760,Large_Unit,16960160,22316,7/7/2021,south,6. Normal (Good Direction - S/E),200,6
63,9,Low, H,592,Middle_Unit,12749904,21537,7/7/2021,north,8. Normal (Poor Direction - N/W),200,4.5
29,5,Low, B,580,Middle_Unit,11300140,19483,6/7/2021,east,6. Normal (Good Direction - S/E),400,6
60,25,Mid, E,717,Large_Unit,15100020,21060,6/7/2021,south,6. Normal (Good Direction - S/E),200,6
3,2,Low, A,583,Middle_Unit,9199740,15780,5/7/2021,north,8. Normal (Poor Direction - N/W),400,4.5
47,26,High, E,580,Middle_Unit,12800020,22069,2/7/2021,south,6. Normal (Good Direction - S/E),500,6
46,11,Mid, G,718,Large_Unit,14700332,20474,2/7/2021,west,8. Normal (Poor Direction - N/W),500,4.5
15,13,Mid, C,582,Middle_Unit,11730210,20155,2/7/2021,east,6. Normal (Good Direction - S/E),400,6
9,15,Mid, F,589,Middle_Unit,11800026,20034,2/7/2021,west,8. Normal (Poor Direction - N/W),400,4.5
9,3,Low, C,589,Middle_Unit,10000042,16978,30/6/2021,east,6. Normal (Good Direction - S/E),400,6
62,9,Low, E,715,Large_Unit,12799930,17902,30/6/2021,south,6. Normal (Good Direction - S/E),200,6
34,3,Low, F,897,Large_Unit,12000066,13378,29/6/2021,west,3. Premium Partial (Gap Harbour View),650,8
1,12,Mid, H,545,Small_Unit,9699910,17798,29/6/2021,north,8. Normal (Poor Direction - N/W),400,4.5
53,22,Mid, E,749,Large_Unit,16450287,21963,29/6/2021,south,6. Normal (Good Direction - S/E),350,6
38,11,Mid, D,922,Large_Unit,17600058,19089,28/6/2021,south,6. Normal (Good Direction - S/E),600,6
62,20,Mid, E,715,Large_Unit,15250235,21329,25/6/2021,south,6. Normal (Good Direction - S/E),200,6
15,15,Mid, G,582,Middle_Unit,11979888,20584,25/6/2021,west,8. Normal (Poor Direction - N/W),400,4.5
43,9,Low, H,1114,Large_Unit,25380262,22783,25/6/2021,north,11. Poor Highway (IEC Noise Penalty),700,1
13,4,Low, C,685,Middle_Unit,9079675,13255,23/6/2021,east,6. Normal (Good Direction - S/E),400,6
6,25,Mid, G,704,Large_Unit,13980032,19858,23/6/2021,west,8. Normal (Poor Direction - N/W),460,4.5
36,28,High, C,1046,Large_Unit,27000398,25813,22/6/2021,east,3. Premium Partial (Gap Harbour View),600,8
53,9,Low, A,749,Large_Unit,16379881,21869,22/6/2021,north,8. Normal (Poor Direction - N/W),350,4.5
57,21,Mid, D,760,Large_Unit,17650240,23224,22/6/2021,south,6. Normal (Good Direction - S/E),200,6
27,22,Mid, E,580,Middle_Unit,12199720,21034,22/6/2021,south,6. Normal (Good Direction - S/E),400,6
34,11,Mid, B,1015,Large_Unit,24879680,24512,22/6/2021,east,3. Premium Partial (Gap Harbour View),650,8
60,7,Low, D,714,Large_Unit,10999884,15406,21/6/2021,south,6. Normal (Good Direction - S/E),200,6
17,21,Mid, C,582,Middle_Unit,11609736,19948,21/6/2021,east,6. Normal (Good Direction - S/E),400,6
29,6,Low, F,580,Middle_Unit,11479940,19793,18/6/2021,west,8. Normal (Poor Direction - N/W),400,4.5
51,21,Mid, F,664,Middle_Unit,12280016,18494,18/6/2021,west,8. Normal (Poor Direction - N/W),350,4.5
41,5,Low, F,897,Large_Unit,15999789,17837,18/6/2021,west,3. Premium Partial (Gap Harbour View),600,8
46,19,Mid, F,718,Large_Unit,14999738,20891,18/6/2021,west,8. Normal (Poor Direction - N/W),500,4.5
2,8,Low, B,489,Small_Unit,8499798,17382,17/6/2021,east,6. Normal (Good Direction - S/E),400,6
39,4,Low, G,1015,Large_Unit,20479655,20177,16/6/2021,west,3. Premium Partial (Gap Harbour View),600,8
10,27,High, B,582,Middle_Unit,11850102,20361,16/6/2021,east,6. Normal (Good Direction - S/E),400,6
45,9,Low, C,723,Large_Unit,14000172,19364,16/6/2021,east,3. Premium Partial (Gap Harbour View),650,8
42,26,High, H,1114,Large_Unit,26799498,24057,15/6/2021,north,1. Premium Plus (Full Harbour),650,9
36,3,Low, E,922,Large_Unit,15899890,17245,15/6/2021,south,6. Normal (Good Direction - S/E),600,6
31,16,Mid, B,703,Large_Unit,13719748,19516,15/6/2021,east,6. Normal (Good Direction - S/E),500,6
7,24,Mid, G,536,Small_Unit,10750016,20056,11/6/2021,west,8. Normal (Poor Direction - N/W),430,4.5
48,16,Mid, G,580,Middle_Unit,12300060,21207,11/6/2021,west,8. Normal (Poor Direction - N/W),500,4.5
23,27,High, B,580,Middle_Unit,12849900,22155,11/6/2021,east,6. Normal (Good Direction - S/E),200,6
36,10,Low, C,897,Large_Unit,19049589,21237,11/6/2021,east,3. Premium Partial (Gap Harbour View),600,8
39,13,Mid, G,1015,Large_Unit,22799945,22463,11/6/2021,west,3. Premium Partial (Gap Harbour View),600,8
21,4,Low, G,580,Middle_Unit,11600000,20000,9/6/2021,west,8. Normal (Poor Direction - N/W),150,4.5
21,13,Mid, B,723,Large_Unit,13799901,19087,8/6/2021,east,6. Normal (Good Direction - S/E),150,6
23,25,Mid, H,702,Large_Unit,13799916,19658,8/6/2021,north,8. Normal (Poor Direction - N/W),200,4.5
26,14,Mid, D,747,Large_Unit,14550066,19478,8/6/2021,south,6. Normal (Good Direction - S/E),200,6
25,12,Mid, E,580,Middle_Unit,11680040,20138,8/6/2021,south,6. Normal (Good Direction - S/E),200,6
12,13,Mid, H,593,Middle_Unit,11000150,18550,8/6/2021,north,8. Normal (Poor Direction - N/W),400,4.5
9,19,Mid, G,589,Middle_Unit,11699896,19864,7/6/2021,west,8. Normal (Poor Direction - N/W),400,4.5
49,11,Mid, C,582,Middle_Unit,12450144,21392,4/6/2021,east,6. Normal (Good Direction - S/E),500,6
63,10,Low, A,592,Middle_Unit,12800224,21622,4/6/2021,north,8. Normal (Poor Direction - N/W),200,4.5
51,3,Low, E,502,Small_Unit,9099754,18127,4/6/2021,south,6. Normal (Good Direction - S/E),350,6
22,9,Low, H,702,Large_Unit,14150214,20157,4/6/2021,north,8. Normal (Poor Direction - N/W),150,4.5
51,11,Mid, G,664,Middle_Unit,12700328,19127,4/6/2021,west,8. Normal (Poor Direction - N/W),350,4.5
12,21,Mid, F,581,Middle_Unit,11650212,20052,4/6/2021,west,8. Normal (Poor Direction - N/W),400,4.5
23,9,Low, B,580,Middle_Unit,12679960,21862,3/6/2021,east,6. Normal (Good Direction - S/E),200,6
52,16,Mid, A,582,Middle_Unit,12799926,21993,3/6/2021,north,8. Normal (Poor Direction - N/W),350,4.5
9,20,Mid, A,518,Small_Unit,10699808,20656,3/6/2021,north,8. Normal (Poor Direction - N/W),400,4.5
41,16,Mid, H,1114,Large_Unit,27299684,24506,2/6/2021,north,1. Premium Plus (Full Harbour),600,9
17,9,Low, B,582,Middle_Unit,11680158,20069,2/6/2021,east,6. Normal (Good Direction - S/E),400,6
51,17,Mid, G,664,Middle_Unit,13499784,20331,2/6/2021,west,8. Normal (Poor Direction - N/W),350,4.5
52,5,Low, A,582,Middle_Unit,11699946,20103,1/6/2021,north,8. Normal (Poor Direction - N/W),350,4.5
41,5,Low, G,1015,Large_Unit,21880355,21557,1/6/2021,west,3. Premium Partial (Gap Harbour View),600,8
54,12,Mid, B,587,Middle_Unit,12649850,21550,31/5/2021,east,3. Premium Partial (Gap Harbour View),650,8
28,8,Low, D,602,Middle_Unit,11445224,19012,31/5/2021,south,6. Normal (Good Direction - S/E),400,6
1,1,Low, D,440,Small_Unit,7450080,16932,31/5/2021,south,10. Poor Street (King's Road Noise Penalty),400,2
43,18,Mid, C,897,Large_Unit,18499728,20624,31/5/2021,east,3. Premium Partial (Gap Harbour View),700,8
38,7,Low, H,1114,Large_Unit,24699608,22172,31/5/2021,north,1. Premium Plus (Full Harbour),600,9
55,9,Low, D,759,Large_Unit,17479770,23030,28/5/2021,south,6. Normal (Good Direction - S/E),200,6
51,17,Mid, A,701,Large_Unit,13590287,19387,28/5/2021,north,8. Normal (Poor Direction - N/W),350,4.5
31,10,Low, G,503,Small_Unit,10500125,20875,28/5/2021,west,8. Normal (Poor Direction - N/W),500,4.5
43,26,High, G,1015,Large_Unit,23879905,23527,28/5/2021,west,3. Premium Partial (Gap Harbour View),700,8
52,16,Mid, H,582,Middle_Unit,12000258,20619,27/5/2021,north,8. Normal (Poor Direction - N/W),350,4.5
54,3,Low, E,488,Small_Unit,9350080,19160,26/5/2021,south,6. Normal (Good Direction - S/E),650,6
25,10,Low, D,580,Middle_Unit,11979900,20655,26/5/2021,south,6. Normal (Good Direction - S/E),200,6
31,7,Low, H,580,Middle_Unit,10680120,18414,26/5/2021,north,8. Normal (Poor Direction - N/W),500,4.5
21,19,Mid, F,580,Middle_Unit,11739780,20241,25/5/2021,west,8. Normal (Poor Direction - N/W),150,4.5
45,24,Mid, G,572,Middle_Unit,12399816,21678,25/5/2021,west,3. Premium Partial (Gap Harbour View),650,8
6,12,Mid, H,760,Large_Unit,14680160,19316,25/5/2021,north,8. Normal (Poor Direction - N/W),460,4.5
1,19,Mid, B,580,Middle_Unit,9999780,17241,24/5/2021,east,6. Normal (Good Direction - S/E),400,6
33,23,Mid, H,1114,Large_Unit,24500202,21993,24/5/2021,north,1. Premium Plus (Full Harbour),700,9
35,10,Low, D,922,Large_Unit,18299856,19848,21/5/2021,south,6. Normal (Good Direction - S/E),600,6
25,18,Mid, E,580,Middle_Unit,11528080,19876,20/5/2021,south,6. Normal (Good Direction - S/E),200,6
49,5,Low, B,582,Middle_Unit,11950206,20533,20/5/2021,east,6. Normal (Good Direction - S/E),500,6
9,6,Low, A,518,Small_Unit,9700068,18726,18/5/2021,north,8. Normal (Poor Direction - N/W),400,4.5
21,13,Mid, H,709,Large_Unit,13780124,19436,18/5/2021,north,8. Normal (Poor Direction - N/W),150,4.5
25,6,Low, D,580,Middle_Unit,11300140,19483,14/5/2021,south,6. Normal (Good Direction - S/E),200,6
1,4,Low, A,545,Small_Unit,8899850,16330,14/5/2021,north,8. Normal (Poor Direction - N/W),400,4.5
1,21,Mid, F,580,Middle_Unit,9999780,17241,14/5/2021,west,8. Normal (Poor Direction - N/W),400,4.5
24,12,Mid, B,580,Middle_Unit,12000200,20690,14/5/2021,east,6. Normal (Good Direction - S/E),200,6
30,16,Mid, D,583,Middle_Unit,11830236,20292,13/5/2021,south,6. Normal (Good Direction - S/E),500,6
25,22,Mid, C,702,Large_Unit,13500162,19231,12/5/2021,east,6. Normal (Good Direction - S/E),200,6
18,8,Low, F,684,Middle_Unit,11299680,16520,12/5/2021,west,8. Normal (Poor Direction - N/W),400,4.5
23,17,Mid, B,580,Middle_Unit,12550040,21638,12/5/2021,east,6. Normal (Good Direction - S/E),200,6
17,27,High, A,593,Middle_Unit,12400223,20911,12/5/2021,north,8. Normal (Poor Direction - N/W),400,4.5
33,29,High, H,1114,Large_Unit,24600462,22083,11/5/2021,north,1. Premium Plus (Full Harbour),700,9
32,25,Mid, A,580,Middle_Unit,12000200,20690,11/5/2021,north,8. Normal (Poor Direction - N/W),500,4.5
9,5,Low, D,670,Middle_Unit,12179930,18179,11/5/2021,south,10. Poor Street (King's Road Noise Penalty),400,2
46,28,High, G,718,Large_Unit,15350122,21379,10/5/2021,west,8. Normal (Poor Direction - N/W),500,4.5
40,8,Low, D,922,Large_Unit,18479646,20043,10/5/2021,south,6. Normal (Good Direction - S/E),600,6
9,27,High, B,589,Middle_Unit,11830065,20085,10/5/2021,east,6. Normal (Good Direction - S/E),400,6
10,6,Low, B,582,Middle_Unit,9499986,16323,7/5/2021,east,6. Normal (Good Direction - S/E),400,6
27,13,Mid, B,703,Large_Unit,13300057,18919,6/5/2021,east,6. Normal (Good Direction - S/E),400,6
15,13,Mid, H,530,Small_Unit,11499940,21698,6/5/2021,north,8. Normal (Poor Direction - N/W),400,4.5
63,11,Mid, H,592,Middle_Unit,11999840,20270,5/5/2021,north,8. Normal (Poor Direction - N/W),200,4.5
49,22,Mid, B,582,Middle_Unit,12199884,20962,5/5/2021,east,6. Normal (Good Direction - S/E),500,6
15,19,Mid, A,530,Small_Unit,10749990,20283,5/5/2021,north,8. Normal (Poor Direction - N/W),400,4.5
36,18,Mid, F,897,Large_Unit,17899635,19955,4/5/2021,west,3. Premium Partial (Gap Harbour View),600,4.5
46,14,Mid, C,809,Large_Unit,17599795,21755,4/5/2021,east,6. Normal (Good Direction - S/E),500,6
38,13,Mid, A,1114,Large_Unit,24000016,21544,4/5/2021,north,1. Premium Plus (Full Harbour),600,9
25,7,Low, B,702,Large_Unit,13679874,19487,4/5/2021,east,6. Normal (Good Direction - S/E),200,6
53,8,Low, H,749,Large_Unit,16000138,21362,3/5/2021,north,8. Normal (Poor Direction - N/W),350,4.5
3,8,Low, G,545,Small_Unit,9299880,17064,3/5/2021,west,8. Normal (Poor Direction - N/W),400,4.5
38,11,Mid, B,1015,Large_Unit,21600215,21281,3/5/2021,east,3. Premium Partial (Gap Harbour View),600,8
24,21,Mid, D,702,Large_Unit,13199706,18803,30/4/2021,south,6. Normal (Good Direction - S/E),200,6
10,5,Low, A,536,Small_Unit,10000152,18657,30/4/2021,north,8. Normal (Poor Direction - N/W),400,4.5
20,27,High, F,716,Large_Unit,14660100,20475,29/4/2021,west,8. Normal (Poor Direction - N/W),150,4.5
46,13,Mid, G,718,Large_Unit,14179782,19749,29/4/2021,west,8. Normal (Poor Direction - N/W),500,4.5
26,24,Mid, H,747,Large_Unit,16180020,21660,29/4/2021,north,8. Normal (Poor Direction - N/W),200,4.5
10,27,High, C,582,Middle_Unit,11300112,19416,28/4/2021,east,6. Normal (Good Direction - S/E),400,6
9,15,Mid, E,670,Middle_Unit,11999700,17910,28/4/2021,south,2. Premium (Full Mountain),400,8.5
8,20,Mid, E,689,Middle_Unit,12330344,17896,28/4/2021,south,2. Premium (Full Mountain),400,8.5
52,21,Mid, C,701,Large_Unit,14449713,20613,27/4/2021,east,6. Normal (Good Direction - S/E),350,6
31,8,Low, G,503,Small_Unit,10000143,19881,27/4/2021,west,8. Normal (Poor Direction - N/W),500,4.5
18,9,Low, F,684,Middle_Unit,11379708,16637,26/4/2021,west,8. Normal (Poor Direction - N/W),400,4.5
49,24,Mid, D,502,Small_Unit,10800028,21514,26/4/2021,south,6. Normal (Good Direction - S/E),500,6
19,10,Low, D,545,Small_Unit,10000205,18349,23/4/2021,south,6. Normal (Good Direction - S/E),150,6
23,26,High, A,702,Large_Unit,14600196,20798,23/4/2021,north,8. Normal (Poor Direction - N/W),200,4.5
39,5,Low, D,922,Large_Unit,16500112,17896,23/4/2021,south,6. Normal (Good Direction - S/E),600,6
39,1,Low, F,945,Large_Unit,13799835,14603,22/4/2021,west,8. Normal (Poor Direction - N/W),600,4.5
32,28,High, G,503,Small_Unit,10799913,21471,22/4/2021,west,8. Normal (Poor Direction - N/W),500,4.5
45,27,High, C,723,Large_Unit,14929950,20650,21/4/2021,east,3. Premium Partial (Gap Harbour View),650,8
38,11,Mid, E,922,Large_Unit,14719730,15965,21/4/2021,south,6. Normal (Good Direction - S/E),600,6
11,14,Mid, B,582,Middle_Unit,11350164,19502,21/4/2021,east,6. Normal (Good Direction - S/E),400,6
13,5,Low, D,593,Middle_Unit,9700294,16358,20/4/2021,south,10. Poor Street (King's Road Noise Penalty),400,2
16,21,Mid, A,593,Middle_Unit,11189910,18870,20/4/2021,north,8. Normal (Poor Direction - N/W),400,4.5
44,19,Mid, A,708,Large_Unit,15580248,22006,20/4/2021,north,1. Premium Plus (Full Harbour),650,9
35,4,Low, E,922,Large_Unit,16729690,18145,19/4/2021,south,6. Normal (Good Direction - S/E),600,6
21,8,Low, H,709,Large_Unit,13680155,19295,19/4/2021,north,8. Normal (Poor Direction - N/W),150,4.5
12,6,Low, C,684,Middle_Unit,12275064,17946,19/4/2021,east,6. Normal (Good Direction - S/E),400,6
45,11,Mid, B,723,Large_Unit,16979655,23485,16/4/2021,east,3. Premium Partial (Gap Harbour View),650,8
44,2,Low, D,739,Large_Unit,12659809,17131,16/4/2021,south,6. Normal (Good Direction - S/E),650,6
42,4,Low, E,922,Large_Unit,16079680,17440,15/4/2021,south,6. Normal (Good Direction - S/E),650,6
24,5,Low, D,702,Large_Unit,12850110,18305,15/4/2021,south,6. Normal (Good Direction - S/E),200,6
33,16,Mid, A,1114,Large_Unit,19999642,17953,14/4/2021,north,1. Premium Plus (Full Harbour),700,9
25,26,High, H,580,Middle_Unit,12080240,20828,14/4/2021,north,8. Normal (Poor Direction - N/W),200,4.5
16,23,Mid, G,685,Middle_Unit,12299860,17956,14/4/2021,west,8. Normal (Poor Direction - N/W),400,4.5
34,25,Mid, B,1015,Large_Unit,25219705,24847,13/4/2021,east,3. Premium Partial (Gap Harbour View),650,8
32,22,Mid, B,701,Large_Unit,13879800,19800,13/4/2021,east,6. Normal (Good Direction - S/E),500,6
41,13,Mid, G,1015,Large_Unit,23100385,22759,12/4/2021,west,3. Premium Partial (Gap Harbour View),600,8
35,7,Low, E,922,Large_Unit,17300408,18764,12/4/2021,south,6. Normal (Good Direction - S/E),600,6
12,9,Low, H,593,Middle_Unit,10799716,18212,9/4/2021,north,8. Normal (Poor Direction - N/W),400,4.5
42,14,Mid, E,922,Large_Unit,16999836,18438,8/4/2021,south,6. Normal (Good Direction - S/E),650,6
14,22,Mid, B,582,Middle_Unit,11450268,19674,8/4/2021,east,6. Normal (Good Direction - S/E),400,6
11,21,Mid, B,582,Middle_Unit,9999924,17182,8/4/2021,east,6. Normal (Good Direction - S/E),400,6
47,11,Mid, F,707,Large_Unit,14279986,20198,7/4/2021,west,8. Normal (Poor Direction - N/W),500,4.5
8,28,High, A,706,Large_Unit,16555700,23450,7/4/2021,north,8. Normal (Poor Direction - N/W),400,4.5
12,25,Mid, H,593,Middle_Unit,11249803,18971,7/4/2021,north,8. Normal (Poor Direction - N/W),400,4.5
35,12,Mid, E,922,Large_Unit,18200280,19740,7/4/2021,south,6. Normal (Good Direction - S/E),600,6
39,16,Mid, A,1114,Large_Unit,26700352,23968,7/4/2021,north,1. Premium Plus (Full Harbour),600,1
26,15,Mid, E,747,Large_Unit,15799797,21151,1/4/2021,south,6. Normal (Good Direction - S/E),200,6
49,10,Low, A,701,Large_Unit,14999998,21398,1/4/2021,north,8. Normal (Poor Direction - N/W),500,4.5
50,21,Mid, F,582,Middle_Unit,10499862,18041,31/3/2021,west,8. Normal (Poor Direction - N/W),350,4.5
52,12,Mid, A,582,Middle_Unit,12359934,21237,29/3/2021,north,8. Normal (Poor Direction - N/W),350,4.5
60,12,Mid, D,714,Large_Unit,10999884,15406,29/3/2021,south,6. Normal (Good Direction - S/E),200,6
15,21,Mid, E,689,Middle_Unit,12599743,18287,29/3/2021,south,10. Poor Street (King's Road Noise Penalty),400,2
9,20,Mid, F,589,Middle_Unit,10980138,18642,26/3/2021,west,8. Normal (Poor Direction - N/W),400,4.5
26,13,Mid, F,716,Large_Unit,13800184,19274,26/3/2021,west,8. Normal (Poor Direction - N/W),200,4.5
28,10,Low, G,583,Middle_Unit,8349726,14322,26/3/2021,west,8. Normal (Poor Direction - N/W),400,4.5
58,9,Low, B,792,Large_Unit,16330248,20619,26/3/2021,east,6. Normal (Good Direction - S/E),200,6
9,10,Low, G,589,Middle_Unit,8499859,14431,26/3/2021,west,8. Normal (Poor Direction - N/W),400,4.5
21,11,Mid, C,723,Large_Unit,10999722,15214,25/3/2021,east,6. Normal (Good Direction - S/E),150,6
58,23,Mid, G,717,Large_Unit,14600271,20363,25/3/2021,west,8. Normal (Poor Direction - N/W),200,4.5
10,23,Mid, B,582,Middle_Unit,11599842,19931,25/3/2021,east,6. Normal (Good Direction - S/E),400,6
41,28,High, A,1277,Large_Unit,27999502,21926,25/3/2021,north,1. Premium Plus (Full Harbour),600,9
52,11,Mid, G,701,Large_Unit,11999718,17118,24/3/2021,west,8. Normal (Poor Direction - N/W),350,4.5
27,19,Mid, H,580,Middle_Unit,11180080,19276,24/3/2021,north,8. Normal (Poor Direction - N/W),400,4.5
34,26,High, C,897,Large_Unit,17800068,19844,23/3/2021,east,6. Normal (Good Direction - S/E),650,6
18,8,Low, E,593,Middle_Unit,9999759,16863,22/3/2021,south,2. Premium (Full Mountain),400,8.5
12,4,Low, H,593,Middle_Unit,9499860,16020,22/3/2021,north,8. Normal (Poor Direction - N/W),400,4.5
59,12,Mid, G,567,Middle_Unit,10930059,19277,19/3/2021,west,8. Normal (Poor Direction - N/W),200,4.5
23,24,Mid, D,702,Large_Unit,12930138,18419,19/3/2021,south,6. Normal (Good Direction - S/E),200,6
36,4,Low, D,922,Large_Unit,16000388,17354,19/3/2021,south,6. Normal (Good Direction - S/E),600,6
2,26,High, C,489,Small_Unit,9200046,18814,19/3/2021,east,6. Normal (Good Direction - S/E),400,6
11,23,Mid, F,691,Middle_Unit,11775331,17041,19/3/2021,west,8. Normal (Poor Direction - N/W),400,4.5
59,19,Mid, F,567,Middle_Unit,12179727,21481,18/3/2021,west,8. Normal (Poor Direction - N/W),200,4.5
17,13,Mid, D,593,Middle_Unit,10749904,18128,18/3/2021,south,2. Premium (Full Mountain),400,8.5
50,26,High, G,582,Middle_Unit,12379722,21271,18/3/2021,west,8. Normal (Poor Direction - N/W),350,4.5
12,21,Mid, A,593,Middle_Unit,8000163,13491,17/3/2021,north,8. Normal (Poor Direction - N/W),400,4.5
54,5,Low, G,587,Middle_Unit,11199960,19080,17/3/2021,west,3. Premium Partial (Gap Harbour View),650,8
20,13,Mid, B,785,Large_Unit,14950325,19045,17/3/2021,east,6. Normal (Good Direction - S/E),150,6
41,23,Mid, B,1015,Large_Unit,23630215,23281,16/3/2021,east,3. Premium Partial (Gap Harbour View),600,8
35,15,Mid, G,1015,Large_Unit,22499505,22167,16/3/2021,west,3. Premium Partial (Gap Harbour View),600,8
24,16,Mid, D,702,Large_Unit,13338000,19000,16/3/2021,south,6. Normal (Good Direction - S/E),200,6
2,19,Mid, D,583,Middle_Unit,9950061,17067,16/3/2021,south,2. Premium (Full Mountain),400,8.5
14,12,Mid, H,530,Small_Unit,10000040,18868,16/3/2021,north,8. Normal (Poor Direction - N/W),400,4.5
60,19,Mid, E,714,Large_Unit,14619864,20476,15/3/2021,south,6. Normal (Good Direction - S/E),200,6
62,14,Mid, E,715,Large_Unit,15100085,21119,15/3/2021,south,6. Normal (Good Direction - S/E),200,6
13,10,Low, C,685,Middle_Unit,12599890,18394,12/3/2021,east,6. Normal (Good Direction - S/E),400,6
14,27,High, B,582,Middle_Unit,11879784,20412,12/3/2021,east,6. Normal (Good Direction - S/E),400,6
16,20,Mid, F,685,Middle_Unit,12199850,17810,12/3/2021,west,8. Normal (Poor Direction - N/W),400,4.5
50,19,Mid, H,603,Middle_Unit,11300220,18740,12/3/2021,north,8. Normal (Poor Direction - N/W),350,4.5
46,26,High, E,748,Large_Unit,16280220,21765,10/3/2021,south,6. Normal (Good Direction - S/E),500,6
58,26,High, C,702,Large_Unit,13700232,19516,10/3/2021,east,6. Normal (Good Direction - S/E),200,6
19,5,Low, C,583,Middle_Unit,10000199,17153,9/3/2021,east,6. Normal (Good Direction - S/E),150,6
62,6,Low, E,715,Large_Unit,14550250,20350,9/3/2021,south,6. Normal (Good Direction - S/E),200,6
43,9,Low, G,1015,Large_Unit,22280265,21951,8/3/2021,west,3. Premium Partial (Gap Harbour View),700,8
8,11,Mid, D,689,Middle_Unit,11300289,16401,8/3/2021,south,2. Premium (Full Mountain),400,8.5
53,5,Low, C,809,Large_Unit,16379823,20247,5/3/2021,east,6. Normal (Good Direction - S/E),350,6
40,23,Mid, C,897,Large_Unit,18279963,20379,5/3/2021,east,3. Premium Partial (Gap Harbour View),600,6
7,6,Low, E,582,Middle_Unit,10879908,18694,3/3/2021,south,2. Premium (Full Mountain),430,8.5
29,24,Mid, B,580,Middle_Unit,12000200,20690,3/3/2021,east,6. Normal (Good Direction - S/E),400,6
45,3,Low, F,572,Middle_Unit,10000276,17483,3/3/2021,west,3. Premium Partial (Gap Harbour View),650,8
24,20,Mid, A,709,Large_Unit,13729785,19365,2/3/2021,north,8. Normal (Poor Direction - N/W),200,4.5
58,6,Low, B,792,Large_Unit,15150168,19129,1/3/2021,east,6. Normal (Good Direction - S/E),200,6
50,24,Mid, A,603,Middle_Unit,11879703,19701,1/3/2021,north,8. Normal (Poor Direction - N/W),350,4.5
17,10,Low, A,593,Middle_Unit,10379872,17504,26/2/2021,north,8. Normal (Poor Direction - N/W),400,4.5
16,15,Mid, F,685,Middle_Unit,10000315,14599,26/2/2021,west,8. Normal (Poor Direction - N/W),400,4.5
56,26,High, D,763,Large_Unit,15279838,20026,26/2/2021,south,6. Normal (Good Direction - S/E),200,6
58,8,Low, G,717,Large_Unit,13800099,19247,26/2/2021,west,8. Normal (Poor Direction - N/W),200,4.5
52,3,Low, E,582,Middle_Unit,9899820,17010,26/2/2021,south,6. Normal (Good Direction - S/E),350,6
22,7,Low, H,702,Large_Unit,13679874,19487,25/2/2021,north,8. Normal (Poor Direction - N/W),150,4.5
13,25,Mid, B,685,Middle_Unit,12730040,18584,25/2/2021,east,6. Normal (Good Direction - S/E),400,6
50,13,Mid, A,603,Middle_Unit,11649960,19320,25/2/2021,north,8. Normal (Poor Direction - N/W),350,4.5
43,18,Mid, H,1114,Large_Unit,26180114,23501,24/2/2021,north,11. Poor Highway (IEC Noise Penalty),700,1
26,22,Mid, B,785,Large_Unit,17050200,21720,23/2/2021,east,6. Normal (Good Direction - S/E),200,6
60,4,Low, H,593,Middle_Unit,11500049,19393,23/2/2021,north,8. Normal (Poor Direction - N/W),200,4.5
3,13,Mid, E,583,Middle_Unit,9680132,16604,23/2/2021,south,2. Premium (Full Mountain),400,8.5
19,25,Mid, H,489,Small_Unit,10000050,20450,23/2/2021,north,8. Normal (Poor Direction - N/W),150,4.5
32,16,Mid, D,580,Middle_Unit,11800100,20345,22/2/2021,south,6. Normal (Good Direction - S/E),500,6
13,20,Mid, C,685,Middle_Unit,12649895,18467,19/2/2021,east,6. Normal (Good Direction - S/E),400,6
36,13,Mid, B,1015,Large_Unit,22080310,21754,19/2/2021,east,3. Premium Partial (Gap Harbour View),600,8
15,15,Mid, E,689,Middle_Unit,11899719,17271,18/2/2021,south,10. Poor Street (King's Road Noise Penalty),400,2
10,4,Low, C,582,Middle_Unit,8849892,15206,18/2/2021,east,6. Normal (Good Direction - S/E),400,6
7,7,Low, C,689,Middle_Unit,11679928,16952,17/2/2021,east,6. Normal (Good Direction - S/E),430,6
58,9,Low, D,760,Large_Unit,13870000,18250,17/2/2021,south,6. Normal (Good Direction - S/E),200,6
40,23,Mid, B,1015,Large_Unit,23379510,23034,17/2/2021,east,3. Premium Partial (Gap Harbour View),600,8
56,12,Mid, D,759,Large_Unit,13999755,18445,11/2/2021,south,6. Normal (Good Direction - S/E),200,6
13,17,Mid, H,689,Middle_Unit,13099957,19013,11/2/2021,north,8. Normal (Poor Direction - N/W),400,4.5
30,3,Low, G,506,Small_Unit,9030076,17846,11/2/2021,west,8. Normal (Poor Direction - N/W),500,4.5
40,6,Low, B,1015,Large_Unit,21880355,21557,11/2/2021,east,3. Premium Partial (Gap Harbour View),600,8
15,3,Low, A,530,Small_Unit,9299910,17547,11/2/2021,north,8. Normal (Poor Direction - N/W),400,4.5
59,21,Mid, F,567,Middle_Unit,11859939,20917,10/2/2021,west,8. Normal (Poor Direction - N/W),200,4.5
59,20,Mid, H,584,Middle_Unit,12150120,20805,9/2/2021,north,8. Normal (Poor Direction - N/W),200,4.5
31,27,High, A,580,Middle_Unit,11500240,19828,8/2/2021,north,4. Good Open (High Floor City),500,7
1,3,Low, B,580,Middle_Unit,8999860,15517,8/2/2021,east,6. Normal (Good Direction - S/E),400,6
44,2,Low, A,708,Large_Unit,13500144,19068,5/2/2021,north,1. Premium Plus (Full Harbour),650,9
53,7,Low, B,809,Large_Unit,16000402,19778,5/2/2021,east,6. Normal (Good Direction - S/E),350,6
16,15,Mid, B,685,Middle_Unit,11799810,17226,5/2/2021,east,6. Normal (Good Direction - S/E),400,6
59,22,Mid, E,584,Middle_Unit,12057848,20647,4/2/2021,south,6. Normal (Good Direction - S/E),200,6
1,4,Low, C,580,Middle_Unit,9100200,15690,4/2/2021,east,6. Normal (Good Direction - S/E),400,6
43,1,Low, B,1084,Large_Unit,17999820,16605,4/2/2021,east,3. Premium Partial (Gap Harbour View),700,8
43,18,Mid, F,897,Large_Unit,16300284,18172,3/2/2021,west,3. Premium Partial (Gap Harbour View),700,8
8,10,Low, B,722,Large_Unit,12099998,16759,3/2/2021,east,6. Normal (Good Direction - S/E),400,6
6,3,Low, C,797,Large_Unit,13500383,16939,2/2/2021,east,6. Normal (Good Direction - S/E),460,6
12,4,Low, D,593,Middle_Unit,10669849,17993,2/2/2021,south,10. Poor Street (King's Road Noise Penalty),400,2
47,23,Mid, F,707,Large_Unit,13500165,19095,1/2/2021,west,8. Normal (Poor Direction - N/W),500,4.5
21,4,Low, D,702,Large_Unit,14499810,20655,1/2/2021,south,6. Normal (Good Direction - S/E),150,6
20,4,Low, F,716,Large_Unit,12698260,17735,29/1/2021,west,8. Normal (Poor Direction - N/W),150,4.5
36,27,High, B,1015,Large_Unit,22880130,22542,29/1/2021,east,3. Premium Partial (Gap Harbour View),600,8
53,13,Mid, A,749,Large_Unit,15460109,20641,29/1/2021,north,8. Normal (Poor Direction - N/W),350,4.5
60,26,High, D,717,Large_Unit,13499676,18828,28/1/2021,south,6. Normal (Good Direction - S/E),200,6
39,1,Low, H,1203,Large_Unit,19800177,16459,28/1/2021,north,1. Premium Plus (Full Harbour),600,9
30,26,High, G,506,Small_Unit,10000078,19763,28/1/2021,west,8. Normal (Poor Direction - N/W),500,4.5
52,11,Mid, C,701,Large_Unit,13600101,19401,28/1/2021,east,6. Normal (Good Direction - S/E),350,6
63,13,Mid, H,592,Middle_Unit,11629840,19645,27/1/2021,north,8. Normal (Poor Direction - N/W),200,4.5
57,17,Mid, E,760,Large_Unit,15500200,20395,25/1/2021,south,6. Normal (Good Direction - S/E),200,6
24,24,Mid, H,709,Large_Unit,13729785,19365,22/1/2021,north,8. Normal (Poor Direction - N/W),200,4.5
57,23,Mid, G,792,Large_Unit,19000080,23990,21/1/2021,west,8. Normal (Poor Direction - N/W),200,4.5
34,13,Mid, F,897,Large_Unit,14000376,15608,21/1/2021,west,3. Premium Partial (Gap Harbour View),650,8
32,11,Mid, D,580,Middle_Unit,11199800,19310,21/1/2021,south,6. Normal (Good Direction - S/E),500,6
32,18,Mid, C,701,Large_Unit,13680015,19515,21/1/2021,east,6. Normal (Good Direction - S/E),500,6
39,22,Mid, E,922,Large_Unit,18200280,19740,21/1/2021,south,6. Normal (Good Direction - S/E),600,6
21,15,Mid, D,702,Large_Unit,13130208,18704,20/1/2021,south,6. Normal (Good Direction - S/E),150,6
9,6,Low, G,589,Middle_Unit,10450038,17742,20/1/2021,west,8. Normal (Poor Direction - N/W),400,4.5
32,17,Mid, F,503,Small_Unit,9932741,19747,19/1/2021,west,8. Normal (Poor Direction - N/W),500,4.5
2,16,Mid, G,545,Small_Unit,10000205,18349,18/1/2021,west,8. Normal (Poor Direction - N/W),400,4.5
31,16,Mid, E,580,Middle_Unit,9499820,16379,15/1/2021,south,6. Normal (Good Direction - S/E),500,6
60,16,Mid, G,563,Middle_Unit,11249866,19982,14/1/2021,west,8. Normal (Poor Direction - N/W),200,4.5
40,15,Mid, C,897,Large_Unit,17800068,19844,13/1/2021,east,3. Premium Partial (Gap Harbour View),600,6
56,7,Low, G,717,Large_Unit,13549866,18898,12/1/2021,west,8. Normal (Poor Direction - N/W),200,4.5
8,15,Mid, E,689,Middle_Unit,11600004,16836,12/1/2021,south,2. Premium (Full Mountain),400,8.5
33,28,High, E,922,Large_Unit,16999836,18438,12/1/2021,south,4. Good Open (High Floor City),700,6
3,10,Low, F,545,Small_Unit,9129840,16752,11/1/2021,west,8. Normal (Poor Direction - N/W),400,4.5
41,6,Low, H,1114,Large_Unit,22999644,20646,8/1/2021,north,1. Premium Plus (Full Harbour),600,9
38,13,Mid, F,897,Large_Unit,16949712,18896,7/1/2021,west,3. Premium Partial (Gap Harbour View),600,8
28,28,High, F,583,Middle_Unit,11450120,19640,7/1/2021,west,8. Normal (Poor Direction - N/W),400,4.5
18,12,Mid, G,684,Middle_Unit,11850300,17325,7/1/2021,west,8. Normal (Poor Direction - N/W),400,4.5
31,23,Mid, H,580,Middle_Unit,10800180,18621,7/1/2021,north,8. Normal (Poor Direction - N/W),500,4.5
39,8,Low, F,897,Large_Unit,16500315,18395,6/1/2021,west,8. Normal (Poor Direction - N/W),600,4.5
11,12,Mid, B,582,Middle_Unit,10999800,18900,5/1/2021,east,6. Normal (Good Direction - S/E),400,6
7,5,Low, H,582,Middle_Unit,10279866,17663,5/1/2021,north,8. Normal (Poor Direction - N/W),430,4.5
8,25,Mid, D,689,Middle_Unit,12300028,17852,5/1/2021,south,2. Premium (Full Mountain),400,8.5
2,8,Low, C,489,Small_Unit,9080241,18569,31/12/2020,east,6. Normal (Good Direction - S/E),400,6
63,13,Mid, B,649,Middle_Unit,13299957,20493,30/12/2020,east,6. Normal (Good Direction - S/E),200,6
50,14,Mid, E,503,Small_Unit,8750188,17396,30/12/2020,south,6. Normal (Good Direction - S/E),350,6
22,11,Mid, E,702,Large_Unit,12298338,17519,29/12/2020,south,6. Normal (Good Direction - S/E),150,6
58,16,Mid, C,792,Large_Unit,15799608,19949,29/12/2020,east,6. Normal (Good Direction - S/E),200,6
21,18,Mid, F,580,Middle_Unit,9999780,17241,29/12/2020,west,8. Normal (Poor Direction - N/W),150,4.5
16,9,Low, H,593,Middle_Unit,10099976,17032,29/12/2020,north,8. Normal (Poor Direction - N/W),400,4.5
61,14,Mid, B,563,Middle_Unit,9199983,16341,29/12/2020,east,6. Normal (Good Direction - S/E),200,6
10,16,Mid, F,582,Middle_Unit,10279866,17663,28/12/2020,west,8. Normal (Poor Direction - N/W),400,4.5
6,20,Mid, D,762,Large_Unit,13867638,18199,24/12/2020,south,2. Premium (Full Mountain),460,8.5
45,7,Low, B,723,Large_Unit,14799810,20470,24/12/2020,east,3. Premium Partial (Gap Harbour View),650,8
24,26,High, E,702,Large_Unit,12899952,18376,23/12/2020,south,6. Normal (Good Direction - S/E),200,6
48,13,Mid, E,503,Small_Unit,9879926,19642,22/12/2020,south,6. Normal (Good Direction - S/E),500,6
15,21,Mid, H,530,Small_Unit,9299910,17547,21/12/2020,north,8. Normal (Poor Direction - N/W),400,4.5
30,29,High, A,583,Middle_Unit,11500258,19726,17/12/2020,north,8. Normal (Poor Direction - N/W),500,4.5
52,21,Mid, A,582,Middle_Unit,11879784,20412,17/12/2020,north,8. Normal (Poor Direction - N/W),350,4.5
28,28,High, H,706,Large_Unit,13999980,19830,16/12/2020,north,8. Normal (Poor Direction - N/W),400,4.5
47,22,Mid, B,707,Large_Unit,11099900,15700,14/12/2020,east,6. Normal (Good Direction - S/E),500,6
47,13,Mid, E,580,Middle_Unit,11350020,19569,14/12/2020,south,6. Normal (Good Direction - S/E),500,6
38,23,Mid, A,1114,Large_Unit,24600462,22083,11/12/2020,north,1. Premium Plus (Full Harbour),600,9
48,12,Mid, E,503,Small_Unit,9000179,17893,11/12/2020,south,6. Normal (Good Direction - S/E),500,6
34,11,Mid, A,1114,Large_Unit,24500202,21993,11/12/2020,north,1. Premium Plus (Full Harbour),650,9
55,25,Mid, B,800,Large_Unit,13500000,16875,10/12/2020,east,6. Normal (Good Direction - S/E),200,6
23,7,Low, H,702,Large_Unit,12298338,17519,10/12/2020,north,8. Normal (Poor Direction - N/W),200,4.5
18,9,Low, E,593,Middle_Unit,10330060,17420,9/12/2020,south,2. Premium (Full Mountain),400,8.5
40,27,High, G,1015,Large_Unit,23649500,23300,8/12/2020,west,3. Premium Partial (Gap Harbour View),600,8
12,20,Mid, B,684,Middle_Unit,12000096,17544,8/12/2020,east,6. Normal (Good Direction - S/E),400,6
17,9,Low, E,593,Middle_Unit,9799918,16526,7/12/2020,south,2. Premium (Full Mountain),400,8.5
30,21,Mid, H,583,Middle_Unit,10499830,18010,4/12/2020,north,8. Normal (Poor Direction - N/W),500,4.5
45,16,Mid, H,708,Large_Unit,14499840,20480,2/12/2020,north,1. Premium Plus (Full Harbour),650,9
7,20,Mid, H,582,Middle_Unit,10700070,18385,30/11/2020,north,8. Normal (Poor Direction - N/W),430,4.5
30,20,Mid, F,506,Small_Unit,9500150,18775,30/11/2020,west,8. Normal (Poor Direction - N/W),500,4.5
30,15,Mid, G,506,Small_Unit,10000078,19763,30/11/2020,west,8. Normal (Poor Direction - N/W),500,4.5
28,18,Mid, B,714,Large_Unit,13680240,19160,26/11/2020,east,6. Normal (Good Direction - S/E),400,6
9,22,Mid, G,589,Middle_Unit,10699774,18166,26/11/2020,west,8. Normal (Poor Direction - N/W),400,4.5
44,7,Low, E,708,Large_Unit,12499740,17655,26/11/2020,south,6. Normal (Good Direction - S/E),650,6
1,25,Mid, H,545,Small_Unit,9637780,17684,26/11/2020,north,8. Normal (Poor Direction - N/W),400,4.5
26,26,High, B,785,Large_Unit,17500005,22293,25/11/2020,east,6. Normal (Good Direction - S/E),200,6
62,4,Low, C,680,Middle_Unit,11379800,16735,24/11/2020,east,6. Normal (Good Direction - S/E),200,6
26,3,Low, B,785,Large_Unit,12300165,15669,20/11/2020,east,6. Normal (Good Direction - S/E),200,6
28,10,Low, H,706,Large_Unit,10380318,14703,19/11/2020,north,8. Normal (Poor Direction - N/W),400,4.5
1,25,Mid, G,580,Middle_Unit,9999780,17241,17/11/2020,west,8. Normal (Poor Direction - N/W),400,4.5
32,8,Low, C,701,Large_Unit,13379987,19087,17/11/2020,east,6. Normal (Good Direction - S/E),500,6
47,7,Low, C,707,Large_Unit,13650049,19307,13/11/2020,east,6. Normal (Good Direction - S/E),500,6
30,6,Low, D,583,Middle_Unit,11180191,19177,13/11/2020,south,6. Normal (Good Direction - S/E),500,6
33,30,High, B,1180,Large_Unit,37800120,32034,12/11/2020,east,3. Premium Partial (Gap Harbour View),700,8
59,5,Low, E,584,Middle_Unit,12080040,20685,12/11/2020,south,6. Normal (Good Direction - S/E),200,6
10,23,Mid, F,582,Middle_Unit,10599966,18213,12/11/2020,west,8. Normal (Poor Direction - N/W),400,4.5
54,14,Mid, A,552,Middle_Unit,11000256,19928,9/11/2020,north,1. Premium Plus (Full Harbour),650,9
28,14,Mid, F,583,Middle_Unit,11099737,19039,9/11/2020,west,8. Normal (Poor Direction - N/W),400,4.5
50,3,Low, H,591,Middle_Unit,9499734,16074,9/11/2020,north,8. Normal (Poor Direction - N/W),350,4.5
54,16,Mid, H,552,Middle_Unit,10500144,19022,6/11/2020,north,1. Premium Plus (Full Harbour),650,9
50,7,Low, E,503,Small_Unit,9539898,18966,5/11/2020,south,6. Normal (Good Direction - S/E),350,6
48,27,High, H,603,Middle_Unit,11680110,19370,5/11/2020,north,8. Normal (Poor Direction - N/W),500,4.5
62,26,High, A,597,Middle_Unit,11679708,19564,4/11/2020,north,8. Normal (Poor Direction - N/W),200,4.5
60,13,Mid, F,647,Middle_Unit,13500302,20866,4/11/2020,west,8. Normal (Poor Direction - N/W),200,4.5
57,19,Mid, D,760,Large_Unit,15380120,20237,3/11/2020,south,6. Normal (Good Direction - S/E),200,6
32,14,Mid, F,503,Small_Unit,9980023,19841,3/11/2020,west,8. Normal (Poor Direction - N/W),500,4.5
20,21,Mid, B,785,Large_Unit,15100260,19236,3/11/2020,east,6. Normal (Good Direction - S/E),150,6
25,6,Low, H,580,Middle_Unit,11500240,19828,3/11/2020,north,8. Normal (Poor Direction - N/W),200,4.5
43,15,Mid, E,922,Large_Unit,17600058,19089,3/11/2020,south,6. Normal (Good Direction - S/E),700,6
51,5,Low, E,502,Small_Unit,8999856,17928,2/11/2020,south,6. Normal (Good Direction - S/E),350,6
17,12,Mid, D,593,Middle_Unit,10770066,18162,2/11/2020,south,2. Premium (Full Mountain),400,8.5
63,17,Mid, B,649,Middle_Unit,13699741,21109,30/10/2020,east,6. Normal (Good Direction - S/E),200,6
19,19,Mid, A,489,Small_Unit,9899805,20245,30/10/2020,north,8. Normal (Poor Direction - N/W),150,4.5
15,27,High, C,582,Middle_Unit,11200008,19244,29/10/2020,east,6. Normal (Good Direction - S/E),400,6
59,20,Mid, G,567,Middle_Unit,11430153,20159,28/10/2020,west,8. Normal (Poor Direction - N/W),200,4.5
19,14,Mid, E,545,Small_Unit,10000205,18349,28/10/2020,south,6. Normal (Good Direction - S/E),150,6
45,4,Low, G,572,Middle_Unit,10900032,19056,27/10/2020,west,3. Premium Partial (Gap Harbour View),650,8
31,17,Mid, A,580,Middle_Unit,11750220,20259,23/10/2020,north,4. Good Open (High Floor City),500,7
3,14,Mid, D,583,Middle_Unit,9899923,16981,22/10/2020,south,2. Premium (Full Mountain),400,8.5
51,8,Low, B,582,Middle_Unit,10800174,18557,22/10/2020,east,6. Normal (Good Direction - S/E),350,6
2,18,Mid, B,489,Small_Unit,9080241,18569,21/10/2020,east,6. Normal (Good Direction - S/E),400,6
51,28,High, B,582,Middle_Unit,12790032,21976,21/10/2020,east,6. Normal (Good Direction - S/E),350,6
51,28,High, A,701,Large_Unit,15600054,22254,21/10/2020,north,8. Normal (Poor Direction - N/W),350,4.5
13,11,Mid, B,685,Middle_Unit,12380005,18073,20/10/2020,east,6. Normal (Good Direction - S/E),400,6
32,24,Mid, B,701,Large_Unit,13180202,18802,20/10/2020,east,6. Normal (Good Direction - S/E),500,6
1,13,Mid, A,545,Small_Unit,9099865,16697,19/10/2020,north,8. Normal (Poor Direction - N/W),400,4.5
23,24,Mid, H,702,Large_Unit,14080014,20057,19/10/2020,north,8. Normal (Poor Direction - N/W),200,4.5
6,13,Mid, H,760,Large_Unit,13999960,18421,14/10/2020,north,8. Normal (Poor Direction - N/W),460,4.5
9,22,Mid, F,589,Middle_Unit,10930073,18557,12/10/2020,west,8. Normal (Poor Direction - N/W),400,4.5
23,13,Mid, G,580,Middle_Unit,12580200,21690,12/10/2020,west,8. Normal (Poor Direction - N/W),200,4.5
53,26,High, H,749,Large_Unit,15000223,20027,9/10/2020,north,8. Normal (Poor Direction - N/W),350,4.5
54,3,Low, B,587,Middle_Unit,9799965,16695,9/10/2020,east,3. Premium Partial (Gap Harbour View),650,8
50,16,Mid, H,603,Middle_Unit,10999926,18242,9/10/2020,north,8. Normal (Poor Direction - N/W),350,4.5
31,16,Mid, A,580,Middle_Unit,11680040,20138,9/10/2020,north,4. Good Open (High Floor City),500,7
15,2,Low, G,582,Middle_Unit,9999924,17182,8/10/2020,west,8. Normal (Poor Direction - N/W),400,4.5
40,2,Low, C,897,Large_Unit,14500005,16165,8/10/2020,east,3. Premium Partial (Gap Harbour View),600,6
54,4,Low, E,488,Small_Unit,9699976,19877,8/10/2020,south,6. Normal (Good Direction - S/E),650,6
11,9,Low, H,598,Middle_Unit,9999756,16722,7/10/2020,north,8. Normal (Poor Direction - N/W),400,4.5
33,21,Mid, A,1114,Large_Unit,26399572,23698,6/10/2020,north,1. Premium Plus (Full Harbour),700,9
48,23,Mid, C,662,Middle_Unit,13900014,20997,6/10/2020,east,6. Normal (Good Direction - S/E),500,6
56,14,Mid, B,792,Large_Unit,18299952,23106,6/10/2020,east,6. Normal (Good Direction - S/E),200,6
18,20,Mid, B,684,Middle_Unit,12279852,17953,6/10/2020,east,6. Normal (Good Direction - S/E),400,6
45,2,Low, C,723,Large_Unit,11899857,16459,6/10/2020,east,3. Premium Partial (Gap Harbour View),650,8
45,13,Mid, E,708,Large_Unit,13599972,19209,5/10/2020,south,6. Normal (Good Direction - S/E),650,6
32,7,Low, B,701,Large_Unit,11999718,17118,5/10/2020,east,6. Normal (Good Direction - S/E),500,6
56,25,Mid, G,720,Large_Unit,14359680,19944,30/9/2020,west,8. Normal (Poor Direction - N/W),200,4.5
41,27,High, G,1015,Large_Unit,23900205,23547,30/9/2020,west,3. Premium Partial (Gap Harbour View),600,8
39,25,Mid, G,1015,Large_Unit,22830395,22493,30/9/2020,west,3. Premium Partial (Gap Harbour View),600,8
8,9,Low, H,596,Middle_Unit,10430000,17500,29/9/2020,north,8. Normal (Poor Direction - N/W),400,4.5
31,10,Low, D,580,Middle_Unit,11279840,19448,29/9/2020,south,6. Normal (Good Direction - S/E),500,6
49,23,Mid, D,502,Small_Unit,10600232,21116,29/9/2020,south,6. Normal (Good Direction - S/E),500,6
1,3,Low, H,545,Small_Unit,9050270,16606,29/9/2020,north,8. Normal (Poor Direction - N/W),400,4.5
35,15,Mid, B,1015,Large_Unit,22579690,22246,29/9/2020,east,3. Premium Partial (Gap Harbour View),600,6
8,9,Low, C,722,Large_Unit,12099998,16759,28/9/2020,east,6. Normal (Good Direction - S/E),400,6
19,19,Mid, D,545,Small_Unit,10679820,19596,28/9/2020,south,6. Normal (Good Direction - S/E),150,6
36,22,Mid, E,922,Large_Unit,18099782,19631,25/9/2020,south,6. Normal (Good Direction - S/E),600,6
19,13,Mid, B,583,Middle_Unit,11029777,18919,25/9/2020,east,6. Normal (Good Direction - S/E),150,6
18,18,Mid, B,684,Middle_Unit,12299688,17982,25/9/2020,east,6. Normal (Good Direction - S/E),400,6
10,11,Mid, F,582,Middle_Unit,10179762,17491,24/9/2020,west,8. Normal (Poor Direction - N/W),400,4.5
39,22,Mid, C,897,Large_Unit,17980365,20045,24/9/2020,east,3. Premium Partial (Gap Harbour View),600,8
57,20,Mid, C,717,Large_Unit,16500321,23013,24/9/2020,east,6. Normal (Good Direction - S/E),200,6
10,9,Low, A,536,Small_Unit,10000152,18657,23/9/2020,north,8. Normal (Poor Direction - N/W),400,4.5
45,19,Mid, F,572,Middle_Unit,11100232,19406,23/9/2020,west,3. Premium Partial (Gap Harbour View),650,8
10,8,Low, G,582,Middle_Unit,11250060,19330,22/9/2020,west,8. Normal (Poor Direction - N/W),400,4.5
18,5,Low, C,684,Middle_Unit,11900232,17398,22/9/2020,east,6. Normal (Good Direction - S/E),400,6
8,10,Low, E,689,Middle_Unit,10000146,14514,22/9/2020,south,2. Premium (Full Mountain),400,8.5
58,15,Mid, D,760,Large_Unit,14480280,19053,21/9/2020,south,6. Normal (Good Direction - S/E),200,6
11,11,Mid, C,582,Middle_Unit,8349954,14347,21/9/2020,east,6. Normal (Good Direction - S/E),400,6
11,10,Low, H,598,Middle_Unit,10600148,17726,18/9/2020,north,8. Normal (Poor Direction - N/W),400,4.5
49,21,Mid, C,582,Middle_Unit,11379846,19553,17/9/2020,east,6. Normal (Good Direction - S/E),500,6
1,27,High, F,580,Middle_Unit,9868120,17014,15/9/2020,west,8. Normal (Poor Direction - N/W),400,4.5
9,11,Mid, G,589,Middle_Unit,10799904,18336,15/9/2020,west,8. Normal (Poor Direction - N/W),400,4.5
54,6,Low, D,488,Small_Unit,9699976,19877,15/9/2020,south,6. Normal (Good Direction - S/E),650,6
48,12,Mid, A,603,Middle_Unit,12199896,20232,14/9/2020,north,8. Normal (Poor Direction - N/W),500,4.5
1,5,Low, H,545,Small_Unit,9400160,17248,11/9/2020,north,8. Normal (Poor Direction - N/W),400,4.5
56,10,Low, G,717,Large_Unit,14249658,19874,10/9/2020,west,8. Normal (Poor Direction - N/W),200,4.5
53,6,Low, D,749,Large_Unit,15099840,20160,10/9/2020,south,6. Normal (Good Direction - S/E),350,6
31,5,Low, D,580,Middle_Unit,10850060,18707,9/9/2020,south,6. Normal (Good Direction - S/E),500,6
12,15,Mid, F,581,Middle_Unit,10000172,17212,9/9/2020,west,8. Normal (Poor Direction - N/W),400,4.5
58,25,Mid, H,763,Large_Unit,14380261,18847,8/9/2020,north,8. Normal (Poor Direction - N/W),200,4.5
15,3,Low, B,582,Middle_Unit,9999924,17182,3/9/2020,east,6. Normal (Good Direction - S/E),400,6
15,16,Mid, B,582,Middle_Unit,11300112,19416,3/9/2020,east,6. Normal (Good Direction - S/E),400,6
16,22,Mid, E,689,Middle_Unit,11879738,17242,2/9/2020,south,2. Premium (Full Mountain),400,8.5
15,25,Mid, G,582,Middle_Unit,9999924,17182,2/9/2020,west,8. Normal (Poor Direction - N/W),400,4.5
26,6,Low, B,785,Large_Unit,14100170,17962,2/9/2020,east,6. Normal (Good Direction - S/E),200,6
9,18,Mid, E,670,Middle_Unit,11899870,17761,1/9/2020,south,2. Premium (Full Mountain),400,8.5
17,11,Mid, A,593,Middle_Unit,9999759,16863,31/8/2020,north,8. Normal (Poor Direction - N/W),400,4.5
42,4,Low, G,1015,Large_Unit,19999560,19704,31/8/2020,west,3. Premium Partial (Gap Harbour View),650,8
15,10,Low, H,530,Small_Unit,9800230,18491,28/8/2020,north,8. Normal (Poor Direction - N/W),400,4.5
11,6,Low, F,691,Middle_Unit,11000029,15919,27/8/2020,west,8. Normal (Poor Direction - N/W),400,4.5
17,16,Mid, A,593,Middle_Unit,9999759,16863,27/8/2020,north,8. Normal (Poor Direction - N/W),400,4.5
45,12,Mid, F,572,Middle_Unit,11680240,20420,27/8/2020,west,3. Premium Partial (Gap Harbour View),650,8
6,6,Low, E,709,Large_Unit,12600348,17772,26/8/2020,south,2. Premium (Full Mountain),460,8.5
1,17,Mid, H,545,Small_Unit,9679745,17761,24/8/2020,north,8. Normal (Poor Direction - N/W),400,4.5
19,7,Low, H,489,Small_Unit,9809829,20061,21/8/2020,north,8. Normal (Poor Direction - N/W),150,4.5
56,7,Low, D,759,Large_Unit,15999720,21080,21/8/2020,south,6. Normal (Good Direction - S/E),200,6
19,13,Mid, A,489,Small_Unit,9879756,20204,17/8/2020,north,8. Normal (Poor Direction - N/W),150,4.5
28,9,Low, D,602,Middle_Unit,10159954,16877,14/8/2020,south,6. Normal (Good Direction - S/E),400,6
29,19,Mid, G,580,Middle_Unit,11500240,19828,14/8/2020,west,8. Normal (Poor Direction - N/W),400,4.5
36,15,Mid, C,897,Large_Unit,15799758,17614,14/8/2020,east,3. Premium Partial (Gap Harbour View),600,8
9,23,Mid, B,589,Middle_Unit,11450160,19440,14/8/2020,east,6. Normal (Good Direction - S/E),400,6
15,3,Low, F,582,Middle_Unit,9999924,17182,14/8/2020,west,8. Normal (Poor Direction - N/W),400,4.5
32,27,High, E,580,Middle_Unit,11220100,19345,13/8/2020,south,6. Normal (Good Direction - S/E),500,6
21,21,Mid, F,580,Middle_Unit,11899860,20517,13/8/2020,west,8. Normal (Poor Direction - N/W),150,4.5
55,10,Low, H,759,Large_Unit,15564813,20507,12/8/2020,north,8. Normal (Poor Direction - N/W),200,4.5
14,17,Mid, B,582,Middle_Unit,12000258,20619,12/8/2020,east,6. Normal (Good Direction - S/E),400,6
35,11,Mid, C,897,Large_Unit,17250207,19231,12/8/2020,east,3. Premium Partial (Gap Harbour View),600,8
47,19,Mid, E,580,Middle_Unit,11600000,20000,12/8/2020,south,6. Normal (Good Direction - S/E),500,6
50,27,High, A,603,Middle_Unit,12889125,21375,11/8/2020,north,8. Normal (Poor Direction - N/W),350,4.5
48,21,Mid, A,603,Middle_Unit,12679884,21028,11/8/2020,north,8. Normal (Poor Direction - N/W),500,4.5
25,25,Mid, A,580,Middle_Unit,12279760,21172,6/8/2020,north,8. Normal (Poor Direction - N/W),200,4.5
3,26,High, F,545,Small_Unit,9000130,16514,5/8/2020,west,8. Normal (Poor Direction - N/W),400,4.5
7,22,Mid, F,536,Small_Unit,10000152,18657,5/8/2020,west,8. Normal (Poor Direction - N/W),430,4.5
55,19,Mid, D,759,Large_Unit,17179965,22635,4/8/2020,south,6. Normal (Good Direction - S/E),200,6
2,20,Mid, B,489,Small_Unit,8820093,18037,31/7/2020,east,6. Normal (Good Direction - S/E),400,6
48,17,Mid, E,503,Small_Unit,10299931,20477,29/7/2020,south,6. Normal (Good Direction - S/E),500,6
1,13,Mid, D,489,Small_Unit,9080241,18569,29/7/2020,south,10. Poor Street (King's Road Noise Penalty),400,2
30,11,Mid, F,506,Small_Unit,9880156,19526,29/7/2020,west,8. Normal (Poor Direction - N/W),500,4.5
35,15,Mid, A,1114,Large_Unit,26799498,24057,28/7/2020,north,1. Premium Plus (Full Harbour),600,9
30,25,Mid, A,583,Middle_Unit,9499985,16295,27/7/2020,north,8. Normal (Poor Direction - N/W),500,4.5
14,13,Mid, B,582,Middle_Unit,11599842,19931,27/7/2020,east,6. Normal (Good Direction - S/E),400,6
52,22,Mid, C,701,Large_Unit,14149685,20185,27/7/2020,east,6. Normal (Good Direction - S/E),350,6
63,4,Low, B,649,Middle_Unit,12199902,18798,27/7/2020,east,6. Normal (Good Direction - S/E),200,6
47,23,Mid, G,707,Large_Unit,13980218,19774,27/7/2020,west,8. Normal (Poor Direction - N/W),500,4.5
30,18,Mid, H,583,Middle_Unit,9499985,16295,24/7/2020,north,8. Normal (Poor Direction - N/W),500,4.5
8,3,Low, H,580,Middle_Unit,9890160,17052,24/7/2020,north,8. Normal (Poor Direction - N/W),400,4.5
42,21,Mid, G,1015,Large_Unit,21379960,21064,24/7/2020,west,3. Premium Partial (Gap Harbour View),650,8
13,20,Mid, H,689,Middle_Unit,12800242,18578,24/7/2020,north,8. Normal (Poor Direction - N/W),400,4.5
44,9,Low, B,723,Large_Unit,15650058,21646,23/7/2020,east,3. Premium Partial (Gap Harbour View),650,6
58,5,Low, E,760,Large_Unit,14538040,19129,23/7/2020,south,6. Normal (Good Direction - S/E),200,6
7,21,Mid, G,536,Small_Unit,10599936,19776,22/7/2020,west,8. Normal (Poor Direction - N/W),430,4.5
18,20,Mid, A,690,Middle_Unit,13800000,20000,22/7/2020,north,8. Normal (Poor Direction - N/W),400,4.5
24,3,Low, A,698,Middle_Unit,11050038,15831,22/7/2020,north,8. Normal (Poor Direction - N/W),200,4.5
57,26,High, H,764,Large_Unit,14299788,18717,22/7/2020,north,8. Normal (Poor Direction - N/W),200,4.5
15,8,Low, A,530,Small_Unit,9800230,18491,21/7/2020,north,8. Normal (Poor Direction - N/W),400,4.5
12,24,Mid, C,684,Middle_Unit,13199832,19298,21/7/2020,east,6. Normal (Good Direction - S/E),400,6
51,17,Mid, D,502,Small_Unit,9999840,19920,20/7/2020,south,6. Normal (Good Direction - S/E),350,6
11,14,Mid, H,598,Middle_Unit,9999756,16722,20/7/2020,north,8. Normal (Poor Direction - N/W),400,4.5
37,18,Mid, D,922,Large_Unit,18600428,20174,20/7/2020,south,6. Normal (Good Direction - S/E),600,6
8,20,Mid, D,689,Middle_Unit,12280047,17823,17/7/2020,south,2. Premium (Full Mountain),400,8.5
20,25,Mid, A,747,Large_Unit,14000274,18742,17/7/2020,north,8. Normal (Poor Direction - N/W),150,4.5
46,16,Mid, C,809,Large_Unit,17000326,21014,16/7/2020,east,6. Normal (Good Direction - S/E),500,6
35,22,Mid, D,922,Large_Unit,18600428,20174,16/7/2020,south,6. Normal (Good Direction - S/E),600,6
22,6,Low, G,582,Middle_Unit,11919942,20481,15/7/2020,west,8. Normal (Poor Direction - N/W),150,4.5
2,2,Low, B,482,Small_Unit,8180022,16971,13/7/2020,east,6. Normal (Good Direction - S/E),400,6
47,3,Low, F,695,Middle_Unit,11500165,16547,13/7/2020,west,8. Normal (Poor Direction - N/W),500,4.5
2,13,Mid, A,583,Middle_Unit,9899923,16981,13/7/2020,north,8. Normal (Poor Direction - N/W),400,4.5
56,17,Mid, B,792,Large_Unit,16700112,21086,10/7/2020,east,6. Normal (Good Direction - S/E),200,6
2,15,Mid, D,583,Middle_Unit,9950061,17067,9/7/2020,south,2. Premium (Full Mountain),400,8.5
36,21,Mid, E,922,Large_Unit,18000206,19523,9/7/2020,south,6. Normal (Good Direction - S/E),600,6
48,10,Low, A,603,Middle_Unit,12280095,20365,8/7/2020,north,8. Normal (Poor Direction - N/W),500,4.5
14,4,Low, G,582,Middle_Unit,9999924,17182,6/7/2020,west,8. Normal (Poor Direction - N/W),400,4.5
59,19,Mid, H,584,Middle_Unit,13179712,22568,6/7/2020,north,8. Normal (Poor Direction - N/W),200,4.5
44,6,Low, G,572,Middle_Unit,9980256,17448,3/7/2020,west,3. Premium Partial (Gap Harbour View),650,8
43,13,Mid, H,1114,Large_Unit,24900128,22352,3/7/2020,north,11. Poor Highway (IEC Noise Penalty),700,1
35,23,Mid, D,922,Large_Unit,18099782,19631,2/7/2020,south,6. Normal (Good Direction - S/E),600,6
35,12,Mid, C,897,Large_Unit,18200130,20290,2/7/2020,east,3. Premium Partial (Gap Harbour View),600,8
25,28,High, G,702,Large_Unit,15500160,22080,30/6/2020,west,8. Normal (Poor Direction - N/W),200,4.5
25,4,Low, E,580,Middle_Unit,10199880,17586,30/6/2020,south,6. Normal (Good Direction - S/E),200,6
2,10,Low, B,489,Small_Unit,8589774,17566,29/6/2020,east,6. Normal (Good Direction - S/E),400,6
33,18,Mid, F,897,Large_Unit,15999789,17837,26/6/2020,west,3. Premium Partial (Gap Harbour View),700,4.5
52,7,Low, D,582,Middle_Unit,11800050,20275,24/6/2020,south,6. Normal (Good Direction - S/E),350,6
12,26,High, F,581,Middle_Unit,11399801,19621,23/6/2020,west,8. Normal (Poor Direction - N/W),400,4.5
10,15,Mid, E,689,Middle_Unit,10299861,14949,23/6/2020,south,2. Premium (Full Mountain),400,8.5
53,11,Mid, B,809,Large_Unit,17200149,21261,23/6/2020,east,6. Normal (Good Direction - S/E),350,6
30,24,Mid, C,606,Middle_Unit,11700042,19307,19/6/2020,east,6. Normal (Good Direction - S/E),500,6
55,13,Mid, C,797,Large_Unit,15999775,20075,19/6/2020,east,6. Normal (Good Direction - S/E),200,6
60,16,Mid, A,593,Middle_Unit,13159856,22192,19/6/2020,north,8. Normal (Poor Direction - N/W),200,4.5
24,21,Mid, A,709,Large_Unit,14699697,20733,18/6/2020,north,8. Normal (Poor Direction - N/W),200,4.5
12,5,Low, D,593,Middle_Unit,10321758,17406,17/6/2020,south,10. Poor Street (King's Road Noise Penalty),400,2
40,19,Mid, B,1015,Large_Unit,22499505,22167,17/6/2020,east,3. Premium Partial (Gap Harbour View),600,8
58,20,Mid, F,717,Large_Unit,15350253,21409,16/6/2020,west,8. Normal (Poor Direction - N/W),200,4.5
22,23,Mid, A,702,Large_Unit,13634946,19423,16/6/2020,north,8. Normal (Poor Direction - N/W),150,4.5
16,25,Mid, G,685,Middle_Unit,12499880,18248,16/6/2020,west,8. Normal (Poor Direction - N/W),400,4.5
29,8,Low, B,580,Middle_Unit,11899860,20517,15/6/2020,east,6. Normal (Good Direction - S/E),400,6
35,27,High, B,1015,Large_Unit,23799720,23448,12/6/2020,east,3. Premium Partial (Gap Harbour View),600,6
9,3,Low, B,589,Middle_Unit,10000042,16978,10/6/2020,east,6. Normal (Good Direction - S/E),400,6
21,13,Mid, D,702,Large_Unit,14230242,20271,10/6/2020,south,6. Normal (Good Direction - S/E),150,6
19,4,Low, B,583,Middle_Unit,10000199,17153,9/6/2020,east,6. Normal (Good Direction - S/E),150,6
28,13,Mid, A,706,Large_Unit,14079758,19943,8/6/2020,north,8. Normal (Poor Direction - N/W),400,4.5
52,3,Low, D,582,Middle_Unit,9999924,17182,8/6/2020,south,6. Normal (Good Direction - S/E),350,6
61,10,Low, D,714,Large_Unit,14599872,20448,5/6/2020,south,6. Normal (Good Direction - S/E),200,6
38,19,Mid, E,922,Large_Unit,18299856,19848,5/6/2020,south,6. Normal (Good Direction - S/E),600,6
51,26,High, G,664,Middle_Unit,11950008,17997,4/6/2020,west,8. Normal (Poor Direction - N/W),350,4.5
43,12,Mid, B,1015,Large_Unit,20499955,20197,4/6/2020,east,3. Premium Partial (Gap Harbour View),700,8
14,4,Low, H,530,Small_Unit,10000040,18868,4/6/2020,north,8. Normal (Poor Direction - N/W),400,4.5
47,7,Low, B,707,Large_Unit,14550060,20580,3/6/2020,east,6. Normal (Good Direction - S/E),500,6
7,10,Low, A,582,Middle_Unit,12199884,20962,3/6/2020,north,8. Normal (Poor Direction - N/W),430,4.5
53,8,Low, B,809,Large_Unit,16500364,20396,3/6/2020,east,6. Normal (Good Direction - S/E),350,6
10,10,Low, G,582,Middle_Unit,9999924,17182,3/6/2020,west,8. Normal (Poor Direction - N/W),400,4.5
54,14,Mid, D,488,Small_Unit,9900056,20287,2/6/2020,south,6. Normal (Good Direction - S/E),650,6
50,27,High, G,582,Middle_Unit,12280200,21100,2/6/2020,west,8. Normal (Poor Direction - N/W),350,4.5
58,6,Low, C,792,Large_Unit,15500232,19571,2/6/2020,east,6. Normal (Good Direction - S/E),200,6
25,8,Low, D,580,Middle_Unit,11899860,20517,2/6/2020,south,6. Normal (Good Direction - S/E),200,6
47,26,High, A,580,Middle_Unit,13000120,22414,1/6/2020,north,8. Normal (Poor Direction - N/W),500,4.5
51,9,Low, C,582,Middle_Unit,10999800,18900,1/6/2020,east,6. Normal (Good Direction - S/E),350,6
39,28,High, G,1183,Large_Unit,26599755,22485,29/5/2020,west,3. Premium Partial (Gap Harbour View),600,8
20,17,Mid, B,785,Large_Unit,15750240,20064,29/5/2020,east,6. Normal (Good Direction - S/E),150,6
51,27,High, D,502,Small_Unit,10680050,21275,28/5/2020,south,6. Normal (Good Direction - S/E),350,6
43,28,High, A,1277,Large_Unit,40299566,31558,28/5/2020,north,1. Premium Plus (Full Harbour),700,9
51,16,Mid, C,582,Middle_Unit,9999924,17182,27/5/2020,east,6. Normal (Good Direction - S/E),350,6
35,3,Low, G,1015,Large_Unit,17800055,17537,26/5/2020,west,3. Premium Partial (Gap Harbour View),600,8
41,12,Mid, C,897,Large_Unit,17380272,19376,26/5/2020,east,3. Premium Partial (Gap Harbour View),600,8
49,18,Mid, E,502,Small_Unit,9999840,19920,26/5/2020,south,6. Normal (Good Direction - S/E),500,6
19,27,High, C,583,Middle_Unit,12500103,21441,25/5/2020,east,6. Normal (Good Direction - S/E),150,6
34,14,Mid, E,922,Large_Unit,17199910,18655,22/5/2020,south,6. Normal (Good Direction - S/E),650,6
54,24,Mid, B,587,Middle_Unit,12000041,20443,21/5/2020,east,3. Premium Partial (Gap Harbour View),650,8
59,16,Mid, C,714,Large_Unit,13800192,19328,20/5/2020,east,6. Normal (Good Direction - S/E),200,6
19,3,Low, D,545,Small_Unit,9350020,17156,20/5/2020,south,6. Normal (Good Direction - S/E),150,6
36,27,High, A,1114,Large_Unit,26700352,23968,20/5/2020,north,1. Premium Plus (Full Harbour),600,9
43,20,Mid, C,897,Large_Unit,17287881,19273,20/5/2020,east,3. Premium Partial (Gap Harbour View),700,8
40,17,Mid, G,1015,Large_Unit,19679835,19389,20/5/2020,west,3. Premium Partial (Gap Harbour View),600,8
22,25,Mid, F,582,Middle_Unit,12000258,20619,19/5/2020,west,4. Good Open (High Floor City),150,7
16,24,Mid, A,593,Middle_Unit,10529901,17757,18/5/2020,north,8. Normal (Poor Direction - N/W),400,4.5
15,7,Low, G,582,Middle_Unit,10800174,18557,15/5/2020,west,8. Normal (Poor Direction - N/W),400,4.5
2,26,High, D,583,Middle_Unit,10000199,17153,15/5/2020,south,2. Premium (Full Mountain),400,8.5
7,4,Low, B,689,Middle_Unit,12499838,18142,14/5/2020,east,6. Normal (Good Direction - S/E),430,6
48,20,Mid, C,662,Middle_Unit,13800052,20846,14/5/2020,east,6. Normal (Good Direction - S/E),500,6
60,10,Low, B,680,Middle_Unit,13400080,19706,14/5/2020,east,6. Normal (Good Direction - S/E),200,6
16,17,Mid, B,685,Middle_Unit,12349865,18029,13/5/2020,east,6. Normal (Good Direction - S/E),400,6
45,12,Mid, B,723,Large_Unit,14480244,20028,12/5/2020,east,3. Premium Partial (Gap Harbour View),650,8
24,11,Mid, F,723,Large_Unit,14300217,19779,11/5/2020,west,8. Normal (Poor Direction - N/W),200,4.5
48,22,Mid, E,503,Small_Unit,10000143,19881,11/5/2020,south,6. Normal (Good Direction - S/E),500,6
23,4,Low, D,702,Large_Unit,12499812,17806,11/5/2020,south,6. Normal (Good Direction - S/E),200,6
57,13,Mid, A,760,Large_Unit,14800240,19474,11/5/2020,north,8. Normal (Poor Direction - N/W),200,4.5
12,16,Mid, F,581,Middle_Unit,10000172,17212,8/5/2020,west,8. Normal (Poor Direction - N/W),400,4.5
1,21,Mid, A,545,Small_Unit,9667755,17739,7/5/2020,north,8. Normal (Poor Direction - N/W),400,4.5
48,21,Mid, D,503,Small_Unit,10000143,19881,6/5/2020,south,6. Normal (Good Direction - S/E),500,6
26,11,Mid, A,747,Large_Unit,14768190,19770,5/5/2020,north,8. Normal (Poor Direction - N/W),200,4.5
18,26,High, F,684,Middle_Unit,11799684,17251,4/5/2020,west,8. Normal (Poor Direction - N/W),400,4.5
25,4,Low, H,580,Middle_Unit,10590220,18259,24/4/2020,north,8. Normal (Poor Direction - N/W),200,4.5
2,24,Mid, A,583,Middle_Unit,9997867,17149,23/4/2020,north,8. Normal (Poor Direction - N/W),400,4.5
6,25,Mid, A,760,Large_Unit,14899800,19605,23/4/2020,north,8. Normal (Poor Direction - N/W),460,4.5
27,15,Mid, E,580,Middle_Unit,10499740,18103,22/4/2020,south,6. Normal (Good Direction - S/E),400,6
48,7,Low, F,580,Middle_Unit,11000280,18966,22/4/2020,west,8. Normal (Poor Direction - N/W),500,4.5
50,17,Mid, D,503,Small_Unit,10000143,19881,21/4/2020,south,6. Normal (Good Direction - S/E),350,6
48,14,Mid, H,603,Middle_Unit,10999926,18242,20/4/2020,north,8. Normal (Poor Direction - N/W),500,4.5
54,13,Mid, A,552,Middle_Unit,11900016,21558,20/4/2020,north,1. Premium Plus (Full Harbour),650,9
6,4,Low, F,704,Large_Unit,11999680,17045,17/4/2020,west,8. Normal (Poor Direction - N/W),460,4.5
43,25,Mid, F,897,Large_Unit,15999789,17837,16/4/2020,west,3. Premium Partial (Gap Harbour View),700,8
15,10,Low, G,582,Middle_Unit,9999924,17182,16/4/2020,west,8. Normal (Poor Direction - N/W),400,4.5
23,18,Mid, G,580,Middle_Unit,11680040,20138,8/4/2020,west,8. Normal (Poor Direction - N/W),200,4.5
41,7,Low, D,922,Large_Unit,16879976,18308,7/4/2020,south,6. Normal (Good Direction - S/E),600,6
49,23,Mid, E,502,Small_Unit,9999840,19920,3/4/2020,south,6. Normal (Good Direction - S/E),500,6
46,4,Low, H,748,Large_Unit,13279992,17754,2/4/2020,north,8. Normal (Poor Direction - N/W),500,4.5
22,16,Mid, D,702,Large_Unit,13349934,19017,31/3/2020,south,6. Normal (Good Direction - S/E),150,6
1,11,Mid, D,489,Small_Unit,8299797,16973,31/3/2020,south,10. Poor Street (King's Road Noise Penalty),400,2
47,28,High, A,580,Middle_Unit,14000040,24138,31/3/2020,north,8. Normal (Poor Direction - N/W),500,4.5
21,3,Low, D,702,Large_Unit,11000340,15670,31/3/2020,south,6. Normal (Good Direction - S/E),150,6
1,10,Low, A,545,Small_Unit,9400160,17248,31/3/2020,north,8. Normal (Poor Direction - N/W),400,4.5
54,6,Low, E,488,Small_Unit,9750240,19980,31/3/2020,south,6. Normal (Good Direction - S/E),650,6
61,23,Mid, G,682,Middle_Unit,15600068,22874,27/3/2020,west,8. Normal (Poor Direction - N/W),200,4.5
52,12,Mid, E,582,Middle_Unit,11879784,20412,26/3/2020,south,6. Normal (Good Direction - S/E),350,6
29,16,Mid, G,580,Middle_Unit,11479940,19793,25/3/2020,west,8. Normal (Poor Direction - N/W),400,4.5
54,22,Mid, F,587,Middle_Unit,11920209,20307,23/3/2020,west,3. Premium Partial (Gap Harbour View),650,8
19,7,Low, B,583,Middle_Unit,10200168,17496,20/3/2020,east,6. Normal (Good Direction - S/E),150,6
63,20,Mid, D,715,Large_Unit,14079780,19692,19/3/2020,south,6. Normal (Good Direction - S/E),200,6
52,15,Mid, E,582,Middle_Unit,9999924,17182,18/3/2020,south,6. Normal (Good Direction - S/E),350,6
49,5,Low, F,664,Middle_Unit,11499816,17319,17/3/2020,west,8. Normal (Poor Direction - N/W),500,4.5
8,10,Low, F,582,Middle_Unit,9980136,17148,16/3/2020,west,8. Normal (Poor Direction - N/W),400,4.5
49,9,Low, B,582,Middle_Unit,11350164,19502,16/3/2020,east,6. Normal (Good Direction - S/E),500,6
24,14,Mid, A,709,Large_Unit,14279969,20141,13/3/2020,north,8. Normal (Poor Direction - N/W),200,4.5
63,26,High, C,614,Middle_Unit,11449872,18648,13/3/2020,east,6. Normal (Good Direction - S/E),200,6
63,15,Mid, F,589,Middle_Unit,11450160,19440,12/3/2020,west,8. Normal (Poor Direction - N/W),200,4.5
51,13,Mid, F,664,Middle_Unit,12100072,18223,12/3/2020,west,8. Normal (Poor Direction - N/W),350,4.5
54,3,Low, A,530,Small_Unit,9800230,18491,9/3/2020,north,1. Premium Plus (Full Harbour),650,9
54,4,Low, F,587,Middle_Unit,10000132,17036,9/3/2020,west,3. Premium Partial (Gap Harbour View),650,8
22,27,High, H,702,Large_Unit,14179698,20199,6/3/2020,north,8. Normal (Poor Direction - N/W),150,4.5
48,13,Mid, D,503,Small_Unit,10299931,20477,5/3/2020,south,6. Normal (Good Direction - S/E),500,6
48,15,Mid, H,603,Middle_Unit,11499813,19071,5/3/2020,north,8. Normal (Poor Direction - N/W),500,4.5
16,7,Low, D,689,Middle_Unit,10000146,14514,4/3/2020,south,2. Premium (Full Mountain),400,8.5
7,6,Low, H,582,Middle_Unit,10399758,17869,4/3/2020,north,8. Normal (Poor Direction - N/W),430,4.5
11,13,Mid, C,582,Middle_Unit,9999924,17182,4/3/2020,east,6. Normal (Good Direction - S/E),400,6
11,20,Mid, H,598,Middle_Unit,10780146,18027,4/3/2020,north,8. Normal (Poor Direction - N/W),400,4.5
24,6,Low, C,580,Middle_Unit,11430060,19707,2/3/2020,east,6. Normal (Good Direction - S/E),200,6
25,10,Low, G,702,Large_Unit,13399776,19088,28/2/2020,west,8. Normal (Poor Direction - N/W),200,4.5
33,11,Mid, F,897,Large_Unit,16599882,18506,27/2/2020,west,3. Premium Partial (Gap Harbour View),700,4.5
47,9,Low, A,580,Middle_Unit,11779800,20310,26/2/2020,north,8. Normal (Poor Direction - N/W),500,4.5
62,4,Low, G,561,Middle_Unit,10880034,19394,19/2/2020,west,8. Normal (Poor Direction - N/W),200,4.5
9,14,Mid, H,518,Small_Unit,9990148,19286,19/2/2020,north,8. Normal (Poor Direction - N/W),400,4.5
55,24,Mid, F,680,Middle_Unit,14800200,21765,18/2/2020,west,8. Normal (Poor Direction - N/W),200,4.5
50,13,Mid, E,503,Small_Unit,10000143,19881,17/2/2020,south,6. Normal (Good Direction - S/E),350,6
13,2,Low, H,689,Middle_Unit,10000146,14514,14/2/2020,north,8. Normal (Poor Direction - N/W),400,4.5
36,24,Mid, C,897,Large_Unit,17699604,19732,14/2/2020,east,3. Premium Partial (Gap Harbour View),600,8
20,21,Mid, A,747,Large_Unit,16679763,22329,13/2/2020,north,8. Normal (Poor Direction - N/W),150,4.5
13,21,Mid, F,685,Middle_Unit,13049935,19051,12/2/2020,west,8. Normal (Poor Direction - N/W),400,4.5
3,10,Low, G,545,Small_Unit,9328220,17116,10/2/2020,west,8. Normal (Poor Direction - N/W),400,4.5
26,10,Low, A,747,Large_Unit,15519672,20776,10/2/2020,north,8. Normal (Poor Direction - N/W),200,4.5
25,5,Low, B,702,Large_Unit,13279734,18917,10/2/2020,east,6. Normal (Good Direction - S/E),200,6
30,14,Mid, G,506,Small_Unit,10000078,19763,7/2/2020,west,8. Normal (Poor Direction - N/W),500,4.5
33,16,Mid, D,922,Large_Unit,17899708,19414,7/2/2020,south,6. Normal (Good Direction - S/E),700,6
21,17,Mid, F,580,Middle_Unit,10800180,18621,7/2/2020,west,8. Normal (Poor Direction - N/W),150,4.5
45,22,Mid, H,708,Large_Unit,15200052,21469,6/2/2020,north,1. Premium Plus (Full Harbour),650,9
57,10,Low, H,760,Large_Unit,16349880,21513,6/2/2020,north,8. Normal (Poor Direction - N/W),200,4.5
47,3,Low, A,580,Middle_Unit,9999780,17241,5/2/2020,north,8. Normal (Poor Direction - N/W),500,4.5
23,8,Low, B,580,Middle_Unit,11550120,19914,5/2/2020,east,6. Normal (Good Direction - S/E),200,6
17,16,Mid, E,593,Middle_Unit,9900135,16695,5/2/2020,south,2. Premium (Full Mountain),400,8.5
11,1,Low, C,578,Middle_Unit,9879754,17093,4/2/2020,east,6. Normal (Good Direction - S/E),400,6
26,22,Mid, F,716,Large_Unit,13379892,18687,4/2/2020,west,8. Normal (Poor Direction - N/W),200,4.5
8,16,Mid, C,722,Large_Unit,14000302,19391,24/1/2020,east,6. Normal (Good Direction - S/E),400,6
51,6,Low, A,701,Large_Unit,12399989,17689,24/1/2020,north,8. Normal (Poor Direction - N/W),350,4.5
16,11,Mid, E,689,Middle_Unit,11329916,16444,23/1/2020,south,2. Premium (Full Mountain),400,8.5
55,11,Mid, A,759,Large_Unit,15000117,19763,22/1/2020,north,8. Normal (Poor Direction - N/W),200,4.5
54,11,Mid, A,552,Middle_Unit,11999928,21739,20/1/2020,north,1. Premium Plus (Full Harbour),650,9
3,8,Low, D,583,Middle_Unit,10000199,17153,20/1/2020,south,2. Premium (Full Mountain),400,8.5
3,11,Mid, F,545,Small_Unit,9019750,16550,17/1/2020,west,8. Normal (Poor Direction - N/W),400,4.5
39,13,Mid, B,1015,Large_Unit,22499505,22167,16/1/2020,east,3. Premium Partial (Gap Harbour View),600,8
14,7,Low, F,582,Middle_Unit,9999924,17182,14/1/2020,west,8. Normal (Poor Direction - N/W),400,4.5
23,5,Low, F,580,Middle_Unit,10199880,17586,14/1/2020,west,8. Normal (Poor Direction - N/W),200,4.5
29,25,Mid, A,703,Large_Unit,12999876,18492,9/1/2020,north,8. Normal (Poor Direction - N/W),400,4.5
20,4,Low, G,716,Large_Unit,10999908,15363,9/1/2020,west,8. Normal (Poor Direction - N/W),150,4.5
18,19,Mid, D,593,Middle_Unit,11399832,19224,7/1/2020,south,2. Premium (Full Mountain),400,8.5
45,23,Mid, G,572,Middle_Unit,11600160,20280,6/1/2020,west,3. Premium Partial (Gap Harbour View),650,8
31,8,Low, B,703,Large_Unit,13300057,18919,3/1/2020,east,6. Normal (Good Direction - S/E),500,6
58,4,Low, E,760,Large_Unit,13999960,18421,31/12/2019,south,6. Normal (Good Direction - S/E),200,6
19,6,Low, F,583,Middle_Unit,10000199,17153,31/12/2019,west,8. Normal (Poor Direction - N/W),150,4.5
37,8,Low, G,1015,Large_Unit,22000125,21675,31/12/2019,west,3. Premium Partial (Gap Harbour View),600,4.5
54,28,High, H,552,Middle_Unit,13000152,23551,31/12/2019,north,1. Premium Plus (Full Harbour),650,9
10,6,Low, E,689,Middle_Unit,11400194,16546,30/12/2019,south,2. Premium (Full Mountain),400,8.5
19,18,Mid, A,489,Small_Unit,9930123,20307,27/12/2019,north,8. Normal (Poor Direction - N/W),150,4.5
19,5,Low, H,489,Small_Unit,9860196,20164,27/12/2019,north,8. Normal (Poor Direction - N/W),150,4.5
13,21,Mid, D,593,Middle_Unit,10799716,18212,23/12/2019,south,10. Poor Street (King's Road Noise Penalty),400,2
38,9,Low, C,897,Large_Unit,14500005,16165,23/12/2019,east,3. Premium Partial (Gap Harbour View),600,8
60,18,Mid, B,680,Middle_Unit,15000120,22059,23/12/2019,east,6. Normal (Good Direction - S/E),200,6
60,4,Low, F,647,Middle_Unit,12599678,19474,20/12/2019,west,8. Normal (Poor Direction - N/W),200,4.5
34,26,High, B,1015,Large_Unit,18000010,17734,19/12/2019,east,3. Premium Partial (Gap Harbour View),650,8
15,4,Low, H,530,Small_Unit,10080070,19019,16/12/2019,north,8. Normal (Poor Direction - N/W),400,4.5
53,23,Mid, F,719,Large_Unit,15249990,21210,16/12/2019,west,8. Normal (Poor Direction - N/W),350,4.5
54,12,Mid, G,587,Middle_Unit,10999793,18739,9/12/2019,west,3. Premium Partial (Gap Harbour View),650,8
1,18,Mid, B,580,Middle_Unit,9980060,17207,5/12/2019,east,6. Normal (Good Direction - S/E),400,6
2,25,Mid, B,489,Small_Unit,8000040,16360,4/12/2019,east,6. Normal (Good Direction - S/E),400,6
61,18,Mid, A,591,Middle_Unit,13179891,22301,4/12/2019,north,8. Normal (Poor Direction - N/W),200,4.5
32,7,Low, C,701,Large_Unit,13680015,19515,4/12/2019,east,6. Normal (Good Direction - S/E),500,6
44,20,Mid, F,572,Middle_Unit,11799788,20629,3/12/2019,west,3. Premium Partial (Gap Harbour View),650,8
55,5,Low, G,680,Middle_Unit,13799920,20294,3/12/2019,west,8. Normal (Poor Direction - N/W),200,4.5
35,3,Low, F,897,Large_Unit,15799758,17614,2/12/2019,west,3. Premium Partial (Gap Harbour View),600,8
50,8,Low, E,503,Small_Unit,10299931,20477,29/11/2019,south,6. Normal (Good Direction - S/E),350,6
25,25,Mid, B,702,Large_Unit,14749722,21011,29/11/2019,east,6. Normal (Good Direction - S/E),200,6
16,12,Mid, H,593,Middle_Unit,9999759,16863,29/11/2019,north,8. Normal (Poor Direction - N/W),400,4.5
1,3,Low, F,580,Middle_Unit,9499820,16379,27/11/2019,west,8. Normal (Poor Direction - N/W),400,4.5
25,3,Low, G,702,Large_Unit,12120030,17265,27/11/2019,west,8. Normal (Poor Direction - N/W),200,4.5
43,12,Mid, A,1114,Large_Unit,22999644,20646,26/11/2019,north,1. Premium Plus (Full Harbour),700,9
12,15,Mid, D,593,Middle_Unit,10780147,18179,26/11/2019,south,10. Poor Street (King's Road Noise Penalty),400,2
2,12,Mid, B,489,Small_Unit,8387817,17153,25/11/2019,east,6. Normal (Good Direction - S/E),400,6
37,9,Low, E,922,Large_Unit,16900260,18330,25/11/2019,south,6. Normal (Good Direction - S/E),600,6
7,25,Mid, B,689,Middle_Unit,14280214,20726,22/11/2019,east,6. Normal (Good Direction - S/E),430,6
53,14,Mid, E,749,Large_Unit,15949955,21295,22/11/2019,south,6. Normal (Good Direction - S/E),350,6
3,25,Mid, G,545,Small_Unit,9920090,18202,22/11/2019,west,8. Normal (Poor Direction - N/W),400,4.5
41,15,Mid, C,897,Large_Unit,17199975,19175,22/11/2019,east,3. Premium Partial (Gap Harbour View),600,8
52,24,Mid, E,582,Middle_Unit,11800050,20275,22/11/2019,south,6. Normal (Good Direction - S/E),350,6
29,18,Mid, F,580,Middle_Unit,11779800,20310,21/11/2019,west,8. Normal (Poor Direction - N/W),400,4.5
7,6,Low, F,536,Small_Unit,9749840,18190,20/11/2019,west,8. Normal (Poor Direction - N/W),430,4.5
19,14,Mid, C,583,Middle_Unit,11380160,19520,19/11/2019,east,6. Normal (Good Direction - S/E),150,6
10,22,Mid, A,536,Small_Unit,10000152,18657,19/11/2019,north,8. Normal (Poor Direction - N/W),400,4.5
23,13,Mid, B,580,Middle_Unit,11680040,20138,19/11/2019,east,6. Normal (Good Direction - S/E),200,6
7,24,Mid, H,582,Middle_Unit,12500196,21478,19/11/2019,north,8. Normal (Poor Direction - N/W),430,4.5
8,16,Mid, G,582,Middle_Unit,10800174,18557,19/11/2019,west,8. Normal (Poor Direction - N/W),400,4.5
47,17,Mid, E,580,Middle_Unit,11399900,19655,19/11/2019,south,6. Normal (Good Direction - S/E),500,6
10,27,High, E,689,Middle_Unit,13950183,20247,19/11/2019,south,2. Premium (Full Mountain),400,8.5
20,6,Low, D,747,Large_Unit,14000274,18742,18/11/2019,south,6. Normal (Good Direction - S/E),150,6
7,8,Low, B,689,Middle_Unit,12700337,18433,18/11/2019,east,6. Normal (Good Direction - S/E),430,6
34,18,Mid, B,1015,Large_Unit,19999560,19704,11/11/2019,east,3. Premium Partial (Gap Harbour View),650,8
22,10,Low, B,582,Middle_Unit,10800174,18557,11/11/2019,east,6. Normal (Good Direction - S/E),150,6
43,5,Low, C,897,Large_Unit,13299819,14827,7/11/2019,east,3. Premium Partial (Gap Harbour View),700,8
51,4,Low, A,701,Large_Unit,12249975,17475,7/11/2019,north,8. Normal (Poor Direction - N/W),350,4.5
49,10,Low, E,502,Small_Unit,9999840,19920,6/11/2019,south,6. Normal (Good Direction - S/E),500,6
46,16,Mid, E,748,Large_Unit,15099876,20187,5/11/2019,south,6. Normal (Good Direction - S/E),500,6
41,9,Low, A,1114,Large_Unit,22000386,19749,1/11/2019,north,1. Premium Plus (Full Harbour),600,9
37,8,Low, E,922,Large_Unit,18380070,19935,31/10/2019,south,6. Normal (Good Direction - S/E),600,6
29,24,Mid, G,580,Middle_Unit,11500240,19828,31/10/2019,west,8. Normal (Poor Direction - N/W),400,4.5
25,4,Low, D,580,Middle_Unit,9837960,16962,30/10/2019,south,6. Normal (Good Direction - S/E),200,6
59,17,Mid, A,584,Middle_Unit,12000032,20548,30/10/2019,north,8. Normal (Poor Direction - N/W),200,4.5
63,23,Mid, D,715,Large_Unit,15699970,21958,29/10/2019,south,6. Normal (Good Direction - S/E),200,6
24,6,Low, F,723,Large_Unit,14279973,19751,24/10/2019,west,8. Normal (Poor Direction - N/W),200,4.5
57,9,Low, E,760,Large_Unit,16999680,22368,22/10/2019,south,6. Normal (Good Direction - S/E),200,6
20,19,Mid, F,716,Large_Unit,14380144,20084,21/10/2019,west,8. Normal (Poor Direction - N/W),150,4.5
45,8,Low, G,572,Middle_Unit,11879868,20769,18/10/2019,west,3. Premium Partial (Gap Harbour View),650,8
16,10,Low, H,593,Middle_Unit,10299817,17369,17/10/2019,north,8. Normal (Poor Direction - N/W),400,4.5
30,6,Low, C,606,Middle_Unit,10600152,17492,16/10/2019,east,6. Normal (Good Direction - S/E),500,6
28,10,Low, A,706,Large_Unit,11850210,16785,15/10/2019,north,8. Normal (Poor Direction - N/W),400,4.5
53,11,Mid, D,749,Large_Unit,16749887,22363,11/10/2019,south,6. Normal (Good Direction - S/E),350,6
48,3,Low, C,662,Middle_Unit,11500264,17372,11/10/2019,east,6. Normal (Good Direction - S/E),500,6
48,6,Low, G,580,Middle_Unit,11100040,19138,11/10/2019,west,8. Normal (Poor Direction - N/W),500,4.5
58,8,Low, E,760,Large_Unit,15599760,20526,3/10/2019,south,6. Normal (Good Direction - S/E),200,6
59,21,Mid, A,584,Middle_Unit,12800112,21918,3/10/2019,north,8. Normal (Poor Direction - N/W),200,4.5
33,28,High, D,922,Large_Unit,18499930,20065,2/10/2019,south,6. Normal (Good Direction - S/E),700,6
55,21,Mid, B,797,Large_Unit,16500291,20703,30/9/2019,east,6. Normal (Good Direction - S/E),200,6
40,28,High, F,897,Large_Unit,21999822,24526,25/9/2019,west,3. Premium Partial (Gap Harbour View),600,8
26,26,High, E,747,Large_Unit,16150140,21620,23/9/2019,south,6. Normal (Good Direction - S/E),200,6
63,10,Low, F,589,Middle_Unit,11500225,19525,23/9/2019,west,8. Normal (Poor Direction - N/W),200,4.5
32,3,Low, F,503,Small_Unit,9400064,18688,11/9/2019,west,8. Normal (Poor Direction - N/W),500,4.5
40,4,Low, D,922,Large_Unit,17499560,18980,9/9/2019,south,6. Normal (Good Direction - S/E),600,6
39,11,Mid, G,1015,Large_Unit,22000125,21675,2/9/2019,west,3. Premium Partial (Gap Harbour View),600,8
7,12,Mid, G,536,Small_Unit,10500240,19590,30/8/2019,west,8. Normal (Poor Direction - N/W),430,4.5
47,23,Mid, H,580,Middle_Unit,13000120,22414,30/8/2019,north,8. Normal (Poor Direction - N/W),500,4.5
16,26,High, F,685,Middle_Unit,14200050,20730,28/8/2019,west,8. Normal (Poor Direction - N/W),400,4.5
3,26,High, H,583,Middle_Unit,10930084,18748,26/8/2019,north,8. Normal (Poor Direction - N/W),400,4.5
10,6,Low, H,536,Small_Unit,10000152,18657,21/8/2019,north,8. Normal (Poor Direction - N/W),400,4.5
39,15,Mid, D,922,Large_Unit,18499930,20065,19/8/2019,south,6. Normal (Good Direction - S/E),600,6
19,8,Low, H,489,Small_Unit,10150173,20757,19/8/2019,north,8. Normal (Poor Direction - N/W),150,4.5
17,20,Mid, A,593,Middle_Unit,12579902,21214,16/8/2019,north,8. Normal (Poor Direction - N/W),400,4.5
6,16,Mid, E,709,Large_Unit,14450129,20381,14/8/2019,south,2. Premium (Full Mountain),460,8.5
31,27,High, E,580,Middle_Unit,12279760,21172,13/8/2019,south,6. Normal (Good Direction - S/E),500,6
57,4,Low, F,792,Large_Unit,17999784,22727,12/8/2019,west,8. Normal (Poor Direction - N/W),200,4.5
49,11,Mid, F,664,Middle_Unit,13999776,21084,9/8/2019,west,8. Normal (Poor Direction - N/W),500,4.5
49,11,Mid, G,664,Middle_Unit,14799896,22289,9/8/2019,west,8. Normal (Poor Direction - N/W),500,4.5
34,19,Mid, E,922,Large_Unit,17899708,19414,6/8/2019,south,6. Normal (Good Direction - S/E),650,6
20,3,Low, A,747,Large_Unit,13000041,17403,6/8/2019,north,8. Normal (Poor Direction - N/W),150,4.5
25,10,Low, B,702,Large_Unit,15500160,22080,5/8/2019,east,6. Normal (Good Direction - S/E),200,6
21,14,Mid, F,580,Middle_Unit,12080240,20828,31/7/2019,west,8. Normal (Poor Direction - N/W),150,4.5
53,12,Mid, E,749,Large_Unit,16280264,21736,30/7/2019,south,6. Normal (Good Direction - S/E),350,6
52,13,Mid, C,701,Large_Unit,16000325,22825,29/7/2019,east,6. Normal (Good Direction - S/E),350,6
18,18,Mid, D,593,Middle_Unit,12700281,21417,24/7/2019,south,2. Premium (Full Mountain),400,8.5
51,11,Mid, E,502,Small_Unit,9600248,19124,23/7/2019,south,6. Normal (Good Direction - S/E),350,6
28,28,High, B,714,Large_Unit,15300306,21429,23/7/2019,east,6. Normal (Good Direction - S/E),400,6
39,9,Low, E,922,Large_Unit,18349644,19902,19/7/2019,south,6. Normal (Good Direction - S/E),600,6
61,18,Mid, B,563,Middle_Unit,10000006,17762,19/7/2019,east,6. Normal (Good Direction - S/E),200,6
34,17,Mid, B,1015,Large_Unit,21600215,21281,15/7/2019,east,3. Premium Partial (Gap Harbour View),650,8
46,8,Low, F,718,Large_Unit,14500010,20195,11/7/2019,west,8. Normal (Poor Direction - N/W),500,4.5
51,3,Low, C,582,Middle_Unit,10499862,18041,10/7/2019,east,6. Normal (Good Direction - S/E),350,6
23,16,Mid, A,702,Large_Unit,16200054,23077,9/7/2019,north,8. Normal (Poor Direction - N/W),200,4.5
29,28,High, B,580,Middle_Unit,13380020,23069,5/7/2019,east,6. Normal (Good Direction - S/E),400,6
31,18,Mid, B,703,Large_Unit,15300092,21764,4/7/2019,east,6. Normal (Good Direction - S/E),500,6
57,15,Mid, F,792,Large_Unit,17000280,21465,4/7/2019,west,8. Normal (Poor Direction - N/W),200,4.5
19,13,Mid, H,489,Small_Unit,10499808,21472,3/7/2019,north,8. Normal (Poor Direction - N/W),150,4.5
28,21,Mid, D,602,Middle_Unit,13519716,22458,3/7/2019,south,6. Normal (Good Direction - S/E),400,6
53,27,High, D,749,Large_Unit,17799985,23765,3/7/2019,south,6. Normal (Good Direction - S/E),350,6
8,19,Mid, G,582,Middle_Unit,12599718,21649,2/7/2019,west,8. Normal (Poor Direction - N/W),400,4.5
21,27,High, H,709,Large_Unit,13590112,19168,2/7/2019,north,8. Normal (Poor Direction - N/W),150,4.5
53,28,High, H,749,Large_Unit,17149853,22897,27/6/2019,north,8. Normal (Poor Direction - N/W),350,4.5
63,18,Mid, A,592,Middle_Unit,13779984,23277,26/6/2019,north,8. Normal (Poor Direction - N/W),200,4.5
48,5,Low, A,603,Middle_Unit,11599911,19237,21/6/2019,north,8. Normal (Poor Direction - N/W),500,4.5
39,3,Low, A,1114,Large_Unit,19979590,17935,20/6/2019,north,1. Premium Plus (Full Harbour),600,1
29,29,High, D,530,Small_Unit,10480220,19774,19/6/2019,south,6. Normal (Good Direction - S/E),400,6
17,24,Mid, H,593,Middle_Unit,11000150,18550,18/6/2019,north,8. Normal (Poor Direction - N/W),400,4.5
54,25,Mid, B,587,Middle_Unit,13880202,23646,18/6/2019,east,3. Premium Partial (Gap Harbour View),650,8
60,7,Low, H,593,Middle_Unit,13800296,23272,17/6/2019,north,8. Normal (Poor Direction - N/W),200,4.5
61,9,Low, D,714,Large_Unit,15880074,22241,17/6/2019,south,6. Normal (Good Direction - S/E),200,6
48,18,Mid, B,662,Middle_Unit,13880154,20967,17/6/2019,east,6. Normal (Good Direction - S/E),500,6
63,14,Mid, F,589,Middle_Unit,12000286,20374,13/6/2019,west,8. Normal (Poor Direction - N/W),200,4.5
2,12,Mid, C,489,Small_Unit,9099801,18609,13/6/2019,east,6. Normal (Good Direction - S/E),400,6
39,27,High, B,1015,Large_Unit,18397890,18126,10/6/2019,east,3. Premium Partial (Gap Harbour View),600,8
54,3,Low, C,587,Middle_Unit,10900003,18569,6/6/2019,east,6. Normal (Good Direction - S/E),650,6
32,26,High, A,580,Middle_Unit,13099880,22586,6/6/2019,north,8. Normal (Poor Direction - N/W),500,4.5
27,27,High, C,703,Large_Unit,15650186,22262,6/6/2019,east,6. Normal (Good Direction - S/E),400,6
3,9,Low, B,489,Small_Unit,8400042,17178,6/6/2019,east,6. Normal (Good Direction - S/E),400,6
1,11,Mid, E,489,Small_Unit,9000045,18405,4/6/2019,south,2. Premium (Full Mountain),400,8.5
10,22,Mid, F,582,Middle_Unit,12124806,20833,3/6/2019,west,8. Normal (Poor Direction - N/W),400,4.5
58,5,Low, G,717,Large_Unit,14899977,20781,3/6/2019,west,8. Normal (Poor Direction - N/W),200,4.5
26,10,Low, B,785,Large_Unit,17799875,22675,31/5/2019,east,6. Normal (Good Direction - S/E),200,6
3,21,Mid, E,583,Middle_Unit,7999926,13722,31/5/2019,south,2. Premium (Full Mountain),400,8.5
48,5,Low, C,662,Middle_Unit,14379964,21722,30/5/2019,east,6. Normal (Good Direction - S/E),500,6
63,11,Mid, E,715,Large_Unit,15980250,22350,30/5/2019,south,6. Normal (Good Direction - S/E),200,6
2,9,Low, E,583,Middle_Unit,9979794,17118,30/5/2019,south,2. Premium (Full Mountain),400,8.5
7,4,Low, G,536,Small_Unit,10500240,19590,30/5/2019,west,8. Normal (Poor Direction - N/W),430,4.5
12,4,Low, B,684,Middle_Unit,11799684,17251,30/5/2019,east,6. Normal (Good Direction - S/E),400,6
46,27,High, C,809,Large_Unit,18319805,22645,29/5/2019,east,6. Normal (Good Direction - S/E),500,6
29,20,Mid, H,703,Large_Unit,15250179,21693,28/5/2019,north,8. Normal (Poor Direction - N/W),400,4.5
17,7,Low, C,582,Middle_Unit,11428152,19636,24/5/2019,east,6. Normal (Good Direction - S/E),400,6
43,7,Low, E,922,Large_Unit,18200280,19740,24/5/2019,south,6. Normal (Good Direction - S/E),700,6
39,11,Mid, F,897,Large_Unit,15799758,17614,24/5/2019,west,8. Normal (Poor Direction - N/W),600,4.5
39,11,Mid, G,1015,Large_Unit,27000015,26601,24/5/2019,west,3. Premium Partial (Gap Harbour View),600,8
31,13,Mid, D,580,Middle_Unit,12528000,21600,24/5/2019,south,6. Normal (Good Direction - S/E),500,6
10,17,Mid, B,582,Middle_Unit,12500196,21478,24/5/2019,east,6. Normal (Good Direction - S/E),400,6
2,14,Mid, C,489,Small_Unit,9099801,18609,23/5/2019,east,6. Normal (Good Direction - S/E),400,6
41,13,Mid, E,922,Large_Unit,18730430,20315,23/5/2019,south,6. Normal (Good Direction - S/E),600,6
63,8,Low, E,715,Large_Unit,13850265,19371,23/5/2019,south,6. Normal (Good Direction - S/E),200,6
31,16,Mid, H,580,Middle_Unit,12099960,20862,23/5/2019,north,8. Normal (Poor Direction - N/W),500,4.5
58,4,Low, H,760,Large_Unit,16999680,22368,22/5/2019,north,8. Normal (Poor Direction - N/W),200,4.5
39,17,Mid, B,1015,Large_Unit,22799945,22463,21/5/2019,east,3. Premium Partial (Gap Harbour View),600,8
53,18,Mid, C,809,Large_Unit,17599795,21755,21/5/2019,east,6. Normal (Good Direction - S/E),350,6
58,19,Mid, D,760,Large_Unit,16299720,21447,21/5/2019,south,6. Normal (Good Direction - S/E),200,6
16,21,Mid, F,685,Middle_Unit,14200050,20730,21/5/2019,west,8. Normal (Poor Direction - N/W),400,4.5
30,18,Mid, D,583,Middle_Unit,12693076,21772,20/5/2019,south,6. Normal (Good Direction - S/E),500,6
12,12,Mid, A,593,Middle_Unit,12199789,20573,20/5/2019,north,8. Normal (Poor Direction - N/W),400,4.5
36,9,Low, F,897,Large_Unit,18099666,20178,20/5/2019,west,3. Premium Partial (Gap Harbour View),600,4.5
27,8,Low, F,530,Small_Unit,10450010,19717,20/5/2019,west,8. Normal (Poor Direction - N/W),400,4.5
8,19,Mid, E,689,Middle_Unit,12800242,18578,20/5/2019,south,2. Premium (Full Mountain),400,8.5
24,27,High, D,702,Large_Unit,13019994,18547,20/5/2019,south,6. Normal (Good Direction - S/E),200,6
34,9,Low, D,922,Large_Unit,20000024,21692,20/5/2019,south,6. Normal (Good Direction - S/E),650,6
41,8,Low, D,922,Large_Unit,18000206,19523,17/5/2019,south,6. Normal (Good Direction - S/E),600,6
61,22,Mid, E,714,Large_Unit,16499826,23109,16/5/2019,south,6. Normal (Good Direction - S/E),200,6
12,5,Low, E,593,Middle_Unit,11500049,19393,15/5/2019,south,2. Premium (Full Mountain),400,8.5
46,10,Low, B,809,Large_Unit,17429905,21545,15/5/2019,east,6. Normal (Good Direction - S/E),500,6
55,14,Mid, E,759,Large_Unit,15500298,20422,15/5/2019,south,6. Normal (Good Direction - S/E),200,6
60,4,Low, C,680,Middle_Unit,12599720,18529,14/5/2019,east,6. Normal (Good Direction - S/E),200,6
53,12,Mid, B,809,Large_Unit,16679962,20618,10/5/2019,east,6. Normal (Good Direction - S/E),350,6
13,22,Mid, H,689,Middle_Unit,13799981,20029,10/5/2019,north,8. Normal (Poor Direction - N/W),400,4.5
20,22,Mid, G,716,Large_Unit,12999696,18156,7/5/2019,west,8. Normal (Poor Direction - N/W),150,4.5
57,5,Low, E,760,Large_Unit,16349880,21513,7/5/2019,south,6. Normal (Good Direction - S/E),200,6
39,1,Low, G,1099,Large_Unit,18379676,16724,6/5/2019,west,3. Premium Partial (Gap Harbour View),600,8
61,15,Mid, B,563,Middle_Unit,12599940,22380,6/5/2019,east,6. Normal (Good Direction - S/E),200,6
1,2,Low, D,489,Small_Unit,8499798,17382,3/5/2019,south,10. Poor Street (King's Road Noise Penalty),400,2
55,19,Mid, C,797,Large_Unit,18200292,22836,2/5/2019,east,6. Normal (Good Direction - S/E),200,6
8,7,Low, D,689,Middle_Unit,10849683,15747,30/4/2019,south,2. Premium (Full Mountain),400,8.5
28,10,Low, C,714,Large_Unit,12380046,17339,30/4/2019,east,6. Normal (Good Direction - S/E),400,6
54,26,High, E,488,Small_Unit,10699888,21926,29/4/2019,south,6. Normal (Good Direction - S/E),650,6
55,3,Low, G,681,Middle_Unit,13199823,19383,26/4/2019,west,8. Normal (Poor Direction - N/W),200,4.5
8,4,Low, D,689,Middle_Unit,10379785,15065,26/4/2019,south,2. Premium (Full Mountain),400,8.5
43,17,Mid, F,897,Large_Unit,15179931,16923,26/4/2019,west,3. Premium Partial (Gap Harbour View),700,8
19,27,High, D,545,Small_Unit,12850010,23578,25/4/2019,south,6. Normal (Good Direction - S/E),150,6
15,26,High, H,530,Small_Unit,7999820,15094,25/4/2019,north,8. Normal (Poor Direction - N/W),400,4.5
19,19,Mid, B,583,Middle_Unit,11599951,19897,24/4/2019,east,6. Normal (Good Direction - S/E),150,6
33,27,High, E,922,Large_Unit,16799762,18221,24/4/2019,south,4. Good Open (High Floor City),700,6
22,6,Low, B,582,Middle_Unit,12280200,21100,24/4/2019,east,6. Normal (Good Direction - S/E),150,6
9,17,Mid, E,670,Middle_Unit,12679750,18925,24/4/2019,south,2. Premium (Full Mountain),400,8.5
29,26,High, F,580,Middle_Unit,12479860,21517,23/4/2019,west,8. Normal (Poor Direction - N/W),400,4.5
36,16,Mid, D,922,Large_Unit,15773576,17108,23/4/2019,south,6. Normal (Good Direction - S/E),600,6
59,6,Low, E,584,Middle_Unit,12800112,21918,23/4/2019,south,6. Normal (Good Direction - S/E),200,6
33,3,Low, C,897,Large_Unit,16980210,18930,18/4/2019,east,3. Premium Partial (Gap Harbour View),700,8
50,3,Low, A,558,Middle_Unit,10200240,18280,18/4/2019,north,8. Normal (Poor Direction - N/W),350,4.5
19,9,Low, F,583,Middle_Unit,10699799,18353,18/4/2019,west,8. Normal (Poor Direction - N/W),150,4.5
18,10,Low, G,684,Middle_Unit,11000088,16082,18/4/2019,west,8. Normal (Poor Direction - N/W),400,4.5
49,21,Mid, A,701,Large_Unit,14599727,20827,18/4/2019,north,8. Normal (Poor Direction - N/W),500,4.5
49,15,Mid, H,701,Large_Unit,14680342,20942,17/4/2019,north,8. Normal (Poor Direction - N/W),500,4.5
54,24,Mid, D,488,Small_Unit,9599936,19672,16/4/2019,south,6. Normal (Good Direction - S/E),650,6
9,26,High, D,670,Middle_Unit,13960120,20836,16/4/2019,south,10. Poor Street (King's Road Noise Penalty),400,2
61,26,High, B,491,Small_Unit,9480228,19308,15/4/2019,east,6. Normal (Good Direction - S/E),200,6
32,7,Low, G,503,Small_Unit,9599755,19085,15/4/2019,west,8. Normal (Poor Direction - N/W),500,4.5
55,4,Low, D,759,Large_Unit,14950023,19697,15/4/2019,south,6. Normal (Good Direction - S/E),200,6
6,11,Mid, F,704,Large_Unit,13499904,19176,12/4/2019,west,8. Normal (Poor Direction - N/W),460,4.5
10,15,Mid, C,582,Middle_Unit,11749998,20189,12/4/2019,east,6. Normal (Good Direction - S/E),400,6
2,25,Mid, A,583,Middle_Unit,11000044,18868,11/4/2019,north,8. Normal (Poor Direction - N/W),400,4.5
7,26,High, F,536,Small_Unit,10299776,19216,11/4/2019,west,8. Normal (Poor Direction - N/W),430,4.5
6,4,Low, D,762,Large_Unit,13799820,18110,11/4/2019,south,2. Premium (Full Mountain),460,8.5
2,19,Mid, A,583,Middle_Unit,10749937,18439,10/4/2019,north,8. Normal (Poor Direction - N/W),400,4.5
60,14,Mid, H,593,Middle_Unit,12799905,21585,10/4/2019,north,8. Normal (Poor Direction - N/W),200,4.5
35,20,Mid, D,922,Large_Unit,18679720,20260,10/4/2019,south,6. Normal (Good Direction - S/E),600,6
60,20,Mid, E,714,Large_Unit,15099672,21148,10/4/2019,south,6. Normal (Good Direction - S/E),200,6
19,10,Low, F,583,Middle_Unit,11200013,19211,9/4/2019,west,8. Normal (Poor Direction - N/W),150,4.5
39,15,Mid, E,922,Large_Unit,17750344,19252,9/4/2019,south,6. Normal (Good Direction - S/E),600,6
46,24,Mid, E,748,Large_Unit,16280220,21765,8/4/2019,south,6. Normal (Good Direction - S/E),500,6
63,8,Low, G,589,Middle_Unit,10000042,16978,4/4/2019,west,8. Normal (Poor Direction - N/W),200,4.5
52,11,Mid, H,582,Middle_Unit,11900154,20447,4/4/2019,north,8. Normal (Poor Direction - N/W),350,4.5
2,4,Low, C,489,Small_Unit,8800044,17996,3/4/2019,east,6. Normal (Good Direction - S/E),400,6
61,6,Low, D,714,Large_Unit,14000112,19608,2/4/2019,south,6. Normal (Good Direction - S/E),200,6
50,9,Low, D,503,Small_Unit,9779829,19443,2/4/2019,south,6. Normal (Good Direction - S/E),350,6
27,4,Low, H,580,Middle_Unit,11800100,20345,2/4/2019,north,8. Normal (Poor Direction - N/W),400,4.5
16,16,Mid, G,685,Middle_Unit,12799910,18686,2/4/2019,west,8. Normal (Poor Direction - N/W),400,4.5
59,16,Mid, C,714,Large_Unit,16679754,23361,2/4/2019,east,6. Normal (Good Direction - S/E),200,6
44,9,Low, A,708,Large_Unit,14499840,20480,1/4/2019,north,1. Premium Plus (Full Harbour),650,9
45,5,Low, G,572,Middle_Unit,11500060,20105,29/3/2019,west,3. Premium Partial (Gap Harbour View),650,8
36,10,Low, B,1015,Large_Unit,22799945,22463,28/3/2019,east,3. Premium Partial (Gap Harbour View),600,8
31,17,Mid, E,580,Middle_Unit,10749720,18534,28/3/2019,south,6. Normal (Good Direction - S/E),500,6
21,18,Mid, C,723,Large_Unit,15000081,20747,28/3/2019,east,6. Normal (Good Direction - S/E),150,6
21,27,High, F,580,Middle_Unit,12180000,21000,27/3/2019,west,8. Normal (Poor Direction - N/W),150,4.5
19,26,High, A,489,Small_Unit,9750171,19939,27/3/2019,north,8. Normal (Poor Direction - N/W),150,4.5
12,14,Mid, F,581,Middle_Unit,11499733,19793,27/3/2019,west,8. Normal (Poor Direction - N/W),400,4.5
39,1,Low, E,877,Large_Unit,11999991,13683,26/3/2019,south,6. Normal (Good Direction - S/E),600,6
28,8,Low, B,714,Large_Unit,13800192,19328,22/3/2019,east,6. Normal (Good Direction - S/E),400,6
34,5,Low, B,1015,Large_Unit,20100045,19803,21/3/2019,east,3. Premium Partial (Gap Harbour View),650,8
13,10,Low, C,685,Middle_Unit,10000315,14599,18/3/2019,east,6. Normal (Good Direction - S/E),400,6
24,26,High, C,580,Middle_Unit,11449780,19741,15/3/2019,east,6. Normal (Good Direction - S/E),200,6
13,20,Mid, G,685,Middle_Unit,12380005,18073,15/3/2019,west,8. Normal (Poor Direction - N/W),400,4.5
59,19,Mid, E,584,Middle_Unit,12499936,21404,14/3/2019,south,6. Normal (Good Direction - S/E),200,6
18,14,Mid, A,690,Middle_Unit,12680130,18377,13/3/2019,north,8. Normal (Poor Direction - N/W),400,4.5
56,3,Low, H,760,Large_Unit,13800080,18158,13/3/2019,north,8. Normal (Poor Direction - N/W),200,4.5
38,10,Low, G,1015,Large_Unit,22000125,21675,13/3/2019,west,3. Premium Partial (Gap Harbour View),600,8
37,24,Mid, G,1015,Large_Unit,23479995,23133,12/3/2019,west,3. Premium Partial (Gap Harbour View),600,4.5
16,10,Low, F,685,Middle_Unit,11099740,16204,12/3/2019,west,8. Normal (Poor Direction - N/W),400,4.5
63,14,Mid, H,592,Middle_Unit,12600128,21284,11/3/2019,north,8. Normal (Poor Direction - N/W),200,4.5
17,20,Mid, B,582,Middle_Unit,12099780,20790,11/3/2019,east,6. Normal (Good Direction - S/E),400,6
22,8,Low, E,702,Large_Unit,12080016,17208,8/3/2019,south,6. Normal (Good Direction - S/E),150,6
38,22,Mid, H,1114,Large_Unit,26799498,24057,7/3/2019,north,1. Premium Plus (Full Harbour),600,9
1,2,Low, B,580,Middle_Unit,8900100,15345,6/3/2019,east,6. Normal (Good Direction - S/E),400,6
44,6,Low, A,708,Large_Unit,14400012,20339,5/3/2019,north,1. Premium Plus (Full Harbour),650,9
38,4,Low, C,897,Large_Unit,14000376,15608,4/3/2019,east,3. Premium Partial (Gap Harbour View),600,8
43,23,Mid, H,1114,Large_Unit,24000016,21544,1/3/2019,north,11. Poor Highway (IEC Noise Penalty),700,1
21,6,Low, G,580,Middle_Unit,11630160,20052,1/3/2019,west,8. Normal (Poor Direction - N/W),150,4.5
28,5,Low, B,714,Large_Unit,12499998,17507,28/2/2019,east,6. Normal (Good Direction - S/E),400,6
41,2,Low, H,1114,Large_Unit,21699606,19479,28/2/2019,north,1. Premium Plus (Full Harbour),600,9
9,25,Mid, B,589,Middle_Unit,11199835,19015,27/2/2019,east,6. Normal (Good Direction - S/E),400,6
63,21,Mid, G,589,Middle_Unit,11500225,19525,26/2/2019,west,8. Normal (Poor Direction - N/W),200,4.5
58,13,Mid, G,717,Large_Unit,13480317,18801,26/2/2019,west,8. Normal (Poor Direction - N/W),200,4.5
7,9,Low, G,536,Small_Unit,10249928,19123,25/2/2019,west,8. Normal (Poor Direction - N/W),430,4.5
43,17,Mid, D,922,Large_Unit,17249698,18709,25/2/2019,south,6. Normal (Good Direction - S/E),700,6
18,10,Low, F,684,Middle_Unit,11799684,17251,21/2/2019,west,8. Normal (Poor Direction - N/W),400,4.5
28,11,Mid, D,602,Middle_Unit,10999744,18272,21/2/2019,south,6. Normal (Good Direction - S/E),400,6
18,2,Low, H,690,Middle_Unit,10200270,14783,21/2/2019,north,8. Normal (Poor Direction - N/W),400,4.5
48,21,Mid, C,662,Middle_Unit,10100134,15257,19/2/2019,east,6. Normal (Good Direction - S/E),500,6
29,29,High, E,530,Small_Unit,9720200,18340,19/2/2019,south,6. Normal (Good Direction - S/E),400,6
15,26,High, G,582,Middle_Unit,12000258,20619,18/2/2019,west,8. Normal (Poor Direction - N/W),400,4.5
58,12,Mid, E,760,Large_Unit,13999960,18421,18/2/2019,south,6. Normal (Good Direction - S/E),200,6
61,14,Mid, D,714,Large_Unit,13950132,19538,15/2/2019,south,6. Normal (Good Direction - S/E),200,6
8,23,Mid, C,722,Large_Unit,12619838,17479,13/2/2019,east,6. Normal (Good Direction - S/E),400,6
45,11,Mid, F,572,Middle_Unit,11080212,19371,11/2/2019,west,3. Premium Partial (Gap Harbour View),650,8
35,12,Mid, F,897,Large_Unit,16580148,18484,8/2/2019,west,3. Premium Partial (Gap Harbour View),600,8
6,9,Low, B,797,Large_Unit,13549797,17001,4/2/2019,east,6. Normal (Good Direction - S/E),460,6
29,10,Low, D,530,Small_Unit,7999820,15094,1/2/2019,south,6. Normal (Good Direction - S/E),400,6
30,17,Mid, G,506,Small_Unit,9500150,18775,1/2/2019,west,8. Normal (Poor Direction - N/W),500,4.5
61,26,High, E,718,Large_Unit,13000108,18106,1/2/2019,south,6. Normal (Good Direction - S/E),200,6
11,18,Mid, B,582,Middle_Unit,10599966,18213,31/1/2019,east,6. Normal (Good Direction - S/E),400,6
30,11,Mid, A,583,Middle_Unit,10800075,18525,30/1/2019,north,8. Normal (Poor Direction - N/W),500,4.5
25,11,Mid, E,580,Middle_Unit,10300220,17759,30/1/2019,south,6. Normal (Good Direction - S/E),200,6
29,22,Mid, G,580,Middle_Unit,10850060,18707,30/1/2019,west,8. Normal (Poor Direction - N/W),400,4.5
7,6,Low, H,582,Middle_Unit,9984792,17156,29/1/2019,north,8. Normal (Poor Direction - N/W),430,4.5
2,18,Mid, H,583,Middle_Unit,9199740,15780,28/1/2019,north,8. Normal (Poor Direction - N/W),400,4.5
22,11,Mid, C,582,Middle_Unit,10279866,17663,25/1/2019,east,6. Normal (Good Direction - S/E),150,6
34,28,High, E,922,Large_Unit,17579774,19067,22/1/2019,south,6. Normal (Good Direction - S/E),650,6
54,26,High, A,552,Middle_Unit,10879920,19710,21/1/2019,north,1. Premium Plus (Full Harbour),650,9
13,24,Mid, G,685,Middle_Unit,12499880,18248,18/1/2019,west,8. Normal (Poor Direction - N/W),400,4.5
34,9,Low, C,897,Large_Unit,15900222,17726,17/1/2019,east,6. Normal (Good Direction - S/E),650,6
52,10,Low, D,582,Middle_Unit,10999800,18900,17/1/2019,south,6. Normal (Good Direction - S/E),350,6
17,3,Low, B,582,Middle_Unit,9000048,15464,16/1/2019,east,6. Normal (Good Direction - S/E),400,6
10,17,Mid, H,536,Small_Unit,9079840,16940,15/1/2019,north,8. Normal (Poor Direction - N/W),400,4.5
60,5,Low, D,714,Large_Unit,12999798,18207,14/1/2019,south,6. Normal (Good Direction - S/E),200,6
35,14,Mid, F,897,Large_Unit,16549650,18450,11/1/2019,west,3. Premium Partial (Gap Harbour View),600,8
19,27,High, B,583,Middle_Unit,12500103,21441,11/1/2019,east,6. Normal (Good Direction - S/E),150,6
23,18,Mid, F,580,Middle_Unit,10100120,17414,10/1/2019,west,8. Normal (Poor Direction - N/W),200,4.5
51,21,Mid, G,664,Middle_Unit,12499800,18825,9/1/2019,west,8. Normal (Poor Direction - N/W),350,4.5
23,18,Mid, C,580,Middle_Unit,10730000,18500,4/1/2019,east,6. Normal (Good Direction - S/E),200,6
1,26,High, G,580,Middle_Unit,10550200,18190,4/1/2019,west,8. Normal (Poor Direction - N/W),400,4.5
22,5,Low, A,702,Large_Unit,13000338,18519,27/12/2018,north,8. Normal (Poor Direction - N/W),150,4.5
30,14,Mid, B,606,Middle_Unit,11349774,18729,21/12/2018,east,6. Normal (Good Direction - S/E),500,6
38,19,Mid, H,1114,Large_Unit,23431876,21034,21/12/2018,north,1. Premium Plus (Full Harbour),600,9
18,10,Low, D,593,Middle_Unit,10299817,17369,21/12/2018,south,2. Premium (Full Mountain),400,8.5
59,11,Mid, G,567,Middle_Unit,11182941,19723,21/12/2018,west,8. Normal (Poor Direction - N/W),200,4.5
55,6,Low, A,759,Large_Unit,14979624,19736,21/12/2018,north,8. Normal (Poor Direction - N/W),200,4.5
24,7,Low, E,702,Large_Unit,12365730,17615,20/12/2018,south,6. Normal (Good Direction - S/E),200,6
17,13,Mid, C,582,Middle_Unit,10700070,18385,19/12/2018,east,6. Normal (Good Direction - S/E),400,6
32,8,Low, H,580,Middle_Unit,10279920,17724,19/12/2018,north,8. Normal (Poor Direction - N/W),500,4.5
38,19,Mid, G,1015,Large_Unit,20769945,20463,17/12/2018,west,3. Premium Partial (Gap Harbour View),600,8
61,20,Mid, D,714,Large_Unit,12000198,16807,14/12/2018,south,6. Normal (Good Direction - S/E),200,6
24,10,Low, G,723,Large_Unit,14199720,19640,13/12/2018,west,8. Normal (Poor Direction - N/W),200,4.5
21,25,Mid, D,702,Large_Unit,13180050,18775,13/12/2018,south,6. Normal (Good Direction - S/E),150,6
32,22,Mid, H,580,Middle_Unit,10029940,17293,7/12/2018,north,8. Normal (Poor Direction - N/W),500,4.5
22,10,Low, A,702,Large_Unit,12499812,17806,7/12/2018,north,8. Normal (Poor Direction - N/W),150,4.5
34,7,Low, E,922,Large_Unit,16510254,17907,6/12/2018,south,6. Normal (Good Direction - S/E),650,6
32,13,Mid, B,701,Large_Unit,11799933,16833,6/12/2018,east,6. Normal (Good Direction - S/E),500,6
51,10,Low, C,582,Middle_Unit,10800174,18557,5/12/2018,east,6. Normal (Good Direction - S/E),350,6
8,18,Mid, C,722,Large_Unit,13079752,18116,3/12/2018,east,6. Normal (Good Direction - S/E),400,6
55,23,Mid, E,759,Large_Unit,16700277,22003,21/11/2018,south,6. Normal (Good Direction - S/E),200,6
46,14,Mid, H,748,Large_Unit,16299668,21791,21/11/2018,north,8. Normal (Poor Direction - N/W),500,4.5
6,25,Mid, D,762,Large_Unit,14599920,19160,16/11/2018,south,2. Premium (Full Mountain),460,8.5
56,24,Mid, H,759,Large_Unit,15900291,20949,8/11/2018,north,8. Normal (Poor Direction - N/W),200,4.5
45,21,Mid, B,723,Large_Unit,17699763,24481,7/11/2018,east,3. Premium Partial (Gap Harbour View),650,8
3,5,Low, A,583,Middle_Unit,10000199,17153,2/11/2018,north,8. Normal (Poor Direction - N/W),400,4.5
49,20,Mid, B,582,Middle_Unit,12000258,20619,2/11/2018,east,6. Normal (Good Direction - S/E),500,6
9,16,Mid, C,589,Middle_Unit,12400217,21053,26/10/2018,east,6. Normal (Good Direction - S/E),400,6
57,12,Mid, A,760,Large_Unit,15200000,20000,15/10/2018,north,8. Normal (Poor Direction - N/W),200,4.5
46,11,Mid, A,748,Large_Unit,17379780,23235,10/10/2018,north,8. Normal (Poor Direction - N/W),500,4.5
45,4,Low, F,572,Middle_Unit,9980256,17448,3/10/2018,west,3. Premium Partial (Gap Harbour View),650,8
38,21,Mid, A,1114,Large_Unit,23600090,21185,2/10/2018,north,1. Premium Plus (Full Harbour),600,9
16,6,Low, C,685,Middle_Unit,10299660,15036,27/9/2018,east,6. Normal (Good Direction - S/E),400,6
41,1,Low, E,877,Large_Unit,11999991,13683,27/9/2018,south,6. Normal (Good Direction - S/E),600,6
46,8,Low, G,718,Large_Unit,14179782,19749,21/9/2018,west,8. Normal (Poor Direction - N/W),500,4.5
55,7,Low, H,759,Large_Unit,15999720,21080,20/9/2018,north,8. Normal (Poor Direction - N/W),200,4.5
29,8,Low, D,530,Small_Unit,10000040,18868,19/9/2018,south,6. Normal (Good Direction - S/E),400,6
53,21,Mid, H,749,Large_Unit,11450000,15287,2/10/2024,north,8. Normal (Poor Direction - N/W),350,4.5
56,19,Mid, H,762,Large_Unit,14800000,19423,13/9/2022,north,8. Normal (Poor Direction - N/W),200,4.5
51,23,Mid, D,502,Small_Unit,11100224,22112,19/9/2018,south,6. Normal (Good Direction - S/E),350,6
56,9,Low, H,759,Large_Unit,16899894,22266,17/9/2018,north,8. Normal (Poor Direction - N/W),200,4.5
51,24,Mid, A,701,Large_Unit,14999998,21398,13/9/2018,north,8. Normal (Poor Direction - N/W),350,4.5
23,21,Mid, G,580,Middle_Unit,13849820,23879,13/9/2018,west,8. Normal (Poor Direction - N/W),200,4.5
40,4,Low, C,897,Large_Unit,17887974,19942,13/9/2018,east,3. Premium Partial (Gap Harbour View),600,6
40,12,Mid, G,1015,Large_Unit,24500070,24138,12/9/2018,west,3. Premium Partial (Gap Harbour View),600,8
26,20,Mid, G,716,Large_Unit,13500180,18855,11/9/2018,west,8. Normal (Poor Direction - N/W),200,4.5
55,8,Low, A,759,Large_Unit,15000117,19763,10/9/2018,north,8. Normal (Poor Direction - N/W),200,4.5
34,29,High, E,922,Large_Unit,18400354,19957,7/9/2018,south,6. Normal (Good Direction - S/E),650,6
38,9,Low, B,1015,Large_Unit,19999560,19704,7/9/2018,east,3. Premium Partial (Gap Harbour View),600,8
21,27,High, G,580,Middle_Unit,13799940,23793,5/9/2018,west,8. Normal (Poor Direction - N/W),150,4.5
32,4,Low, C,701,Large_Unit,13799886,19686,4/9/2018,east,6. Normal (Good Direction - S/E),500,6
13,7,Low, F,685,Middle_Unit,10799710,15766,27/8/2018,west,8. Normal (Poor Direction - N/W),400,4.5
19,16,Mid, D,545,Small_Unit,9600175,17615,27/8/2018,south,6. Normal (Good Direction - S/E),150,6
17,13,Mid, E,593,Middle_Unit,10608177,17889,23/8/2018,south,2. Premium (Full Mountain),400,8.5
39,4,Low, F,897,Large_Unit,15999789,17837,21/8/2018,west,8. Normal (Poor Direction - N/W),600,4.5
43,16,Mid, B,1015,Large_Unit,21299775,20985,21/8/2018,east,3. Premium Partial (Gap Harbour View),700,8
62,25,Mid, A,596,Middle_Unit,14879736,24966,20/8/2018,north,8. Normal (Poor Direction - N/W),200,4.5
63,13,Mid, C,707,Large_Unit,15879927,22461,17/8/2018,east,6. Normal (Good Direction - S/E),200,6
21,19,Mid, G,580,Middle_Unit,13149760,22672,16/8/2018,west,8. Normal (Poor Direction - N/W),150,4.5
11,25,Mid, A,598,Middle_Unit,11799736,19732,15/8/2018,north,8. Normal (Poor Direction - N/W),400,4.5
60,22,Mid, E,714,Large_Unit,16749726,23459,15/8/2018,south,6. Normal (Good Direction - S/E),200,6
14,3,Low, C,582,Middle_Unit,10619754,18247,15/8/2018,east,6. Normal (Good Direction - S/E),400,6
48,7,Low, D,503,Small_Unit,9779829,19443,14/8/2018,south,6. Normal (Good Direction - S/E),500,6
48,23,Mid, F,580,Middle_Unit,13399740,23103,14/8/2018,west,8. Normal (Poor Direction - N/W),500,4.5
20,23,Mid, D,747,Large_Unit,15500250,20750,10/8/2018,south,6. Normal (Good Direction - S/E),150,6
46,11,Mid, E,748,Large_Unit,16079756,21497,10/8/2018,south,6. Normal (Good Direction - S/E),500,6
2,7,Low, F,545,Small_Unit,8499820,15596,9/8/2018,west,8. Normal (Poor Direction - N/W),400,4.5
9,28,High, F,589,Middle_Unit,13899811,23599,8/8/2018,west,8. Normal (Poor Direction - N/W),400,4.5
9,9,Low, A,518,Small_Unit,10550106,20367,7/8/2018,north,8. Normal (Poor Direction - N/W),400,4.5
36,19,Mid, A,1114,Large_Unit,27279632,24488,7/8/2018,north,1. Premium Plus (Full Harbour),600,9
24,26,High, B,580,Middle_Unit,13599840,23448,6/8/2018,east,6. Normal (Good Direction - S/E),200,6
31,19,Mid, B,703,Large_Unit,13960174,19858,6/8/2018,east,6. Normal (Good Direction - S/E),500,6
34,19,Mid, G,1015,Large_Unit,24456425,24095,6/8/2018,west,3. Premium Partial (Gap Harbour View),650,8
29,4,Low, F,580,Middle_Unit,8179740,14103,2/8/2018,west,8. Normal (Poor Direction - N/W),400,4.5
41,25,Mid, C,897,Large_Unit,20000409,22297,31/7/2018,east,3. Premium Partial (Gap Harbour View),600,8
35,4,Low, B,1015,Large_Unit,21699685,21379,31/7/2018,east,3. Premium Partial (Gap Harbour View),600,6
8,3,Low, G,582,Middle_Unit,9279990,15945,31/7/2018,west,8. Normal (Poor Direction - N/W),400,4.5
31,7,Low, E,580,Middle_Unit,12000200,20690,27/7/2018,south,6. Normal (Good Direction - S/E),500,6
34,30,High, D,1072,Large_Unit,25580064,23862,26/7/2018,south,6. Normal (Good Direction - S/E),650,6
45,15,Mid, E,708,Large_Unit,11999892,16949,25/7/2018,south,6. Normal (Good Direction - S/E),650,6
29,22,Mid, B,580,Middle_Unit,12199720,21034,25/7/2018,east,6. Normal (Good Direction - S/E),400,6
33,15,Mid, F,897,Large_Unit,17149743,19119,23/7/2018,west,3. Premium Partial (Gap Harbour View),700,4.5
7,6,Low, G,536,Small_Unit,11085552,20682,19/7/2018,west,8. Normal (Poor Direction - N/W),430,4.5
20,24,Mid, C,785,Large_Unit,18000050,22930,19/7/2018,east,6. Normal (Good Direction - S/E),150,6
10,25,Mid, E,689,Middle_Unit,13000052,18868,19/7/2018,south,2. Premium (Full Mountain),400,8.5
55,18,Mid, F,680,Middle_Unit,15999720,23529,18/7/2018,west,8. Normal (Poor Direction - N/W),200,4.5
18,4,Low, A,690,Middle_Unit,13279740,19246,17/7/2018,north,8. Normal (Poor Direction - N/W),400,4.5
7,11,Mid, G,536,Small_Unit,9699992,18097,17/7/2018,west,8. Normal (Poor Direction - N/W),430,4.5
28,18,Mid, H,706,Large_Unit,14838002,21017,13/7/2018,north,8. Normal (Poor Direction - N/W),400,4.5
34,3,Low, E,922,Large_Unit,14779660,16030,11/7/2018,south,6. Normal (Good Direction - S/E),650,6
19,8,Low, A,489,Small_Unit,10800054,22086,6/7/2018,north,8. Normal (Poor Direction - N/W),150,4.5
29,14,Mid, H,703,Large_Unit,13979858,19886,4/7/2018,north,8. Normal (Poor Direction - N/W),400,4.5
13,4,Low, H,689,Middle_Unit,11549707,16763,3/7/2018,north,8. Normal (Poor Direction - N/W),400,4.5
36,15,Mid, E,922,Large_Unit,18980292,20586,3/7/2018,south,6. Normal (Good Direction - S/E),600,6
41,7,Low, A,1114,Large_Unit,19999642,17953,3/7/2018,north,1. Premium Plus (Full Harbour),600,9
2,20,Mid, G,545,Small_Unit,11879910,21798,29/6/2018,west,8. Normal (Poor Direction - N/W),400,4.5
10,18,Mid, B,582,Middle_Unit,11699946,20103,28/6/2018,east,6. Normal (Good Direction - S/E),400,6
47,13,Mid, F,707,Large_Unit,14480067,20481,27/6/2018,west,8. Normal (Poor Direction - N/W),500,4.5
39,27,High, H,1114,Large_Unit,25000388,22442,26/6/2018,north,1. Premium Plus (Full Harbour),600,9
20,28,High, B,785,Large_Unit,20300100,25860,25/6/2018,east,6. Normal (Good Direction - S/E),150,6
40,21,Mid, A,1114,Large_Unit,29499834,26481,20/6/2018,north,1. Premium Plus (Full Harbour),600,9
25,13,Mid, E,580,Middle_Unit,12380100,21345,20/6/2018,south,6. Normal (Good Direction - S/E),200,6
45,26,High, H,708,Large_Unit,15799728,22316,20/6/2018,north,1. Premium Plus (Full Harbour),650,9
31,13,Mid, C,703,Large_Unit,14100071,20057,19/6/2018,east,6. Normal (Good Direction - S/E),500,6
57,8,Low, C,717,Large_Unit,15999855,22315,15/6/2018,east,6. Normal (Good Direction - S/E),200,6
35,26,High, A,1114,Large_Unit,26799498,24057,15/6/2018,north,1. Premium Plus (Full Harbour),600,9
13,2,Low, H,689,Middle_Unit,10000146,14514,15/6/2018,north,8. Normal (Poor Direction - N/W),400,4.5
31,29,High, A,580,Middle_Unit,13500080,23276,15/6/2018,north,4. Good Open (High Floor City),500,7
42,10,Low, A,1114,Large_Unit,23799496,21364,15/6/2018,north,1. Premium Plus (Full Harbour),650,9
47,5,Low, F,707,Large_Unit,13379975,18925,14/6/2018,west,8. Normal (Poor Direction - N/W),500,4.5
37,12,Mid, C,897,Large_Unit,18499728,20624,13/6/2018,east,3. Premium Partial (Gap Harbour View),600,8
16,27,High, B,685,Middle_Unit,14000030,20438,12/6/2018,east,6. Normal (Good Direction - S/E),400,6
14,14,Mid, H,530,Small_Unit,11000150,20755,11/6/2018,north,8. Normal (Poor Direction - N/W),400,4.5
37,8,Low, G,1015,Large_Unit,22628410,22294,11/6/2018,west,3. Premium Partial (Gap Harbour View),600,4.5
63,20,Mid, C,707,Large_Unit,15800036,22348,11/6/2018,east,6. Normal (Good Direction - S/E),200,6
2,24,Mid, B,489,Small_Unit,8579994,17546,8/6/2018,east,6. Normal (Good Direction - S/E),400,6
31,27,High, D,580,Middle_Unit,12279760,21172,8/6/2018,south,6. Normal (Good Direction - S/E),500,6
57,25,Mid, H,763,Large_Unit,18099886,23722,6/6/2018,north,8. Normal (Poor Direction - N/W),200,4.5
59,14,Mid, F,567,Middle_Unit,13500270,23810,6/6/2018,west,8. Normal (Poor Direction - N/W),200,4.5
19,20,Mid, F,583,Middle_Unit,11398233,19551,5/6/2018,west,8. Normal (Poor Direction - N/W),150,4.5
47,13,Mid, D,580,Middle_Unit,12229880,21086,5/6/2018,south,6. Normal (Good Direction - S/E),500,6
54,4,Low, H,552,Middle_Unit,9689808,17554,4/6/2018,north,1. Premium Plus (Full Harbour),650,9
56,4,Low, H,759,Large_Unit,14499936,19104,1/6/2018,north,8. Normal (Poor Direction - N/W),200,4.5
42,4,Low, H,1114,Large_Unit,22380260,20090,31/5/2018,north,1. Premium Plus (Full Harbour),650,9
20,22,Mid, H,747,Large_Unit,16900128,22624,29/5/2018,north,8. Normal (Poor Direction - N/W),150,4.5
47,16,Mid, F,707,Large_Unit,14330183,20269,29/5/2018,west,8. Normal (Poor Direction - N/W),500,4.5
46,23,Mid, G,718,Large_Unit,14999738,20891,28/5/2018,west,8. Normal (Poor Direction - N/W),500,4.5
57,13,Mid, G,792,Large_Unit,18930384,23902,28/5/2018,west,8. Normal (Poor Direction - N/W),200,4.5
21,8,Low, A,709,Large_Unit,14250191,20099,24/5/2018,north,8. Normal (Poor Direction - N/W),150,4.5
61,7,Low, D,714,Large_Unit,14799792,20728,23/5/2018,south,6. Normal (Good Direction - S/E),200,6
1,23,Mid, D,489,Small_Unit,9080241,18569,21/5/2018,south,10. Poor Street (King's Road Noise Penalty),400,2
8,25,Mid, F,582,Middle_Unit,10800174,18557,21/5/2018,west,8. Normal (Poor Direction - N/W),400,4.5
42,6,Low, A,1114,Large_Unit,22679926,20359,21/5/2018,north,1. Premium Plus (Full Harbour),650,9
54,26,High, F,587,Middle_Unit,13499826,22998,21/5/2018,west,3. Premium Partial (Gap Harbour View),650,8
32,13,Mid, F,503,Small_Unit,9398052,18684,17/5/2018,west,8. Normal (Poor Direction - N/W),500,4.5
18,6,Low, G,684,Middle_Unit,12879720,18830,17/5/2018,west,8. Normal (Poor Direction - N/W),400,4.5
36,23,Mid, A,1114,Large_Unit,27050148,24282,17/5/2018,north,1. Premium Plus (Full Harbour),600,9
63,22,Mid, H,592,Middle_Unit,12800224,21622,16/5/2018,north,8. Normal (Poor Direction - N/W),200,4.5
30,14,Mid, H,583,Middle_Unit,11879791,20377,16/5/2018,north,8. Normal (Poor Direction - N/W),500,4.5
6,13,Mid, F,704,Large_Unit,13880064,19716,16/5/2018,west,8. Normal (Poor Direction - N/W),460,4.5
23,27,High, D,702,Large_Unit,14179698,20199,14/5/2018,south,6. Normal (Good Direction - S/E),200,6
31,13,Mid, H,580,Middle_Unit,11500240,19828,14/5/2018,north,8. Normal (Poor Direction - N/W),500,4.5
56,25,Mid, E,680,Middle_Unit,14299720,21029,11/5/2018,south,6. Normal (Good Direction - S/E),200,6
3,14,Mid, C,489,Small_Unit,8400042,17178,11/5/2018,east,6. Normal (Good Direction - S/E),400,6
45,10,Low, B,723,Large_Unit,15000081,20747,11/5/2018,east,3. Premium Partial (Gap Harbour View),650,8
9,17,Mid, B,589,Middle_Unit,11950221,20289,11/5/2018,east,6. Normal (Good Direction - S/E),400,6
53,7,Low, F,719,Large_Unit,13999649,19471,10/5/2018,west,8. Normal (Poor Direction - N/W),350,4.5
35,1,Low, C,945,Large_Unit,17304840,18312,9/5/2018,east,3. Premium Partial (Gap Harbour View),600,8
51,28,High, E,502,Small_Unit,11249820,22410,8/5/2018,south,6. Normal (Good Direction - S/E),350,6
27,17,Mid, G,530,Small_Unit,11600110,21887,8/5/2018,west,8. Normal (Poor Direction - N/W),400,4.5
14,3,Low, B,582,Middle_Unit,9700194,16667,8/5/2018,east,6. Normal (Good Direction - S/E),400,6
56,26,High, G,626,Middle_Unit,12700288,20288,8/5/2018,west,8. Normal (Poor Direction - N/W),200,4.5
46,9,Low, F,718,Large_Unit,14299688,19916,4/5/2018,west,8. Normal (Poor Direction - N/W),500,4.5
25,11,Mid, C,702,Large_Unit,13700232,19516,4/5/2018,east,6. Normal (Good Direction - S/E),200,6
55,23,Mid, B,797,Large_Unit,15999775,20075,4/5/2018,east,6. Normal (Good Direction - S/E),200,6
9,20,Mid, A,518,Small_Unit,11349898,21911,3/5/2018,north,8. Normal (Poor Direction - N/W),400,4.5
14,22,Mid, A,530,Small_Unit,10865530,20501,3/5/2018,north,8. Normal (Poor Direction - N/W),400,4.5
6,28,High, E,709,Large_Unit,16000003,22567,3/5/2018,south,2. Premium (Full Mountain),460,8.5
49,18,Mid, F,664,Middle_Unit,14179720,21355,2/5/2018,west,8. Normal (Poor Direction - N/W),500,4.5
23,26,High, A,702,Large_Unit,13000338,18519,2/5/2018,north,8. Normal (Poor Direction - N/W),200,4.5
28,15,Mid, F,583,Middle_Unit,7999926,13722,2/5/2018,west,8. Normal (Poor Direction - N/W),400,4.5
52,11,Mid, F,701,Large_Unit,13180202,18802,30/4/2018,west,8. Normal (Poor Direction - N/W),350,4.5
56,24,Mid, D,759,Large_Unit,17500263,23057,30/4/2018,south,6. Normal (Good Direction - S/E),200,6
43,8,Low, H,1114,Large_Unit,23650220,21230,30/4/2018,north,11. Poor Highway (IEC Noise Penalty),700,1
44,25,Mid, E,708,Large_Unit,14279652,20169,27/4/2018,south,6. Normal (Good Direction - S/E),650,6
32,25,Mid, H,580,Middle_Unit,12399820,21379,27/4/2018,north,8. Normal (Poor Direction - N/W),500,4.5
8,13,Mid, E,689,Middle_Unit,12800242,18578,26/4/2018,south,2. Premium (Full Mountain),400,8.5
32,14,Mid, C,701,Large_Unit,13499858,19258,26/4/2018,east,6. Normal (Good Direction - S/E),500,6
6,6,Low, H,760,Large_Unit,13999960,18421,25/4/2018,north,8. Normal (Poor Direction - N/W),460,4.5
57,23,Mid, F,792,Large_Unit,18200160,22980,24/4/2018,west,8. Normal (Poor Direction - N/W),200,4.5
57,15,Mid, G,792,Large_Unit,17800200,22475,23/4/2018,west,8. Normal (Poor Direction - N/W),200,4.5
32,12,Mid, B,701,Large_Unit,11000092,15692,23/4/2018,east,6. Normal (Good Direction - S/E),500,6
16,6,Low, E,689,Middle_Unit,10388053,15077,20/4/2018,south,2. Premium (Full Mountain),400,8.5
23,18,Mid, B,580,Middle_Unit,13500080,23276,20/4/2018,east,6. Normal (Good Direction - S/E),200,6
11,8,Low, E,689,Middle_Unit,10499671,15239,20/4/2018,south,2. Premium (Full Mountain),400,8.5
7,18,Mid, C,689,Middle_Unit,12800242,18578,20/4/2018,east,6. Normal (Good Direction - S/E),430,6
52,25,Mid, C,701,Large_Unit,14800213,21113,19/4/2018,east,6. Normal (Good Direction - S/E),350,6
26,10,Low, D,747,Large_Unit,16599834,22222,18/4/2018,south,6. Normal (Good Direction - S/E),200,6
44,26,High, A,708,Large_Unit,16599768,23446,18/4/2018,north,1. Premium Plus (Full Harbour),650,9
60,23,Mid, E,714,Large_Unit,15300306,21429,18/4/2018,south,6. Normal (Good Direction - S/E),200,6
10,13,Mid, D,689,Middle_Unit,10499671,15239,18/4/2018,south,2. Premium (Full Mountain),400,8.5
19,16,Mid, H,489,Small_Unit,9888069,20221,17/4/2018,north,8. Normal (Poor Direction - N/W),150,4.5
54,22,Mid, D,488,Small_Unit,10180168,20861,17/4/2018,south,6. Normal (Good Direction - S/E),650,6
20,28,High, F,716,Large_Unit,16299740,22765,16/4/2018,west,8. Normal (Poor Direction - N/W),150,4.5
30,15,Mid, B,606,Middle_Unit,12399972,20462,12/4/2018,east,6. Normal (Good Direction - S/E),500,6
58,9,Low, B,792,Large_Unit,16090272,20316,12/4/2018,east,6. Normal (Good Direction - S/E),200,6
30,2,Low, G,506,Small_Unit,8299918,16403,11/4/2018,west,8. Normal (Poor Direction - N/W),500,4.5
54,16,Mid, E,488,Small_Unit,9699976,19877,10/4/2018,south,6. Normal (Good Direction - S/E),650,6
8,24,Mid, G,582,Middle_Unit,9999924,17182,10/4/2018,west,8. Normal (Poor Direction - N/W),400,4.5
22,22,Mid, H,702,Large_Unit,13380120,19060,9/4/2018,north,8. Normal (Poor Direction - N/W),150,4.5
19,15,Mid, F,583,Middle_Unit,10000199,17153,6/4/2018,west,8. Normal (Poor Direction - N/W),150,4.5
14,4,Low, B,582,Middle_Unit,10499862,18041,4/4/2018,east,6. Normal (Good Direction - S/E),400,6
12,20,Mid, A,593,Middle_Unit,11999948,20236,4/4/2018,north,8. Normal (Poor Direction - N/W),400,4.5
51,23,Mid, G,664,Middle_Unit,13499784,20331,4/4/2018,west,8. Normal (Poor Direction - N/W),350,4.5
15,4,Low, F,582,Middle_Unit,8799840,15120,29/3/2018,west,8. Normal (Poor Direction - N/W),400,4.5
46,19,Mid, F,718,Large_Unit,13000108,18106,27/3/2018,west,8. Normal (Poor Direction - N/W),500,4.5
58,26,High, D,708,Large_Unit,14249916,20127,26/3/2018,south,6. Normal (Good Direction - S/E),200,6
43,6,Low, B,1015,Large_Unit,20499955,20197,26/3/2018,east,3. Premium Partial (Gap Harbour View),700,8
30,18,Mid, B,606,Middle_Unit,12490266,20611,23/3/2018,east,6. Normal (Good Direction - S/E),500,6
52,11,Mid, D,582,Middle_Unit,12180096,20928,23/3/2018,south,6. Normal (Good Direction - S/E),350,6
17,9,Low, B,582,Middle_Unit,11950206,20533,22/3/2018,east,6. Normal (Good Direction - S/E),400,6
43,5,Low, H,1114,Large_Unit,22300052,20018,21/3/2018,north,11. Poor Highway (IEC Noise Penalty),700,1
57,25,Mid, D,685,Middle_Unit,13280095,19387,19/3/2018,south,6. Normal (Good Direction - S/E),200,6
7,9,Low, C,689,Middle_Unit,11699909,16981,19/3/2018,east,6. Normal (Good Direction - S/E),430,6
13,11,Mid, E,593,Middle_Unit,10899933,18381,13/3/2018,south,2. Premium (Full Mountain),400,8.5
34,26,High, C,897,Large_Unit,17800068,19844,13/3/2018,east,6. Normal (Good Direction - S/E),650,6
50,4,Low, D,503,Small_Unit,9500161,18887,9/3/2018,south,6. Normal (Good Direction - S/E),350,6
62,13,Mid, B,680,Middle_Unit,14800200,21765,9/3/2018,east,6. Normal (Good Direction - S/E),200,6
54,3,Low, F,587,Middle_Unit,10280131,17513,9/3/2018,west,3. Premium Partial (Gap Harbour View),650,8
6,5,Low, D,762,Large_Unit,12999720,17060,9/3/2018,south,2. Premium (Full Mountain),460,8.5
18,17,Mid, D,593,Middle_Unit,11419994,19258,8/3/2018,south,2. Premium (Full Mountain),400,8.5
19,1,Low, H,509,Small_Unit,8499791,16699,6/3/2018,north,8. Normal (Poor Direction - N/W),150,4.5
25,28,High, H,580,Middle_Unit,13000120,22414,5/3/2018,north,8. Normal (Poor Direction - N/W),200,4.5
59,15,Mid, D,584,Middle_Unit,12579944,21541,2/3/2018,south,6. Normal (Good Direction - S/E),200,6
36,10,Low, A,1114,Large_Unit,25800240,23160,2/3/2018,north,1. Premium Plus (Full Harbour),600,9
47,4,Low, A,580,Middle_Unit,11380180,19621,1/3/2018,north,8. Normal (Poor Direction - N/W),500,4.5
58,4,Low, G,717,Large_Unit,13450203,18759,1/3/2018,west,8. Normal (Poor Direction - N/W),200,4.5
7,25,Mid, C,689,Middle_Unit,12900147,18723,28/2/2018,east,6. Normal (Good Direction - S/E),430,6
62,25,Mid, H,517,Small_Unit,11399850,22050,28/2/2018,north,8. Normal (Poor Direction - N/W),200,4.5
13,6,Low, H,689,Middle_Unit,13000052,18868,28/2/2018,north,8. Normal (Poor Direction - N/W),400,4.5
59,4,Low, D,584,Middle_Unit,10979784,18801,28/2/2018,south,6. Normal (Good Direction - S/E),200,6
16,23,Mid, E,689,Middle_Unit,13000052,18868,27/2/2018,south,2. Premium (Full Mountain),400,8.5
63,6,Low, G,589,Middle_Unit,12300087,20883,27/2/2018,west,8. Normal (Poor Direction - N/W),200,4.5
15,18,Mid, A,530,Small_Unit,11000150,20755,26/2/2018,north,8. Normal (Poor Direction - N/W),400,4.5
52,10,Low, B,701,Large_Unit,14999998,21398,26/2/2018,east,6. Normal (Good Direction - S/E),350,6
50,22,Mid, D,503,Small_Unit,9949843,19781,23/2/2018,south,6. Normal (Good Direction - S/E),350,6
54,13,Mid, F,587,Middle_Unit,11400127,19421,23/2/2018,west,3. Premium Partial (Gap Harbour View),650,8
45,3,Low, F,572,Middle_Unit,10179884,17797,22/2/2018,west,3. Premium Partial (Gap Harbour View),650,8
41,27,High, D,922,Large_Unit,18879794,20477,22/2/2018,south,6. Normal (Good Direction - S/E),600,6
29,14,Mid, G,580,Middle_Unit,10279920,17724,21/2/2018,west,8. Normal (Poor Direction - N/W),400,4.5
17,8,Low, E,593,Middle_Unit,9799918,16526,20/2/2018,south,2. Premium (Full Mountain),400,8.5
3,13,Mid, B,489,Small_Unit,7800039,15951,20/2/2018,east,6. Normal (Good Direction - S/E),400,6
51,9,Low, G,664,Middle_Unit,12499800,18825,20/2/2018,west,8. Normal (Poor Direction - N/W),350,4.5
41,3,Low, E,922,Large_Unit,15449954,16757,14/2/2018,south,6. Normal (Good Direction - S/E),600,6
42,8,Low, A,1114,Large_Unit,21500200,19300,12/2/2018,north,1. Premium Plus (Full Harbour),650,9
35,21,Mid, G,1015,Large_Unit,22000125,21675,12/2/2018,west,3. Premium Partial (Gap Harbour View),600,8
6,3,Low, F,659,Middle_Unit,10499847,15933,12/2/2018,west,8. Normal (Poor Direction - N/W),460,4.5
37,3,Low, E,922,Large_Unit,15319952,16616,12/2/2018,south,6. Normal (Good Direction - S/E),600,6
28,12,Mid, A,706,Large_Unit,13550258,19193,9/2/2018,north,8. Normal (Poor Direction - N/W),400,4.5
8,26,High, F,582,Middle_Unit,11109798,19089,9/2/2018,west,8. Normal (Poor Direction - N/W),400,4.5
30,22,Mid, F,506,Small_Unit,9160118,18103,8/2/2018,west,8. Normal (Poor Direction - N/W),500,4.5
49,16,Mid, H,701,Large_Unit,13980043,19943,8/2/2018,north,8. Normal (Poor Direction - N/W),500,4.5
45,24,Mid, H,708,Large_Unit,15100224,21328,7/2/2018,north,1. Premium Plus (Full Harbour),650,9
8,21,Mid, A,706,Large_Unit,11199984,15864,6/2/2018,north,8. Normal (Poor Direction - N/W),400,4.5
2,5,Low, G,545,Small_Unit,8499820,15596,6/2/2018,west,8. Normal (Poor Direction - N/W),400,4.5
43,1,Low, C,945,Large_Unit,15019830,15894,6/2/2018,east,3. Premium Partial (Gap Harbour View),700,8
2,16,Mid, D,583,Middle_Unit,8599833,14751,5/2/2018,south,2. Premium (Full Mountain),400,8.5
29,4,Low, H,703,Large_Unit,12100036,17212,2/2/2018,north,8. Normal (Poor Direction - N/W),400,4.5
11,15,Mid, A,598,Middle_Unit,10200086,17057,2/2/2018,north,8. Normal (Poor Direction - N/W),400,4.5
42,14,Mid, H,1114,Large_Unit,22800238,20467,2/2/2018,north,1. Premium Plus (Full Harbour),650,9
15,10,Low, C,582,Middle_Unit,9980136,17148,1/2/2018,east,6. Normal (Good Direction - S/E),400,6
9,19,Mid, E,670,Middle_Unit,11150140,16642,31/1/2018,south,2. Premium (Full Mountain),400,8.5
52,13,Mid, A,582,Middle_Unit,12000258,20619,31/1/2018,north,8. Normal (Poor Direction - N/W),350,4.5
38,23,Mid, E,922,Large_Unit,18179996,19718,26/1/2018,south,6. Normal (Good Direction - S/E),600,6
54,27,High, E,488,Small_Unit,9450120,19365,26/1/2018,south,6. Normal (Good Direction - S/E),650,6
50,12,Mid, E,503,Small_Unit,9500161,18887,25/1/2018,south,6. Normal (Good Direction - S/E),350,6
61,8,Low, B,563,Middle_Unit,11379919,20213,25/1/2018,east,6. Normal (Good Direction - S/E),200,6
3,8,Low, G,545,Small_Unit,8099790,14862,25/1/2018,west,8. Normal (Poor Direction - N/W),400,4.5
53,16,Mid, D,749,Large_Unit,16280264,21736,25/1/2018,south,6. Normal (Good Direction - S/E),350,6
15,7,Low, A,530,Small_Unit,9279770,17509,25/1/2018,north,8. Normal (Poor Direction - N/W),400,4.5
58,10,Low, G,717,Large_Unit,14000142,19526,24/1/2018,west,8. Normal (Poor Direction - N/W),200,4.5
56,24,Mid, E,759,Large_Unit,15680181,20659,22/1/2018,south,6. Normal (Good Direction - S/E),200,6
14,2,Low, D,689,Middle_Unit,10100051,14659,19/1/2018,south,2. Premium (Full Mountain),400,8.5
1,19,Mid, B,580,Middle_Unit,9550280,16466,19/1/2018,east,6. Normal (Good Direction - S/E),400,6
2,26,High, C,489,Small_Unit,8202975,16775,18/1/2018,east,6. Normal (Good Direction - S/E),400,6
2,16,Mid, G,545,Small_Unit,8600100,15780,18/1/2018,west,8. Normal (Poor Direction - N/W),400,4.5
1,17,Mid, F,580,Middle_Unit,8799760,15172,16/1/2018,west,8. Normal (Poor Direction - N/W),400,4.5
21,9,Low, C,723,Large_Unit,12000354,16598,16/1/2018,east,6. Normal (Good Direction - S/E),150,6
53,11,Mid, F,719,Large_Unit,13980236,19444,15/1/2018,west,8. Normal (Poor Direction - N/W),350,4.5
38,23,Mid, C,897,Large_Unit,12800190,14270,12/1/2018,east,3. Premium Partial (Gap Harbour View),600,8
31,3,Low, G,503,Small_Unit,8179786,16262,11/1/2018,west,8. Normal (Poor Direction - N/W),500,4.5
63,19,Mid, F,589,Middle_Unit,12380191,21019,11/1/2018,west,8. Normal (Poor Direction - N/W),200,4.5
42,7,Low, B,1015,Large_Unit,22000125,21675,10/1/2018,east,3. Premium Partial (Gap Harbour View),650,8
52,24,Mid, F,701,Large_Unit,12679688,18088,10/1/2018,west,8. Normal (Poor Direction - N/W),350,4.5
7,22,Mid, E,582,Middle_Unit,10999800,18900,10/1/2018,south,2. Premium (Full Mountain),430,8.5
17,15,Mid, A,593,Middle_Unit,10979988,18516,9/1/2018,north,8. Normal (Poor Direction - N/W),400,4.5
37,4,Low, D,922,Large_Unit,13900072,15076,5/1/2018,south,6. Normal (Good Direction - S/E),600,6
25,22,Mid, B,702,Large_Unit,14350284,20442,5/1/2018,east,6. Normal (Good Direction - S/E),200,6
41,1,Low, F,945,Large_Unit,13749750,14550,4/1/2018,west,3. Premium Partial (Gap Harbour View),600,8
50,6,Low, H,603,Middle_Unit,10319742,17114,3/1/2018,north,8. Normal (Poor Direction - N/W),350,4.5
10,23,Mid, C,582,Middle_Unit,9799716,16838,3/1/2018,east,6. Normal (Good Direction - S/E),400,6
31,9,Low, B,703,Large_Unit,12800224,18208,3/1/2018,east,6. Normal (Good Direction - S/E),500,6
43,19,Mid, E,922,Large_Unit,15099594,16377,3/1/2018,south,6. Normal (Good Direction - S/E),700,6
49,26,High, D,502,Small_Unit,9930062,19781,2/1/2018,south,6. Normal (Good Direction - S/E),500,6
23,4,Low, H,702,Large_Unit,12800268,18234,29/12/2017,north,8. Normal (Poor Direction - N/W),200,4.5
37,7,Low, B,1015,Large_Unit,19799605,19507,29/12/2017,east,3. Premium Partial (Gap Harbour View),600,8
50,28,High, E,503,Small_Unit,10580102,21034,29/12/2017,south,6. Normal (Good Direction - S/E),350,6
56,6,Low, C,792,Large_Unit,16200360,20455,28/12/2017,east,6. Normal (Good Direction - S/E),200,6
34,10,Low, F,897,Large_Unit,15389829,17157,27/12/2017,west,3. Premium Partial (Gap Harbour View),650,8
9,25,Mid, F,589,Middle_Unit,10799904,18336,27/12/2017,west,8. Normal (Poor Direction - N/W),400,4.5
40,5,Low, E,922,Large_Unit,14799944,16052,22/12/2017,south,6. Normal (Good Direction - S/E),600,6
27,10,Low, E,580,Middle_Unit,11550120,19914,22/12/2017,south,6. Normal (Good Direction - S/E),400,6
50,16,Mid, A,603,Middle_Unit,11549862,19154,22/12/2017,north,8. Normal (Poor Direction - N/W),350,4.5
59,26,High, D,477,Small_Unit,9997920,20960,22/12/2017,south,6. Normal (Good Direction - S/E),200,6
58,15,Mid, E,760,Large_Unit,13680000,18000,21/12/2017,south,6. Normal (Good Direction - S/E),200,6
35,8,Low, H,1114,Large_Unit,21600460,19390,21/12/2017,north,1. Premium Plus (Full Harbour),600,9
44,26,High, C,723,Large_Unit,13880154,19198,21/12/2017,east,3. Premium Partial (Gap Harbour View),650,8
21,12,Mid, H,709,Large_Unit,13899945,19605,21/12/2017,north,8. Normal (Poor Direction - N/W),150,4.5
32,14,Mid, G,503,Small_Unit,9549958,18986,20/12/2017,west,8. Normal (Poor Direction - N/W),500,4.5
42,16,Mid, G,1015,Large_Unit,20499955,20197,20/12/2017,west,3. Premium Partial (Gap Harbour View),650,8
21,13,Mid, E,702,Large_Unit,12379770,17635,20/12/2017,south,6. Normal (Good Direction - S/E),150,6
30,8,Low, E,583,Middle_Unit,9950061,17067,19/12/2017,south,6. Normal (Good Direction - S/E),500,6
32,3,Low, C,651,Middle_Unit,11199804,17204,18/12/2017,east,6. Normal (Good Direction - S/E),500,6
52,25,Mid, G,701,Large_Unit,13729786,19586,18/12/2017,west,8. Normal (Poor Direction - N/W),350,4.5
43,13,Mid, D,922,Large_Unit,15800314,17137,18/12/2017,south,6. Normal (Good Direction - S/E),700,6
60,22,Mid, B,680,Middle_Unit,14800200,21765,15/12/2017,east,6. Normal (Good Direction - S/E),200,6
49,11,Mid, C,582,Middle_Unit,10960224,18832,15/12/2017,east,6. Normal (Good Direction - S/E),500,6
46,4,Low, B,809,Large_Unit,14950320,18480,14/12/2017,east,6. Normal (Good Direction - S/E),500,6
10,19,Mid, B,582,Middle_Unit,10338066,17763,14/12/2017,east,6. Normal (Good Direction - S/E),400,6
25,20,Mid, H,580,Middle_Unit,11500240,19828,14/12/2017,north,8. Normal (Poor Direction - N/W),200,4.5
48,10,Low, H,603,Middle_Unit,11750058,19486,13/12/2017,north,8. Normal (Poor Direction - N/W),500,4.5
47,10,Low, D,580,Middle_Unit,10880220,18759,13/12/2017,south,6. Normal (Good Direction - S/E),500,6
39,9,Low, F,897,Large_Unit,15300129,17057,13/12/2017,west,8. Normal (Poor Direction - N/W),600,4.5
30,15,Mid, G,506,Small_Unit,8738114,17269,13/12/2017,west,8. Normal (Poor Direction - N/W),500,4.5
23,24,Mid, A,702,Large_Unit,13199706,18803,13/12/2017,north,8. Normal (Poor Direction - N/W),200,4.5
33,4,Low, D,922,Large_Unit,14449584,15672,12/12/2017,south,6. Normal (Good Direction - S/E),700,6
36,9,Low, G,1015,Large_Unit,19199740,18916,12/12/2017,west,8. Normal (Poor Direction - N/W),600,4.5
62,4,Low, D,715,Large_Unit,12679810,17734,12/12/2017,south,6. Normal (Good Direction - S/E),200,6
12,4,Low, H,593,Middle_Unit,9349831,15767,8/12/2017,north,8. Normal (Poor Direction - N/W),400,4.5
59,13,Mid, A,584,Middle_Unit,9999832,17123,8/12/2017,north,8. Normal (Poor Direction - N/W),200,4.5
29,30,High, D,530,Small_Unit,8999930,16981,8/12/2017,south,6. Normal (Good Direction - S/E),400,6
26,24,Mid, G,716,Large_Unit,14650076,20461,8/12/2017,west,8. Normal (Poor Direction - N/W),200,4.5
53,6,Low, H,749,Large_Unit,10999814,14686,8/12/2017,north,8. Normal (Poor Direction - N/W),350,4.5
49,3,Low, C,582,Middle_Unit,9349830,16065,7/12/2017,east,6. Normal (Good Direction - S/E),500,6
46,20,Mid, D,748,Large_Unit,16500132,22059,7/12/2017,south,6. Normal (Good Direction - S/E),500,6
33,10,Low, E,922,Large_Unit,14550082,15781,7/12/2017,south,4. Good Open (High Floor City),700,6
30,15,Mid, C,606,Middle_Unit,8099796,13366,7/12/2017,east,6. Normal (Good Direction - S/E),500,6
47,7,Low, H,580,Middle_Unit,11680040,20138,6/12/2017,north,8. Normal (Poor Direction - N/W),500,4.5
1,17,Mid, C,580,Middle_Unit,9299720,16034,6/12/2017,east,6. Normal (Good Direction - S/E),400,6
51,9,Low, E,502,Small_Unit,8999856,17928,4/12/2017,south,6. Normal (Good Direction - S/E),350,6
34,17,Mid, G,1015,Large_Unit,20479655,20177,4/12/2017,west,3. Premium Partial (Gap Harbour View),650,8
39,11,Mid, H,1114,Large_Unit,21150404,18986,1/12/2017,north,1. Premium Plus (Full Harbour),600,9
22,28,High, F,582,Middle_Unit,12599718,21649,1/12/2017,west,4. Good Open (High Floor City),150,7
27,20,Mid, B,703,Large_Unit,12599869,17923,1/12/2017,east,6. Normal (Good Direction - S/E),400,6
26,10,Low, B,785,Large_Unit,13000385,16561,29/11/2017,east,6. Normal (Good Direction - S/E),200,6
63,25,Mid, E,717,Large_Unit,14380152,20056,29/11/2017,south,6. Normal (Good Direction - S/E),200,6
41,26,High, A,1114,Large_Unit,20499828,18402,28/11/2017,north,1. Premium Plus (Full Harbour),600,9
11,17,Mid, B,582,Middle_Unit,10700070,18385,28/11/2017,east,6. Normal (Good Direction - S/E),400,6
23,15,Mid, E,702,Large_Unit,12379770,17635,28/11/2017,south,6. Normal (Good Direction - S/E),200,6
52,23,Mid, G,701,Large_Unit,13379987,19087,24/11/2017,west,8. Normal (Poor Direction - N/W),350,4.5
58,13,Mid, F,717,Large_Unit,13280274,18522,24/11/2017,west,8. Normal (Poor Direction - N/W),200,4.5
34,8,Low, C,897,Large_Unit,14999634,16722,23/11/2017,east,6. Normal (Good Direction - S/E),650,6
63,5,Low, B,649,Middle_Unit,13179892,20308,22/11/2017,east,6. Normal (Good Direction - S/E),200,6
54,6,Low, A,552,Middle_Unit,10600056,19203,20/11/2017,north,1. Premium Plus (Full Harbour),650,9
35,3,Low, F,897,Large_Unit,12079899,13467,20/11/2017,west,3. Premium Partial (Gap Harbour View),600,8
9,27,High, E,670,Middle_Unit,10600070,15821,20/11/2017,south,2. Premium (Full Mountain),400,8.5
9,4,Low, G,589,Middle_Unit,9200180,15620,17/11/2017,west,8. Normal (Poor Direction - N/W),400,4.5
10,24,Mid, A,536,Small_Unit,9279768,17313,17/11/2017,north,8. Normal (Poor Direction - N/W),400,4.5
8,26,High, G,582,Middle_Unit,9999924,17182,17/11/2017,west,8. Normal (Poor Direction - N/W),400,4.5
28,7,Low, F,583,Middle_Unit,9779825,16775,16/11/2017,west,8. Normal (Poor Direction - N/W),400,4.5
33,11,Mid, B,1015,Large_Unit,18900315,18621,16/11/2017,east,3. Premium Partial (Gap Harbour View),700,8
40,23,Mid, E,922,Large_Unit,17399984,18872,14/11/2017,south,6. Normal (Good Direction - S/E),600,6
32,27,High, G,503,Small_Unit,8779865,17455,13/11/2017,west,8. Normal (Poor Direction - N/W),500,4.5
29,21,Mid, H,703,Large_Unit,12500043,17781,10/11/2017,north,8. Normal (Poor Direction - N/W),400,4.5
12,3,Low, B,684,Middle_Unit,10799676,15789,9/11/2017,east,6. Normal (Good Direction - S/E),400,6
45,17,Mid, G,572,Middle_Unit,10799932,18881,7/11/2017,west,3. Premium Partial (Gap Harbour View),650,8
9,12,Mid, A,518,Small_Unit,8699810,16795,7/11/2017,north,8. Normal (Poor Direction - N/W),400,4.5
11,27,High, B,582,Middle_Unit,11780262,20241,2/11/2017,east,6. Normal (Good Direction - S/E),400,6
61,4,Low, D,714,Large_Unit,12499998,17507,1/11/2017,south,6. Normal (Good Direction - S/E),200,6
36,21,Mid, A,1114,Large_Unit,23359466,20969,1/11/2017,north,1. Premium Plus (Full Harbour),600,9
3,10,Low, C,489,Small_Unit,7779990,15910,1/11/2017,east,6. Normal (Good Direction - S/E),400,6
1,1,Low, D,440,Small_Unit,6760160,15364,1/11/2017,south,10. Poor Street (King's Road Noise Penalty),400,2
8,26,High, C,722,Large_Unit,9999700,13850,1/11/2017,east,6. Normal (Good Direction - S/E),400,6
8,13,Mid, G,582,Middle_Unit,10168122,17471,31/10/2017,west,8. Normal (Poor Direction - N/W),400,4.5
8,25,Mid, B,722,Large_Unit,13000332,18006,27/10/2017,east,6. Normal (Good Direction - S/E),400,6
21,22,Mid, G,580,Middle_Unit,11500240,19828,27/10/2017,west,8. Normal (Poor Direction - N/W),150,4.5
9,5,Low, C,589,Middle_Unit,9349786,15874,27/10/2017,east,6. Normal (Good Direction - S/E),400,6
8,17,Mid, C,722,Large_Unit,11799646,16343,27/10/2017,east,6. Normal (Good Direction - S/E),400,6
32,17,Mid, A,580,Middle_Unit,11000280,18966,26/10/2017,north,8. Normal (Poor Direction - N/W),500,4.5
38,27,High, C,897,Large_Unit,16679715,18595,24/10/2017,east,3. Premium Partial (Gap Harbour View),600,8
15,9,Low, G,582,Middle_Unit,8899944,15292,23/10/2017,west,8. Normal (Poor Direction - N/W),400,4.5
51,3,Low, E,502,Small_Unit,8220250,16375,20/10/2017,south,6. Normal (Good Direction - S/E),350,6
35,4,Low, D,922,Large_Unit,14449584,15672,18/10/2017,south,6. Normal (Good Direction - S/E),600,6
11,12,Mid, B,582,Middle_Unit,9689718,16649,18/10/2017,east,6. Normal (Good Direction - S/E),400,6
46,3,Low, H,748,Large_Unit,11879736,15882,17/10/2017,north,8. Normal (Poor Direction - N/W),500,4.5
35,30,High, E,1072,Large_Unit,23500384,21922,13/10/2017,south,6. Normal (Good Direction - S/E),600,6
52,26,High, C,701,Large_Unit,13849657,19757,12/10/2017,east,6. Normal (Good Direction - S/E),350,6
11,19,Mid, D,689,Middle_Unit,10849683,15747,11/10/2017,south,2. Premium (Full Mountain),400,8.5
52,16,Mid, G,701,Large_Unit,13199830,18830,11/10/2017,west,8. Normal (Poor Direction - N/W),350,4.5
48,20,Mid, A,603,Middle_Unit,11800107,19569,11/10/2017,north,8. Normal (Poor Direction - N/W),500,4.5
33,28,High, H,1114,Large_Unit,22000386,19749,11/10/2017,north,1. Premium Plus (Full Harbour),700,9
42,28,High, F,897,Large_Unit,20000409,22297,6/10/2017,west,3. Premium Partial (Gap Harbour View),650,8
51,17,Mid, B,582,Middle_Unit,10499862,18041,6/10/2017,east,6. Normal (Good Direction - S/E),350,6
27,29,High, D,580,Middle_Unit,10150000,17500,4/10/2017,south,6. Normal (Good Direction - S/E),400,6
24,13,Mid, F,723,Large_Unit,13000263,17981,3/10/2017,west,8. Normal (Poor Direction - N/W),200,4.5
2,28,High, H,583,Middle_Unit,10299861,17667,29/9/2017,north,8. Normal (Poor Direction - N/W),400,4.5
54,7,Low, G,587,Middle_Unit,10679878,18194,28/9/2017,west,3. Premium Partial (Gap Harbour View),650,8
32,25,Mid, G,503,Small_Unit,8779865,17455,28/9/2017,west,8. Normal (Poor Direction - N/W),500,4.5
30,28,High, F,506,Small_Unit,8650070,17095,27/9/2017,west,8. Normal (Poor Direction - N/W),500,4.5
28,29,High, B,714,Large_Unit,13379646,18739,27/9/2017,east,6. Normal (Good Direction - S/E),400,6
12,4,Low, D,593,Middle_Unit,8938289,15073,27/9/2017,south,10. Poor Street (King's Road Noise Penalty),400,2
59,26,High, B,718,Large_Unit,11969778,16671,27/9/2017,east,6. Normal (Good Direction - S/E),200,6
13,26,High, B,685,Middle_Unit,11499780,16788,25/9/2017,east,6. Normal (Good Direction - S/E),400,6
24,17,Mid, F,723,Large_Unit,12599721,17427,22/9/2017,west,8. Normal (Poor Direction - N/W),200,4.5
6,4,Low, C,797,Large_Unit,12280176,15408,14/9/2017,east,6. Normal (Good Direction - S/E),460,6
26,24,Mid, H,747,Large_Unit,14999760,20080,13/9/2017,north,8. Normal (Poor Direction - N/W),200,4.5
3,18,Mid, D,583,Middle_Unit,8500140,14580,12/9/2017,south,2. Premium (Full Mountain),400,8.5
6,28,High, C,797,Large_Unit,15999775,20075,11/9/2017,east,6. Normal (Good Direction - S/E),460,6
3,2,Low, A,583,Middle_Unit,8279766,14202,11/9/2017,north,8. Normal (Poor Direction - N/W),400,4.5
21,4,Low, C,723,Large_Unit,11380020,15740,11/9/2017,east,6. Normal (Good Direction - S/E),150,6
12,7,Low, G,581,Middle_Unit,9950206,17126,8/9/2017,west,8. Normal (Poor Direction - N/W),400,4.5
52,17,Mid, A,582,Middle_Unit,11279742,19381,8/9/2017,north,8. Normal (Poor Direction - N/W),350,4.5
24,13,Mid, B,580,Middle_Unit,11279840,19448,6/9/2017,east,6. Normal (Good Direction - S/E),200,6
13,22,Mid, F,685,Middle_Unit,10299660,15036,4/9/2017,west,8. Normal (Poor Direction - N/W),400,4.5
38,9,Low, D,922,Large_Unit,15499742,16811,25/8/2017,south,6. Normal (Good Direction - S/E),600,6
2,5,Low, A,583,Middle_Unit,8100202,13894,21/8/2017,north,8. Normal (Poor Direction - N/W),400,4.5
53,25,Mid, D,749,Large_Unit,15800155,21095,16/8/2017,south,6. Normal (Good Direction - S/E),350,6
33,30,High, E,922,Large_Unit,22160270,24035,15/8/2017,south,4. Good Open (High Floor City),700,6
17,22,Mid, E,593,Middle_Unit,9020123,15211,15/8/2017,south,2. Premium (Full Mountain),400,8.5
1,8,Low, A,545,Small_Unit,8099790,14862,15/8/2017,north,8. Normal (Poor Direction - N/W),400,4.5
11,26,High, G,691,Middle_Unit,10599940,15340,14/8/2017,west,8. Normal (Poor Direction - N/W),400,4.5
13,17,Mid, F,685,Middle_Unit,9000215,13139,11/8/2017,west,8. Normal (Poor Direction - N/W),400,4.5
22,12,Mid, G,582,Middle_Unit,10800174,18557,9/8/2017,west,8. Normal (Poor Direction - N/W),150,4.5
34,3,Low, B,1015,Large_Unit,12880350,12690,7/8/2017,east,3. Premium Partial (Gap Harbour View),650,8
55,12,Mid, B,797,Large_Unit,14099727,17691,31/7/2017,east,6. Normal (Good Direction - S/E),200,6
1,17,Mid, A,545,Small_Unit,5999905,11009,27/7/2017,north,8. Normal (Poor Direction - N/W),400,4.5
15,15,Mid, A,530,Small_Unit,9250090,17453,26/7/2017,north,8. Normal (Poor Direction - N/W),400,4.5
8,20,Mid, E,689,Middle_Unit,10299861,14949,24/7/2017,south,2. Premium (Full Mountain),400,8.5
1,22,Mid, H,545,Small_Unit,6999980,12844,20/7/2017,north,8. Normal (Poor Direction - N/W),400,4.5
15,16,Mid, C,582,Middle_Unit,9499986,16323,13/7/2017,east,6. Normal (Good Direction - S/E),400,6
61,18,Mid, F,682,Middle_Unit,13380158,19619,13/7/2017,west,8. Normal (Poor Direction - N/W),200,4.5
2,2,Low, B,482,Small_Unit,6979842,14481,11/7/2017,east,6. Normal (Good Direction - S/E),400,6
18,5,Low, H,690,Middle_Unit,9359850,13565,11/7/2017,north,8. Normal (Poor Direction - N/W),400,4.5
56,8,Low, D,759,Large_Unit,9999825,13175,10/7/2017,south,6. Normal (Good Direction - S/E),200,6
50,19,Mid, E,503,Small_Unit,9000179,17893,7/7/2017,south,6. Normal (Good Direction - S/E),350,6
40,27,High, B,1015,Large_Unit,20679610,20374,7/7/2017,east,3. Premium Partial (Gap Harbour View),600,8
53,4,Low, F,719,Large_Unit,12800357,17803,7/7/2017,west,8. Normal (Poor Direction - N/W),350,4.5
55,19,Mid, H,759,Large_Unit,10799811,14229,5/7/2017,north,8. Normal (Poor Direction - N/W),200,4.5
63,18,Mid, F,589,Middle_Unit,11550290,19610,3/7/2017,west,8. Normal (Poor Direction - N/W),200,4.5
37,6,Low, C,897,Large_Unit,15999789,17837,3/7/2017,east,3. Premium Partial (Gap Harbour View),600,8
13,4,Low, F,685,Middle_Unit,9979765,14569,29/6/2017,west,8. Normal (Poor Direction - N/W),400,4.5
20,12,Mid, B,785,Large_Unit,14480110,18446,29/6/2017,east,6. Normal (Good Direction - S/E),150,6
12,3,Low, D,593,Middle_Unit,8999961,15177,29/6/2017,south,10. Poor Street (King's Road Noise Penalty),400,2
37,23,Mid, A,1114,Large_Unit,22999644,20646,28/6/2017,north,1. Premium Plus (Full Harbour),600,9
9,15,Mid, H,518,Small_Unit,9000250,17375,28/6/2017,north,8. Normal (Poor Direction - N/W),400,4.5
25,23,Mid, A,580,Middle_Unit,11399900,19655,28/6/2017,north,8. Normal (Poor Direction - N/W),200,4.5
18,1,Low, H,690,Middle_Unit,9499920,13768,27/6/2017,north,8. Normal (Poor Direction - N/W),400,4.5
27,4,Low, F,530,Small_Unit,8679810,16377,27/6/2017,west,8. Normal (Poor Direction - N/W),400,4.5
1,15,Mid, C,580,Middle_Unit,8379840,14448,27/6/2017,east,6. Normal (Good Direction - S/E),400,6
28,11,Mid, A,706,Large_Unit,11900336,16856,23/6/2017,north,8. Normal (Poor Direction - N/W),400,4.5
34,3,Low, G,1015,Large_Unit,12299770,12118,23/6/2017,west,3. Premium Partial (Gap Harbour View),650,8
55,26,High, F,590,Middle_Unit,10999960,18644,22/6/2017,west,8. Normal (Poor Direction - N/W),200,4.5
57,6,Low, G,792,Large_Unit,15239664,19242,19/6/2017,west,8. Normal (Poor Direction - N/W),200,4.5
2,11,Mid, B,489,Small_Unit,7000035,14315,19/6/2017,east,6. Normal (Good Direction - S/E),400,6
12,15,Mid, A,593,Middle_Unit,10200193,17201,9/6/2017,north,8. Normal (Poor Direction - N/W),400,4.5
36,20,Mid, E,922,Large_Unit,17199910,18655,8/6/2017,south,6. Normal (Good Direction - S/E),600,6
29,24,Mid, F,580,Middle_Unit,9800260,16897,7/6/2017,west,8. Normal (Poor Direction - N/W),400,4.5
8,23,Mid, G,582,Middle_Unit,9999924,17182,7/6/2017,west,8. Normal (Poor Direction - N/W),400,4.5
25,5,Low, D,580,Middle_Unit,10430140,17983,5/6/2017,south,6. Normal (Good Direction - S/E),200,6
55,10,Low, H,759,Large_Unit,11999790,15810,5/6/2017,north,8. Normal (Poor Direction - N/W),200,4.5
39,25,Mid, G,1015,Large_Unit,20300000,20000,2/6/2017,west,3. Premium Partial (Gap Harbour View),600,8
31,3,Low, C,658,Middle_Unit,10449698,15881,31/5/2017,east,6. Normal (Good Direction - S/E),500,6
15,25,Mid, E,689,Middle_Unit,11199695,16255,29/5/2017,south,10. Poor Street (King's Road Noise Penalty),400,2
25,14,Mid, D,580,Middle_Unit,9119920,15724,29/5/2017,south,6. Normal (Good Direction - S/E),200,6
29,3,Low, B,580,Middle_Unit,9267820,15979,26/5/2017,east,6. Normal (Good Direction - S/E),400,6
15,16,Mid, H,530,Small_Unit,8350150,15755,26/5/2017,north,8. Normal (Poor Direction - N/W),400,4.5
2,18,Mid, G,545,Small_Unit,6999980,12844,24/5/2017,west,8. Normal (Poor Direction - N/W),400,4.5
48,18,Mid, G,580,Middle_Unit,9299720,16034,23/5/2017,west,8. Normal (Poor Direction - N/W),500,4.5
15,8,Low, D,689,Middle_Unit,10899980,15820,23/5/2017,south,10. Poor Street (King's Road Noise Penalty),400,2
60,15,Mid, A,593,Middle_Unit,11300208,19056,22/5/2017,north,8. Normal (Poor Direction - N/W),200,4.5
54,9,Low, D,488,Small_Unit,8900144,18238,19/5/2017,south,6. Normal (Good Direction - S/E),650,6
31,28,High, E,580,Middle_Unit,9999780,17241,19/5/2017,south,6. Normal (Good Direction - S/E),500,6
51,10,Low, G,664,Middle_Unit,12299936,18524,19/5/2017,west,8. Normal (Poor Direction - N/W),350,4.5
37,11,Mid, E,922,Large_Unit,16929764,18362,18/5/2017,south,6. Normal (Good Direction - S/E),600,6
44,7,Low, E,708,Large_Unit,12930204,18263,18/5/2017,south,6. Normal (Good Direction - S/E),650,6
6,13,Mid, D,762,Large_Unit,12499848,16404,18/5/2017,south,2. Premium (Full Mountain),460,8.5
7,19,Mid, D,582,Middle_Unit,10100028,17354,18/5/2017,south,2. Premium (Full Mountain),430,8.5
29,8,Low, E,530,Small_Unit,8660200,16340,17/5/2017,south,6. Normal (Good Direction - S/E),400,6
14,17,Mid, B,582,Middle_Unit,9999924,17182,17/5/2017,east,6. Normal (Good Direction - S/E),400,6
18,1,Low, A,690,Middle_Unit,8809920,12768,17/5/2017,north,8. Normal (Poor Direction - N/W),400,4.5
59,17,Mid, E,584,Middle_Unit,11897832,20373,16/5/2017,south,6. Normal (Good Direction - S/E),200,6
28,12,Mid, H,706,Large_Unit,11999882,16997,15/5/2017,north,8. Normal (Poor Direction - N/W),400,4.5
3,23,Mid, D,583,Middle_Unit,7650126,13122,12/5/2017,south,2. Premium (Full Mountain),400,8.5
42,11,Mid, A,1114,Large_Unit,19000384,17056,12/5/2017,north,1. Premium Plus (Full Harbour),650,9
32,3,Low, C,651,Middle_Unit,9750027,14977,12/5/2017,east,6. Normal (Good Direction - S/E),500,6
18,9,Low, E,593,Middle_Unit,8800120,14840,11/5/2017,south,2. Premium (Full Mountain),400,8.5
42,9,Low, C,897,Large_Unit,13000221,14493,11/5/2017,east,3. Premium Partial (Gap Harbour View),650,8
13,13,Mid, G,685,Middle_Unit,11799810,17226,11/5/2017,west,8. Normal (Poor Direction - N/W),400,4.5
52,24,Mid, A,582,Middle_Unit,10999800,18900,10/5/2017,north,8. Normal (Poor Direction - N/W),350,4.5
28,27,High, F,583,Middle_Unit,9499985,16295,9/5/2017,west,8. Normal (Poor Direction - N/W),400,4.5
44,17,Mid, A,708,Large_Unit,13800336,19492,9/5/2017,north,1. Premium Plus (Full Harbour),650,9
47,26,High, G,707,Large_Unit,13500165,19095,9/5/2017,west,8. Normal (Poor Direction - N/W),500,4.5
20,18,Mid, A,747,Large_Unit,14279652,19116,8/5/2017,north,8. Normal (Poor Direction - N/W),150,4.5
45,5,Low, B,723,Large_Unit,13659639,18893,8/5/2017,east,3. Premium Partial (Gap Harbour View),650,8
28,29,High, A,706,Large_Unit,12650108,17918,5/5/2017,north,8. Normal (Poor Direction - N/W),400,4.5
36,13,Mid, H,1114,Large_Unit,21299680,19120,4/5/2017,north,1. Premium Plus (Full Harbour),600,9
51,15,Mid, C,582,Middle_Unit,10200132,17526,4/5/2017,east,6. Normal (Good Direction - S/E),350,6
55,18,Mid, E,759,Large_Unit,14499936,19104,2/5/2017,south,6. Normal (Good Direction - S/E),200,6
10,25,Mid, D,689,Middle_Unit,11079809,16081,2/5/2017,south,2. Premium (Full Mountain),400,8.5
32,21,Mid, G,503,Small_Unit,8799985,17495,27/4/2017,west,8. Normal (Poor Direction - N/W),500,4.5
46,8,Low, E,748,Large_Unit,14000316,18717,27/4/2017,south,6. Normal (Good Direction - S/E),500,6
39,8,Low, C,897,Large_Unit,14000376,15608,27/4/2017,east,3. Premium Partial (Gap Harbour View),600,8
22,4,Low, B,582,Middle_Unit,9700194,16667,27/4/2017,east,6. Normal (Good Direction - S/E),150,6
28,13,Mid, A,706,Large_Unit,12350058,17493,27/4/2017,north,8. Normal (Poor Direction - N/W),400,4.5
15,24,Mid, C,582,Middle_Unit,9704850,16675,26/4/2017,east,6. Normal (Good Direction - S/E),400,6
8,23,Mid, C,722,Large_Unit,9999700,13850,26/4/2017,east,6. Normal (Good Direction - S/E),400,6
19,18,Mid, F,583,Middle_Unit,9979794,17118,26/4/2017,west,8. Normal (Poor Direction - N/W),150,4.5
33,5,Low, B,1015,Large_Unit,18779530,18502,25/4/2017,east,3. Premium Partial (Gap Harbour View),700,8
53,20,Mid, H,749,Large_Unit,13398112,17888,24/4/2017,north,8. Normal (Poor Direction - N/W),350,4.5
27,27,High, D,580,Middle_Unit,9499820,16379,24/4/2017,south,6. Normal (Good Direction - S/E),400,6
20,10,Low, H,747,Large_Unit,13000041,17403,20/4/2017,north,8. Normal (Poor Direction - N/W),150,4.5
49,13,Mid, C,582,Middle_Unit,10520232,18076,20/4/2017,east,6. Normal (Good Direction - S/E),500,6
2,12,Mid, A,583,Middle_Unit,8199895,14065,19/4/2017,north,8. Normal (Poor Direction - N/W),400,4.5
61,3,Low, D,679,Middle_Unit,14000301,20619,18/4/2017,south,6. Normal (Good Direction - S/E),200,6
11,4,Low, C,582,Middle_Unit,9299778,15979,18/4/2017,east,6. Normal (Good Direction - S/E),400,6
21,8,Low, G,580,Middle_Unit,10499740,18103,18/4/2017,west,8. Normal (Poor Direction - N/W),150,4.5
53,9,Low, A,749,Large_Unit,13744899,18351,7/4/2017,north,8. Normal (Poor Direction - N/W),350,4.5
59,20,Mid, G,567,Middle_Unit,9500085,16755,7/4/2017,west,8. Normal (Poor Direction - N/W),200,4.5
6,9,Low, G,704,Large_Unit,10800064,15341,7/4/2017,west,8. Normal (Poor Direction - N/W),460,4.5
15,25,Mid, G,582,Middle_Unit,10300236,17698,7/4/2017,west,8. Normal (Poor Direction - N/W),400,4.5
29,15,Mid, C,580,Middle_Unit,9980060,17207,6/4/2017,east,6. Normal (Good Direction - S/E),400,6
58,26,High, F,642,Middle_Unit,11330016,17648,6/4/2017,west,8. Normal (Poor Direction - N/W),200,4.5
17,17,Mid, A,593,Middle_Unit,9380074,15818,5/4/2017,north,8. Normal (Poor Direction - N/W),400,4.5
30,11,Mid, F,506,Small_Unit,8749752,17292,5/4/2017,west,8. Normal (Poor Direction - N/W),500,4.5
9,27,High, B,589,Middle_Unit,9899912,16808,3/4/2017,east,6. Normal (Good Direction - S/E),400,6
6,4,Low, A,760,Large_Unit,12249680,16118,30/3/2017,north,8. Normal (Poor Direction - N/W),460,4.5
58,16,Mid, A,760,Large_Unit,12999800,17105,30/3/2017,north,8. Normal (Poor Direction - N/W),200,4.5
59,20,Mid, E,584,Middle_Unit,11480272,19658,30/3/2017,south,6. Normal (Good Direction - S/E),200,6
40,14,Mid, A,1114,Large_Unit,21000014,18851,29/3/2017,north,1. Premium Plus (Full Harbour),600,9
45,4,Low, G,572,Middle_Unit,9099948,15909,28/3/2017,west,3. Premium Partial (Gap Harbour View),650,8
19,9,Low, B,583,Middle_Unit,9350154,16038,28/3/2017,east,6. Normal (Good Direction - S/E),150,6
17,13,Mid, D,593,Middle_Unit,9330262,15734,28/3/2017,south,2. Premium (Full Mountain),400,8.5
47,26,High, E,580,Middle_Unit,10649960,18362,27/3/2017,south,6. Normal (Good Direction - S/E),500,6
9,13,Mid, H,518,Small_Unit,7999992,15444,24/3/2017,north,8. Normal (Poor Direction - N/W),400,4.5
37,6,Low, E,922,Large_Unit,14500294,15727,24/3/2017,south,6. Normal (Good Direction - S/E),600,6
61,12,Mid, A,591,Middle_Unit,8999748,15228,23/3/2017,north,8. Normal (Poor Direction - N/W),200,4.5
35,9,Low, A,1114,Large_Unit,18000012,16158,23/3/2017,north,1. Premium Plus (Full Harbour),600,9
53,27,High, G,719,Large_Unit,12460270,17330,22/3/2017,west,8. Normal (Poor Direction - N/W),350,4.5
10,21,Mid, E,689,Middle_Unit,10800075,15675,22/3/2017,south,2. Premium (Full Mountain),400,8.5
52,21,Mid, H,582,Middle_Unit,10499862,18041,22/3/2017,north,8. Normal (Poor Direction - N/W),350,4.5
31,5,Low, B,703,Large_Unit,11499674,16358,20/3/2017,east,6. Normal (Good Direction - S/E),500,6
8,13,Mid, E,689,Middle_Unit,8999718,13062,20/3/2017,south,2. Premium (Full Mountain),400,8.5
31,30,High, A,580,Middle_Unit,11399900,19655,16/3/2017,north,4. Good Open (High Floor City),500,7
22,24,Mid, H,702,Large_Unit,11780262,16781,15/3/2017,north,8. Normal (Poor Direction - N/W),150,4.5
19,16,Mid, F,583,Middle_Unit,9379887,16089,15/3/2017,west,8. Normal (Poor Direction - N/W),150,4.5
33,19,Mid, F,897,Large_Unit,14299974,15942,15/3/2017,west,3. Premium Partial (Gap Harbour View),700,4.5
38,18,Mid, D,922,Large_Unit,16279754,17657,15/3/2017,south,6. Normal (Good Direction - S/E),600,6
14,21,Mid, D,689,Middle_Unit,10749778,15602,14/3/2017,south,2. Premium (Full Mountain),400,8.5
15,25,Mid, A,530,Small_Unit,8333190,15723,14/3/2017,north,8. Normal (Poor Direction - N/W),400,4.5
22,14,Mid, A,702,Large_Unit,11300094,16097,13/3/2017,north,8. Normal (Poor Direction - N/W),150,4.5
49,28,High, B,582,Middle_Unit,11499738,19759,13/3/2017,east,6. Normal (Good Direction - S/E),500,6
15,15,Mid, B,582,Middle_Unit,8799840,15120,10/3/2017,east,6. Normal (Good Direction - S/E),400,6
41,28,High, A,1277,Large_Unit,27999502,21926,10/3/2017,north,1. Premium Plus (Full Harbour),600,9
28,20,Mid, H,706,Large_Unit,11980114,16969,9/3/2017,north,8. Normal (Poor Direction - N/W),400,4.5
59,14,Mid, G,567,Middle_Unit,10027962,17686,9/3/2017,west,8. Normal (Poor Direction - N/W),200,4.5
51,6,Low, D,502,Small_Unit,8879878,17689,8/3/2017,south,6. Normal (Good Direction - S/E),350,6
32,15,Mid, E,580,Middle_Unit,9249840,15948,8/3/2017,south,6. Normal (Good Direction - S/E),500,6
45,10,Low, D,708,Large_Unit,11800236,16667,8/3/2017,south,6. Normal (Good Direction - S/E),650,6
27,3,Low, F,530,Small_Unit,7300220,13774,7/3/2017,west,8. Normal (Poor Direction - N/W),400,4.5
48,21,Mid, G,580,Middle_Unit,10600080,18276,6/3/2017,west,8. Normal (Poor Direction - N/W),500,4.5
19,10,Low, A,489,Small_Unit,7499793,15337,6/3/2017,north,8. Normal (Poor Direction - N/W),150,4.5
50,3,Low, E,503,Small_Unit,7400136,14712,3/3/2017,south,6. Normal (Good Direction - S/E),350,6
19,19,Mid, F,583,Middle_Unit,9899923,16981,2/3/2017,west,8. Normal (Poor Direction - N/W),150,4.5
8,21,Mid, C,722,Large_Unit,10549864,14612,24/2/2017,east,6. Normal (Good Direction - S/E),400,6
31,19,Mid, H,580,Middle_Unit,9499820,16379,22/2/2017,north,8. Normal (Poor Direction - N/W),500,4.5
35,12,Mid, E,922,Large_Unit,15080232,16356,22/2/2017,south,6. Normal (Good Direction - S/E),600,6
62,25,Mid, D,717,Large_Unit,10499748,14644,22/2/2017,south,6. Normal (Good Direction - S/E),200,6
45,16,Mid, C,723,Large_Unit,13149924,18188,21/2/2017,east,3. Premium Partial (Gap Harbour View),650,8
61,26,High, C,635,Middle_Unit,9700260,15276,21/2/2017,east,6. Normal (Good Direction - S/E),200,6
6,18,Mid, B,797,Large_Unit,13830341,17353,20/2/2017,east,6. Normal (Good Direction - S/E),460,6
10,18,Mid, H,536,Small_Unit,8400192,15672,20/2/2017,north,8. Normal (Poor Direction - N/W),400,4.5
53,18,Mid, H,749,Large_Unit,13129970,17530,17/2/2017,north,8. Normal (Poor Direction - N/W),350,4.5
52,3,Low, D,582,Middle_Unit,8227734,14137,14/2/2017,south,6. Normal (Good Direction - S/E),350,6
29,28,High, A,703,Large_Unit,11099667,15789,14/2/2017,north,8. Normal (Poor Direction - N/W),400,4.5
46,17,Mid, C,809,Large_Unit,14799846,18294,14/2/2017,east,6. Normal (Good Direction - S/E),500,6
42,17,Mid, D,922,Large_Unit,15600240,16920,6/2/2017,south,6. Normal (Good Direction - S/E),650,6
30,23,Mid, G,506,Small_Unit,8249824,16304,3/2/2017,west,8. Normal (Poor Direction - N/W),500,4.5
15,3,Low, B,582,Middle_Unit,9000048,15464,2/2/2017,east,6. Normal (Good Direction - S/E),400,6
2,9,Low, H,583,Middle_Unit,7380197,12659,27/1/2017,north,8. Normal (Poor Direction - N/W),400,4.5
2,3,Low, C,502,Small_Unit,6979808,13904,26/1/2017,east,6. Normal (Good Direction - S/E),400,6
62,24,Mid, F,646,Middle_Unit,13100234,20279,26/1/2017,west,8. Normal (Poor Direction - N/W),200,4.5
52,4,Low, B,701,Large_Unit,7999812,11412,26/1/2017,east,6. Normal (Good Direction - S/E),350,6
53,12,Mid, D,749,Large_Unit,13699959,18291,26/1/2017,south,6. Normal (Good Direction - S/E),350,6
44,5,Low, C,723,Large_Unit,12479703,17261,23/1/2017,east,3. Premium Partial (Gap Harbour View),650,8
2,2,Low, C,482,Small_Unit,6749928,14004,23/1/2017,east,6. Normal (Good Direction - S/E),400,6
10,20,Mid, B,582,Middle_Unit,8529792,14656,17/1/2017,east,6. Normal (Good Direction - S/E),400,6
28,4,Low, H,706,Large_Unit,10380318,14703,17/1/2017,north,8. Normal (Poor Direction - N/W),400,4.5
7,13,Mid, F,536,Small_Unit,8349808,15578,17/1/2017,west,8. Normal (Poor Direction - N/W),430,4.5
57,26,High, F,716,Large_Unit,12000160,16760,17/1/2017,west,8. Normal (Poor Direction - N/W),200,4.5
11,12,Mid, F,691,Middle_Unit,8799885,12735,16/1/2017,west,8. Normal (Poor Direction - N/W),400,4.5
22,9,Low, H,702,Large_Unit,10850112,15456,16/1/2017,north,8. Normal (Poor Direction - N/W),150,4.5
8,10,Low, B,722,Large_Unit,10500046,14543,12/1/2017,east,6. Normal (Good Direction - S/E),400,6
50,15,Mid, C,664,Middle_Unit,10999824,16566,12/1/2017,east,6. Normal (Good Direction - S/E),350,6
12,23,Mid, C,684,Middle_Unit,10290096,15044,11/1/2017,east,6. Normal (Good Direction - S/E),400,6
42,12,Mid, G,1015,Large_Unit,20679610,20374,5/1/2017,west,3. Premium Partial (Gap Harbour View),650,8
52,7,Low, E,582,Middle_Unit,9299778,15979,5/1/2017,south,6. Normal (Good Direction - S/E),350,6
40,3,Low, H,1114,Large_Unit,18080220,16230,29/12/2016,north,1. Premium Plus (Full Harbour),600,9
32,25,Mid, F,503,Small_Unit,8000215,15905,29/12/2016,west,8. Normal (Poor Direction - N/W),500,4.5
38,23,Mid, G,1015,Large_Unit,18999785,18719,28/12/2016,west,3. Premium Partial (Gap Harbour View),600,8
19,18,Mid, B,583,Middle_Unit,9119869,15643,23/12/2016,east,6. Normal (Good Direction - S/E),150,6
47,3,Low, F,695,Middle_Unit,9499955,13669,19/12/2016,west,8. Normal (Poor Direction - N/W),500,4.5
31,7,Low, H,580,Middle_Unit,9379760,16172,19/12/2016,north,8. Normal (Poor Direction - N/W),500,4.5
19,15,Mid, E,545,Small_Unit,8400085,15413,13/12/2016,south,6. Normal (Good Direction - S/E),150,6
3,3,Low, C,504,Small_Unit,6799968,13492,12/12/2016,east,6. Normal (Good Direction - S/E),400,6
17,19,Mid, E,593,Middle_Unit,8779958,14806,8/12/2016,south,2. Premium (Full Mountain),400,8.5
47,25,Mid, A,580,Middle_Unit,9199960,15862,5/12/2016,north,8. Normal (Poor Direction - N/W),500,4.5
23,16,Mid, D,702,Large_Unit,9999990,14245,1/12/2016,south,6. Normal (Good Direction - S/E),200,6
21,3,Low, G,580,Middle_Unit,7749960,13362,1/12/2016,west,8. Normal (Poor Direction - N/W),150,4.5
2,27,High, A,583,Middle_Unit,8620238,14786,1/12/2016,north,8. Normal (Poor Direction - N/W),400,4.5
17,26,High, B,582,Middle_Unit,9967914,17127,30/11/2016,east,6. Normal (Good Direction - S/E),400,6
34,13,Mid, F,897,Large_Unit,13800345,15385,29/11/2016,west,3. Premium Partial (Gap Harbour View),650,8
33,19,Mid, G,1015,Large_Unit,18500405,18227,29/11/2016,west,3. Premium Partial (Gap Harbour View),700,8
2,13,Mid, H,583,Middle_Unit,7900233,13551,28/11/2016,north,8. Normal (Poor Direction - N/W),400,4.5
47,6,Low, A,580,Middle_Unit,9379760,16172,28/11/2016,north,8. Normal (Poor Direction - N/W),500,4.5
56,4,Low, A,759,Large_Unit,12950058,17062,28/11/2016,north,8. Normal (Poor Direction - N/W),200,4.5
8,16,Mid, C,722,Large_Unit,10219910,14155,25/11/2016,east,6. Normal (Good Direction - S/E),400,6
13,16,Mid, D,593,Middle_Unit,9687841,16337,24/11/2016,south,10. Poor Street (King's Road Noise Penalty),400,2
52,15,Mid, F,701,Large_Unit,11000092,15692,24/11/2016,west,8. Normal (Poor Direction - N/W),350,4.5
17,12,Mid, A,593,Middle_Unit,9199802,15514,22/11/2016,north,8. Normal (Poor Direction - N/W),400,4.5
9,22,Mid, B,589,Middle_Unit,9879886,16774,22/11/2016,east,6. Normal (Good Direction - S/E),400,6
47,21,Mid, E,580,Middle_Unit,9900020,17069,18/11/2016,south,6. Normal (Good Direction - S/E),500,6
22,25,Mid, B,582,Middle_Unit,10499862,18041,17/11/2016,east,6. Normal (Good Direction - S/E),150,6
2,12,Mid, G,545,Small_Unit,7379845,13541,16/11/2016,west,8. Normal (Poor Direction - N/W),400,4.5
56,15,Mid, B,792,Large_Unit,15299856,19318,15/11/2016,east,6. Normal (Good Direction - S/E),200,6
43,16,Mid, A,1114,Large_Unit,19999642,17953,14/11/2016,north,1. Premium Plus (Full Harbour),700,9
8,6,Low, A,706,Large_Unit,9619956,13626,11/11/2016,north,8. Normal (Poor Direction - N/W),400,4.5
39,10,Low, D,922,Large_Unit,16799762,18221,11/11/2016,south,6. Normal (Good Direction - S/E),600,6
61,26,High, F,604,Middle_Unit,8399828,13907,11/11/2016,west,8. Normal (Poor Direction - N/W),200,4.5
52,15,Mid, H,582,Middle_Unit,9689718,16649,10/11/2016,north,8. Normal (Poor Direction - N/W),350,4.5
40,10,Low, A,1114,Large_Unit,20600088,18492,9/11/2016,north,1. Premium Plus (Full Harbour),600,9
12,25,Mid, C,684,Middle_Unit,10950156,16009,9/11/2016,east,6. Normal (Good Direction - S/E),400,6
34,15,Mid, A,1114,Large_Unit,20300422,18223,9/11/2016,north,1. Premium Plus (Full Harbour),650,9
55,12,Mid, H,759,Large_Unit,12600159,16601,9/11/2016,north,8. Normal (Poor Direction - N/W),200,4.5
60,12,Mid, C,680,Middle_Unit,11500160,16912,8/11/2016,east,6. Normal (Good Direction - S/E),200,6
38,16,Mid, G,1015,Large_Unit,19790470,19498,7/11/2016,west,3. Premium Partial (Gap Harbour View),600,8
38,7,Low, C,897,Large_Unit,13550082,15106,4/11/2016,east,3. Premium Partial (Gap Harbour View),600,8
30,20,Mid, G,506,Small_Unit,8429960,16660,4/11/2016,west,8. Normal (Poor Direction - N/W),500,4.5
14,10,Low, A,530,Small_Unit,8350150,15755,4/11/2016,north,8. Normal (Poor Direction - N/W),400,4.5
19,23,Mid, A,489,Small_Unit,8480238,17342,3/11/2016,north,8. Normal (Poor Direction - N/W),150,4.5
19,15,Mid, D,545,Small_Unit,8389730,15394,3/11/2016,south,6. Normal (Good Direction - S/E),150,6
60,15,Mid, D,714,Large_Unit,13500312,18908,2/11/2016,south,6. Normal (Good Direction - S/E),200,6
7,15,Mid, B,689,Middle_Unit,11199695,16255,2/11/2016,east,6. Normal (Good Direction - S/E),430,6
58,23,Mid, E,760,Large_Unit,13899640,18289,31/10/2016,south,6. Normal (Good Direction - S/E),200,6
18,8,Low, G,684,Middle_Unit,9668340,14135,31/10/2016,west,8. Normal (Poor Direction - N/W),400,4.5
8,10,Low, D,689,Middle_Unit,9380046,13614,31/10/2016,south,2. Premium (Full Mountain),400,8.5
18,18,Mid, A,690,Middle_Unit,10499730,15217,31/10/2016,north,8. Normal (Poor Direction - N/W),400,4.5
25,12,Mid, G,702,Large_Unit,11300094,16097,31/10/2016,west,8. Normal (Poor Direction - N/W),200,4.5
30,24,Mid, H,583,Middle_Unit,7799957,13379,28/10/2016,north,8. Normal (Poor Direction - N/W),500,4.5
45,13,Mid, D,708,Large_Unit,12280260,17345,28/10/2016,south,6. Normal (Good Direction - S/E),650,6
48,5,Low, G,580,Middle_Unit,9837960,16962,28/10/2016,west,8. Normal (Poor Direction - N/W),500,4.5
25,5,Low, F,702,Large_Unit,10200060,14530,28/10/2016,west,8. Normal (Poor Direction - N/W),200,4.5
57,13,Mid, A,760,Large_Unit,13499880,17763,26/10/2016,north,8. Normal (Poor Direction - N/W),200,4.5
9,27,High, H,518,Small_Unit,8499862,16409,26/10/2016,north,8. Normal (Poor Direction - N/W),400,4.5
57,26,High, G,716,Large_Unit,13800184,19274,26/10/2016,west,8. Normal (Poor Direction - N/W),200,4.5
54,21,Mid, G,587,Middle_Unit,9400218,16014,25/10/2016,west,3. Premium Partial (Gap Harbour View),650,8
44,15,Mid, D,708,Large_Unit,12799932,18079,24/10/2016,south,6. Normal (Good Direction - S/E),650,6
30,10,Low, F,506,Small_Unit,8299918,16403,24/10/2016,west,8. Normal (Poor Direction - N/W),500,4.5
16,15,Mid, B,685,Middle_Unit,9620140,14044,24/10/2016,east,6. Normal (Good Direction - S/E),400,6
40,20,Mid, E,922,Large_Unit,18000206,19523,24/10/2016,south,6. Normal (Good Direction - S/E),600,6
22,15,Mid, B,582,Middle_Unit,9600090,16495,24/10/2016,east,6. Normal (Good Direction - S/E),150,6
48,28,High, C,662,Middle_Unit,12599846,19033,20/10/2016,east,6. Normal (Good Direction - S/E),500,6
15,8,Low, E,689,Middle_Unit,10000146,14514,19/10/2016,south,10. Poor Street (King's Road Noise Penalty),400,2
54,13,Mid, G,587,Middle_Unit,9200051,15673,18/10/2016,west,3. Premium Partial (Gap Harbour View),650,8
21,3,Low, F,580,Middle_Unit,8100280,13966,18/10/2016,west,8. Normal (Poor Direction - N/W),150,4.5
23,15,Mid, F,580,Middle_Unit,9089760,15672,17/10/2016,west,8. Normal (Poor Direction - N/W),200,4.5
49,6,Low, D,502,Small_Unit,7779996,15498,17/10/2016,south,6. Normal (Good Direction - S/E),500,6
7,4,Low, C,689,Middle_Unit,9537827,13843,14/10/2016,east,6. Normal (Good Direction - S/E),430,6
43,8,Low, E,922,Large_Unit,14500294,15727,14/10/2016,south,6. Normal (Good Direction - S/E),700,6
31,20,Mid, F,503,Small_Unit,7800021,15507,14/10/2016,west,8. Normal (Poor Direction - N/W),500,4.5
15,15,Mid, F,582,Middle_Unit,9600090,16495,14/10/2016,west,8. Normal (Poor Direction - N/W),400,4.5
63,26,High, E,718,Large_Unit,9305280,12960,13/10/2016,south,6. Normal (Good Direction - S/E),200,6
6,3,Low, B,797,Large_Unit,10349842,12986,13/10/2016,east,6. Normal (Good Direction - S/E),460,6
28,12,Mid, B,714,Large_Unit,11379732,15938,12/10/2016,east,6. Normal (Good Direction - S/E),400,6
53,3,Low, D,749,Large_Unit,10379642,13858,7/10/2016,south,6. Normal (Good Direction - S/E),350,6
44,21,Mid, A,708,Large_Unit,13379784,18898,7/10/2016,north,1. Premium Plus (Full Harbour),650,9
14,2,Low, F,582,Middle_Unit,7400130,12715,7/10/2016,west,8. Normal (Poor Direction - N/W),400,4.5
1,10,Low, A,545,Small_Unit,7179830,13174,7/10/2016,north,8. Normal (Poor Direction - N/W),400,4.5
11,6,Low, F,691,Middle_Unit,8699690,12590,6/10/2016,west,8. Normal (Poor Direction - N/W),400,4.5
23,13,Mid, G,580,Middle_Unit,8400140,14483,4/10/2016,west,8. Normal (Poor Direction - N/W),200,4.5
3,10,Low, E,583,Middle_Unit,6800112,11664,28/9/2016,south,2. Premium (Full Mountain),400,8.5
58,4,Low, E,760,Large_Unit,11308040,14879,28/9/2016,south,6. Normal (Good Direction - S/E),200,6
18,19,Mid, H,690,Middle_Unit,9499920,13768,28/9/2016,north,8. Normal (Poor Direction - N/W),400,4.5
32,30,High, A,580,Middle_Unit,9949900,17155,28/9/2016,north,8. Normal (Poor Direction - N/W),500,4.5
53,14,Mid, H,749,Large_Unit,12219935,16315,27/9/2016,north,8. Normal (Poor Direction - N/W),350,4.5
27,18,Mid, H,580,Middle_Unit,8680280,14966,27/9/2016,north,8. Normal (Poor Direction - N/W),400,4.5
28,29,High, C,714,Large_Unit,11800278,16527,26/9/2016,east,6. Normal (Good Direction - S/E),400,6
8,2,Low, F,576,Middle_Unit,7679808,13333,26/9/2016,west,8. Normal (Poor Direction - N/W),400,4.5
56,26,High, F,626,Middle_Unit,9299856,14856,23/9/2016,west,8. Normal (Poor Direction - N/W),200,4.5
20,26,High, D,747,Large_Unit,12200004,16332,21/9/2016,south,6. Normal (Good Direction - S/E),150,6
53,22,Mid, E,749,Large_Unit,12177242,16258,21/9/2016,south,6. Normal (Good Direction - S/E),350,6
8,14,Mid, G,582,Middle_Unit,8312124,14282,19/9/2016,west,8. Normal (Poor Direction - N/W),400,4.5
16,27,High, G,685,Middle_Unit,10749705,15693,19/9/2016,west,8. Normal (Poor Direction - N/W),400,4.5
19,16,Mid, D,545,Small_Unit,7800040,14312,15/9/2016,south,6. Normal (Good Direction - S/E),150,6
62,13,Mid, E,715,Large_Unit,10599875,14825,15/9/2016,south,6. Normal (Good Direction - S/E),200,6
24,24,Mid, G,723,Large_Unit,11800083,16321,13/9/2016,west,8. Normal (Poor Direction - N/W),200,4.5
46,14,Mid, G,718,Large_Unit,9000130,12535,13/9/2016,west,8. Normal (Poor Direction - N/W),500,4.5
51,5,Low, E,502,Small_Unit,7300084,14542,12/9/2016,south,6. Normal (Good Direction - S/E),350,6
25,26,High, H,580,Middle_Unit,9499820,16379,12/9/2016,north,8. Normal (Poor Direction - N/W),200,4.5
27,25,Mid, C,703,Large_Unit,10379795,14765,9/9/2016,east,6. Normal (Good Direction - S/E),400,6
21,5,Low, C,723,Large_Unit,10800174,14938,9/9/2016,east,6. Normal (Good Direction - S/E),150,6
50,20,Mid, E,503,Small_Unit,8199906,16302,9/9/2016,south,6. Normal (Good Direction - S/E),350,6
26,18,Mid, H,747,Large_Unit,11750310,15730,8/9/2016,north,8. Normal (Poor Direction - N/W),200,4.5
8,20,Mid, D,689,Middle_Unit,9349730,13570,8/9/2016,south,2. Premium (Full Mountain),400,8.5
59,26,High, G,574,Middle_Unit,9349886,16289,6/9/2016,west,8. Normal (Poor Direction - N/W),200,4.5
41,7,Low, A,1114,Large_Unit,18379886,16499,5/9/2016,north,1. Premium Plus (Full Harbour),600,9
40,17,Mid, B,1015,Large_Unit,16380070,16138,5/9/2016,east,3. Premium Partial (Gap Harbour View),600,8
46,22,Mid, F,718,Large_Unit,10999760,15320,5/9/2016,west,8. Normal (Poor Direction - N/W),500,4.5
30,9,Low, A,583,Middle_Unit,8599833,14751,1/9/2016,north,8. Normal (Poor Direction - N/W),500,4.5
55,20,Mid, H,759,Large_Unit,12880230,16970,1/9/2016,north,8. Normal (Poor Direction - N/W),200,4.5
8,21,Mid, H,596,Middle_Unit,8799940,14765,31/8/2016,north,8. Normal (Poor Direction - N/W),400,4.5
53,3,Low, C,763,Large_Unit,9750377,12779,31/8/2016,east,6. Normal (Good Direction - S/E),350,6
23,14,Mid, E,702,Large_Unit,10379772,14786,31/8/2016,south,6. Normal (Good Direction - S/E),200,6
8,13,Mid, C,722,Large_Unit,9279866,12853,30/8/2016,east,6. Normal (Good Direction - S/E),400,6
11,13,Mid, A,598,Middle_Unit,8480238,14181,30/8/2016,north,8. Normal (Poor Direction - N/W),400,4.5
32,26,High, G,503,Small_Unit,8500197,16899,30/8/2016,west,8. Normal (Poor Direction - N/W),500,4.5
18,22,Mid, D,593,Middle_Unit,8549874,14418,30/8/2016,south,2. Premium (Full Mountain),400,8.5
32,30,High, F,503,Small_Unit,8000215,15905,30/8/2016,west,8. Normal (Poor Direction - N/W),500,4.5
39,24,Mid, A,1114,Large_Unit,20200162,18133,29/8/2016,north,1. Premium Plus (Full Harbour),600,1
38,16,Mid, F,897,Large_Unit,14299974,15942,29/8/2016,west,3. Premium Partial (Gap Harbour View),600,8
51,20,Mid, G,664,Middle_Unit,10359728,15602,26/8/2016,west,8. Normal (Poor Direction - N/W),350,4.5
40,10,Low, F,897,Large_Unit,12619893,14069,26/8/2016,west,3. Premium Partial (Gap Harbour View),600,8
43,9,Low, A,1114,Large_Unit,18699604,16786,26/8/2016,north,1. Premium Plus (Full Harbour),700,9
52,4,Low, B,701,Large_Unit,7999812,11412,26/8/2016,east,6. Normal (Good Direction - S/E),350,6
57,26,High, A,787,Large_Unit,11649961,14803,25/8/2016,north,8. Normal (Poor Direction - N/W),200,4.5
53,6,Low, C,809,Large_Unit,12300036,15204,25/8/2016,east,6. Normal (Good Direction - S/E),350,6
61,20,Mid, F,682,Middle_Unit,10650112,15616,25/8/2016,west,8. Normal (Poor Direction - N/W),200,4.5
46,24,Mid, B,809,Large_Unit,12680266,15674,24/8/2016,east,6. Normal (Good Direction - S/E),500,6
59,26,High, D,477,Small_Unit,7775100,16300,24/8/2016,south,6. Normal (Good Direction - S/E),200,6
14,17,Mid, A,530,Small_Unit,7479890,14113,23/8/2016,north,8. Normal (Poor Direction - N/W),400,4.5
58,5,Low, H,760,Large_Unit,11450160,15066,23/8/2016,north,8. Normal (Poor Direction - N/W),200,4.5
26,17,Mid, F,716,Large_Unit,10200136,14246,22/8/2016,west,8. Normal (Poor Direction - N/W),200,4.5
37,28,High, C,897,Large_Unit,19600347,21851,22/8/2016,east,3. Premium Partial (Gap Harbour View),600,8
58,10,Low, D,760,Large_Unit,12299840,16184,19/8/2016,south,6. Normal (Good Direction - S/E),200,6
39,24,Mid, C,897,Large_Unit,14099943,15719,19/8/2016,east,3. Premium Partial (Gap Harbour View),600,8
34,5,Low, A,1114,Large_Unit,17949882,16113,17/8/2016,north,1. Premium Plus (Full Harbour),650,9
38,28,High, H,1277,Large_Unit,27999502,21926,17/8/2016,north,1. Premium Plus (Full Harbour),600,9
6,17,Mid, D,762,Large_Unit,10319766,13543,16/8/2016,south,2. Premium (Full Mountain),460,8.5
14,12,Mid, A,530,Small_Unit,7000240,13208,15/8/2016,north,8. Normal (Poor Direction - N/W),400,4.5
27,25,Mid, H,580,Middle_Unit,8549780,14741,15/8/2016,north,8. Normal (Poor Direction - N/W),400,4.5
58,15,Mid, H,760,Large_Unit,11168200,14695,12/8/2016,north,8. Normal (Poor Direction - N/W),200,4.5
40,19,Mid, D,922,Large_Unit,13900072,15076,12/8/2016,south,6. Normal (Good Direction - S/E),600,6
52,23,Mid, E,582,Middle_Unit,8699736,14948,11/8/2016,south,6. Normal (Good Direction - S/E),350,6
25,10,Low, F,702,Large_Unit,9999990,14245,11/8/2016,west,8. Normal (Poor Direction - N/W),200,4.5
62,6,Low, C,680,Middle_Unit,10049720,14779,11/8/2016,east,6. Normal (Good Direction - S/E),200,6
32,19,Mid, E,580,Middle_Unit,8150160,14052,11/8/2016,south,6. Normal (Good Direction - S/E),500,6
26,23,Mid, E,747,Large_Unit,11750310,15730,10/8/2016,south,6. Normal (Good Direction - S/E),200,6
27,24,Mid, B,703,Large_Unit,9560097,13599,9/8/2016,east,6. Normal (Good Direction - S/E),400,6
31,23,Mid, G,535,Small_Unit,7500165,14019,8/8/2016,west,8. Normal (Poor Direction - N/W),500,4.5
18,10,Low, G,684,Middle_Unit,9199800,13450,8/8/2016,west,8. Normal (Poor Direction - N/W),400,4.5
41,27,High, G,1015,Large_Unit,19500180,19212,8/8/2016,west,3. Premium Partial (Gap Harbour View),600,8
17,15,Mid, E,593,Middle_Unit,8200004,13828,4/8/2016,south,2. Premium (Full Mountain),400,8.5
50,8,Low, F,582,Middle_Unit,8050224,13832,4/8/2016,west,8. Normal (Poor Direction - N/W),350,4.5
33,22,Mid, E,922,Large_Unit,12880340,13970,4/8/2016,south,4. Good Open (High Floor City),700,6
24,5,Low, D,702,Large_Unit,9300096,13248,3/8/2016,south,6. Normal (Good Direction - S/E),200,6
58,12,Mid, C,792,Large_Unit,11499840,14520,3/8/2016,east,6. Normal (Good Direction - S/E),200,6
32,22,Mid, F,503,Small_Unit,7300039,14513,3/8/2016,west,8. Normal (Poor Direction - N/W),500,4.5
19,6,Low, C,583,Middle_Unit,6850250,11750,3/8/2016,east,6. Normal (Good Direction - S/E),150,6
19,12,Mid, H,489,Small_Unit,7280232,14888,29/7/2016,north,8. Normal (Poor Direction - N/W),150,4.5
27,15,Mid, F,530,Small_Unit,7520170,14189,29/7/2016,west,8. Normal (Poor Direction - N/W),400,4.5
14,2,Low, E,689,Middle_Unit,8050276,11684,27/7/2016,south,10. Poor Street (King's Road Noise Penalty),400,2
9,20,Mid, F,589,Middle_Unit,8200058,13922,26/7/2016,west,8. Normal (Poor Direction - N/W),400,4.5
8,14,Mid, A,706,Large_Unit,9100340,12890,26/7/2016,north,8. Normal (Poor Direction - N/W),400,4.5
30,9,Low, F,506,Small_Unit,7300062,14427,26/7/2016,west,8. Normal (Poor Direction - N/W),500,4.5
38,25,Mid, B,1015,Large_Unit,15100155,14877,25/7/2016,east,3. Premium Partial (Gap Harbour View),600,8
46,26,High, A,748,Large_Unit,12650176,16912,22/7/2016,north,8. Normal (Poor Direction - N/W),500,4.5
24,3,Low, H,663,Middle_Unit,7900308,11916,22/7/2016,north,8. Normal (Poor Direction - N/W),200,4.5
18,14,Mid, H,690,Middle_Unit,9550290,13841,22/7/2016,north,8. Normal (Poor Direction - N/W),400,4.5
44,28,High, D,708,Large_Unit,13500144,19068,22/7/2016,south,6. Normal (Good Direction - S/E),650,6
26,21,Mid, A,747,Large_Unit,11889999,15917,20/7/2016,north,8. Normal (Poor Direction - N/W),200,4.5
52,17,Mid, D,582,Middle_Unit,8880156,15258,19/7/2016,south,6. Normal (Good Direction - S/E),350,6
2,26,High, D,583,Middle_Unit,7799957,13379,19/7/2016,south,2. Premium (Full Mountain),400,8.5
8,15,Mid, A,706,Large_Unit,9379916,13286,18/7/2016,north,8. Normal (Poor Direction - N/W),400,4.5
16,10,Low, B,685,Middle_Unit,8800195,12847,15/7/2016,east,6. Normal (Good Direction - S/E),400,6
11,18,Mid, F,691,Middle_Unit,8799885,12735,15/7/2016,west,8. Normal (Poor Direction - N/W),400,4.5
60,4,Low, B,680,Middle_Unit,9379920,13794,13/7/2016,east,6. Normal (Good Direction - S/E),200,6
9,22,Mid, H,518,Small_Unit,7430192,14344,12/7/2016,north,8. Normal (Poor Direction - N/W),400,4.5
21,22,Mid, C,723,Large_Unit,10280337,14219,12/7/2016,east,6. Normal (Good Direction - S/E),150,6
25,12,Mid, C,702,Large_Unit,9550008,13604,12/7/2016,east,6. Normal (Good Direction - S/E),200,6
49,20,Mid, D,502,Small_Unit,7499880,14940,11/7/2016,south,6. Normal (Good Direction - S/E),500,6
44,12,Mid, F,572,Middle_Unit,8979828,15699,8/7/2016,west,3. Premium Partial (Gap Harbour View),650,8
23,10,Low, F,580,Middle_Unit,8249920,14224,8/7/2016,west,8. Normal (Poor Direction - N/W),200,4.5
33,4,Low, G,1015,Large_Unit,14949935,14729,29/6/2016,west,3. Premium Partial (Gap Harbour View),700,8
6,12,Mid, A,760,Large_Unit,8999920,11842,29/6/2016,north,8. Normal (Poor Direction - N/W),460,4.5
27,14,Mid, H,580,Middle_Unit,8179740,14103,28/6/2016,north,8. Normal (Poor Direction - N/W),400,4.5
7,9,Low, D,582,Middle_Unit,8079906,13883,28/6/2016,south,2. Premium (Full Mountain),430,8.5
34,25,Mid, H,1114,Large_Unit,18779812,16858,24/6/2016,north,1. Premium Plus (Full Harbour),650,9
45,14,Mid, G,572,Middle_Unit,8700120,15210,24/6/2016,west,3. Premium Partial (Gap Harbour View),650,8
13,20,Mid, E,593,Middle_Unit,8080218,13626,21/6/2016,south,2. Premium (Full Mountain),400,8.5
43,28,High, F,1046,Large_Unit,18799758,17973,20/6/2016,west,3. Premium Partial (Gap Harbour View),700,8
13,21,Mid, A,689,Middle_Unit,8799908,12772,17/6/2016,north,8. Normal (Poor Direction - N/W),400,4.5
9,3,Low, H,494,Small_Unit,6399770,12955,17/6/2016,north,8. Normal (Poor Direction - N/W),400,4.5
62,6,Low, E,715,Large_Unit,10080070,14098,15/6/2016,south,6. Normal (Good Direction - S/E),200,6
31,27,High, A,580,Middle_Unit,8259780,14241,10/6/2016,north,4. Good Open (High Floor City),500,7
15,21,Mid, A,530,Small_Unit,7179910,13547,10/6/2016,north,8. Normal (Poor Direction - N/W),400,4.5
56,7,Low, H,759,Large_Unit,11599797,15283,8/6/2016,north,8. Normal (Poor Direction - N/W),200,4.5
13,18,Mid, D,593,Middle_Unit,7879784,13288,7/6/2016,south,10. Poor Street (King's Road Noise Penalty),400,2
47,28,High, F,707,Large_Unit,12077681,17083,7/6/2016,west,8. Normal (Poor Direction - N/W),500,4.5
21,10,Low, B,723,Large_Unit,10500129,14523,7/6/2016,east,6. Normal (Good Direction - S/E),150,6
9,14,Mid, H,518,Small_Unit,7330218,14151,3/6/2016,north,8. Normal (Poor Direction - N/W),400,4.5
43,27,High, D,922,Large_Unit,15000018,16269,1/6/2016,south,6. Normal (Good Direction - S/E),700,6
22,28,High, A,702,Large_Unit,10880298,15499,31/5/2016,north,8. Normal (Poor Direction - N/W),150,4.5
44,7,Low, A,708,Large_Unit,10549908,14901,30/5/2016,north,1. Premium Plus (Full Harbour),650,9
54,9,Low, E,488,Small_Unit,6830048,13996,27/5/2016,south,6. Normal (Good Direction - S/E),650,6
55,17,Mid, D,759,Large_Unit,13500333,17787,27/5/2016,south,6. Normal (Good Direction - S/E),200,6
12,15,Mid, D,593,Middle_Unit,7299830,12310,27/5/2016,south,10. Poor Street (King's Road Noise Penalty),400,2
18,12,Mid, E,593,Middle_Unit,6980203,11771,23/5/2016,south,2. Premium (Full Mountain),400,8.5
49,25,Mid, E,502,Small_Unit,7149986,14243,19/5/2016,south,6. Normal (Good Direction - S/E),500,6
27,21,Mid, A,580,Middle_Unit,7959920,13724,16/5/2016,north,8. Normal (Poor Direction - N/W),400,4.5
10,7,Low, E,689,Middle_Unit,7880093,11437,13/5/2016,south,2. Premium (Full Mountain),400,8.5
30,14,Mid, C,606,Middle_Unit,8350074,13779,12/5/2016,east,6. Normal (Good Direction - S/E),500,6
30,16,Mid, D,583,Middle_Unit,8180073,14031,12/5/2016,south,6. Normal (Good Direction - S/E),500,6
37,20,Mid, D,922,Large_Unit,14380434,15597,11/5/2016,south,6. Normal (Good Direction - S/E),600,6
15,2,Low, G,582,Middle_Unit,7350078,12629,11/5/2016,west,8. Normal (Poor Direction - N/W),400,4.5
58,26,High, B,702,Large_Unit,10499814,14957,11/5/2016,east,6. Normal (Good Direction - S/E),200,6
45,23,Mid, H,708,Large_Unit,10974708,15501,9/5/2016,north,1. Premium Plus (Full Harbour),650,9
58,18,Mid, A,760,Large_Unit,10000080,13158,9/5/2016,north,8. Normal (Poor Direction - N/W),200,4.5
28,21,Mid, D,602,Middle_Unit,7999978,13289,9/5/2016,south,6. Normal (Good Direction - S/E),400,6
58,25,Mid, B,795,Large_Unit,10999620,13836,6/5/2016,east,6. Normal (Good Direction - S/E),200,6
55,7,Low, D,759,Large_Unit,12300354,16206,6/5/2016,south,6. Normal (Good Direction - S/E),200,6
63,15,Mid, C,707,Large_Unit,10180093,14399,4/5/2016,east,6. Normal (Good Direction - S/E),200,6
38,15,Mid, A,1114,Large_Unit,18000012,16158,4/5/2016,north,1. Premium Plus (Full Harbour),600,9
6,15,Mid, D,762,Large_Unit,10280142,13491,3/5/2016,south,2. Premium (Full Mountain),460,8.5
13,25,Mid, B,685,Middle_Unit,9698230,14158,29/4/2016,east,6. Normal (Good Direction - S/E),400,6
17,27,High, C,582,Middle_Unit,8400006,14433,29/4/2016,east,6. Normal (Good Direction - S/E),400,6
11,3,Low, A,598,Middle_Unit,7799714,13043,28/4/2016,north,8. Normal (Poor Direction - N/W),400,4.5
9,24,Mid, C,589,Middle_Unit,7939720,13480,28/4/2016,east,6. Normal (Good Direction - S/E),400,6
54,26,High, E,488,Small_Unit,6959856,14262,27/4/2016,south,6. Normal (Good Direction - S/E),650,6
20,12,Mid, C,785,Large_Unit,11279665,14369,27/4/2016,east,6. Normal (Good Direction - S/E),150,6
34,25,Mid, B,1015,Large_Unit,15980160,15744,26/4/2016,east,3. Premium Partial (Gap Harbour View),650,8
51,4,Low, H,701,Large_Unit,9000139,12839,26/4/2016,north,8. Normal (Poor Direction - N/W),350,4.5
30,11,Mid, B,606,Middle_Unit,8250084,13614,25/4/2016,east,6. Normal (Good Direction - S/E),500,6
24,11,Mid, F,723,Large_Unit,9800265,13555,25/4/2016,west,8. Normal (Poor Direction - N/W),200,4.5
50,7,Low, B,664,Middle_Unit,9699712,14608,22/4/2016,east,6. Normal (Good Direction - S/E),350,6
1,20,Mid, C,580,Middle_Unit,6719880,11586,21/4/2016,east,6. Normal (Good Direction - S/E),400,6
35,23,Mid, E,922,Large_Unit,13830000,15000,21/4/2016,south,6. Normal (Good Direction - S/E),600,6
41,10,Low, E,922,Large_Unit,13179990,14295,21/4/2016,south,6. Normal (Good Direction - S/E),600,6
18,14,Mid, E,593,Middle_Unit,6999772,11804,20/4/2016,south,2. Premium (Full Mountain),400,8.5
35,26,High, F,897,Large_Unit,13499850,15050,13/4/2016,west,3. Premium Partial (Gap Harbour View),600,8
3,8,Low, A,583,Middle_Unit,6499867,11149,13/4/2016,north,8. Normal (Poor Direction - N/W),400,4.5
2,16,Mid, E,583,Middle_Unit,7250188,12436,11/4/2016,south,2. Premium (Full Mountain),400,8.5
26,11,Mid, B,785,Large_Unit,12500340,15924,11/4/2016,east,6. Normal (Good Direction - S/E),200,6
12,25,Mid, A,593,Middle_Unit,8080218,13626,8/4/2016,north,8. Normal (Poor Direction - N/W),400,4.5
45,8,Low, B,723,Large_Unit,11500038,15906,8/4/2016,east,3. Premium Partial (Gap Harbour View),650,8
36,18,Mid, E,922,Large_Unit,13679714,14837,7/4/2016,south,6. Normal (Good Direction - S/E),600,6
35,2,Low, C,897,Large_Unit,14500005,16165,7/4/2016,east,3. Premium Partial (Gap Harbour View),600,8
60,19,Mid, G,563,Middle_Unit,8550281,15187,7/4/2016,west,8. Normal (Poor Direction - N/W),200,4.5
7,26,High, F,536,Small_Unit,7000160,13060,7/4/2016,west,8. Normal (Poor Direction - N/W),430,4.5
14,14,Mid, F,582,Middle_Unit,8230062,14141,6/4/2016,west,8. Normal (Poor Direction - N/W),400,4.5
56,14,Mid, E,759,Large_Unit,11199804,14756,6/4/2016,south,6. Normal (Good Direction - S/E),200,6
23,6,Low, A,702,Large_Unit,9999990,14245,5/4/2016,north,8. Normal (Poor Direction - N/W),200,4.5
44,14,Mid, E,708,Large_Unit,10580352,14944,1/4/2016,south,6. Normal (Good Direction - S/E),650,6
22,25,Mid, F,582,Middle_Unit,8050224,13832,1/4/2016,west,4. Good Open (High Floor City),150,7
62,23,Mid, G,561,Middle_Unit,8699988,15508,31/3/2016,west,8. Normal (Poor Direction - N/W),200,4.5
7,8,Low, A,582,Middle_Unit,8299902,14261,30/3/2016,north,8. Normal (Poor Direction - N/W),430,4.5
10,13,Mid, B,582,Middle_Unit,8340060,14330,29/3/2016,east,6. Normal (Good Direction - S/E),400,6
41,13,Mid, H,1114,Large_Unit,19999642,17953,24/3/2016,north,1. Premium Plus (Full Harbour),600,9
27,9,Low, B,703,Large_Unit,8819838,12546,24/3/2016,east,6. Normal (Good Direction - S/E),400,6
31,28,High, A,580,Middle_Unit,8179740,14103,22/3/2016,north,4. Good Open (High Floor City),500,7
24,9,Low, E,702,Large_Unit,8800272,12536,21/3/2016,south,6. Normal (Good Direction - S/E),200,6
27,12,Mid, E,580,Middle_Unit,8350260,14397,18/3/2016,south,6. Normal (Good Direction - S/E),400,6
63,6,Low, B,649,Middle_Unit,10300279,15871,11/3/2016,east,6. Normal (Good Direction - S/E),200,6
15,4,Low, C,582,Middle_Unit,8000172,13746,9/3/2016,east,6. Normal (Good Direction - S/E),400,6
31,24,Mid, B,703,Large_Unit,9900349,14083,4/3/2016,east,6. Normal (Good Direction - S/E),500,6
13,11,Mid, G,685,Middle_Unit,9268050,13530,29/2/2016,west,8. Normal (Poor Direction - N/W),400,4.5
49,5,Low, G,664,Middle_Unit,9499848,14307,25/2/2016,west,8. Normal (Poor Direction - N/W),500,4.5
17,16,Mid, F,685,Middle_Unit,9790020,14292,24/2/2016,west,8. Normal (Poor Direction - N/W),400,4.5
45,17,Mid, F,572,Middle_Unit,7899892,13811,24/2/2016,west,3. Premium Partial (Gap Harbour View),650,8
13,5,Low, D,593,Middle_Unit,7679943,12951,23/2/2016,south,10. Poor Street (King's Road Noise Penalty),400,2
17,19,Mid, B,582,Middle_Unit,7979802,13711,23/2/2016,east,6. Normal (Good Direction - S/E),400,6
50,7,Low, E,503,Small_Unit,7099845,14115,19/2/2016,south,6. Normal (Good Direction - S/E),350,6
48,5,Low, D,503,Small_Unit,6869974,13658,17/2/2016,south,6. Normal (Good Direction - S/E),500,6
45,21,Mid, H,708,Large_Unit,10520172,14859,15/2/2016,north,1. Premium Plus (Full Harbour),650,9
51,27,High, C,582,Middle_Unit,9999924,17182,4/2/2016,east,6. Normal (Good Direction - S/E),350,6
16,14,Mid, F,685,Middle_Unit,8630315,12599,3/2/2016,west,8. Normal (Poor Direction - N/W),400,4.5
16,23,Mid, D,689,Middle_Unit,9699742,14078,2/2/2016,south,2. Premium (Full Mountain),400,8.5
41,19,Mid, F,897,Large_Unit,13000221,14493,29/1/2016,west,3. Premium Partial (Gap Harbour View),600,8
61,25,Mid, F,685,Middle_Unit,10599690,15474,28/1/2016,west,8. Normal (Poor Direction - N/W),200,4.5
35,27,High, B,1015,Large_Unit,17866030,17602,27/1/2016,east,3. Premium Partial (Gap Harbour View),600,6
31,26,High, D,580,Middle_Unit,8999860,15517,27/1/2016,south,6. Normal (Good Direction - S/E),500,6
52,20,Mid, E,582,Middle_Unit,8380218,14399,26/1/2016,south,6. Normal (Good Direction - S/E),350,6
11,20,Mid, E,689,Middle_Unit,9599837,13933,25/1/2016,south,2. Premium (Full Mountain),400,8.5
11,12,Mid, G,691,Middle_Unit,9199974,13314,22/1/2016,west,8. Normal (Poor Direction - N/W),400,4.5
16,6,Low, C,685,Middle_Unit,8000115,11679,22/1/2016,east,6. Normal (Good Direction - S/E),400,6
10,21,Mid, F,582,Middle_Unit,8299902,14261,20/1/2016,west,8. Normal (Poor Direction - N/W),400,4.5
60,24,Mid, H,593,Middle_Unit,9499860,16020,18/1/2016,north,8. Normal (Poor Direction - N/W),200,4.5
36,28,High, G,1180,Large_Unit,28049780,23771,13/1/2016,west,8. Normal (Poor Direction - N/W),600,4.5
26,21,Mid, G,716,Large_Unit,11150268,15573,12/1/2016,west,8. Normal (Poor Direction - N/W),200,4.5
36,4,Low, E,922,Large_Unit,13000200,14100,8/1/2016,south,6. Normal (Good Direction - S/E),600,6
36,4,Low, F,897,Large_Unit,13680147,15251,8/1/2016,west,3. Premium Partial (Gap Harbour View),600,4.5
50,19,Mid, D,503,Small_Unit,6437897,12799,28/12/2015,south,6. Normal (Good Direction - S/E),350,6
60,25,Mid, E,717,Large_Unit,11000214,15342,24/12/2015,south,6. Normal (Good Direction - S/E),200,6
43,14,Mid, A,1114,Large_Unit,19800236,17774,23/12/2015,north,1. Premium Plus (Full Harbour),700,9
23,25,Mid, C,580,Middle_Unit,9049740,15603,10/12/2015,east,6. Normal (Good Direction - S/E),200,6
21,5,Low, E,702,Large_Unit,9500166,13533,10/12/2015,south,6. Normal (Good Direction - S/E),150,6
16,24,Mid, H,593,Middle_Unit,8150192,13744,8/12/2015,north,8. Normal (Poor Direction - N/W),400,4.5
49,13,Mid, H,701,Large_Unit,11480277,16377,7/12/2015,north,8. Normal (Poor Direction - N/W),500,4.5
55,11,Mid, F,680,Middle_Unit,10450240,15368,30/11/2015,west,8. Normal (Poor Direction - N/W),200,4.5
55,7,Low, F,680,Middle_Unit,10999680,16176,25/11/2015,west,8. Normal (Poor Direction - N/W),200,4.5
34,13,Mid, D,922,Large_Unit,13219636,14338,25/11/2015,south,6. Normal (Good Direction - S/E),650,6
38,21,Mid, E,922,Large_Unit,15499742,16811,23/11/2015,south,6. Normal (Good Direction - S/E),600,6
27,24,Mid, H,580,Middle_Unit,9079900,15655,4/11/2015,north,8. Normal (Poor Direction - N/W),400,4.5
24,12,Mid, G,723,Large_Unit,11479794,15878,30/10/2015,west,8. Normal (Poor Direction - N/W),200,4.5
10,8,Low, G,582,Middle_Unit,9119940,15670,27/10/2015,west,8. Normal (Poor Direction - N/W),400,4.5
56,16,Mid, D,759,Large_Unit,14578113,19207,23/10/2015,south,6. Normal (Good Direction - S/E),200,6
27,16,Mid, F,530,Small_Unit,8299800,15660,23/10/2015,west,8. Normal (Poor Direction - N/W),400,4.5
30,19,Mid, A,583,Middle_Unit,9860279,16913,19/10/2015,north,8. Normal (Poor Direction - N/W),500,4.5
31,12,Mid, A,580,Middle_Unit,9869860,17017,16/10/2015,north,4. Good Open (High Floor City),500,7
20,8,Low, D,747,Large_Unit,11800359,15797,14/10/2015,south,6. Normal (Good Direction - S/E),150,6
20,19,Mid, H,747,Large_Unit,10499832,14056,12/10/2015,north,8. Normal (Poor Direction - N/W),150,4.5
59,21,Mid, E,584,Middle_Unit,9950192,17038,12/10/2015,south,6. Normal (Good Direction - S/E),200,6
20,27,High, D,747,Large_Unit,13549833,18139,12/10/2015,south,6. Normal (Good Direction - S/E),150,6
59,7,Low, C,714,Large_Unit,12000198,16807,12/10/2015,east,6. Normal (Good Direction - S/E),200,6
14,3,Low, B,582,Middle_Unit,8650266,14863,8/10/2015,east,6. Normal (Good Direction - S/E),400,6
33,20,Mid, G,1015,Large_Unit,18649610,18374,7/10/2015,west,3. Premium Partial (Gap Harbour View),700,8
17,22,Mid, G,685,Middle_Unit,8000115,11679,2/10/2015,west,8. Normal (Poor Direction - N/W),400,4.5
52,8,Low, A,582,Middle_Unit,9600090,16495,24/9/2015,north,8. Normal (Poor Direction - N/W),350,4.5
38,23,Mid, B,1015,Large_Unit,17325035,17069,22/9/2015,east,3. Premium Partial (Gap Harbour View),600,8
23,5,Low, F,580,Middle_Unit,7000020,12069,21/9/2015,west,8. Normal (Poor Direction - N/W),200,4.5
31,8,Low, E,580,Middle_Unit,8999860,15517,18/9/2015,south,6. Normal (Good Direction - S/E),500,6
40,11,Mid, A,1114,Large_Unit,21799866,19569,17/9/2015,north,1. Premium Plus (Full Harbour),600,9
61,12,Mid, B,563,Middle_Unit,9699927,17229,17/9/2015,east,6. Normal (Good Direction - S/E),200,6
50,5,Low, E,503,Small_Unit,8150109,16203,17/9/2015,south,6. Normal (Good Direction - S/E),350,6
42,21,Mid, B,1015,Large_Unit,23199855,22857,16/9/2015,east,3. Premium Partial (Gap Harbour View),650,8
12,23,Mid, H,593,Middle_Unit,9349831,15767,9/9/2015,north,8. Normal (Poor Direction - N/W),400,4.5
25,17,Mid, H,580,Middle_Unit,9879720,17034,8/9/2015,north,8. Normal (Poor Direction - N/W),200,4.5
12,14,Mid, F,581,Middle_Unit,9000271,15491,4/9/2015,west,8. Normal (Poor Direction - N/W),400,4.5
19,6,Low, B,583,Middle_Unit,8599833,14751,2/9/2015,east,6. Normal (Good Direction - S/E),150,6
23,9,Low, H,702,Large_Unit,11349936,16168,2/9/2015,north,8. Normal (Poor Direction - N/W),200,4.5
9,2,Low, D,677,Middle_Unit,9729844,14372,31/8/2015,south,10. Poor Street (King's Road Noise Penalty),400,2
23,13,Mid, G,580,Middle_Unit,9949900,17155,27/8/2015,west,8. Normal (Poor Direction - N/W),200,4.5
25,19,Mid, E,580,Middle_Unit,8499900,14655,24/8/2015,south,6. Normal (Good Direction - S/E),200,6
54,26,High, B,587,Middle_Unit,10479711,17853,24/8/2015,east,3. Premium Partial (Gap Harbour View),650,8
55,5,Low, A,759,Large_Unit,12937914,17046,21/8/2015,north,8. Normal (Poor Direction - N/W),200,4.5
61,19,Mid, D,714,Large_Unit,10799964,15126,19/8/2015,south,6. Normal (Good Direction - S/E),200,6
16,6,Low, F,685,Middle_Unit,8500165,12409,18/8/2015,west,8. Normal (Poor Direction - N/W),400,4.5
19,22,Mid, D,545,Small_Unit,8880230,16294,14/8/2015,south,6. Normal (Good Direction - S/E),150,6
42,3,Low, E,922,Large_Unit,12567782,13631,14/8/2015,south,6. Normal (Good Direction - S/E),650,6
44,19,Mid, B,723,Large_Unit,12980019,17953,12/8/2015,east,3. Premium Partial (Gap Harbour View),650,6
49,18,Mid, A,701,Large_Unit,11000092,15692,12/8/2015,north,8. Normal (Poor Direction - N/W),500,4.5
52,12,Mid, G,701,Large_Unit,11399662,16262,7/8/2015,west,8. Normal (Poor Direction - N/W),350,4.5
31,7,Low, G,503,Small_Unit,8050012,16004,7/8/2015,west,8. Normal (Poor Direction - N/W),500,4.5
56,17,Mid, G,717,Large_Unit,11679930,16290,6/8/2015,west,8. Normal (Poor Direction - N/W),200,4.5
21,11,Mid, C,723,Large_Unit,11500038,15906,5/8/2015,east,6. Normal (Good Direction - S/E),150,6
35,16,Mid, C,897,Large_Unit,15500160,17280,5/8/2015,east,3. Premium Partial (Gap Harbour View),600,8
59,19,Mid, E,584,Middle_Unit,9899968,16952,4/8/2015,south,6. Normal (Good Direction - S/E),200,6
7,18,Mid, F,536,Small_Unit,8499888,15858,4/8/2015,west,8. Normal (Poor Direction - N/W),430,4.5
35,19,Mid, A,1114,Large_Unit,23499830,21095,3/8/2015,north,1. Premium Plus (Full Harbour),600,9
30,17,Mid, G,506,Small_Unit,6599758,13043,31/7/2015,west,8. Normal (Poor Direction - N/W),500,4.5
24,23,Mid, G,723,Large_Unit,11500038,15906,28/7/2015,west,8. Normal (Poor Direction - N/W),200,4.5
13,22,Mid, G,685,Middle_Unit,11107960,16216,27/7/2015,west,8. Normal (Poor Direction - N/W),400,4.5
45,24,Mid, D,708,Large_Unit,12399912,17514,17/7/2015,south,6. Normal (Good Direction - S/E),650,6
62,14,Mid, G,561,Middle_Unit,10150173,18093,15/7/2015,west,8. Normal (Poor Direction - N/W),200,4.5
48,12,Mid, E,503,Small_Unit,8287931,16477,13/7/2015,south,6. Normal (Good Direction - S/E),500,6
31,22,Mid, F,503,Small_Unit,8099809,16103,9/7/2015,west,8. Normal (Poor Direction - N/W),500,4.5
26,8,Low, E,747,Large_Unit,10100187,13521,9/7/2015,south,6. Normal (Good Direction - S/E),200,6
12,26,High, C,684,Middle_Unit,10679976,15614,9/7/2015,east,6. Normal (Good Direction - S/E),400,6
26,4,Low, G,716,Large_Unit,10629736,14846,9/7/2015,west,8. Normal (Poor Direction - N/W),200,4.5
25,27,High, F,702,Large_Unit,11000340,15670,7/7/2015,west,8. Normal (Poor Direction - N/W),200,4.5
47,6,Low, H,580,Middle_Unit,9680200,16690,7/7/2015,north,8. Normal (Poor Direction - N/W),500,4.5
60,23,Mid, G,563,Middle_Unit,10380031,18437,6/7/2015,west,8. Normal (Poor Direction - N/W),200,4.5
47,25,Mid, H,580,Middle_Unit,9699920,16724,6/7/2015,north,8. Normal (Poor Direction - N/W),500,4.5
45,11,Mid, G,572,Middle_Unit,9800076,17133,3/7/2015,west,3. Premium Partial (Gap Harbour View),650,8
63,26,High, D,741,Large_Unit,11200215,15115,2/7/2015,south,6. Normal (Good Direction - S/E),200,6
28,28,High, H,706,Large_Unit,11800084,16714,2/7/2015,north,8. Normal (Poor Direction - N/W),400,4.5
58,18,Mid, H,760,Large_Unit,13600200,17895,30/6/2015,north,8. Normal (Poor Direction - N/W),200,4.5
59,8,Low, H,584,Middle_Unit,9800104,16781,30/6/2015,north,8. Normal (Poor Direction - N/W),200,4.5
60,7,Low, C,680,Middle_Unit,11780320,17324,30/6/2015,east,6. Normal (Good Direction - S/E),200,6
62,12,Mid, B,680,Middle_Unit,12699680,18676,29/6/2015,east,6. Normal (Good Direction - S/E),200,6
10,27,High, E,689,Middle_Unit,10549968,15312,26/6/2015,south,2. Premium (Full Mountain),400,8.5
47,25,Mid, E,580,Middle_Unit,9819980,16931,26/6/2015,south,6. Normal (Good Direction - S/E),500,6
55,9,Low, G,680,Middle_Unit,10799760,15882,26/6/2015,west,8. Normal (Poor Direction - N/W),200,4.5
3,15,Mid, B,489,Small_Unit,7530111,15399,25/6/2015,east,6. Normal (Good Direction - S/E),400,6
1,20,Mid, A,545,Small_Unit,8099790,14862,22/6/2015,north,8. Normal (Poor Direction - N/W),400,4.5
1,25,Mid, H,545,Small_Unit,8600100,15780,19/6/2015,north,8. Normal (Poor Direction - N/W),400,4.5
1,25,Mid, G,580,Middle_Unit,8999860,15517,19/6/2015,west,8. Normal (Poor Direction - N/W),400,4.5
13,3,Low, H,689,Middle_Unit,9920222,14398,18/6/2015,north,8. Normal (Poor Direction - N/W),400,4.5
31,7,Low, E,580,Middle_Unit,8900100,15345,16/6/2015,south,6. Normal (Good Direction - S/E),500,6
12,18,Mid, G,581,Middle_Unit,9580109,16489,12/6/2015,west,8. Normal (Poor Direction - N/W),400,4.5
42,28,High, G,1180,Large_Unit,26800160,22712,12/6/2015,west,3. Premium Partial (Gap Harbour View),650,8
32,11,Mid, E,580,Middle_Unit,8799760,15172,12/6/2015,south,6. Normal (Good Direction - S/E),500,6
45,10,Low, A,708,Large_Unit,9999792,14124,11/6/2015,north,1. Premium Plus (Full Harbour),650,9
20,19,Mid, E,747,Large_Unit,11999808,16064,11/6/2015,south,6. Normal (Good Direction - S/E),150,6
15,11,Mid, H,530,Small_Unit,8180020,15434,10/6/2015,north,8. Normal (Poor Direction - N/W),400,4.5
9,6,Low, A,518,Small_Unit,8299914,16023,9/6/2015,north,8. Normal (Poor Direction - N/W),400,4.5
41,27,High, E,922,Large_Unit,16137766,17503,8/6/2015,south,6. Normal (Good Direction - S/E),600,6
19,18,Mid, D,545,Small_Unit,8379920,15376,5/6/2015,south,6. Normal (Good Direction - S/E),150,6
2,22,Mid, C,489,Small_Unit,7379988,15092,2/6/2015,east,6. Normal (Good Direction - S/E),400,6
26,12,Mid, D,747,Large_Unit,10638027,14241,27/5/2015,south,6. Normal (Good Direction - S/E),200,6
62,22,Mid, B,680,Middle_Unit,11849680,17426,27/5/2015,east,6. Normal (Good Direction - S/E),200,6
36,12,Mid, D,922,Large_Unit,15800314,17137,22/5/2015,south,6. Normal (Good Direction - S/E),600,6
44,28,High, F,572,Middle_Unit,10549968,18444,22/5/2015,west,3. Premium Partial (Gap Harbour View),650,8
36,10,Low, C,897,Large_Unit,14480271,16143,21/5/2015,east,3. Premium Partial (Gap Harbour View),600,8
32,7,Low, G,503,Small_Unit,8699888,17296,20/5/2015,west,8. Normal (Poor Direction - N/W),500,4.5
40,13,Mid, F,897,Large_Unit,14000376,15608,18/5/2015,west,3. Premium Partial (Gap Harbour View),600,8
46,15,Mid, B,809,Large_Unit,14150219,17491,18/5/2015,east,6. Normal (Good Direction - S/E),500,6
63,8,Low, A,592,Middle_Unit,10380128,17534,15/5/2015,north,8. Normal (Poor Direction - N/W),200,4.5
51,12,Mid, D,502,Small_Unit,8080192,16096,15/5/2015,south,6. Normal (Good Direction - S/E),350,6
13,11,Mid, H,689,Middle_Unit,10279880,14920,12/5/2015,north,8. Normal (Poor Direction - N/W),400,4.5
19,11,Mid, B,583,Middle_Unit,8640060,14820,12/5/2015,east,6. Normal (Good Direction - S/E),150,6
24,26,High, B,580,Middle_Unit,9850140,16983,12/5/2015,east,6. Normal (Good Direction - S/E),200,6
39,21,Mid, H,1114,Large_Unit,18000012,16158,8/5/2015,north,1. Premium Plus (Full Harbour),600,9
46,16,Mid, G,718,Large_Unit,11600008,16156,7/5/2015,west,8. Normal (Poor Direction - N/W),500,4.5
61,9,Low, H,591,Middle_Unit,9249741,15651,30/4/2015,north,8. Normal (Poor Direction - N/W),200,4.5
46,12,Mid, C,809,Large_Unit,13799922,17058,30/4/2015,east,6. Normal (Good Direction - S/E),500,6
33,29,High, G,1015,Large_Unit,19100270,18818,27/4/2015,west,3. Premium Partial (Gap Harbour View),700,8
15,27,High, G,582,Middle_Unit,9980136,17148,24/4/2015,west,8. Normal (Poor Direction - N/W),400,4.5
35,5,Low, C,897,Large_Unit,12679992,14136,24/4/2015,east,3. Premium Partial (Gap Harbour View),600,8
59,7,Low, H,584,Middle_Unit,9899968,16952,23/4/2015,north,8. Normal (Poor Direction - N/W),200,4.5
30,18,Mid, E,583,Middle_Unit,5969920,10240,23/4/2015,south,6. Normal (Good Direction - S/E),500,6
12,19,Mid, H,593,Middle_Unit,8999961,15177,23/4/2015,north,8. Normal (Poor Direction - N/W),400,4.5
63,11,Mid, G,541,Small_Unit,9499960,17560,23/4/2015,west,8. Normal (Poor Direction - N/W),200,4.5
13,14,Mid, C,685,Middle_Unit,11699800,17080,22/4/2015,east,6. Normal (Good Direction - S/E),400,6
21,9,Low, E,702,Large_Unit,9500166,13533,22/4/2015,south,6. Normal (Good Direction - S/E),150,6
12,17,Mid, D,593,Middle_Unit,8849932,14924,17/4/2015,south,10. Poor Street (King's Road Noise Penalty),400,2
2,10,Low, E,583,Middle_Unit,7700264,13208,17/4/2015,south,2. Premium (Full Mountain),400,8.5
58,8,Low, A,760,Large_Unit,12879720,16947,17/4/2015,north,8. Normal (Poor Direction - N/W),200,4.5
43,21,Mid, B,1015,Large_Unit,18100495,17833,16/4/2015,east,3. Premium Partial (Gap Harbour View),700,8
12,27,High, E,593,Middle_Unit,10299817,17369,14/4/2015,south,2. Premium (Full Mountain),400,8.5
32,25,Mid, E,580,Middle_Unit,8299800,14310,13/4/2015,south,6. Normal (Good Direction - S/E),500,6
23,26,High, D,702,Large_Unit,10619856,15128,10/4/2015,south,6. Normal (Good Direction - S/E),200,6
60,18,Mid, F,647,Middle_Unit,10799724,16692,8/4/2015,west,8. Normal (Poor Direction - N/W),200,4.5
23,26,High, B,580,Middle_Unit,9800260,16897,8/4/2015,east,6. Normal (Good Direction - S/E),200,6
8,25,Mid, H,596,Middle_Unit,8850004,14849,1/4/2015,north,8. Normal (Poor Direction - N/W),400,4.5
48,7,Low, H,603,Middle_Unit,8879778,14726,30/3/2015,north,8. Normal (Poor Direction - N/W),500,4.5
50,19,Mid, H,603,Middle_Unit,9099873,15091,23/3/2015,north,8. Normal (Poor Direction - N/W),350,4.5
21,21,Mid, F,580,Middle_Unit,7999940,13793,23/3/2015,west,8. Normal (Poor Direction - N/W),150,4.5
12,9,Low, G,581,Middle_Unit,9179800,15800,19/3/2015,west,8. Normal (Poor Direction - N/W),400,4.5
7,7,Low, C,689,Middle_Unit,8979737,13033,16/3/2015,east,6. Normal (Good Direction - S/E),430,6
55,9,Low, B,797,Large_Unit,12880317,16161,16/3/2015,east,6. Normal (Good Direction - S/E),200,6
27,14,Mid, F,530,Small_Unit,7500030,14151,13/3/2015,west,8. Normal (Poor Direction - N/W),400,4.5
27,22,Mid, C,703,Large_Unit,10627954,15118,11/3/2015,east,6. Normal (Good Direction - S/E),400,6
57,6,Low, F,792,Large_Unit,14929992,18851,9/3/2015,west,8. Normal (Poor Direction - N/W),200,4.5
30,12,Mid, A,583,Middle_Unit,8319993,14271,5/3/2015,north,8. Normal (Poor Direction - N/W),500,4.5
15,22,Mid, B,582,Middle_Unit,9380094,16117,5/3/2015,east,6. Normal (Good Direction - S/E),400,6
11,8,Low, A,598,Middle_Unit,8550204,14298,4/3/2015,north,8. Normal (Poor Direction - N/W),400,4.5
1,3,Low, F,580,Middle_Unit,7400220,12759,4/3/2015,west,8. Normal (Poor Direction - N/W),400,4.5
17,9,Low, D,593,Middle_Unit,8699903,14671,4/3/2015,south,2. Premium (Full Mountain),400,8.5
2,1,Low, G,558,Middle_Unit,6418116,11502,2/3/2015,west,8. Normal (Poor Direction - N/W),400,4.5
26,7,Low, C,785,Large_Unit,12998030,16558,2/3/2015,east,6. Normal (Good Direction - S/E),200,6
8,4,Low, H,596,Middle_Unit,8550216,14346,2/3/2015,north,8. Normal (Poor Direction - N/W),400,4.5
40,20,Mid, F,897,Large_Unit,13390416,14928,27/2/2015,west,3. Premium Partial (Gap Harbour View),600,8
29,28,High, B,580,Middle_Unit,9499820,16379,25/2/2015,east,6. Normal (Good Direction - S/E),400,6
25,17,Mid, D,580,Middle_Unit,8864720,15284,24/2/2015,south,6. Normal (Good Direction - S/E),200,6
63,5,Low, F,541,Small_Unit,8837776,16336,24/2/2015,west,8. Normal (Poor Direction - N/W),200,4.5
19,21,Mid, D,545,Small_Unit,7960270,14606,23/2/2015,south,6. Normal (Good Direction - S/E),150,6
1,25,Mid, C,580,Middle_Unit,6019820,10379,18/2/2015,east,6. Normal (Good Direction - S/E),400,6
50,27,High, E,503,Small_Unit,7980095,15865,18/2/2015,south,6. Normal (Good Direction - S/E),350,6
18,12,Mid, F,684,Middle_Unit,9130032,13348,17/2/2015,west,8. Normal (Poor Direction - N/W),400,4.5
19,13,Mid, B,583,Middle_Unit,8609744,14768,16/2/2015,east,6. Normal (Good Direction - S/E),150,6
21,6,Low, G,580,Middle_Unit,8499900,14655,16/2/2015,west,8. Normal (Poor Direction - N/W),150,4.5
17,21,Mid, A,593,Middle_Unit,8779958,14806,16/2/2015,north,8. Normal (Poor Direction - N/W),400,4.5
57,18,Mid, A,760,Large_Unit,12879720,16947,16/2/2015,north,8. Normal (Poor Direction - N/W),200,4.5
40,22,Mid, B,1015,Large_Unit,18100495,17833,16/2/2015,east,3. Premium Partial (Gap Harbour View),600,8
13,25,Mid, H,689,Middle_Unit,10700170,15530,13/2/2015,north,8. Normal (Poor Direction - N/W),400,4.5
60,8,Low, H,593,Middle_Unit,9750106,16442,13/2/2015,north,8. Normal (Poor Direction - N/W),200,4.5
56,19,Mid, E,759,Large_Unit,13000152,17128,12/2/2015,south,6. Normal (Good Direction - S/E),200,6
31,6,Low, F,503,Small_Unit,7543994,14998,12/2/2015,west,8. Normal (Poor Direction - N/W),500,4.5
44,27,High, D,708,Large_Unit,12419736,17542,11/2/2015,south,6. Normal (Good Direction - S/E),650,6
31,26,High, H,580,Middle_Unit,8780040,15138,10/2/2015,north,8. Normal (Poor Direction - N/W),500,4.5
13,27,High, C,685,Middle_Unit,11299760,16496,9/2/2015,east,6. Normal (Good Direction - S/E),400,6
1,2,Low, E,489,Small_Unit,6330105,12945,9/2/2015,south,2. Premium (Full Mountain),400,8.5
10,22,Mid, F,582,Middle_Unit,8569950,14725,9/2/2015,west,8. Normal (Poor Direction - N/W),400,4.5
10,27,High, H,536,Small_Unit,8299960,15485,9/2/2015,north,8. Normal (Poor Direction - N/W),400,4.5
58,22,Mid, B,792,Large_Unit,13079880,16515,6/2/2015,east,6. Normal (Good Direction - S/E),200,6
17,14,Mid, C,582,Middle_Unit,8749788,15034,6/2/2015,east,6. Normal (Good Direction - S/E),400,6
16,16,Mid, A,593,Middle_Unit,8150192,13744,6/2/2015,north,8. Normal (Poor Direction - N/W),400,4.5
8,22,Mid, H,596,Middle_Unit,8400024,14094,6/2/2015,north,8. Normal (Poor Direction - N/W),400,4.5
37,21,Mid, H,1114,Large_Unit,19999642,17953,6/2/2015,north,1. Premium Plus (Full Harbour),600,9
51,8,Low, B,582,Middle_Unit,9079782,15601,5/2/2015,east,6. Normal (Good Direction - S/E),350,6
6,22,Mid, A,760,Large_Unit,7999760,10526,3/2/2015,north,8. Normal (Poor Direction - N/W),460,4.5
21,5,Low, A,709,Large_Unit,9799798,13822,3/2/2015,north,8. Normal (Poor Direction - N/W),150,4.5
40,20,Mid, H,1114,Large_Unit,19199790,17235,2/2/2015,north,1. Premium Plus (Full Harbour),600,9
28,10,Low, C,714,Large_Unit,10650024,14916,2/2/2015,east,6. Normal (Good Direction - S/E),400,6
39,12,Mid, F,897,Large_Unit,13379652,14916,2/2/2015,west,8. Normal (Poor Direction - N/W),600,4.5
23,24,Mid, F,580,Middle_Unit,8579940,14793,30/1/2015,west,8. Normal (Poor Direction - N/W),200,4.5
32,17,Mid, H,580,Middle_Unit,8329960,14362,29/1/2015,north,8. Normal (Poor Direction - N/W),500,4.5
8,3,Low, C,722,Large_Unit,8700100,12050,29/1/2015,east,6. Normal (Good Direction - S/E),400,6
22,9,Low, G,582,Middle_Unit,8899944,15292,29/1/2015,west,8. Normal (Poor Direction - N/W),150,4.5
57,21,Mid, F,792,Large_Unit,14099976,17803,28/1/2015,west,8. Normal (Poor Direction - N/W),200,4.5
18,14,Mid, D,593,Middle_Unit,8699903,14671,27/1/2015,south,2. Premium (Full Mountain),400,8.5
2,13,Mid, F,545,Small_Unit,6379770,11706,27/1/2015,west,8. Normal (Poor Direction - N/W),400,4.5
6,14,Mid, F,704,Large_Unit,10429760,14815,27/1/2015,west,8. Normal (Poor Direction - N/W),460,4.5
58,19,Mid, D,760,Large_Unit,13080360,17211,26/1/2015,south,6. Normal (Good Direction - S/E),200,6
27,19,Mid, B,703,Large_Unit,10000175,14225,26/1/2015,east,6. Normal (Good Direction - S/E),400,6
56,23,Mid, H,759,Large_Unit,12059751,15889,26/1/2015,north,8. Normal (Poor Direction - N/W),200,4.5
25,3,Low, B,690,Middle_Unit,9154920,13268,26/1/2015,east,6. Normal (Good Direction - S/E),200,6
45,17,Mid, D,708,Large_Unit,11500044,16243,26/1/2015,south,6. Normal (Good Direction - S/E),650,6
14,13,Mid, B,582,Middle_Unit,8780052,15086,26/1/2015,east,6. Normal (Good Direction - S/E),400,6
51,21,Mid, G,664,Middle_Unit,9380328,14127,22/1/2015,west,8. Normal (Poor Direction - N/W),350,4.5
52,22,Mid, G,701,Large_Unit,10379707,14807,22/1/2015,west,8. Normal (Poor Direction - N/W),350,4.5
52,16,Mid, C,701,Large_Unit,11380034,16234,21/1/2015,east,6. Normal (Good Direction - S/E),350,6
6,3,Low, C,797,Large_Unit,10200006,12798,21/1/2015,east,6. Normal (Good Direction - S/E),460,6
57,4,Low, A,760,Large_Unit,11250280,14803,19/1/2015,north,8. Normal (Poor Direction - N/W),200,4.5
6,12,Mid, D,762,Large_Unit,10949940,14370,19/1/2015,south,2. Premium (Full Mountain),460,8.5
17,8,Low, G,685,Middle_Unit,8850200,12920,19/1/2015,west,8. Normal (Poor Direction - N/W),400,4.5
40,7,Low, C,897,Large_Unit,13400283,14939,16/1/2015,east,3. Premium Partial (Gap Harbour View),600,6
21,14,Mid, C,723,Large_Unit,10879704,15048,16/1/2015,east,6. Normal (Good Direction - S/E),150,6
11,21,Mid, A,598,Middle_Unit,8449740,14130,16/1/2015,north,8. Normal (Poor Direction - N/W),400,4.5
2,5,Low, G,545,Small_Unit,6399935,11743,16/1/2015,west,8. Normal (Poor Direction - N/W),400,4.5
33,1,Low, F,945,Large_Unit,10600065,11217,14/1/2015,west,3. Premium Partial (Gap Harbour View),700,4.5
14,16,Mid, D,689,Middle_Unit,9400027,13643,14/1/2015,south,2. Premium (Full Mountain),400,8.5
52,28,High, H,582,Middle_Unit,9999924,17182,13/1/2015,north,8. Normal (Poor Direction - N/W),350,4.5
7,16,Mid, F,536,Small_Unit,7500248,13993,13/1/2015,west,8. Normal (Poor Direction - N/W),430,4.5
7,16,Mid, G,536,Small_Unit,7629960,14235,13/1/2015,west,8. Normal (Poor Direction - N/W),430,4.5
58,15,Mid, A,760,Large_Unit,9997040,13154,9/1/2015,north,8. Normal (Poor Direction - N/W),200,4.5
10,9,Low, D,689,Middle_Unit,8999718,13062,8/1/2015,south,2. Premium (Full Mountain),400,8.5
17,6,Low, D,593,Middle_Unit,8399845,14165,8/1/2015,south,2. Premium (Full Mountain),400,8.5
53,7,Low, F,719,Large_Unit,10800099,15021,8/1/2015,west,8. Normal (Poor Direction - N/W),350,4.5
20,28,High, H,747,Large_Unit,14538114,19462,6/1/2015,north,8. Normal (Poor Direction - N/W),150,4.5
20,3,Low, A,747,Large_Unit,9300150,12450,6/1/2015,north,8. Normal (Poor Direction - N/W),150,4.5
52,27,High, F,701,Large_Unit,9879894,14094,6/1/2015,west,8. Normal (Poor Direction - N/W),350,4.5
32,19,Mid, A,580,Middle_Unit,8499900,14655,6/1/2015,north,8. Normal (Poor Direction - N/W),500,4.5
31,15,Mid, G,503,Small_Unit,7830201,15567,5/1/2015,west,8. Normal (Poor Direction - N/W),500,4.5
22,26,High, A,702,Large_Unit,10400130,14815,5/1/2015,north,8. Normal (Poor Direction - N/W),150,4.5
20,14,Mid, E,747,Large_Unit,12279933,16439,2/1/2015,south,6. Normal (Good Direction - S/E),150,6
55,23,Mid, A,759,Large_Unit,11980056,15784,2/1/2015,north,8. Normal (Poor Direction - N/W),200,4.5
20,20,Mid, F,716,Large_Unit,10599664,14804,31/12/2014,west,8. Normal (Poor Direction - N/W),150,4.5
19,1,Low, G,583,Middle_Unit,7279921,12487,30/12/2014,west,8. Normal (Poor Direction - N/W),150,4.5
30,9,Low, E,583,Middle_Unit,8420269,14443,29/12/2014,south,6. Normal (Good Direction - S/E),500,6
33,29,High, C,897,Large_Unit,13600314,15162,29/12/2014,east,3. Premium Partial (Gap Harbour View),700,8
32,9,Low, C,701,Large_Unit,10010280,14280,29/12/2014,east,6. Normal (Good Direction - S/E),500,6
6,9,Low, F,704,Large_Unit,9799680,13920,24/12/2014,west,8. Normal (Poor Direction - N/W),460,4.5
46,17,Mid, A,748,Large_Unit,13399672,17914,24/12/2014,north,8. Normal (Poor Direction - N/W),500,4.5
1,25,Mid, A,545,Small_Unit,7530265,13817,24/12/2014,north,8. Normal (Poor Direction - N/W),400,4.5
52,5,Low, F,701,Large_Unit,9537806,13606,24/12/2014,west,8. Normal (Poor Direction - N/W),350,4.5
50,4,Low, G,582,Middle_Unit,8000172,13746,24/12/2014,west,8. Normal (Poor Direction - N/W),350,4.5
47,9,Low, B,707,Large_Unit,10050005,14215,23/12/2014,east,6. Normal (Good Direction - S/E),500,6
10,6,Low, C,582,Middle_Unit,6499776,11168,23/12/2014,east,6. Normal (Good Direction - S/E),400,6
50,24,Mid, C,664,Middle_Unit,10250168,15437,23/12/2014,east,6. Normal (Good Direction - S/E),350,6
52,3,Low, H,582,Middle_Unit,7479864,12852,23/12/2014,north,8. Normal (Poor Direction - N/W),350,4.5
37,19,Mid, C,897,Large_Unit,13880178,15474,23/12/2014,east,3. Premium Partial (Gap Harbour View),600,8
59,5,Low, D,584,Middle_Unit,8199944,14041,22/12/2014,south,6. Normal (Good Direction - S/E),200,6
12,5,Low, E,593,Middle_Unit,8510143,14351,22/12/2014,south,2. Premium (Full Mountain),400,8.5
25,20,Mid, A,580,Middle_Unit,8749880,15086,22/12/2014,north,8. Normal (Poor Direction - N/W),200,4.5
15,10,Low, A,530,Small_Unit,7380250,13925,22/12/2014,north,8. Normal (Poor Direction - N/W),400,4.5
3,15,Mid, A,583,Middle_Unit,7854759,13473,19/12/2014,north,8. Normal (Poor Direction - N/W),400,4.5
50,20,Mid, C,664,Middle_Unit,9880320,14880,19/12/2014,east,6. Normal (Good Direction - S/E),350,6
61,8,Low, A,591,Middle_Unit,9080124,15364,19/12/2014,north,8. Normal (Poor Direction - N/W),200,4.5
30,24,Mid, D,583,Middle_Unit,8529873,14631,18/12/2014,south,6. Normal (Good Direction - S/E),500,6
49,21,Mid, E,502,Small_Unit,7550080,15040,18/12/2014,south,6. Normal (Good Direction - S/E),500,6
8,3,Low, H,580,Middle_Unit,7080060,12207,17/12/2014,north,8. Normal (Poor Direction - N/W),400,4.5
21,3,Low, A,663,Middle_Unit,8300097,12519,17/12/2014,north,8. Normal (Poor Direction - N/W),150,4.5
10,21,Mid, A,536,Small_Unit,7879736,14701,17/12/2014,north,8. Normal (Poor Direction - N/W),400,4.5
37,10,Low, B,1015,Large_Unit,18719645,18443,12/12/2014,east,3. Premium Partial (Gap Harbour View),600,8
20,3,Low, C,785,Large_Unit,9000025,11465,12/12/2014,east,6. Normal (Good Direction - S/E),150,6
9,13,Mid, C,589,Middle_Unit,7979772,13548,10/12/2014,east,6. Normal (Good Direction - S/E),400,6
49,13,Mid, D,502,Small_Unit,7599778,15139,9/12/2014,south,6. Normal (Good Direction - S/E),500,6
29,19,Mid, E,530,Small_Unit,7500030,14151,9/12/2014,south,6. Normal (Good Direction - S/E),400,6
27,24,Mid, G,530,Small_Unit,7680230,14491,8/12/2014,west,8. Normal (Poor Direction - N/W),400,4.5
55,23,Mid, H,759,Large_Unit,11800173,15547,8/12/2014,north,8. Normal (Poor Direction - N/W),200,4.5
43,2,Low, B,1015,Large_Unit,13400030,13202,5/12/2014,east,3. Premium Partial (Gap Harbour View),700,8
25,16,Mid, C,702,Large_Unit,9750078,13889,5/12/2014,east,6. Normal (Good Direction - S/E),200,6
19,3,Low, A,489,Small_Unit,6800034,13906,5/12/2014,north,8. Normal (Poor Direction - N/W),150,4.5
45,5,Low, H,708,Large_Unit,10500348,14831,5/12/2014,north,1. Premium Plus (Full Harbour),650,9
40,3,Low, G,1015,Large_Unit,13799940,13596,4/12/2014,west,3. Premium Partial (Gap Harbour View),600,8
57,25,Mid, B,720,Large_Unit,10499760,14583,3/12/2014,east,6. Normal (Good Direction - S/E),200,6
54,3,Low, E,488,Small_Unit,6600200,13525,2/12/2014,south,6. Normal (Good Direction - S/E),650,6
30,21,Mid, A,583,Middle_Unit,8479735,14545,1/12/2014,north,8. Normal (Poor Direction - N/W),500,4.5
39,11,Mid, B,1015,Large_Unit,16679495,16433,1/12/2014,east,3. Premium Partial (Gap Harbour View),600,8
9,20,Mid, A,518,Small_Unit,7560210,14595,27/11/2014,north,8. Normal (Poor Direction - N/W),400,4.5
52,9,Low, C,701,Large_Unit,10400036,14836,26/11/2014,east,6. Normal (Good Direction - S/E),350,6
17,2,Low, C,582,Middle_Unit,7479864,12852,25/11/2014,east,6. Normal (Good Direction - S/E),400,6
21,19,Mid, C,723,Large_Unit,9800265,13555,25/11/2014,east,6. Normal (Good Direction - S/E),150,6
47,23,Mid, H,580,Middle_Unit,8799760,15172,24/11/2014,north,8. Normal (Poor Direction - N/W),500,4.5
45,19,Mid, E,708,Large_Unit,9679776,13672,24/11/2014,south,6. Normal (Good Direction - S/E),650,6
51,22,Mid, B,582,Middle_Unit,8650266,14863,24/11/2014,east,6. Normal (Good Direction - S/E),350,6
48,9,Low, G,580,Middle_Unit,8600240,14828,24/11/2014,west,8. Normal (Poor Direction - N/W),500,4.5
37,20,Mid, F,897,Large_Unit,13527657,15081,20/11/2014,west,3. Premium Partial (Gap Harbour View),600,8
2,13,Mid, A,583,Middle_Unit,7299743,12521,20/11/2014,north,8. Normal (Poor Direction - N/W),400,4.5
52,4,Low, H,582,Middle_Unit,8180010,14055,18/11/2014,north,8. Normal (Poor Direction - N/W),350,4.5
25,19,Mid, E,580,Middle_Unit,7999940,13793,18/11/2014,south,6. Normal (Good Direction - S/E),200,6
34,3,Low, E,922,Large_Unit,8900066,9653,18/11/2014,south,6. Normal (Good Direction - S/E),650,6
8,11,Mid, D,689,Middle_Unit,8779927,12743,18/11/2014,south,2. Premium (Full Mountain),400,8.5
9,5,Low, D,670,Middle_Unit,8600120,12836,18/11/2014,south,10. Poor Street (King's Road Noise Penalty),400,2
47,20,Mid, H,580,Middle_Unit,8780040,15138,17/11/2014,north,8. Normal (Poor Direction - N/W),500,4.5
63,15,Mid, A,592,Middle_Unit,9499824,16047,14/11/2014,north,8. Normal (Poor Direction - N/W),200,4.5
34,6,Low, G,1015,Large_Unit,14360220,14148,11/11/2014,west,3. Premium Partial (Gap Harbour View),650,8
27,14,Mid, B,703,Large_Unit,9049719,12873,5/11/2014,east,6. Normal (Good Direction - S/E),400,6
63,19,Mid, F,541,Small_Unit,9100161,16821,3/11/2014,west,8. Normal (Poor Direction - N/W),200,4.5
10,24,Mid, B,582,Middle_Unit,8450058,14519,3/11/2014,east,6. Normal (Good Direction - S/E),400,6
51,9,Low, E,502,Small_Unit,7030008,14004,31/10/2014,south,6. Normal (Good Direction - S/E),350,6
54,3,Low, F,587,Middle_Unit,7800056,13288,29/10/2014,west,3. Premium Partial (Gap Harbour View),650,8
32,5,Low, C,701,Large_Unit,8339797,11897,29/10/2014,east,6. Normal (Good Direction - S/E),500,6
1,19,Mid, E,489,Small_Unit,6480228,13252,29/10/2014,south,2. Premium (Full Mountain),400,8.5
7,2,Low, A,582,Middle_Unit,7300026,12543,29/10/2014,north,8. Normal (Poor Direction - N/W),430,4.5
13,4,Low, E,593,Middle_Unit,6300032,10624,28/10/2014,south,2. Premium (Full Mountain),400,8.5
37,12,Mid, E,922,Large_Unit,13000200,14100,28/10/2014,south,6. Normal (Good Direction - S/E),600,6
57,11,Mid, B,717,Large_Unit,10400085,14505,28/10/2014,east,6. Normal (Good Direction - S/E),200,6
59,21,Mid, D,584,Middle_Unit,9400064,16096,28/10/2014,south,6. Normal (Good Direction - S/E),200,6
28,20,Mid, G,583,Middle_Unit,8360220,14340,24/10/2014,west,8. Normal (Poor Direction - N/W),400,4.5
49,9,Low, B,582,Middle_Unit,7500234,12887,24/10/2014,east,6. Normal (Good Direction - S/E),500,6
35,4,Low, C,897,Large_Unit,12559794,14002,24/10/2014,east,3. Premium Partial (Gap Harbour View),600,8
17,10,Low, H,593,Middle_Unit,7679943,12951,24/10/2014,north,8. Normal (Poor Direction - N/W),400,4.5
19,27,High, C,583,Middle_Unit,9150185,15695,22/10/2014,east,6. Normal (Good Direction - S/E),150,6
63,10,Low, C,707,Large_Unit,10880023,15389,22/10/2014,east,6. Normal (Good Direction - S/E),200,6
18,23,Mid, E,593,Middle_Unit,8000163,13491,21/10/2014,south,2. Premium (Full Mountain),400,8.5
56,24,Mid, G,717,Large_Unit,10580052,14756,21/10/2014,west,8. Normal (Poor Direction - N/W),200,4.5
56,21,Mid, C,792,Large_Unit,14000184,17677,20/10/2014,east,6. Normal (Good Direction - S/E),200,6
39,24,Mid, F,897,Large_Unit,13179621,14693,17/10/2014,west,8. Normal (Poor Direction - N/W),600,4.5
54,11,Mid, E,488,Small_Unit,7600112,15574,17/10/2014,south,6. Normal (Good Direction - S/E),650,6
51,14,Mid, E,502,Small_Unit,7249884,14442,17/10/2014,south,6. Normal (Good Direction - S/E),350,6
8,4,Low, C,722,Large_Unit,8580248,11884,17/10/2014,east,6. Normal (Good Direction - S/E),400,6
57,20,Mid, H,760,Large_Unit,11919840,15684,17/10/2014,north,8. Normal (Poor Direction - N/W),200,4.5
54,6,Low, A,552,Middle_Unit,8219832,14891,16/10/2014,north,1. Premium Plus (Full Harbour),650,9
17,8,Low, F,685,Middle_Unit,8880340,12964,16/10/2014,west,8. Normal (Poor Direction - N/W),400,4.5
41,9,Low, D,922,Large_Unit,13400348,14534,16/10/2014,south,6. Normal (Good Direction - S/E),600,6
3,2,Low, C,484,Small_Unit,5799772,11983,14/10/2014,east,6. Normal (Good Direction - S/E),400,6
9,13,Mid, A,518,Small_Unit,6550110,12645,14/10/2014,north,8. Normal (Poor Direction - N/W),400,4.5
18,7,Low, D,593,Middle_Unit,7299830,12310,13/10/2014,south,2. Premium (Full Mountain),400,8.5
60,9,Low, G,563,Middle_Unit,8550281,15187,13/10/2014,west,8. Normal (Poor Direction - N/W),200,4.5
36,22,Mid, B,1015,Large_Unit,16380070,16138,10/10/2014,east,3. Premium Partial (Gap Harbour View),600,8
19,24,Mid, G,583,Middle_Unit,8300171,14237,10/10/2014,west,8. Normal (Poor Direction - N/W),150,4.5
53,24,Mid, H,749,Large_Unit,13600342,18158,8/10/2014,north,8. Normal (Poor Direction - N/W),350,4.5
41,25,Mid, D,922,Large_Unit,13860426,15033,8/10/2014,south,6. Normal (Good Direction - S/E),600,6
55,9,Low, H,759,Large_Unit,10200201,13439,8/10/2014,north,8. Normal (Poor Direction - N/W),200,4.5
14,16,Mid, G,582,Middle_Unit,8230062,14141,7/10/2014,west,8. Normal (Poor Direction - N/W),400,4.5
11,7,Low, E,689,Middle_Unit,8500193,12337,7/10/2014,south,2. Premium (Full Mountain),400,8.5
45,11,Mid, F,572,Middle_Unit,8379800,14650,6/10/2014,west,3. Premium Partial (Gap Harbour View),650,8
9,20,Mid, C,589,Middle_Unit,8068122,13698,6/10/2014,east,6. Normal (Good Direction - S/E),400,6
38,28,High, F,1046,Large_Unit,19499532,18642,6/10/2014,west,3. Premium Partial (Gap Harbour View),600,8
40,14,Mid, B,1015,Large_Unit,17200190,16946,30/9/2014,east,3. Premium Partial (Gap Harbour View),600,8
38,27,High, B,1015,Large_Unit,16600325,16355,30/9/2014,east,3. Premium Partial (Gap Harbour View),600,8
63,21,Mid, G,541,Small_Unit,8599736,15896,29/9/2014,west,8. Normal (Poor Direction - N/W),200,4.5
28,16,Mid, H,706,Large_Unit,8200190,11615,26/9/2014,north,8. Normal (Poor Direction - N/W),400,4.5
17,8,Low, H,593,Middle_Unit,7350235,12395,26/9/2014,north,8. Normal (Poor Direction - N/W),400,4.5
9,16,Mid, F,589,Middle_Unit,7800127,13243,26/9/2014,west,8. Normal (Poor Direction - N/W),400,4.5
30,10,Low, E,583,Middle_Unit,8180073,14031,25/9/2014,south,6. Normal (Good Direction - S/E),500,6
58,4,Low, A,760,Large_Unit,10899920,14342,25/9/2014,north,8. Normal (Poor Direction - N/W),200,4.5
31,25,Mid, C,703,Large_Unit,8800154,12518,25/9/2014,east,6. Normal (Good Direction - S/E),500,6
19,26,High, H,489,Small_Unit,6499788,13292,25/9/2014,north,8. Normal (Poor Direction - N/W),150,4.5
23,21,Mid, G,580,Middle_Unit,8280080,14276,23/9/2014,west,8. Normal (Poor Direction - N/W),200,4.5
10,14,Mid, B,582,Middle_Unit,7880280,13540,23/9/2014,east,6. Normal (Good Direction - S/E),400,6
16,23,Mid, E,689,Middle_Unit,8600098,12482,22/9/2014,south,2. Premium (Full Mountain),400,8.5
36,12,Mid, H,1114,Large_Unit,17949882,16113,19/9/2014,north,1. Premium Plus (Full Harbour),600,9
44,9,Low, D,708,Large_Unit,10700004,15113,19/9/2014,south,6. Normal (Good Direction - S/E),650,6
7,24,Mid, B,689,Middle_Unit,9800336,14224,18/9/2014,east,6. Normal (Good Direction - S/E),430,6
47,22,Mid, F,707,Large_Unit,9000110,12730,18/9/2014,west,8. Normal (Poor Direction - N/W),500,4.5
7,23,Mid, C,689,Middle_Unit,9499932,13788,17/9/2014,east,6. Normal (Good Direction - S/E),430,6
59,4,Low, E,584,Middle_Unit,7799904,13356,17/9/2014,south,6. Normal (Good Direction - S/E),200,6
9,28,High, B,589,Middle_Unit,8780223,14907,17/9/2014,east,6. Normal (Good Direction - S/E),400,6
28,13,Mid, B,714,Large_Unit,9299850,13025,12/9/2014,east,6. Normal (Good Direction - S/E),400,6
25,10,Low, A,580,Middle_Unit,8280080,14276,12/9/2014,north,8. Normal (Poor Direction - N/W),200,4.5
48,28,High, H,603,Middle_Unit,9667899,16033,11/9/2014,north,8. Normal (Poor Direction - N/W),500,4.5
54,28,High, E,488,Small_Unit,8199864,16803,11/9/2014,south,6. Normal (Good Direction - S/E),650,6
38,23,Mid, D,922,Large_Unit,13200274,14317,11/9/2014,south,6. Normal (Good Direction - S/E),600,6
39,19,Mid, F,897,Large_Unit,12499695,13935,10/9/2014,west,8. Normal (Poor Direction - N/W),600,4.5
43,20,Mid, C,897,Large_Unit,12679992,14136,10/9/2014,east,3. Premium Partial (Gap Harbour View),700,8
15,17,Mid, A,530,Small_Unit,6600090,12453,8/9/2014,north,8. Normal (Poor Direction - N/W),400,4.5
22,4,Low, H,702,Large_Unit,9267804,13202,8/9/2014,north,8. Normal (Poor Direction - N/W),150,4.5
20,10,Low, A,747,Large_Unit,10649979,14257,5/9/2014,north,8. Normal (Poor Direction - N/W),150,4.5
62,10,Low, D,715,Large_Unit,8999705,12587,5/9/2014,south,6. Normal (Good Direction - S/E),200,6
21,7,Low, E,702,Large_Unit,9279738,13219,4/9/2014,south,6. Normal (Good Direction - S/E),150,6
24,21,Mid, B,580,Middle_Unit,8150160,14052,4/9/2014,east,6. Normal (Good Direction - S/E),200,6
7,11,Mid, D,582,Middle_Unit,6999714,12027,4/9/2014,south,2. Premium (Full Mountain),430,8.5
46,3,Low, F,666,Middle_Unit,7800192,11712,2/9/2014,west,8. Normal (Poor Direction - N/W),500,4.5
17,8,Low, C,582,Middle_Unit,8050224,13832,2/9/2014,east,6. Normal (Good Direction - S/E),400,6
2,25,Mid, B,489,Small_Unit,6660180,13620,1/9/2014,east,6. Normal (Good Direction - S/E),400,6
9,25,Mid, B,589,Middle_Unit,7920283,13447,1/9/2014,east,6. Normal (Good Direction - S/E),400,6
49,22,Mid, B,582,Middle_Unit,8380218,14399,1/9/2014,east,6. Normal (Good Direction - S/E),500,6
35,7,Low, E,922,Large_Unit,13470420,14610,29/8/2014,south,6. Normal (Good Direction - S/E),600,6
50,28,High, C,664,Middle_Unit,10550296,15889,28/8/2014,east,6. Normal (Good Direction - S/E),350,6
45,10,Low, C,723,Large_Unit,8999904,12448,28/8/2014,east,3. Premium Partial (Gap Harbour View),650,8
42,11,Mid, G,1015,Large_Unit,15500065,15271,28/8/2014,west,3. Premium Partial (Gap Harbour View),650,8
12,4,Low, H,593,Middle_Unit,7350235,12395,27/8/2014,north,8. Normal (Poor Direction - N/W),400,4.5
7,6,Low, H,582,Middle_Unit,7799964,13402,26/8/2014,north,8. Normal (Poor Direction - N/W),430,4.5
58,14,Mid, B,792,Large_Unit,12249864,15467,26/8/2014,east,6. Normal (Good Direction - S/E),200,6
28,19,Mid, D,602,Middle_Unit,7850080,13040,26/8/2014,south,6. Normal (Good Direction - S/E),400,6
52,12,Mid, E,582,Middle_Unit,8380218,14399,26/8/2014,south,6. Normal (Good Direction - S/E),350,6
12,2,Low, F,581,Middle_Unit,6479893,11153,22/8/2014,west,8. Normal (Poor Direction - N/W),400,4.5
8,17,Mid, C,722,Large_Unit,9399718,13019,22/8/2014,east,6. Normal (Good Direction - S/E),400,6
50,17,Mid, H,603,Middle_Unit,7980102,13234,22/8/2014,north,8. Normal (Poor Direction - N/W),350,4.5
28,3,Low, G,583,Middle_Unit,7000081,12007,22/8/2014,west,8. Normal (Poor Direction - N/W),400,4.5
48,7,Low, D,503,Small_Unit,7250242,14414,19/8/2014,south,6. Normal (Good Direction - S/E),500,6
3,25,Mid, E,583,Middle_Unit,7200050,12350,15/8/2014,south,2. Premium (Full Mountain),400,8.5
16,21,Mid, A,593,Middle_Unit,7579726,12782,15/8/2014,north,8. Normal (Poor Direction - N/W),400,4.5
45,24,Mid, H,708,Large_Unit,9999792,14124,15/8/2014,north,1. Premium Plus (Full Harbour),650,9
54,13,Mid, E,488,Small_Unit,6700240,13730,13/8/2014,south,6. Normal (Good Direction - S/E),650,6
45,13,Mid, A,708,Large_Unit,9000096,12712,12/8/2014,north,1. Premium Plus (Full Harbour),650,9
9,17,Mid, E,670,Middle_Unit,8429940,12582,12/8/2014,south,2. Premium (Full Mountain),400,8.5
49,9,Low, C,582,Middle_Unit,7599756,13058,12/8/2014,east,6. Normal (Good Direction - S/E),500,6
24,19,Mid, B,580,Middle_Unit,8450020,14569,12/8/2014,east,6. Normal (Good Direction - S/E),200,6
54,26,High, B,587,Middle_Unit,8699927,14821,12/8/2014,east,3. Premium Partial (Gap Harbour View),650,8
54,14,Mid, E,488,Small_Unit,7059896,14467,8/8/2014,south,6. Normal (Good Direction - S/E),650,6
43,2,Low, C,897,Large_Unit,11800035,13155,8/8/2014,east,3. Premium Partial (Gap Harbour View),700,8
57,17,Mid, B,717,Large_Unit,10098228,14084,8/8/2014,east,6. Normal (Good Direction - S/E),200,6
45,2,Low, C,723,Large_Unit,8918205,12335,7/8/2014,east,3. Premium Partial (Gap Harbour View),650,8
33,9,Low, F,897,Large_Unit,11180208,12464,7/8/2014,west,3. Premium Partial (Gap Harbour View),700,4.5
41,10,Low, H,1114,Large_Unit,18699604,16786,6/8/2014,north,1. Premium Plus (Full Harbour),600,9
53,7,Low, D,749,Large_Unit,12500061,16689,6/8/2014,south,6. Normal (Good Direction - S/E),350,6
25,18,Mid, A,580,Middle_Unit,8150160,14052,5/8/2014,north,8. Normal (Poor Direction - N/W),200,4.5
54,5,Low, H,552,Middle_Unit,7699848,13949,5/8/2014,north,1. Premium Plus (Full Harbour),650,9
35,12,Mid, C,897,Large_Unit,11949834,13322,4/8/2014,east,3. Premium Partial (Gap Harbour View),600,8
12,7,Low, G,581,Middle_Unit,7508263,12923,4/8/2014,west,8. Normal (Poor Direction - N/W),400,4.5
24,15,Mid, A,709,Large_Unit,9679977,13653,4/8/2014,north,8. Normal (Poor Direction - N/W),200,4.5
50,11,Mid, G,582,Middle_Unit,8050224,13832,1/8/2014,west,8. Normal (Poor Direction - N/W),350,4.5
22,11,Mid, B,582,Middle_Unit,7979802,13711,1/8/2014,east,6. Normal (Good Direction - S/E),150,6
39,16,Mid, C,897,Large_Unit,13000221,14493,1/8/2014,east,3. Premium Partial (Gap Harbour View),600,8
61,11,Mid, E,714,Large_Unit,10000284,14006,1/8/2014,south,6. Normal (Good Direction - S/E),200,6
40,8,Low, D,922,Large_Unit,13499924,14642,1/8/2014,south,6. Normal (Good Direction - S/E),600,6
23,21,Mid, B,580,Middle_Unit,8179740,14103,31/7/2014,east,6. Normal (Good Direction - S/E),200,6
22,7,Low, H,702,Large_Unit,9649692,13746,31/7/2014,north,8. Normal (Poor Direction - N/W),150,4.5
50,24,Mid, E,503,Small_Unit,7099845,14115,31/7/2014,south,6. Normal (Good Direction - S/E),350,6
37,24,Mid, A,1114,Large_Unit,17799492,15978,31/7/2014,north,1. Premium Plus (Full Harbour),600,9
1,2,Low, D,489,Small_Unit,5379978,11002,31/7/2014,south,10. Poor Street (King's Road Noise Penalty),400,2
24,13,Mid, F,723,Large_Unit,9500220,13140,30/7/2014,west,8. Normal (Poor Direction - N/W),200,4.5
15,11,Mid, C,582,Middle_Unit,7749912,13316,29/7/2014,east,6. Normal (Good Direction - S/E),400,6
36,17,Mid, E,922,Large_Unit,12800126,13883,28/7/2014,south,6. Normal (Good Direction - S/E),600,6
28,3,Low, C,714,Large_Unit,8060346,11289,23/7/2014,east,6. Normal (Good Direction - S/E),400,6
12,21,Mid, E,593,Middle_Unit,7579726,12782,22/7/2014,south,2. Premium (Full Mountain),400,8.5
2,19,Mid, B,489,Small_Unit,6108099,12491,21/7/2014,east,6. Normal (Good Direction - S/E),400,6
59,6,Low, H,584,Middle_Unit,8279952,14178,18/7/2014,north,8. Normal (Poor Direction - N/W),200,4.5
24,17,Mid, D,702,Large_Unit,9250254,13177,17/7/2014,south,6. Normal (Good Direction - S/E),200,6
45,5,Low, E,708,Large_Unit,9259932,13079,17/7/2014,south,6. Normal (Good Direction - S/E),650,6
47,4,Low, E,580,Middle_Unit,7599740,13103,17/7/2014,south,6. Normal (Good Direction - S/E),500,6
11,9,Low, D,689,Middle_Unit,8179808,11872,14/7/2014,south,2. Premium (Full Mountain),400,8.5
8,11,Mid, E,689,Middle_Unit,8279713,12017,11/7/2014,south,2. Premium (Full Mountain),400,8.5
8,27,High, F,582,Middle_Unit,7500234,12887,11/7/2014,west,8. Normal (Poor Direction - N/W),400,4.5
20,15,Mid, C,785,Large_Unit,10800030,13758,11/7/2014,east,6. Normal (Good Direction - S/E),150,6
50,3,Low, C,664,Middle_Unit,7679824,11566,7/7/2014,east,6. Normal (Good Direction - S/E),350,6
21,5,Low, B,723,Large_Unit,8569719,11853,7/7/2014,east,6. Normal (Good Direction - S/E),150,6
20,20,Mid, E,747,Large_Unit,10800126,14458,7/7/2014,south,6. Normal (Good Direction - S/E),150,6
35,27,High, F,897,Large_Unit,12380394,13802,3/7/2014,west,3. Premium Partial (Gap Harbour View),600,8
1,16,Mid, A,545,Small_Unit,6300200,11560,3/7/2014,north,8. Normal (Poor Direction - N/W),400,4.5
44,8,Low, D,708,Large_Unit,9749868,13771,27/6/2014,south,6. Normal (Good Direction - S/E),650,6
40,19,Mid, C,897,Large_Unit,12400128,13824,25/6/2014,east,3. Premium Partial (Gap Harbour View),600,6
9,4,Low, D,670,Middle_Unit,7769990,11597,24/6/2014,south,10. Poor Street (King's Road Noise Penalty),400,2
27,23,Mid, G,530,Small_Unit,7500030,14151,24/6/2014,west,8. Normal (Poor Direction - N/W),400,4.5
41,10,Low, D,922,Large_Unit,13200274,14317,24/6/2014,south,6. Normal (Good Direction - S/E),600,6
58,15,Mid, B,792,Large_Unit,11700216,14773,24/6/2014,east,6. Normal (Good Direction - S/E),200,6
60,24,Mid, F,647,Middle_Unit,9199693,14219,23/6/2014,west,8. Normal (Poor Direction - N/W),200,4.5
47,11,Mid, A,580,Middle_Unit,8249920,14224,23/6/2014,north,8. Normal (Poor Direction - N/W),500,4.5
10,3,Low, H,524,Small_Unit,5859892,11183,23/6/2014,north,8. Normal (Poor Direction - N/W),400,4.5
39,14,Mid, H,1114,Large_Unit,16880442,15153,23/6/2014,north,1. Premium Plus (Full Harbour),600,9
63,13,Mid, C,707,Large_Unit,9389667,13281,19/6/2014,east,6. Normal (Good Direction - S/E),200,6
17,15,Mid, H,593,Middle_Unit,7280261,12277,19/6/2014,north,8. Normal (Poor Direction - N/W),400,4.5
9,27,High, D,670,Middle_Unit,8500290,12687,18/6/2014,south,10. Poor Street (King's Road Noise Penalty),400,2
10,26,High, B,582,Middle_Unit,7738272,13296,18/6/2014,east,6. Normal (Good Direction - S/E),400,6
47,15,Mid, B,707,Large_Unit,9529653,13479,18/6/2014,east,6. Normal (Good Direction - S/E),500,6
24,5,Low, C,580,Middle_Unit,7000020,12069,17/6/2014,east,6. Normal (Good Direction - S/E),200,6
10,28,High, C,582,Middle_Unit,8400006,14433,17/6/2014,east,6. Normal (Good Direction - S/E),400,6
54,11,Mid, D,488,Small_Unit,6529928,13381,16/6/2014,south,6. Normal (Good Direction - S/E),650,6
40,4,Low, F,897,Large_Unit,10027563,11179,16/6/2014,west,3. Premium Partial (Gap Harbour View),600,8
47,14,Mid, F,707,Large_Unit,8679839,12277,16/6/2014,west,8. Normal (Poor Direction - N/W),500,4.5
30,29,High, H,583,Middle_Unit,7949788,13636,13/6/2014,north,8. Normal (Poor Direction - N/W),500,4.5
30,29,High, G,506,Small_Unit,6699946,13241,13/6/2014,west,8. Normal (Poor Direction - N/W),500,4.5
8,4,Low, G,582,Middle_Unit,6960138,11959,13/6/2014,west,8. Normal (Poor Direction - N/W),400,4.5
27,12,Mid, G,530,Small_Unit,6799900,12830,13/6/2014,west,8. Normal (Poor Direction - N/W),400,4.5
51,3,Low, D,502,Small_Unit,6300100,12550,12/6/2014,south,6. Normal (Good Direction - S/E),350,6
61,5,Low, F,682,Middle_Unit,8999672,13196,12/6/2014,west,8. Normal (Poor Direction - N/W),200,4.5
28,16,Mid, D,602,Middle_Unit,7449750,12375,12/6/2014,south,6. Normal (Good Direction - S/E),400,6
23,18,Mid, E,702,Large_Unit,8899956,12678,12/6/2014,south,6. Normal (Good Direction - S/E),200,6
54,26,High, F,587,Middle_Unit,7899846,13458,10/6/2014,west,3. Premium Partial (Gap Harbour View),650,8
55,19,Mid, H,759,Large_Unit,10789944,14216,10/6/2014,north,8. Normal (Poor Direction - N/W),200,4.5
18,8,Low, C,684,Middle_Unit,8300340,12135,10/6/2014,east,6. Normal (Good Direction - S/E),400,6
27,25,Mid, G,530,Small_Unit,6980100,13170,9/6/2014,west,8. Normal (Poor Direction - N/W),400,4.5
25,5,Low, E,580,Middle_Unit,7299880,12586,9/6/2014,south,6. Normal (Good Direction - S/E),200,6
9,19,Mid, B,589,Middle_Unit,7649932,12988,9/6/2014,east,6. Normal (Good Direction - S/E),400,6
51,5,Low, F,664,Middle_Unit,8130016,12244,6/6/2014,west,8. Normal (Poor Direction - N/W),350,4.5
19,17,Mid, E,545,Small_Unit,6999980,12844,6/6/2014,south,6. Normal (Good Direction - S/E),150,6
59,15,Mid, D,584,Middle_Unit,8000216,13699,5/6/2014,south,6. Normal (Good Direction - S/E),200,6
12,11,Mid, H,593,Middle_Unit,7299830,12310,3/6/2014,north,8. Normal (Poor Direction - N/W),400,4.5
32,17,Mid, F,503,Small_Unit,6417777,12759,29/5/2014,west,8. Normal (Poor Direction - N/W),500,4.5
47,5,Low, E,580,Middle_Unit,7280160,12552,28/5/2014,south,6. Normal (Good Direction - S/E),500,6
12,24,Mid, E,593,Middle_Unit,6999772,11804,27/5/2014,south,2. Premium (Full Mountain),400,8.5
25,26,High, E,580,Middle_Unit,7879880,13586,27/5/2014,south,6. Normal (Good Direction - S/E),200,6
36,20,Mid, E,922,Large_Unit,12399978,13449,27/5/2014,south,6. Normal (Good Direction - S/E),600,6
1,11,Mid, E,489,Small_Unit,5779980,11820,26/5/2014,south,2. Premium (Full Mountain),400,8.5
41,7,Low, D,922,Large_Unit,12379694,13427,26/5/2014,south,6. Normal (Good Direction - S/E),600,6
25,11,Mid, E,580,Middle_Unit,6599820,11379,26/5/2014,south,6. Normal (Good Direction - S/E),200,6
20,23,Mid, D,747,Large_Unit,11000322,14726,26/5/2014,south,6. Normal (Good Direction - S/E),150,6
12,19,Mid, E,593,Middle_Unit,6999772,11804,22/5/2014,south,2. Premium (Full Mountain),400,8.5
7,21,Mid, B,689,Middle_Unit,8500193,12337,21/5/2014,east,6. Normal (Good Direction - S/E),430,6
39,2,Low, E,922,Large_Unit,9599864,10412,21/5/2014,south,6. Normal (Good Direction - S/E),600,6
53,8,Low, H,749,Large_Unit,10799831,14419,21/5/2014,north,8. Normal (Poor Direction - N/W),350,4.5
16,27,High, A,593,Middle_Unit,8380276,14132,20/5/2014,north,8. Normal (Poor Direction - N/W),400,4.5
19,24,Mid, E,545,Small_Unit,6799965,12477,20/5/2014,south,6. Normal (Good Direction - S/E),150,6
47,20,Mid, C,707,Large_Unit,10100202,14286,20/5/2014,east,6. Normal (Good Direction - S/E),500,6
13,14,Mid, D,593,Middle_Unit,7500264,12648,19/5/2014,south,10. Poor Street (King's Road Noise Penalty),400,2
8,14,Mid, H,596,Middle_Unit,7320072,12282,19/5/2014,north,8. Normal (Poor Direction - N/W),400,4.5
60,16,Mid, F,647,Middle_Unit,8799847,13601,16/5/2014,west,8. Normal (Poor Direction - N/W),200,4.5
38,15,Mid, C,897,Large_Unit,10879713,12129,16/5/2014,east,3. Premium Partial (Gap Harbour View),600,8
43,6,Low, B,1015,Large_Unit,13799940,13596,16/5/2014,east,3. Premium Partial (Gap Harbour View),700,8
59,14,Mid, F,567,Middle_Unit,7949907,14021,16/5/2014,west,8. Normal (Poor Direction - N/W),200,4.5
1,13,Mid, C,580,Middle_Unit,6450180,11121,14/5/2014,east,6. Normal (Good Direction - S/E),400,6
34,12,Mid, F,897,Large_Unit,10650081,11873,14/5/2014,west,3. Premium Partial (Gap Harbour View),650,8
56,9,Low, H,759,Large_Unit,10480272,13808,14/5/2014,north,8. Normal (Poor Direction - N/W),200,4.5
2,3,Low, D,583,Middle_Unit,6000236,10292,13/5/2014,south,2. Premium (Full Mountain),400,8.5
21,23,Mid, E,702,Large_Unit,8749728,12464,13/5/2014,south,6. Normal (Good Direction - S/E),150,6
3,27,High, F,545,Small_Unit,6999980,12844,13/5/2014,west,8. Normal (Poor Direction - N/W),400,4.5
58,22,Mid, H,760,Large_Unit,10849760,14276,13/5/2014,north,8. Normal (Poor Direction - N/W),200,4.5
52,14,Mid, F,701,Large_Unit,8580240,12240,12/5/2014,west,8. Normal (Poor Direction - N/W),350,4.5
46,13,Mid, D,748,Large_Unit,11700216,15642,9/5/2014,south,6. Normal (Good Direction - S/E),500,6
37,6,Low, D,922,Large_Unit,12480192,13536,8/5/2014,south,6. Normal (Good Direction - S/E),600,6
6,25,Mid, F,704,Large_Unit,8514880,12095,5/5/2014,west,8. Normal (Poor Direction - N/W),460,4.5
21,25,Mid, D,702,Large_Unit,8859942,12621,2/5/2014,south,6. Normal (Good Direction - S/E),150,6
40,4,Low, C,897,Large_Unit,10300251,11483,2/5/2014,east,3. Premium Partial (Gap Harbour View),600,6
10,15,Mid, E,689,Middle_Unit,7499765,10885,30/4/2014,south,2. Premium (Full Mountain),400,8.5
27,25,Mid, A,580,Middle_Unit,7299880,12586,25/4/2014,north,8. Normal (Poor Direction - N/W),400,4.5
32,22,Mid, B,701,Large_Unit,8880268,12668,24/4/2014,east,6. Normal (Good Direction - S/E),500,6
8,24,Mid, A,706,Large_Unit,9480168,13428,23/4/2014,north,8. Normal (Poor Direction - N/W),400,4.5
49,23,Mid, E,502,Small_Unit,7099786,14143,23/4/2014,south,6. Normal (Good Direction - S/E),500,6
31,16,Mid, H,580,Middle_Unit,7099780,12241,23/4/2014,north,8. Normal (Poor Direction - N/W),500,4.5
19,14,Mid, C,583,Middle_Unit,6899805,11835,23/4/2014,east,6. Normal (Good Direction - S/E),150,6
27,22,Mid, D,580,Middle_Unit,7410080,12776,22/4/2014,south,6. Normal (Good Direction - S/E),400,6
11,19,Mid, C,582,Middle_Unit,7379760,12680,22/4/2014,east,6. Normal (Good Direction - S/E),400,6
20,17,Mid, E,747,Large_Unit,9899991,13253,17/4/2014,south,6. Normal (Good Direction - S/E),150,6
50,6,Low, D,503,Small_Unit,6499766,12922,17/4/2014,south,6. Normal (Good Direction - S/E),350,6
52,5,Low, E,582,Middle_Unit,7379760,12680,15/4/2014,south,6. Normal (Good Direction - S/E),350,6
32,14,Mid, G,503,Small_Unit,6849854,13618,15/4/2014,west,8. Normal (Poor Direction - N/W),500,4.5
6,24,Mid, A,760,Large_Unit,10250120,13487,14/4/2014,north,8. Normal (Poor Direction - N/W),460,4.5
21,8,Low, H,709,Large_Unit,8980194,12666,14/4/2014,north,8. Normal (Poor Direction - N/W),150,4.5
22,28,High, F,582,Middle_Unit,9000048,15464,11/4/2014,west,4. Good Open (High Floor City),150,7
30,12,Mid, H,583,Middle_Unit,7299743,12521,11/4/2014,north,8. Normal (Poor Direction - N/W),500,4.5
61,20,Mid, D,714,Large_Unit,9599730,13445,11/4/2014,south,6. Normal (Good Direction - S/E),200,6
48,21,Mid, E,503,Small_Unit,6300075,12525,11/4/2014,south,6. Normal (Good Direction - S/E),500,6
1,27,High, B,580,Middle_Unit,7250000,12500,10/4/2014,east,6. Normal (Good Direction - S/E),400,6
26,3,Low, G,701,Large_Unit,8397980,11980,9/4/2014,west,8. Normal (Poor Direction - N/W),200,4.5
38,28,High, D,1072,Large_Unit,18499504,17257,9/4/2014,south,6. Normal (Good Direction - S/E),600,6
45,27,High, C,723,Large_Unit,9699768,13416,9/4/2014,east,3. Premium Partial (Gap Harbour View),650,8
18,9,Low, B,684,Middle_Unit,8000064,11696,9/4/2014,east,6. Normal (Good Direction - S/E),400,6
27,8,Low, H,580,Middle_Unit,7000020,12069,4/4/2014,north,8. Normal (Poor Direction - N/W),400,4.5
61,11,Mid, C,707,Large_Unit,9379769,13267,4/4/2014,east,6. Normal (Good Direction - S/E),200,6
23,6,Low, E,702,Large_Unit,7999992,11396,4/4/2014,south,6. Normal (Good Direction - S/E),200,6
55,19,Mid, D,759,Large_Unit,11280258,14862,3/4/2014,south,6. Normal (Good Direction - S/E),200,6
43,14,Mid, C,897,Large_Unit,10700313,11929,3/4/2014,east,3. Premium Partial (Gap Harbour View),700,8
54,17,Mid, A,552,Middle_Unit,8180088,14819,2/4/2014,north,1. Premium Plus (Full Harbour),650,9
27,20,Mid, B,703,Large_Unit,8149879,11593,31/3/2014,east,6. Normal (Good Direction - S/E),400,6
28,6,Low, G,583,Middle_Unit,7450157,12779,31/3/2014,west,8. Normal (Poor Direction - N/W),400,4.5
46,9,Low, D,748,Large_Unit,10700140,14305,31/3/2014,south,6. Normal (Good Direction - S/E),500,6
13,9,Low, B,685,Middle_Unit,8280280,12088,31/3/2014,east,6. Normal (Good Direction - S/E),400,6
31,30,High, H,580,Middle_Unit,8499900,14655,28/3/2014,north,8. Normal (Poor Direction - N/W),500,4.5
12,23,Mid, E,593,Middle_Unit,6879986,11602,28/3/2014,south,2. Premium (Full Mountain),400,8.5
13,12,Mid, B,685,Middle_Unit,8480300,12380,26/3/2014,east,6. Normal (Good Direction - S/E),400,6
30,22,Mid, F,506,Small_Unit,6750040,13340,25/3/2014,west,8. Normal (Poor Direction - N/W),500,4.5
32,14,Mid, E,580,Middle_Unit,6929840,11948,25/3/2014,south,6. Normal (Good Direction - S/E),500,6
32,24,Mid, C,701,Large_Unit,8580240,12240,25/3/2014,east,6. Normal (Good Direction - S/E),500,6
63,8,Low, E,715,Large_Unit,9500205,13287,25/3/2014,south,6. Normal (Good Direction - S/E),200,6
38,5,Low, H,1114,Large_Unit,16800234,15081,24/3/2014,north,1. Premium Plus (Full Harbour),600,9
25,12,Mid, A,580,Middle_Unit,7379920,12724,19/3/2014,north,8. Normal (Poor Direction - N/W),200,4.5
60,15,Mid, A,593,Middle_Unit,8200004,13828,18/3/2014,north,8. Normal (Poor Direction - N/W),200,4.5
13,27,High, F,685,Middle_Unit,9300245,13577,17/3/2014,west,8. Normal (Poor Direction - N/W),400,4.5
49,18,Mid, E,502,Small_Unit,6599794,13147,14/3/2014,south,6. Normal (Good Direction - S/E),500,6
59,8,Low, E,584,Middle_Unit,8199944,14041,12/3/2014,south,6. Normal (Good Direction - S/E),200,6
28,9,Low, C,714,Large_Unit,8700090,12185,11/3/2014,east,6. Normal (Good Direction - S/E),400,6
13,26,High, H,689,Middle_Unit,8500193,12337,7/3/2014,north,8. Normal (Poor Direction - N/W),400,4.5
10,19,Mid, F,582,Middle_Unit,7290132,12526,7/3/2014,west,8. Normal (Poor Direction - N/W),400,4.5
42,26,High, F,897,Large_Unit,12559794,14002,6/3/2014,west,3. Premium Partial (Gap Harbour View),650,8
53,14,Mid, E,749,Large_Unit,10080042,13458,26/2/2014,south,6. Normal (Good Direction - S/E),350,6
38,4,Low, F,897,Large_Unit,9849957,10981,26/2/2014,west,3. Premium Partial (Gap Harbour View),600,8
43,16,Mid, G,1015,Large_Unit,16279585,16039,25/2/2014,west,3. Premium Partial (Gap Harbour View),700,8
35,11,Mid, E,922,Large_Unit,11799756,12798,24/2/2014,south,6. Normal (Good Direction - S/E),600,6
39,27,High, A,1114,Large_Unit,20750478,18627,20/2/2014,north,1. Premium Plus (Full Harbour),600,1
39,13,Mid, B,1015,Large_Unit,15500065,15271,18/2/2014,east,3. Premium Partial (Gap Harbour View),600,8
49,5,Low, C,582,Middle_Unit,7149870,12285,14/2/2014,east,6. Normal (Good Direction - S/E),500,6
13,22,Mid, G,685,Middle_Unit,8620040,12584,14/2/2014,west,8. Normal (Poor Direction - N/W),400,4.5
30,16,Mid, B,606,Middle_Unit,8030106,13251,14/2/2014,east,6. Normal (Good Direction - S/E),500,6
34,4,Low, C,897,Large_Unit,9500127,10591,13/2/2014,east,6. Normal (Good Direction - S/E),650,6
3,18,Mid, F,545,Small_Unit,6259870,11486,12/2/2014,west,8. Normal (Poor Direction - N/W),400,4.5
34,16,Mid, H,1114,Large_Unit,15799862,14183,11/2/2014,north,1. Premium Plus (Full Harbour),650,9
28,10,Low, E,602,Middle_Unit,7199920,11960,10/2/2014,south,6. Normal (Good Direction - S/E),400,6
62,7,Low, E,715,Large_Unit,9999990,13986,10/2/2014,south,6. Normal (Good Direction - S/E),200,6
30,23,Mid, G,506,Small_Unit,6949910,13735,4/2/2014,west,8. Normal (Poor Direction - N/W),500,4.5
7,22,Mid, H,582,Middle_Unit,7630020,13110,30/1/2014,north,8. Normal (Poor Direction - N/W),430,4.5
53,16,Mid, B,809,Large_Unit,10999973,13597,28/1/2014,east,6. Normal (Good Direction - S/E),350,6
19,19,Mid, F,583,Middle_Unit,6980259,11973,21/1/2014,west,8. Normal (Poor Direction - N/W),150,4.5
16,13,Mid, H,593,Middle_Unit,6799931,11467,20/1/2014,north,8. Normal (Poor Direction - N/W),400,4.5
1,6,Low, H,545,Small_Unit,6500215,11927,20/1/2014,north,8. Normal (Poor Direction - N/W),400,4.5
32,28,High, E,580,Middle_Unit,7379920,12724,20/1/2014,south,6. Normal (Good Direction - S/E),500,6
14,26,High, B,582,Middle_Unit,7298862,12541,17/1/2014,east,6. Normal (Good Direction - S/E),400,6
30,14,Mid, A,583,Middle_Unit,7299743,12521,17/1/2014,north,8. Normal (Poor Direction - N/W),500,4.5
8,20,Mid, C,722,Large_Unit,8199754,11357,16/1/2014,east,6. Normal (Good Direction - S/E),400,6
48,22,Mid, H,603,Middle_Unit,7699707,12769,13/1/2014,north,8. Normal (Poor Direction - N/W),500,4.5
8,23,Mid, E,689,Middle_Unit,8008247,11623,10/1/2014,south,2. Premium (Full Mountain),400,8.5
47,4,Low, H,580,Middle_Unit,7099780,12241,9/1/2014,north,8. Normal (Poor Direction - N/W),500,4.5
49,17,Mid, D,502,Small_Unit,6700194,13347,8/1/2014,south,6. Normal (Good Direction - S/E),500,6
7,4,Low, B,689,Middle_Unit,8250086,11974,7/1/2014,east,6. Normal (Good Direction - S/E),430,6
41,10,Low, C,897,Large_Unit,11100375,12375,7/1/2014,east,3. Premium Partial (Gap Harbour View),600,8
30,14,Mid, H,583,Middle_Unit,6829845,11715,30/12/2013,north,8. Normal (Poor Direction - N/W),500,4.5
58,23,Mid, B,792,Large_Unit,11880000,15000,30/12/2013,east,6. Normal (Good Direction - S/E),200,6
34,30,High, B,1015,Large_Unit,22000125,21675,27/12/2013,east,3. Premium Partial (Gap Harbour View),650,8
49,7,Low, D,502,Small_Unit,6399998,12749,24/12/2013,south,6. Normal (Good Direction - S/E),500,6
10,19,Mid, B,582,Middle_Unit,7199922,12371,23/12/2013,east,6. Normal (Good Direction - S/E),400,6
45,16,Mid, H,708,Large_Unit,9199752,12994,23/12/2013,north,1. Premium Plus (Full Harbour),650,9
14,11,Mid, H,530,Small_Unit,6300110,11887,18/12/2013,north,8. Normal (Poor Direction - N/W),400,4.5
62,8,Low, A,592,Middle_Unit,8060080,13615,17/12/2013,north,8. Normal (Poor Direction - N/W),200,4.5
57,17,Mid, H,760,Large_Unit,11479800,15105,13/12/2013,north,8. Normal (Poor Direction - N/W),200,4.5
32,10,Low, D,580,Middle_Unit,7099780,12241,13/12/2013,south,6. Normal (Good Direction - S/E),500,6
8,27,High, A,706,Large_Unit,9579714,13569,11/12/2013,north,8. Normal (Poor Direction - N/W),400,4.5
3,26,High, A,583,Middle_Unit,6860161,11767,11/12/2013,north,8. Normal (Poor Direction - N/W),400,4.5
35,5,Low, G,1015,Large_Unit,12979820,12788,9/12/2013,west,3. Premium Partial (Gap Harbour View),600,8
62,6,Low, D,715,Large_Unit,8850270,12378,6/12/2013,south,6. Normal (Good Direction - S/E),200,6
56,5,Low, F,717,Large_Unit,9799956,13668,4/12/2013,west,8. Normal (Poor Direction - N/W),200,4.5
33,21,Mid, G,1015,Large_Unit,14649495,14433,3/12/2013,west,3. Premium Partial (Gap Harbour View),700,8
8,14,Mid, F,582,Middle_Unit,6900192,11856,2/12/2013,west,8. Normal (Poor Direction - N/W),400,4.5
57,8,Low, F,792,Large_Unit,13060080,16490,28/11/2013,west,8. Normal (Poor Direction - N/W),200,4.5
61,8,Low, F,682,Middle_Unit,8499766,12463,27/11/2013,west,8. Normal (Poor Direction - N/W),200,4.5
2,20,Mid, G,545,Small_Unit,6680065,12257,21/11/2013,west,8. Normal (Poor Direction - N/W),400,4.5
57,6,Low, A,760,Large_Unit,10250120,13487,20/11/2013,north,8. Normal (Poor Direction - N/W),200,4.5
37,9,Low, E,922,Large_Unit,11859686,12863,18/11/2013,south,6. Normal (Good Direction - S/E),600,6
19,1,Low, H,509,Small_Unit,5649900,11100,15/11/2013,north,8. Normal (Poor Direction - N/W),150,4.5
12,8,Low, B,684,Middle_Unit,8379684,12251,14/11/2013,east,6. Normal (Good Direction - S/E),400,6
11,4,Low, C,582,Middle_Unit,6900192,11856,13/11/2013,east,6. Normal (Good Direction - S/E),400,6
60,6,Low, F,647,Middle_Unit,9228161,14263,12/11/2013,west,8. Normal (Poor Direction - N/W),200,4.5
8,26,High, D,689,Middle_Unit,8700003,12627,8/11/2013,south,2. Premium (Full Mountain),400,8.5
32,10,Low, C,701,Large_Unit,9049910,12910,7/11/2013,east,6. Normal (Good Direction - S/E),500,6
10,6,Low, F,582,Middle_Unit,6800088,11684,31/10/2013,west,8. Normal (Poor Direction - N/W),400,4.5
40,4,Low, B,1015,Large_Unit,13880125,13675,29/10/2013,east,3. Premium Partial (Gap Harbour View),600,8
35,23,Mid, H,1114,Large_Unit,17499826,15709,29/10/2013,north,1. Premium Plus (Full Harbour),600,9
34,22,Mid, A,1114,Large_Unit,16999640,15260,28/10/2013,north,1. Premium Plus (Full Harbour),650,9
61,6,Low, A,591,Middle_Unit,8379789,14179,25/10/2013,north,8. Normal (Poor Direction - N/W),200,4.5
17,12,Mid, A,593,Middle_Unit,8000163,13491,24/10/2013,north,8. Normal (Poor Direction - N/W),400,4.5
19,16,Mid, H,489,Small_Unit,6379983,13047,24/10/2013,north,8. Normal (Poor Direction - N/W),150,4.5
25,22,Mid, B,702,Large_Unit,9399780,13390,18/10/2013,east,6. Normal (Good Direction - S/E),200,6
9,23,Mid, G,589,Middle_Unit,7979772,13548,15/10/2013,west,8. Normal (Poor Direction - N/W),400,4.5
55,21,Mid, H,759,Large_Unit,11379687,14993,15/10/2013,north,8. Normal (Poor Direction - N/W),200,4.5
57,15,Mid, G,792,Large_Unit,12679920,16010,11/10/2013,west,8. Normal (Poor Direction - N/W),200,4.5
31,14,Mid, F,503,Small_Unit,6679840,13280,4/10/2013,west,8. Normal (Poor Direction - N/W),500,4.5
48,4,Low, D,503,Small_Unit,6468077,12859,3/10/2013,south,6. Normal (Good Direction - S/E),500,6
40,10,Low, A,1114,Large_Unit,17799492,15978,3/10/2013,north,1. Premium Plus (Full Harbour),600,9
13,17,Mid, H,689,Middle_Unit,8500193,12337,26/9/2013,north,8. Normal (Poor Direction - N/W),400,4.5
44,12,Mid, A,708,Large_Unit,10600176,14972,25/9/2013,north,1. Premium Plus (Full Harbour),650,9
8,3,Low, B,722,Large_Unit,8019976,11108,16/9/2013,east,6. Normal (Good Direction - S/E),400,6
42,4,Low, E,922,Large_Unit,12399978,13449,13/9/2013,south,6. Normal (Good Direction - S/E),650,6
63,9,Low, D,715,Large_Unit,8999705,12587,13/9/2013,south,6. Normal (Good Direction - S/E),200,6
1,10,Low, G,580,Middle_Unit,6650280,11466,12/9/2013,west,8. Normal (Poor Direction - N/W),400,4.5
1,13,Mid, D,489,Small_Unit,5779980,11820,6/9/2013,south,10. Poor Street (King's Road Noise Penalty),400,2
63,16,Mid, A,592,Middle_Unit,8679904,14662,4/9/2013,north,8. Normal (Poor Direction - N/W),200,4.5
47,7,Low, H,580,Middle_Unit,7730240,13328,4/9/2013,north,8. Normal (Poor Direction - N/W),500,4.5
10,6,Low, A,536,Small_Unit,6880096,12836,3/9/2013,north,8. Normal (Poor Direction - N/W),400,4.5
24,24,Mid, B,580,Middle_Unit,8100280,13966,3/9/2013,east,6. Normal (Good Direction - S/E),200,6
1,6,Low, D,489,Small_Unit,5499783,11247,3/9/2013,south,10. Poor Street (King's Road Noise Penalty),400,2
37,5,Low, F,897,Large_Unit,11300406,12598,2/9/2013,west,3. Premium Partial (Gap Harbour View),600,8
3,14,Mid, A,583,Middle_Unit,6524936,11192,2/9/2013,north,8. Normal (Poor Direction - N/W),400,4.5
15,6,Low, E,689,Middle_Unit,7849777,11393,30/8/2013,south,10. Poor Street (King's Road Noise Penalty),400,2
21,13,Mid, D,702,Large_Unit,8800272,12536,29/8/2013,south,6. Normal (Good Direction - S/E),150,6
62,10,Low, C,680,Middle_Unit,9379920,13794,28/8/2013,east,6. Normal (Good Direction - S/E),200,6
30,6,Low, B,606,Middle_Unit,7930116,13086,27/8/2013,east,6. Normal (Good Direction - S/E),500,6
26,22,Mid, F,716,Large_Unit,9600128,13408,27/8/2013,west,8. Normal (Poor Direction - N/W),200,4.5
37,21,Mid, H,1114,Large_Unit,19000384,17056,26/8/2013,north,1. Premium Plus (Full Harbour),600,9
57,16,Mid, D,760,Large_Unit,11200120,14737,23/8/2013,south,6. Normal (Good Direction - S/E),200,6
2,9,Low, G,545,Small_Unit,6179755,11339,23/8/2013,west,8. Normal (Poor Direction - N/W),400,4.5
54,8,Low, B,587,Middle_Unit,8499760,14480,22/8/2013,east,3. Premium Partial (Gap Harbour View),650,8
23,7,Low, D,702,Large_Unit,8760258,12479,20/8/2013,south,6. Normal (Good Direction - S/E),200,6
54,12,Mid, G,587,Middle_Unit,8179845,13935,19/8/2013,west,3. Premium Partial (Gap Harbour View),650,8
33,18,Mid, F,897,Large_Unit,11399973,12709,19/8/2013,west,3. Premium Partial (Gap Harbour View),700,4.5
13,21,Mid, F,685,Middle_Unit,8259730,12058,16/8/2013,west,8. Normal (Poor Direction - N/W),400,4.5
3,11,Mid, A,583,Middle_Unit,6400174,10978,16/8/2013,north,8. Normal (Poor Direction - N/W),400,4.5
11,20,Mid, F,691,Middle_Unit,8399796,12156,9/8/2013,west,8. Normal (Poor Direction - N/W),400,4.5
39,22,Mid, C,897,Large_Unit,13379652,14916,7/8/2013,east,3. Premium Partial (Gap Harbour View),600,8
14,6,Low, B,582,Middle_Unit,7450182,12801,6/8/2013,east,6. Normal (Good Direction - S/E),400,6
6,3,Low, G,692,Middle_Unit,7329664,10592,6/8/2013,west,8. Normal (Poor Direction - N/W),460,4.5
1,5,Low, H,545,Small_Unit,6050045,11101,5/8/2013,north,8. Normal (Poor Direction - N/W),400,4.5
11,21,Mid, B,582,Middle_Unit,7968162,13691,2/8/2013,east,6. Normal (Good Direction - S/E),400,6
22,28,High, E,702,Large_Unit,9900306,14103,1/8/2013,south,6. Normal (Good Direction - S/E),150,6
59,25,Mid, F,493,Small_Unit,7600088,15416,31/7/2013,west,8. Normal (Poor Direction - N/W),200,4.5
40,14,Mid, G,1015,Large_Unit,17600100,17340,26/7/2013,west,3. Premium Partial (Gap Harbour View),600,8
36,27,High, F,897,Large_Unit,11450205,12765,25/7/2013,west,3. Premium Partial (Gap Harbour View),600,4.5
43,11,Mid, C,897,Large_Unit,11300406,12598,25/7/2013,east,3. Premium Partial (Gap Harbour View),700,8
31,18,Mid, F,503,Small_Unit,5999784,11928,23/7/2013,west,8. Normal (Poor Direction - N/W),500,4.5
60,7,Low, D,714,Large_Unit,9900324,13866,22/7/2013,south,6. Normal (Good Direction - S/E),200,6
44,26,High, C,723,Large_Unit,10280337,14219,18/7/2013,east,3. Premium Partial (Gap Harbour View),650,8
39,3,Low, F,897,Large_Unit,10079589,11237,18/7/2013,west,8. Normal (Poor Direction - N/W),600,4.5
40,6,Low, H,1114,Large_Unit,17680294,15871,12/7/2013,north,1. Premium Plus (Full Harbour),600,9
10,20,Mid, C,582,Middle_Unit,7500234,12887,12/7/2013,east,6. Normal (Good Direction - S/E),400,6
2,8,Low, C,489,Small_Unit,5620077,11493,12/7/2013,east,6. Normal (Good Direction - S/E),400,6
7,4,Low, D,582,Middle_Unit,7468224,12832,11/7/2013,south,2. Premium (Full Mountain),430,8.5
58,9,Low, H,760,Large_Unit,10000080,13158,11/7/2013,north,8. Normal (Poor Direction - N/W),200,4.5
44,22,Mid, F,572,Middle_Unit,7999992,13986,10/7/2013,west,3. Premium Partial (Gap Harbour View),650,8
28,30,High, E,602,Middle_Unit,8999900,14950,10/7/2013,south,6. Normal (Good Direction - S/E),400,6
37,7,Low, C,897,Large_Unit,11330007,12631,9/7/2013,east,3. Premium Partial (Gap Harbour View),600,8
63,10,Low, E,715,Large_Unit,8299720,11608,9/7/2013,south,6. Normal (Good Direction - S/E),200,6
2,1,Low, C,482,Small_Unit,4999786,10373,8/7/2013,east,6. Normal (Good Direction - S/E),400,6
58,20,Mid, F,717,Large_Unit,10600128,14784,4/7/2013,west,8. Normal (Poor Direction - N/W),200,4.5
50,7,Low, H,603,Middle_Unit,7679808,12736,3/7/2013,north,8. Normal (Poor Direction - N/W),350,4.5
44,6,Low, F,572,Middle_Unit,8249956,14423,28/6/2013,west,3. Premium Partial (Gap Harbour View),650,8
51,23,Mid, G,664,Middle_Unit,8600128,12952,28/6/2013,west,8. Normal (Poor Direction - N/W),350,4.5
28,14,Mid, B,714,Large_Unit,9499770,13305,26/6/2013,east,6. Normal (Good Direction - S/E),400,6
12,26,High, B,684,Middle_Unit,8930304,13056,26/6/2013,east,6. Normal (Good Direction - S/E),400,6
12,5,Low, G,581,Middle_Unit,7500129,12909,25/6/2013,west,8. Normal (Poor Direction - N/W),400,4.5
40,24,Mid, F,897,Large_Unit,12000066,13378,25/6/2013,west,3. Premium Partial (Gap Harbour View),600,8
46,26,High, G,718,Large_Unit,10899958,15181,24/6/2013,west,8. Normal (Poor Direction - N/W),500,4.5
63,18,Mid, E,715,Large_Unit,10280270,14378,21/6/2013,south,6. Normal (Good Direction - S/E),200,6
1,8,Low, D,489,Small_Unit,5499783,11247,21/6/2013,south,10. Poor Street (King's Road Noise Penalty),400,2
46,19,Mid, E,748,Large_Unit,11959772,15989,21/6/2013,south,6. Normal (Good Direction - S/E),500,6
7,8,Low, H,582,Middle_Unit,7680072,13196,19/6/2013,north,8. Normal (Poor Direction - N/W),430,4.5
13,12,Mid, H,689,Middle_Unit,8380307,12163,19/6/2013,north,8. Normal (Poor Direction - N/W),400,4.5
23,15,Mid, H,702,Large_Unit,8850114,12607,19/6/2013,north,8. Normal (Poor Direction - N/W),200,4.5
19,17,Mid, G,583,Middle_Unit,7320148,12556,19/6/2013,west,8. Normal (Poor Direction - N/W),150,4.5
20,26,High, D,747,Large_Unit,11199771,14993,19/6/2013,south,6. Normal (Good Direction - S/E),150,6
18,16,Mid, D,593,Middle_Unit,8049975,13575,17/6/2013,south,2. Premium (Full Mountain),400,8.5
14,9,Low, A,530,Small_Unit,7000240,13208,17/6/2013,north,8. Normal (Poor Direction - N/W),400,4.5
10,25,Mid, D,689,Middle_Unit,8380307,12163,17/6/2013,south,2. Premium (Full Mountain),400,8.5
43,18,Mid, C,897,Large_Unit,11899602,13266,14/6/2013,east,3. Premium Partial (Gap Harbour View),700,8
59,15,Mid, C,714,Large_Unit,10799964,15126,11/6/2013,east,6. Normal (Good Direction - S/E),200,6
51,16,Mid, B,582,Middle_Unit,7738272,13296,11/6/2013,east,6. Normal (Good Direction - S/E),350,6
35,10,Low, H,1114,Large_Unit,16929458,15197,11/6/2013,north,1. Premium Plus (Full Harbour),600,9
11,24,Mid, D,689,Middle_Unit,8250086,11974,10/6/2013,south,2. Premium (Full Mountain),400,8.5
2,13,Mid, B,489,Small_Unit,6000030,12270,7/6/2013,east,6. Normal (Good Direction - S/E),400,6
29,5,Low, D,530,Small_Unit,6700260,12642,6/6/2013,south,6. Normal (Good Direction - S/E),400,6
40,1,Low, B,1099,Large_Unit,13000071,11829,6/6/2013,east,3. Premium Partial (Gap Harbour View),600,8
1,9,Low, G,580,Middle_Unit,6679860,11517,5/6/2013,west,8. Normal (Poor Direction - N/W),400,4.5
51,10,Low, C,582,Middle_Unit,7799964,13402,4/6/2013,east,6. Normal (Good Direction - S/E),350,6
16,27,High, E,689,Middle_Unit,10000146,14514,3/6/2013,south,2. Premium (Full Mountain),400,8.5
7,23,Mid, F,536,Small_Unit,6850080,12780,29/5/2013,west,8. Normal (Poor Direction - N/W),430,4.5
51,13,Mid, E,502,Small_Unit,6820172,13586,28/5/2013,south,6. Normal (Good Direction - S/E),350,6
48,17,Mid, E,503,Small_Unit,7080228,14076,28/5/2013,south,6. Normal (Good Direction - S/E),500,6
60,23,Mid, F,647,Middle_Unit,9100055,14065,23/5/2013,west,8. Normal (Poor Direction - N/W),200,4.5
46,8,Low, E,748,Large_Unit,10499676,14037,21/5/2013,south,6. Normal (Good Direction - S/E),500,6
9,24,Mid, E,670,Middle_Unit,8549870,12761,16/5/2013,south,2. Premium (Full Mountain),400,8.5
3,23,Mid, E,583,Middle_Unit,6449729,11063,13/5/2013,south,2. Premium (Full Mountain),400,8.5
30,19,Mid, G,506,Small_Unit,6699946,13241,7/5/2013,west,8. Normal (Poor Direction - N/W),500,4.5
21,12,Mid, H,709,Large_Unit,9000046,12694,2/5/2013,north,8. Normal (Poor Direction - N/W),150,4.5
53,11,Mid, D,749,Large_Unit,10980340,14660,30/4/2013,south,6. Normal (Good Direction - S/E),350,6
17,14,Mid, D,593,Middle_Unit,7180044,12108,29/4/2013,south,2. Premium (Full Mountain),400,8.5
32,26,High, C,701,Large_Unit,9099681,12981,24/4/2013,east,6. Normal (Good Direction - S/E),500,6
11,27,High, A,598,Middle_Unit,8999900,15050,24/4/2013,north,8. Normal (Poor Direction - N/W),400,4.5
53,9,Low, D,749,Large_Unit,10879974,14526,22/4/2013,south,6. Normal (Good Direction - S/E),350,6
1,23,Mid, D,489,Small_Unit,5750151,11759,19/4/2013,south,10. Poor Street (King's Road Noise Penalty),400,2
53,22,Mid, E,749,Large_Unit,11449963,15287,19/4/2013,south,6. Normal (Good Direction - S/E),350,6
22,14,Mid, G,582,Middle_Unit,7950120,13660,18/4/2013,west,8. Normal (Poor Direction - N/W),150,4.5
44,21,Mid, A,708,Large_Unit,9800136,13842,12/4/2013,north,1. Premium Plus (Full Harbour),650,9
1,10,Low, A,545,Small_Unit,6179755,11339,9/4/2013,north,8. Normal (Poor Direction - N/W),400,4.5
27,24,Mid, A,580,Middle_Unit,8299800,14310,9/4/2013,north,8. Normal (Poor Direction - N/W),400,4.5
21,5,Low, G,580,Middle_Unit,7860160,13552,5/4/2013,west,8. Normal (Poor Direction - N/W),150,4.5
33,7,Low, F,897,Large_Unit,11500437,12821,27/3/2013,west,3. Premium Partial (Gap Harbour View),700,4.5
27,26,High, G,530,Small_Unit,7280080,13736,27/3/2013,west,8. Normal (Poor Direction - N/W),400,4.5
43,6,Low, A,1114,Large_Unit,16000382,14363,25/3/2013,north,1. Premium Plus (Full Harbour),700,9
18,22,Mid, G,684,Middle_Unit,8500068,12427,25/3/2013,west,8. Normal (Poor Direction - N/W),400,4.5
22,5,Low, C,582,Middle_Unit,7759806,13333,22/3/2013,east,6. Normal (Good Direction - S/E),150,6
49,14,Mid, H,701,Large_Unit,9589680,13680,21/3/2013,north,8. Normal (Poor Direction - N/W),500,4.5
19,2,Low, G,583,Middle_Unit,7099774,12178,21/3/2013,west,8. Normal (Poor Direction - N/W),150,4.5
10,23,Mid, C,582,Middle_Unit,7780176,13368,20/3/2013,east,6. Normal (Good Direction - S/E),400,6
48,20,Mid, A,603,Middle_Unit,8879778,14726,20/3/2013,north,8. Normal (Poor Direction - N/W),500,4.5
58,23,Mid, D,760,Large_Unit,11599880,15263,20/3/2013,south,6. Normal (Good Direction - S/E),200,6
37,28,High, B,1015,Large_Unit,24879680,24512,18/3/2013,east,3. Premium Partial (Gap Harbour View),600,8
61,12,Mid, A,591,Middle_Unit,8799990,14890,18/3/2013,north,8. Normal (Poor Direction - N/W),200,4.5
33,30,High, C,897,Large_Unit,20000409,22297,15/3/2013,east,3. Premium Partial (Gap Harbour View),700,8
33,29,High, C,897,Large_Unit,14999634,16722,15/3/2013,east,3. Premium Partial (Gap Harbour View),700,8
12,5,Low, C,684,Middle_Unit,8699796,12719,14/3/2013,east,6. Normal (Good Direction - S/E),400,6
26,17,Mid, H,747,Large_Unit,11700261,15663,13/3/2013,north,8. Normal (Poor Direction - N/W),200,4.5
54,16,Mid, A,552,Middle_Unit,8680200,15725,12/3/2013,north,1. Premium Plus (Full Harbour),650,9
55,25,Mid, B,800,Large_Unit,10904800,13631,7/3/2013,east,6. Normal (Good Direction - S/E),200,6
41,28,High, C,897,Large_Unit,18180396,20268,6/3/2013,east,3. Premium Partial (Gap Harbour View),600,8
61,16,Mid, F,682,Middle_Unit,9550046,14003,6/3/2013,west,8. Normal (Poor Direction - N/W),200,4.5
61,15,Mid, C,707,Large_Unit,11500062,16266,5/3/2013,east,6. Normal (Good Direction - S/E),200,6
50,28,High, E,503,Small_Unit,6699960,13320,4/3/2013,south,6. Normal (Good Direction - S/E),350,6
41,22,Mid, H,1114,Large_Unit,19549586,17549,4/3/2013,north,1. Premium Plus (Full Harbour),600,9
43,7,Low, C,897,Large_Unit,12000066,13378,1/3/2013,east,3. Premium Partial (Gap Harbour View),700,8
41,23,Mid, B,1015,Large_Unit,18000010,17734,1/3/2013,east,3. Premium Partial (Gap Harbour View),600,8
21,3,Low, B,723,Large_Unit,8649972,11964,1/3/2013,east,6. Normal (Good Direction - S/E),150,6
7,10,Low, G,536,Small_Unit,6979792,13022,28/2/2013,west,8. Normal (Poor Direction - N/W),430,4.5
60,4,Low, H,593,Middle_Unit,8200004,13828,28/2/2013,north,8. Normal (Poor Direction - N/W),200,4.5
50,27,High, F,582,Middle_Unit,8600214,14777,28/2/2013,west,8. Normal (Poor Direction - N/W),350,4.5
21,28,High, D,702,Large_Unit,10680228,15214,26/2/2013,south,6. Normal (Good Direction - S/E),150,6
51,3,Low, B,582,Middle_Unit,7099818,12199,25/2/2013,east,6. Normal (Good Direction - S/E),350,6
29,17,Mid, A,703,Large_Unit,8779767,12489,25/2/2013,north,8. Normal (Poor Direction - N/W),400,4.5
51,3,Low, E,502,Small_Unit,6099802,12151,22/2/2013,south,6. Normal (Good Direction - S/E),350,6
9,3,Low, A,475,Small_Unit,6299925,13263,22/2/2013,north,8. Normal (Poor Direction - N/W),400,4.5
51,19,Mid, A,701,Large_Unit,9150153,13053,21/2/2013,north,8. Normal (Poor Direction - N/W),350,4.5
47,4,Low, B,707,Large_Unit,8949913,12659,21/2/2013,east,6. Normal (Good Direction - S/E),500,6
48,12,Mid, F,580,Middle_Unit,6000100,10345,21/2/2013,west,8. Normal (Poor Direction - N/W),500,4.5
29,5,Low, B,580,Middle_Unit,7299880,12586,20/2/2013,east,6. Normal (Good Direction - S/E),400,6
47,3,Low, E,580,Middle_Unit,7169960,12362,20/2/2013,south,6. Normal (Good Direction - S/E),500,6
6,8,Low, B,797,Large_Unit,11400288,14304,20/2/2013,east,6. Normal (Good Direction - S/E),460,6
43,11,Mid, G,1015,Large_Unit,16380070,16138,20/2/2013,west,3. Premium Partial (Gap Harbour View),700,8
2,23,Mid, A,583,Middle_Unit,7019903,12041,20/2/2013,north,8. Normal (Poor Direction - N/W),400,4.5
9,16,Mid, C,589,Middle_Unit,7380170,12530,19/2/2013,east,6. Normal (Good Direction - S/E),400,6
18,18,Mid, B,684,Middle_Unit,8387892,12263,19/2/2013,east,6. Normal (Good Direction - S/E),400,6
59,21,Mid, D,584,Middle_Unit,8490192,14538,18/2/2013,south,6. Normal (Good Direction - S/E),200,6
21,4,Low, G,580,Middle_Unit,8200040,14138,14/2/2013,west,8. Normal (Poor Direction - N/W),150,4.5
14,21,Mid, B,582,Middle_Unit,7699860,13230,14/2/2013,east,6. Normal (Good Direction - S/E),400,6
8,15,Mid, C,722,Large_Unit,8549924,11842,14/2/2013,east,6. Normal (Good Direction - S/E),400,6
9,12,Mid, E,670,Middle_Unit,8299960,12388,14/2/2013,south,2. Premium (Full Mountain),400,8.5
43,3,Low, G,1015,Large_Unit,11600435,11429,14/2/2013,west,3. Premium Partial (Gap Harbour View),700,8
51,5,Low, D,502,Small_Unit,6479816,12908,14/2/2013,south,6. Normal (Good Direction - S/E),350,6
12,19,Mid, D,593,Middle_Unit,7749917,13069,8/2/2013,south,10. Poor Street (King's Road Noise Penalty),400,2
39,1,Low, G,1099,Large_Unit,11480154,10446,8/2/2013,west,3. Premium Partial (Gap Harbour View),600,8
18,11,Mid, E,593,Middle_Unit,7219775,12175,8/2/2013,south,2. Premium (Full Mountain),400,8.5
24,6,Low, B,580,Middle_Unit,7499980,12931,8/2/2013,east,6. Normal (Good Direction - S/E),200,6
26,5,Low, D,747,Large_Unit,9899991,13253,7/2/2013,south,6. Normal (Good Direction - S/E),200,6
43,28,High, F,897,Large_Unit,16567590,18470,7/2/2013,west,3. Premium Partial (Gap Harbour View),700,8
44,8,Low, G,572,Middle_Unit,8700120,15210,7/2/2013,west,3. Premium Partial (Gap Harbour View),650,8
38,28,High, H,1114,Large_Unit,25999646,23339,7/2/2013,north,1. Premium Plus (Full Harbour),600,9
30,28,High, F,506,Small_Unit,6819868,13478,6/2/2013,west,8. Normal (Poor Direction - N/W),500,4.5
2,2,Low, B,482,Small_Unit,5500102,11411,6/2/2013,east,6. Normal (Good Direction - S/E),400,6
2,22,Mid, H,583,Middle_Unit,7000081,12007,5/2/2013,north,8. Normal (Poor Direction - N/W),400,4.5
31,13,Mid, D,580,Middle_Unit,7828260,13497,5/2/2013,south,6. Normal (Good Direction - S/E),500,6
29,20,Mid, E,530,Small_Unit,6750080,12736,4/2/2013,south,6. Normal (Good Direction - S/E),400,6
21,27,High, H,709,Large_Unit,9049676,12764,4/2/2013,north,8. Normal (Poor Direction - N/W),150,4.5
60,26,High, A,596,Middle_Unit,8349960,14010,4/2/2013,north,8. Normal (Poor Direction - N/W),200,4.5
1,5,Low, A,545,Small_Unit,5790080,10624,4/2/2013,north,8. Normal (Poor Direction - N/W),400,4.5
62,22,Mid, G,561,Middle_Unit,8380218,14938,1/2/2013,west,8. Normal (Poor Direction - N/W),200,4.5
38,15,Mid, A,1114,Large_Unit,14799490,13285,1/2/2013,north,1. Premium Plus (Full Harbour),600,9
9,6,Low, D,670,Middle_Unit,7300320,10896,1/2/2013,south,10. Poor Street (King's Road Noise Penalty),400,2
27,6,Low, H,580,Middle_Unit,7250000,12500,31/1/2013,north,8. Normal (Poor Direction - N/W),400,4.5
49,21,Mid, C,582,Middle_Unit,7979802,13711,30/1/2013,east,6. Normal (Good Direction - S/E),500,6
28,9,Low, H,706,Large_Unit,8700038,12323,30/1/2013,north,8. Normal (Poor Direction - N/W),400,4.5
24,12,Mid, D,702,Large_Unit,8890128,12664,30/1/2013,south,6. Normal (Good Direction - S/E),200,6
33,12,Mid, C,897,Large_Unit,11419707,12731,29/1/2013,east,3. Premium Partial (Gap Harbour View),700,8
53,4,Low, H,749,Large_Unit,9080127,12123,29/1/2013,north,8. Normal (Poor Direction - N/W),350,4.5
22,5,Low, F,582,Middle_Unit,7280238,12509,29/1/2013,west,4. Good Open (High Floor City),150,7
27,14,Mid, H,580,Middle_Unit,7428060,12807,28/1/2013,north,8. Normal (Poor Direction - N/W),400,4.5
55,26,High, H,786,Large_Unit,9799848,12468,28/1/2013,north,8. Normal (Poor Direction - N/W),200,4.5
39,23,Mid, B,1015,Large_Unit,17699570,17438,25/1/2013,east,3. Premium Partial (Gap Harbour View),600,8
56,19,Mid, A,759,Large_Unit,9000222,11858,25/1/2013,north,8. Normal (Poor Direction - N/W),200,4.5
57,22,Mid, G,792,Large_Unit,13879800,17525,25/1/2013,west,8. Normal (Poor Direction - N/W),200,4.5
26,26,High, A,747,Large_Unit,12220173,16359,25/1/2013,north,8. Normal (Poor Direction - N/W),200,4.5
48,14,Mid, H,603,Middle_Unit,7749756,12852,25/1/2013,north,8. Normal (Poor Direction - N/W),500,4.5
10,25,Mid, E,689,Middle_Unit,8099884,11756,24/1/2013,south,2. Premium (Full Mountain),400,8.5
48,28,High, F,580,Middle_Unit,8459880,14586,24/1/2013,west,8. Normal (Poor Direction - N/W),500,4.5
49,3,Low, H,656,Middle_Unit,7280288,11098,24/1/2013,north,8. Normal (Poor Direction - N/W),500,4.5
62,26,High, E,741,Large_Unit,9500361,12821,24/1/2013,south,6. Normal (Good Direction - S/E),200,6
50,13,Mid, E,503,Small_Unit,6667768,13256,23/1/2013,south,6. Normal (Good Direction - S/E),350,6
50,7,Low, E,503,Small_Unit,6519886,12962,23/1/2013,south,6. Normal (Good Direction - S/E),350,6
51,3,Low, A,689,Middle_Unit,7780188,11292,22/1/2013,north,8. Normal (Poor Direction - N/W),350,4.5
18,6,Low, G,684,Middle_Unit,7900200,11550,22/1/2013,west,8. Normal (Poor Direction - N/W),400,4.5
6,11,Mid, H,760,Large_Unit,8800040,11579,22/1/2013,north,8. Normal (Poor Direction - N/W),460,4.5
11,26,High, C,582,Middle_Unit,7500234,12887,22/1/2013,east,6. Normal (Good Direction - S/E),400,6
56,7,Low, F,717,Large_Unit,10499748,14644,21/1/2013,west,8. Normal (Poor Direction - N/W),200,4.5
53,19,Mid, B,809,Large_Unit,12430285,15365,18/1/2013,east,6. Normal (Good Direction - S/E),350,6
28,8,Low, B,714,Large_Unit,8750070,12255,18/1/2013,east,6. Normal (Good Direction - S/E),400,6
52,17,Mid, G,701,Large_Unit,8880268,12668,17/1/2013,west,8. Normal (Poor Direction - N/W),350,4.5
59,21,Mid, F,567,Middle_Unit,8400105,14815,15/1/2013,west,8. Normal (Poor Direction - N/W),200,4.5
50,8,Low, C,664,Middle_Unit,8300000,12500,14/1/2013,east,6. Normal (Good Direction - S/E),350,6
31,4,Low, D,580,Middle_Unit,7250000,12500,14/1/2013,south,6. Normal (Good Direction - S/E),500,6
19,26,High, E,545,Small_Unit,7299730,13394,14/1/2013,south,6. Normal (Good Direction - S/E),150,6
32,15,Mid, D,580,Middle_Unit,7580020,13069,10/1/2013,south,6. Normal (Good Direction - S/E),500,6
63,22,Mid, H,592,Middle_Unit,8299840,14020,10/1/2013,north,8. Normal (Poor Direction - N/W),200,4.5
16,18,Mid, G,685,Middle_Unit,7789820,11372,9/1/2013,west,8. Normal (Poor Direction - N/W),400,4.5
53,4,Low, E,749,Large_Unit,8999984,12016,8/1/2013,south,6. Normal (Good Direction - S/E),350,6
24,20,Mid, H,709,Large_Unit,8600170,12130,8/1/2013,north,8. Normal (Poor Direction - N/W),200,4.5
40,10,Low, B,1015,Large_Unit,15899975,15665,4/1/2013,east,3. Premium Partial (Gap Harbour View),600,8
2,17,Mid, H,583,Middle_Unit,6800112,11664,4/1/2013,north,8. Normal (Poor Direction - N/W),400,4.5
49,28,High, D,502,Small_Unit,7229804,14402,3/1/2013,south,6. Normal (Good Direction - S/E),500,6
57,18,Mid, G,792,Large_Unit,13967712,17636,2/1/2013,west,8. Normal (Poor Direction - N/W),200,4.5
55,15,Mid, A,759,Large_Unit,9350121,12319,2/1/2013,north,8. Normal (Poor Direction - N/W),200,4.5
7,25,Mid, B,689,Middle_Unit,9220198,13382,2/1/2013,east,6. Normal (Good Direction - S/E),430,6
14,10,Low, B,582,Middle_Unit,7070136,12148,28/12/2012,east,6. Normal (Good Direction - S/E),400,6
29,22,Mid, B,580,Middle_Unit,7868280,13566,28/12/2012,east,6. Normal (Good Direction - S/E),400,6
39,8,Low, F,897,Large_Unit,10799880,12040,24/12/2012,west,8. Normal (Poor Direction - N/W),600,4.5
3,10,Low, F,545,Small_Unit,5749750,10550,21/12/2012,west,8. Normal (Poor Direction - N/W),400,4.5
18,27,High, A,690,Middle_Unit,9279810,13449,21/12/2012,north,8. Normal (Poor Direction - N/W),400,4.5
31,2,Low, F,503,Small_Unit,5900190,11730,21/12/2012,west,8. Normal (Poor Direction - N/W),500,4.5
2,8,Low, F,545,Small_Unit,5620040,10312,20/12/2012,west,8. Normal (Poor Direction - N/W),400,4.5
58,21,Mid, G,717,Large_Unit,8200329,11437,20/12/2012,west,8. Normal (Poor Direction - N/W),200,4.5
61,7,Low, D,714,Large_Unit,9269862,12983,13/12/2012,south,6. Normal (Good Direction - S/E),200,6
19,18,Mid, H,489,Small_Unit,6280227,12843,13/12/2012,north,8. Normal (Poor Direction - N/W),150,4.5
35,27,High, H,1114,Large_Unit,16499454,14811,12/12/2012,north,1. Premium Plus (Full Harbour),600,9
31,10,Low, G,503,Small_Unit,6650163,13221,7/12/2012,west,8. Normal (Poor Direction - N/W),500,4.5
28,18,Mid, E,602,Middle_Unit,7668276,12738,6/12/2012,south,6. Normal (Good Direction - S/E),400,6
13,15,Mid, H,689,Middle_Unit,8137779,11811,5/12/2012,north,8. Normal (Poor Direction - N/W),400,4.5
44,26,High, H,708,Large_Unit,8600076,12147,5/12/2012,north,1. Premium Plus (Full Harbour),650,9
3,8,Low, B,489,Small_Unit,5800029,11861,4/12/2012,east,6. Normal (Good Direction - S/E),400,6
43,4,Low, F,897,Large_Unit,10700313,11929,3/12/2012,west,3. Premium Partial (Gap Harbour View),700,8
30,15,Mid, D,583,Middle_Unit,7180228,12316,3/12/2012,south,6. Normal (Good Direction - S/E),500,6
37,25,Mid, G,1015,Large_Unit,16380070,16138,30/11/2012,west,3. Premium Partial (Gap Harbour View),600,4.5
25,8,Low, E,580,Middle_Unit,7280160,12552,30/11/2012,south,6. Normal (Good Direction - S/E),200,6
29,4,Low, F,580,Middle_Unit,6000100,10345,30/11/2012,west,8. Normal (Poor Direction - N/W),400,4.5
32,30,High, D,580,Middle_Unit,7549860,13017,30/11/2012,south,6. Normal (Good Direction - S/E),500,6
43,27,High, D,922,Large_Unit,13000200,14100,29/11/2012,south,6. Normal (Good Direction - S/E),700,6
25,11,Mid, B,702,Large_Unit,8930142,12721,28/11/2012,east,6. Normal (Good Direction - S/E),200,6
6,20,Mid, D,762,Large_Unit,9199626,12073,28/11/2012,south,2. Premium (Full Mountain),460,8.5
29,5,Low, G,580,Middle_Unit,7849720,13534,28/11/2012,west,8. Normal (Poor Direction - N/W),400,4.5
58,21,Mid, G,717,Large_Unit,8200329,11437,28/11/2012,west,8. Normal (Poor Direction - N/W),200,4.5
39,5,Low, F,897,Large_Unit,10450050,11650,27/11/2012,west,8. Normal (Poor Direction - N/W),600,4.5
42,13,Mid, A,1114,Large_Unit,17399566,15619,27/11/2012,north,1. Premium Plus (Full Harbour),650,9
54,16,Mid, F,587,Middle_Unit,7599889,12947,27/11/2012,west,3. Premium Partial (Gap Harbour View),650,8
57,6,Low, D,760,Large_Unit,10399840,13684,26/11/2012,south,6. Normal (Good Direction - S/E),200,6
34,10,Low, F,897,Large_Unit,10650081,11873,23/11/2012,west,3. Premium Partial (Gap Harbour View),650,8
42,13,Mid, A,1114,Large_Unit,17399566,15619,22/11/2012,north,1. Premium Plus (Full Harbour),650,9
27,13,Mid, G,530,Small_Unit,5039770,9509,22/11/2012,west,8. Normal (Poor Direction - N/W),400,4.5
12,3,Low, A,593,Middle_Unit,6980203,11771,22/11/2012,north,8. Normal (Poor Direction - N/W),400,4.5
3,14,Mid, B,489,Small_Unit,5750151,11759,22/11/2012,east,6. Normal (Good Direction - S/E),400,6
48,21,Mid, E,503,Small_Unit,5999784,11928,21/11/2012,south,6. Normal (Good Direction - S/E),500,6
27,21,Mid, C,703,Large_Unit,9079948,12916,20/11/2012,east,6. Normal (Good Direction - S/E),400,6
29,4,Low, B,580,Middle_Unit,7150240,12328,19/11/2012,east,6. Normal (Good Direction - S/E),400,6
54,14,Mid, D,488,Small_Unit,6500160,13320,19/11/2012,south,6. Normal (Good Direction - S/E),650,6
7,20,Mid, G,536,Small_Unit,6837752,12757,19/11/2012,west,8. Normal (Poor Direction - N/W),430,4.5
53,10,Low, B,809,Large_Unit,10800150,13350,16/11/2012,east,6. Normal (Good Direction - S/E),350,6
22,6,Low, G,582,Middle_Unit,7900068,13574,15/11/2012,west,8. Normal (Poor Direction - N/W),150,4.5
54,7,Low, D,488,Small_Unit,6300080,12910,14/11/2012,south,6. Normal (Good Direction - S/E),650,6
20,8,Low, E,747,Large_Unit,9799893,13119,13/11/2012,south,6. Normal (Good Direction - S/E),150,6
11,20,Mid, D,689,Middle_Unit,8279713,12017,13/11/2012,south,2. Premium (Full Mountain),400,8.5
24,8,Low, H,709,Large_Unit,8420084,11876,12/11/2012,north,8. Normal (Poor Direction - N/W),200,4.5
47,3,Low, F,695,Middle_Unit,7100120,10216,12/11/2012,west,8. Normal (Poor Direction - N/W),500,4.5
27,26,High, B,703,Large_Unit,9100335,12945,12/11/2012,east,6. Normal (Good Direction - S/E),400,6
45,11,Mid, D,708,Large_Unit,9029832,12754,12/11/2012,south,6. Normal (Good Direction - S/E),650,6
54,19,Mid, E,488,Small_Unit,6580192,13484,12/11/2012,south,6. Normal (Good Direction - S/E),650,6
49,11,Mid, D,502,Small_Unit,6570176,13088,12/11/2012,south,6. Normal (Good Direction - S/E),500,6
28,10,Low, C,714,Large_Unit,8200290,11485,12/11/2012,east,6. Normal (Good Direction - S/E),400,6
36,11,Mid, D,922,Large_Unit,13130202,14241,12/11/2012,south,6. Normal (Good Direction - S/E),600,6
14,17,Mid, H,530,Small_Unit,6680120,12604,9/11/2012,north,8. Normal (Poor Direction - N/W),400,4.5
27,5,Low, G,530,Small_Unit,6499920,12264,9/11/2012,west,8. Normal (Poor Direction - N/W),400,4.5
11,6,Low, A,598,Middle_Unit,7680114,12843,9/11/2012,north,8. Normal (Poor Direction - N/W),400,4.5
63,4,Low, B,649,Middle_Unit,8560310,13190,9/11/2012,east,6. Normal (Good Direction - S/E),200,6
13,17,Mid, D,593,Middle_Unit,7260099,12243,8/11/2012,south,10. Poor Street (King's Road Noise Penalty),400,2
33,27,High, C,897,Large_Unit,11500437,12821,8/11/2012,east,3. Premium Partial (Gap Harbour View),700,8
33,6,Low, H,1114,Large_Unit,14200158,12747,8/11/2012,north,1. Premium Plus (Full Harbour),700,9
43,11,Mid, F,897,Large_Unit,11679837,13021,8/11/2012,west,3. Premium Partial (Gap Harbour View),700,8
54,9,Low, F,587,Middle_Unit,8340096,14208,7/11/2012,west,3. Premium Partial (Gap Harbour View),650,8
54,9,Low, G,587,Middle_Unit,8340096,14208,7/11/2012,west,3. Premium Partial (Gap Harbour View),650,8
14,6,Low, H,530,Small_Unit,6380140,12038,7/11/2012,north,8. Normal (Poor Direction - N/W),400,4.5
3,5,Low, F,545,Small_Unit,5960120,10936,6/11/2012,west,8. Normal (Poor Direction - N/W),400,4.5
14,23,Mid, E,689,Middle_Unit,7999979,11611,6/11/2012,south,10. Poor Street (King's Road Noise Penalty),400,2
24,4,Low, A,709,Large_Unit,8480349,11961,6/11/2012,north,8. Normal (Poor Direction - N/W),200,4.5
34,7,Low, F,897,Large_Unit,10799880,12040,5/11/2012,west,3. Premium Partial (Gap Harbour View),650,8
2,21,Mid, D,583,Middle_Unit,6680014,11458,5/11/2012,south,2. Premium (Full Mountain),400,8.5
42,10,Low, B,1015,Large_Unit,15899975,15665,5/11/2012,east,3. Premium Partial (Gap Harbour View),650,8
16,25,Mid, H,593,Middle_Unit,7050177,11889,2/11/2012,north,8. Normal (Poor Direction - N/W),400,4.5
12,7,Low, H,593,Middle_Unit,6949960,11720,2/11/2012,north,8. Normal (Poor Direction - N/W),400,4.5
32,4,Low, E,580,Middle_Unit,6799920,11724,1/11/2012,south,6. Normal (Good Direction - S/E),500,6
19,12,Mid, H,489,Small_Unit,6049908,12372,31/10/2012,north,8. Normal (Poor Direction - N/W),150,4.5
45,3,Low, G,572,Middle_Unit,6759896,11818,31/10/2012,west,3. Premium Partial (Gap Harbour View),650,8
61,5,Low, F,682,Middle_Unit,8490218,12449,30/10/2012,west,8. Normal (Poor Direction - N/W),200,4.5
7,9,Low, D,582,Middle_Unit,6680196,11478,30/10/2012,south,2. Premium (Full Mountain),430,8.5
56,25,Mid, C,794,Large_Unit,11250186,14169,30/10/2012,east,6. Normal (Good Direction - S/E),200,6
54,11,Mid, E,488,Small_Unit,6300080,12910,30/10/2012,south,6. Normal (Good Direction - S/E),650,6
41,26,High, B,1015,Large_Unit,16660210,16414,26/10/2012,east,3. Premium Partial (Gap Harbour View),600,8
18,20,Mid, E,593,Middle_Unit,7379885,12445,26/10/2012,south,2. Premium (Full Mountain),400,8.5
25,11,Mid, D,580,Middle_Unit,7770260,13397,26/10/2012,south,6. Normal (Good Direction - S/E),200,6
51,26,High, E,502,Small_Unit,6550096,13048,26/10/2012,south,6. Normal (Good Direction - S/E),350,6
31,10,Low, H,580,Middle_Unit,7150240,12328,26/10/2012,north,8. Normal (Poor Direction - N/W),500,4.5
44,22,Mid, H,708,Large_Unit,8779908,12401,25/10/2012,north,1. Premium Plus (Full Harbour),650,9
35,15,Mid, C,897,Large_Unit,11180208,12464,25/10/2012,east,3. Premium Partial (Gap Harbour View),600,8
63,18,Mid, H,592,Middle_Unit,8099744,13682,25/10/2012,north,8. Normal (Poor Direction - N/W),200,4.5
56,25,Mid, D,762,Large_Unit,11679936,15328,24/10/2012,south,6. Normal (Good Direction - S/E),200,6
29,15,Mid, C,580,Middle_Unit,6979720,12034,24/10/2012,east,6. Normal (Good Direction - S/E),400,6
26,12,Mid, H,747,Large_Unit,9989631,13373,24/10/2012,north,8. Normal (Poor Direction - N/W),200,4.5
7,12,Mid, F,536,Small_Unit,5999984,11194,22/10/2012,west,8. Normal (Poor Direction - N/W),430,4.5
48,13,Mid, E,503,Small_Unit,6480149,12883,22/10/2012,south,6. Normal (Good Direction - S/E),500,6
54,16,Mid, C,587,Middle_Unit,7099765,12095,22/10/2012,east,6. Normal (Good Direction - S/E),650,6
17,2,Low, A,581,Middle_Unit,6349749,10929,22/10/2012,north,8. Normal (Poor Direction - N/W),400,4.5
59,11,Mid, E,584,Middle_Unit,8128112,13918,22/10/2012,south,6. Normal (Good Direction - S/E),200,6
42,17,Mid, F,897,Large_Unit,11549772,12876,22/10/2012,west,3. Premium Partial (Gap Harbour View),650,8
44,16,Mid, C,723,Large_Unit,9500220,13140,22/10/2012,east,3. Premium Partial (Gap Harbour View),650,8
54,26,High, E,488,Small_Unit,6549936,13422,19/10/2012,south,6. Normal (Good Direction - S/E),650,6
2,4,Low, G,545,Small_Unit,5300125,9725,19/10/2012,west,8. Normal (Poor Direction - N/W),400,4.5
32,30,High, A,580,Middle_Unit,8379840,14448,19/10/2012,north,8. Normal (Poor Direction - N/W),500,4.5
16,15,Mid, A,593,Middle_Unit,7030015,11855,19/10/2012,north,8. Normal (Poor Direction - N/W),400,4.5
53,19,Mid, H,749,Large_Unit,9700299,12951,18/10/2012,north,8. Normal (Poor Direction - N/W),350,4.5
39,22,Mid, B,1015,Large_Unit,16499840,16256,18/10/2012,east,3. Premium Partial (Gap Harbour View),600,8
44,4,Low, C,723,Large_Unit,9179931,12697,18/10/2012,east,3. Premium Partial (Gap Harbour View),650,8
11,10,Low, H,598,Middle_Unit,6600126,11037,18/10/2012,north,8. Normal (Poor Direction - N/W),400,4.5
19,27,High, B,583,Middle_Unit,7460068,12796,17/10/2012,east,6. Normal (Good Direction - S/E),150,6
11,18,Mid, A,598,Middle_Unit,7489950,12525,17/10/2012,north,8. Normal (Poor Direction - N/W),400,4.5
1,6,Low, G,580,Middle_Unit,6049980,10431,17/10/2012,west,8. Normal (Poor Direction - N/W),400,4.5
28,19,Mid, B,714,Large_Unit,8850030,12395,16/10/2012,east,6. Normal (Good Direction - S/E),400,6
31,7,Low, C,703,Large_Unit,8679941,12347,15/10/2012,east,6. Normal (Good Direction - S/E),500,6
61,9,Low, F,682,Middle_Unit,8280162,12141,15/10/2012,west,8. Normal (Poor Direction - N/W),200,4.5
18,10,Low, G,684,Middle_Unit,8300340,12135,12/10/2012,west,8. Normal (Poor Direction - N/W),400,4.5
38,7,Low, G,1015,Large_Unit,14999670,14778,12/10/2012,west,3. Premium Partial (Gap Harbour View),600,8
8,18,Mid, C,722,Large_Unit,8599742,11911,11/10/2012,east,6. Normal (Good Direction - S/E),400,6
41,22,Mid, G,1015,Large_Unit,16600325,16355,11/10/2012,west,3. Premium Partial (Gap Harbour View),600,8
38,28,High, F,1046,Large_Unit,15400258,14723,10/10/2012,west,3. Premium Partial (Gap Harbour View),600,8
9,22,Mid, G,589,Middle_Unit,7579841,12869,10/10/2012,west,8. Normal (Poor Direction - N/W),400,4.5
51,24,Mid, G,664,Middle_Unit,8280080,12470,10/10/2012,west,8. Normal (Poor Direction - N/W),350,4.5
24,21,Mid, C,580,Middle_Unit,7379920,12724,9/10/2012,east,6. Normal (Good Direction - S/E),200,6
51,16,Mid, G,664,Middle_Unit,8250200,12425,9/10/2012,west,8. Normal (Poor Direction - N/W),350,4.5
61,14,Mid, B,563,Middle_Unit,7450179,13233,8/10/2012,east,6. Normal (Good Direction - S/E),200,6
52,26,High, A,582,Middle_Unit,8008902,13761,8/10/2012,north,8. Normal (Poor Direction - N/W),350,4.5
11,19,Mid, D,689,Middle_Unit,8079903,11727,8/10/2012,south,2. Premium (Full Mountain),400,8.5
3,26,High, B,489,Small_Unit,5779980,11820,8/10/2012,east,6. Normal (Good Direction - S/E),400,6
38,28,High, E,922,Large_Unit,16000388,17354,3/10/2012,south,6. Normal (Good Direction - S/E),600,6
1,6,Low, C,580,Middle_Unit,5800000,10000,3/10/2012,east,6. Normal (Good Direction - S/E),400,6
56,17,Mid, F,717,Large_Unit,9199827,12831,28/9/2012,west,8. Normal (Poor Direction - N/W),200,4.5
25,14,Mid, D,580,Middle_Unit,7000020,12069,27/9/2012,south,6. Normal (Good Direction - S/E),200,6
52,18,Mid, D,582,Middle_Unit,7919856,13608,25/9/2012,south,6. Normal (Good Direction - S/E),350,6
6,8,Low, D,762,Large_Unit,8500110,11155,24/9/2012,south,2. Premium (Full Mountain),460,8.5
21,3,Low, F,580,Middle_Unit,6299960,10862,24/9/2012,west,8. Normal (Poor Direction - N/W),150,4.5
10,12,Mid, G,582,Middle_Unit,5999838,10309,21/9/2012,west,8. Normal (Poor Direction - N/W),400,4.5
44,20,Mid, H,708,Large_Unit,9000096,12712,21/9/2012,north,1. Premium Plus (Full Harbour),650,9
2,5,Low, F,545,Small_Unit,5150250,9450,21/9/2012,west,8. Normal (Poor Direction - N/W),400,4.5
56,17,Mid, G,717,Large_Unit,8900121,12413,21/9/2012,west,8. Normal (Poor Direction - N/W),200,4.5
44,12,Mid, E,708,Large_Unit,8500248,12006,21/9/2012,south,6. Normal (Good Direction - S/E),650,6
3,19,Mid, D,583,Middle_Unit,6179800,10600,21/9/2012,south,2. Premium (Full Mountain),400,8.5
30,27,High, E,583,Middle_Unit,6780290,11630,21/9/2012,south,6. Normal (Good Direction - S/E),500,6
55,19,Mid, B,797,Large_Unit,9900334,12422,20/9/2012,east,6. Normal (Good Direction - S/E),200,6
51,21,Mid, F,664,Middle_Unit,7900272,11898,20/9/2012,west,8. Normal (Poor Direction - N/W),350,4.5
1,12,Mid, G,580,Middle_Unit,6019820,10379,18/9/2012,west,8. Normal (Poor Direction - N/W),400,4.5
1,7,Low, E,489,Small_Unit,5099781,10429,17/9/2012,south,2. Premium (Full Mountain),400,8.5
43,4,Low, B,1015,Large_Unit,9999780,9852,17/9/2012,east,3. Premium Partial (Gap Harbour View),700,8
55,10,Low, D,759,Large_Unit,10799811,14229,17/9/2012,south,6. Normal (Good Direction - S/E),200,6
35,1,Low, B,1084,Large_Unit,12380364,11421,14/9/2012,east,3. Premium Partial (Gap Harbour View),600,6
45,19,Mid, F,572,Middle_Unit,7100236,12413,14/9/2012,west,3. Premium Partial (Gap Harbour View),650,8
56,5,Low, F,717,Large_Unit,8999784,12552,14/9/2012,west,8. Normal (Poor Direction - N/W),200,4.5
9,12,Mid, F,589,Middle_Unit,6749940,11460,13/9/2012,west,8. Normal (Poor Direction - N/W),400,4.5
59,24,Mid, F,567,Middle_Unit,7999803,14109,13/9/2012,west,8. Normal (Poor Direction - N/W),200,4.5
46,7,Low, H,748,Large_Unit,10100244,13503,13/9/2012,north,8. Normal (Poor Direction - N/W),500,4.5
50,27,High, G,582,Middle_Unit,7799964,13402,13/9/2012,west,8. Normal (Poor Direction - N/W),350,4.5
38,18,Mid, D,922,Large_Unit,10800308,11714,12/9/2012,south,6. Normal (Good Direction - S/E),600,6
8,24,Mid, C,722,Large_Unit,8700100,12050,12/9/2012,east,6. Normal (Good Direction - S/E),400,6
12,10,Low, F,581,Middle_Unit,6750058,11618,12/9/2012,west,8. Normal (Poor Direction - N/W),400,4.5
9,16,Mid, A,518,Small_Unit,6480180,12510,12/9/2012,north,8. Normal (Poor Direction - N/W),400,4.5
10,27,High, G,582,Middle_Unit,7350078,12629,12/9/2012,west,8. Normal (Poor Direction - N/W),400,4.5
37,28,High, C,897,Large_Unit,17800068,19844,12/9/2012,east,3. Premium Partial (Gap Harbour View),600,8
22,18,Mid, B,582,Middle_Unit,7599756,13058,12/9/2012,east,6. Normal (Good Direction - S/E),150,6
39,17,Mid, B,1015,Large_Unit,15500065,15271,12/9/2012,east,3. Premium Partial (Gap Harbour View),600,8
37,22,Mid, D,922,Large_Unit,12499554,13557,12/9/2012,south,6. Normal (Good Direction - S/E),600,6
10,9,Low, D,689,Middle_Unit,8159827,11843,12/9/2012,south,2. Premium (Full Mountain),400,8.5
16,23,Mid, D,689,Middle_Unit,7929701,11509,11/9/2012,south,2. Premium (Full Mountain),400,8.5
45,14,Mid, F,572,Middle_Unit,7259824,12692,11/9/2012,west,3. Premium Partial (Gap Harbour View),650,8
51,6,Low, D,502,Small_Unit,5950206,11853,11/9/2012,south,6. Normal (Good Direction - S/E),350,6
15,15,Mid, B,582,Middle_Unit,7300026,12543,11/9/2012,east,6. Normal (Good Direction - S/E),400,6
48,9,Low, A,603,Middle_Unit,7299918,12106,10/9/2012,north,8. Normal (Poor Direction - N/W),500,4.5
22,18,Mid, B,582,Middle_Unit,7599756,13058,10/9/2012,east,6. Normal (Good Direction - S/E),150,6
52,16,Mid, H,582,Middle_Unit,7249974,12457,10/9/2012,north,8. Normal (Poor Direction - N/W),350,4.5
52,11,Mid, F,701,Large_Unit,8250069,11769,10/9/2012,west,8. Normal (Poor Direction - N/W),350,4.5
57,16,Mid, C,717,Large_Unit,9150354,12762,10/9/2012,east,6. Normal (Good Direction - S/E),200,6
27,13,Mid, C,703,Large_Unit,7837747,11149,10/9/2012,east,6. Normal (Good Direction - S/E),400,6
29,14,Mid, D,530,Small_Unit,6150120,11604,7/9/2012,south,6. Normal (Good Direction - S/E),400,6
57,7,Low, D,760,Large_Unit,9350280,12303,7/9/2012,south,6. Normal (Good Direction - S/E),200,6
51,23,Mid, A,701,Large_Unit,8899896,12696,7/9/2012,north,8. Normal (Poor Direction - N/W),350,4.5
56,11,Mid, H,759,Large_Unit,10030185,13215,7/9/2012,north,8. Normal (Poor Direction - N/W),200,4.5
19,23,Mid, C,583,Middle_Unit,7000081,12007,6/9/2012,east,6. Normal (Good Direction - S/E),150,6
51,25,Mid, A,701,Large_Unit,8299840,11840,5/9/2012,north,8. Normal (Poor Direction - N/W),350,4.5
41,14,Mid, H,1114,Large_Unit,16999640,15260,5/9/2012,north,1. Premium Plus (Full Harbour),600,9
36,13,Mid, H,1114,Large_Unit,14499824,13016,4/9/2012,north,1. Premium Plus (Full Harbour),600,9
30,10,Low, B,606,Middle_Unit,7179888,11848,4/9/2012,east,6. Normal (Good Direction - S/E),500,6
21,8,Low, G,580,Middle_Unit,7440240,12828,4/9/2012,west,8. Normal (Poor Direction - N/W),150,4.5
40,6,Low, A,1114,Large_Unit,15880070,14255,4/9/2012,north,1. Premium Plus (Full Harbour),600,9
6,23,Mid, D,762,Large_Unit,8619744,11312,3/9/2012,south,2. Premium (Full Mountain),460,8.5
18,16,Mid, C,684,Middle_Unit,7950132,11623,3/9/2012,east,6. Normal (Good Direction - S/E),400,6
19,12,Mid, F,583,Middle_Unit,6499867,11149,3/9/2012,west,8. Normal (Poor Direction - N/W),150,4.5
41,10,Low, F,897,Large_Unit,10960443,12219,3/9/2012,west,3. Premium Partial (Gap Harbour View),600,8
35,11,Mid, G,1015,Large_Unit,14799715,14581,3/9/2012,west,3. Premium Partial (Gap Harbour View),600,8
14,3,Low, E,689,Middle_Unit,7200050,10450,31/8/2012,south,10. Poor Street (King's Road Noise Penalty),400,2
8,20,Mid, B,722,Large_Unit,8500106,11773,31/8/2012,east,6. Normal (Good Direction - S/E),400,6
49,24,Mid, D,502,Small_Unit,6439656,12828,31/8/2012,south,6. Normal (Good Direction - S/E),500,6
42,24,Mid, B,1015,Large_Unit,14500290,14286,30/8/2012,east,3. Premium Partial (Gap Harbour View),650,8
28,26,High, E,602,Middle_Unit,7199920,11960,30/8/2012,south,6. Normal (Good Direction - S/E),400,6
15,16,Mid, H,530,Small_Unit,6000130,11321,30/8/2012,north,8. Normal (Poor Direction - N/W),400,4.5
62,16,Mid, B,680,Middle_Unit,9500280,13971,29/8/2012,east,6. Normal (Good Direction - S/E),200,6
52,14,Mid, D,582,Middle_Unit,7450182,12801,29/8/2012,south,6. Normal (Good Direction - S/E),350,6
52,23,Mid, G,701,Large_Unit,8650340,12340,29/8/2012,west,8. Normal (Poor Direction - N/W),350,4.5
10,25,Mid, F,582,Middle_Unit,6800088,11684,28/8/2012,west,8. Normal (Poor Direction - N/W),400,4.5
2,14,Mid, H,583,Middle_Unit,6289987,10789,27/8/2012,north,8. Normal (Poor Direction - N/W),400,4.5
2,7,Low, A,583,Middle_Unit,5449884,9348,24/8/2012,north,8. Normal (Poor Direction - N/W),400,4.5
18,1,Low, A,690,Middle_Unit,6499800,9420,23/8/2012,north,8. Normal (Poor Direction - N/W),400,4.5
28,14,Mid, D,602,Middle_Unit,6950090,11545,23/8/2012,south,6. Normal (Good Direction - S/E),400,6
32,17,Mid, A,580,Middle_Unit,7299880,12586,22/8/2012,north,8. Normal (Poor Direction - N/W),500,4.5
30,13,Mid, F,506,Small_Unit,5899960,11660,22/8/2012,west,8. Normal (Poor Direction - N/W),500,4.5
18,20,Mid, C,684,Middle_Unit,8080092,11813,21/8/2012,east,6. Normal (Good Direction - S/E),400,6
57,5,Low, E,760,Large_Unit,8800040,11579,21/8/2012,south,6. Normal (Good Direction - S/E),200,6
13,25,Mid, B,685,Middle_Unit,7750090,11314,21/8/2012,east,6. Normal (Good Direction - S/E),400,6
16,23,Mid, F,685,Middle_Unit,7380190,10774,20/8/2012,west,8. Normal (Poor Direction - N/W),400,4.5
8,14,Mid, G,582,Middle_Unit,6599880,11340,17/8/2012,west,8. Normal (Poor Direction - N/W),400,4.5
58,10,Low, G,717,Large_Unit,8659926,12078,16/8/2012,west,8. Normal (Poor Direction - N/W),200,4.5
37,19,Mid, C,897,Large_Unit,10949679,12207,16/8/2012,east,3. Premium Partial (Gap Harbour View),600,8
35,25,Mid, G,1015,Large_Unit,14500290,14286,15/8/2012,west,3. Premium Partial (Gap Harbour View),600,8
6,6,Low, B,797,Large_Unit,8999724,11292,14/8/2012,east,6. Normal (Good Direction - S/E),460,6
59,10,Low, H,584,Middle_Unit,7399864,12671,13/8/2012,north,8. Normal (Poor Direction - N/W),200,4.5
27,16,Mid, B,703,Large_Unit,7529833,10711,10/8/2012,east,6. Normal (Good Direction - S/E),400,6
17,26,High, B,582,Middle_Unit,7080030,12165,10/8/2012,east,6. Normal (Good Direction - S/E),400,6
50,16,Mid, D,503,Small_Unit,5960047,11849,8/8/2012,south,6. Normal (Good Direction - S/E),350,6
21,5,Low, C,723,Large_Unit,8149656,11272,8/8/2012,east,6. Normal (Good Direction - S/E),150,6
50,6,Low, G,582,Middle_Unit,6680196,11478,7/8/2012,west,8. Normal (Poor Direction - N/W),350,4.5
33,8,Low, G,1015,Large_Unit,13080305,12887,6/8/2012,west,3. Premium Partial (Gap Harbour View),700,8
60,20,Mid, A,593,Middle_Unit,7799729,13153,3/8/2012,north,8. Normal (Poor Direction - N/W),200,4.5
61,19,Mid, B,563,Middle_Unit,7299858,12966,3/8/2012,east,6. Normal (Good Direction - S/E),200,6
22,4,Low, C,582,Middle_Unit,6429936,11048,2/8/2012,east,6. Normal (Good Direction - S/E),150,6
36,3,Low, A,1114,Large_Unit,12130346,10889,2/8/2012,north,1. Premium Plus (Full Harbour),600,9
33,25,Mid, C,897,Large_Unit,11030409,12297,2/8/2012,east,3. Premium Partial (Gap Harbour View),700,8
7,27,High, F,536,Small_Unit,6219744,11604,1/8/2012,west,8. Normal (Poor Direction - N/W),430,4.5
33,9,Low, F,897,Large_Unit,8499972,9476,31/7/2012,west,3. Premium Partial (Gap Harbour View),700,4.5
39,3,Low, A,1114,Large_Unit,10000378,8977,30/7/2012,north,1. Premium Plus (Full Harbour),600,1
7,15,Mid, D,582,Middle_Unit,6549828,11254,30/7/2012,south,2. Premium (Full Mountain),430,8.5
51,4,Low, C,582,Middle_Unit,5949786,10223,30/7/2012,east,6. Normal (Good Direction - S/E),350,6
9,10,Low, H,518,Small_Unit,6099968,11776,27/7/2012,north,8. Normal (Poor Direction - N/W),400,4.5
24,27,High, E,702,Large_Unit,8350290,11895,23/7/2012,south,6. Normal (Good Direction - S/E),200,6
57,22,Mid, E,760,Large_Unit,8759760,11526,23/7/2012,south,6. Normal (Good Direction - S/E),200,6
54,9,Low, D,488,Small_Unit,5779872,11844,19/7/2012,south,6. Normal (Good Direction - S/E),650,6
58,5,Low, C,792,Large_Unit,9500040,11995,17/7/2012,east,6. Normal (Good Direction - S/E),200,6
2,3,Low, A,583,Middle_Unit,5960009,10223,11/7/2012,north,8. Normal (Poor Direction - N/W),400,4.5
14,23,Mid, D,689,Middle_Unit,7499765,10885,10/7/2012,south,2. Premium (Full Mountain),400,8.5
32,6,Low, F,503,Small_Unit,5949987,11829,10/7/2012,west,8. Normal (Poor Direction - N/W),500,4.5
40,14,Mid, A,1114,Large_Unit,16149658,14497,10/7/2012,north,1. Premium Plus (Full Harbour),600,9
19,5,Low, G,583,Middle_Unit,6000236,10292,10/7/2012,west,8. Normal (Poor Direction - N/W),150,4.5
11,17,Mid, E,689,Middle_Unit,7279974,10566,4/7/2012,south,2. Premium (Full Mountain),400,8.5
13,22,Mid, E,593,Middle_Unit,6460142,10894,29/6/2012,south,2. Premium (Full Mountain),400,8.5
55,13,Mid, C,797,Large_Unit,11999632,15056,27/6/2012,east,6. Normal (Good Direction - S/E),200,6
29,9,Low, H,703,Large_Unit,8029666,11422,27/6/2012,north,8. Normal (Poor Direction - N/W),400,4.5
1,19,Mid, G,580,Middle_Unit,5880040,10138,25/6/2012,west,8. Normal (Poor Direction - N/W),400,4.5
29,4,Low, D,530,Small_Unit,5700150,10755,25/6/2012,south,6. Normal (Good Direction - S/E),400,6
21,28,High, A,709,Large_Unit,9679977,13653,22/6/2012,north,8. Normal (Poor Direction - N/W),150,4.5
42,24,Mid, F,897,Large_Unit,11359608,12664,21/6/2012,west,3. Premium Partial (Gap Harbour View),650,8
30,24,Mid, A,583,Middle_Unit,6800112,11664,21/6/2012,north,8. Normal (Poor Direction - N/W),500,4.5
54,12,Mid, E,488,Small_Unit,6059984,12418,21/6/2012,south,6. Normal (Good Direction - S/E),650,6
21,17,Mid, E,702,Large_Unit,7000344,9972,21/6/2012,south,6. Normal (Good Direction - S/E),150,6
15,2,Low, E,689,Middle_Unit,6079736,8824,20/6/2012,south,10. Poor Street (King's Road Noise Penalty),400,2
26,7,Low, D,747,Large_Unit,9099954,12182,19/6/2012,south,6. Normal (Good Direction - S/E),200,6
41,23,Mid, A,1114,Large_Unit,16800234,15081,15/6/2012,north,1. Premium Plus (Full Harbour),600,9
6,7,Low, F,704,Large_Unit,7760192,11023,14/6/2012,west,8. Normal (Poor Direction - N/W),460,4.5
3,1,Low, C,484,Small_Unit,4230160,8740,13/6/2012,east,6. Normal (Good Direction - S/E),400,6
17,8,Low, H,593,Middle_Unit,6199815,10455,13/6/2012,north,8. Normal (Poor Direction - N/W),400,4.5
26,14,Mid, B,785,Large_Unit,9200200,11720,12/6/2012,east,6. Normal (Good Direction - S/E),200,6
27,10,Low, C,703,Large_Unit,7420165,10555,11/6/2012,east,6. Normal (Good Direction - S/E),400,6
42,4,Low, E,922,Large_Unit,10338386,11213,11/6/2012,south,6. Normal (Good Direction - S/E),650,6
8,26,High, H,596,Middle_Unit,6799764,11409,11/6/2012,north,8. Normal (Poor Direction - N/W),400,4.5
25,4,Low, D,580,Middle_Unit,6500060,11207,11/6/2012,south,6. Normal (Good Direction - S/E),200,6
48,23,Mid, H,603,Middle_Unit,7349967,12189,7/6/2012,north,8. Normal (Poor Direction - N/W),500,4.5
40,16,Mid, C,897,Large_Unit,10100220,11260,7/6/2012,east,3. Premium Partial (Gap Harbour View),600,6
62,7,Low, A,592,Middle_Unit,7649824,12922,7/6/2012,north,8. Normal (Poor Direction - N/W),200,4.5
20,8,Low, A,747,Large_Unit,8899758,11914,4/6/2012,north,8. Normal (Poor Direction - N/W),150,4.5
48,7,Low, E,503,Small_Unit,6279955,12485,1/6/2012,south,6. Normal (Good Direction - S/E),500,6
41,20,Mid, H,1114,Large_Unit,16999640,15260,31/5/2012,north,1. Premium Plus (Full Harbour),600,9
46,16,Mid, C,809,Large_Unit,10800150,13350,31/5/2012,east,6. Normal (Good Direction - S/E),500,6
22,16,Mid, A,702,Large_Unit,8150220,11610,31/5/2012,north,8. Normal (Poor Direction - N/W),150,4.5
31,8,Low, G,503,Small_Unit,6337800,12600,31/5/2012,west,8. Normal (Poor Direction - N/W),500,4.5
12,8,Low, D,593,Middle_Unit,5999974,10118,31/5/2012,south,10. Poor Street (King's Road Noise Penalty),400,2
35,3,Low, B,1015,Large_Unit,13000120,12808,29/5/2012,east,3. Premium Partial (Gap Harbour View),600,6
35,4,Low, E,922,Large_Unit,9799938,10629,29/5/2012,south,6. Normal (Good Direction - S/E),600,6
54,25,Mid, F,587,Middle_Unit,7379764,12572,28/5/2012,west,3. Premium Partial (Gap Harbour View),650,8
50,5,Low, H,603,Middle_Unit,7029774,11658,28/5/2012,north,8. Normal (Poor Direction - N/W),350,4.5
38,3,Low, H,1114,Large_Unit,13199786,11849,25/5/2012,north,1. Premium Plus (Full Harbour),600,9
12,3,Low, C,684,Middle_Unit,7000056,10234,25/5/2012,east,6. Normal (Good Direction - S/E),400,6
47,26,High, E,580,Middle_Unit,7349760,12672,24/5/2012,south,6. Normal (Good Direction - S/E),500,6
25,11,Mid, E,580,Middle_Unit,7080060,12207,24/5/2012,south,6. Normal (Good Direction - S/E),200,6
43,9,Low, D,922,Large_Unit,11500106,12473,23/5/2012,south,6. Normal (Good Direction - S/E),700,6
63,23,Mid, A,592,Middle_Unit,7800192,13176,23/5/2012,north,8. Normal (Poor Direction - N/W),200,4.5
21,22,Mid, G,580,Middle_Unit,7070200,12190,23/5/2012,west,8. Normal (Poor Direction - N/W),150,4.5
43,6,Low, D,922,Large_Unit,10730236,11638,23/5/2012,south,6. Normal (Good Direction - S/E),700,6
44,19,Mid, E,708,Large_Unit,8449980,11935,22/5/2012,south,6. Normal (Good Direction - S/E),650,6
28,17,Mid, B,714,Large_Unit,8180298,11457,22/5/2012,east,6. Normal (Good Direction - S/E),400,6
8,16,Mid, H,596,Middle_Unit,6380180,10705,21/5/2012,north,8. Normal (Poor Direction - N/W),400,4.5
23,26,High, A,702,Large_Unit,8400132,11966,21/5/2012,north,8. Normal (Poor Direction - N/W),200,4.5
42,6,Low, A,1114,Large_Unit,15279624,13716,21/5/2012,north,1. Premium Plus (Full Harbour),650,9
28,11,Mid, B,714,Large_Unit,8080338,11317,18/5/2012,east,6. Normal (Good Direction - S/E),400,6
7,9,Low, E,582,Middle_Unit,6800088,11684,18/5/2012,south,2. Premium (Full Mountain),430,8.5
45,24,Mid, G,572,Middle_Unit,7120256,12448,18/5/2012,west,3. Premium Partial (Gap Harbour View),650,8
9,24,Mid, G,589,Middle_Unit,6779979,11511,18/5/2012,west,8. Normal (Poor Direction - N/W),400,4.5
29,23,Mid, C,580,Middle_Unit,7480260,12897,17/5/2012,east,6. Normal (Good Direction - S/E),400,6
2,18,Mid, F,545,Small_Unit,5459810,10018,16/5/2012,west,8. Normal (Poor Direction - N/W),400,4.5
47,10,Low, C,707,Large_Unit,8249983,11669,15/5/2012,east,6. Normal (Good Direction - S/E),500,6
48,7,Low, D,503,Small_Unit,5980167,11889,15/5/2012,south,6. Normal (Good Direction - S/E),500,6
8,15,Mid, H,596,Middle_Unit,6600104,11074,15/5/2012,north,8. Normal (Poor Direction - N/W),400,4.5
19,26,High, F,583,Middle_Unit,7079952,12144,15/5/2012,west,8. Normal (Poor Direction - N/W),150,4.5
38,12,Mid, E,922,Large_Unit,12080044,13102,14/5/2012,south,6. Normal (Good Direction - S/E),600,6
38,12,Mid, D,922,Large_Unit,11029886,11963,14/5/2012,south,6. Normal (Good Direction - S/E),600,6
24,26,High, G,723,Large_Unit,8989782,12434,14/5/2012,west,8. Normal (Poor Direction - N/W),200,4.5
31,12,Mid, G,503,Small_Unit,6150181,12227,11/5/2012,west,8. Normal (Poor Direction - N/W),500,4.5
32,25,Mid, G,503,Small_Unit,6279955,12485,11/5/2012,west,8. Normal (Poor Direction - N/W),500,4.5
12,3,Low, G,581,Middle_Unit,6471759,11139,10/5/2012,west,8. Normal (Poor Direction - N/W),400,4.5
28,27,High, H,706,Large_Unit,8399988,11898,10/5/2012,north,8. Normal (Poor Direction - N/W),400,4.5
48,5,Low, D,503,Small_Unit,6150181,12227,9/5/2012,south,6. Normal (Good Direction - S/E),500,6
29,8,Low, E,530,Small_Unit,6000130,11321,9/5/2012,south,6. Normal (Good Direction - S/E),400,6
19,27,High, C,583,Middle_Unit,7229783,12401,9/5/2012,east,6. Normal (Good Direction - S/E),150,6
55,6,Low, D,759,Large_Unit,10200201,13439,9/5/2012,south,6. Normal (Good Direction - S/E),200,6
6,4,Low, H,760,Large_Unit,7850040,10329,8/5/2012,north,8. Normal (Poor Direction - N/W),460,4.5
24,26,High, B,580,Middle_Unit,7400220,12759,8/5/2012,east,6. Normal (Good Direction - S/E),200,6
52,26,High, C,701,Large_Unit,8430226,12026,8/5/2012,east,6. Normal (Good Direction - S/E),350,6
40,7,Low, E,922,Large_Unit,9880152,10716,7/5/2012,south,6. Normal (Good Direction - S/E),600,6
8,25,Mid, D,689,Middle_Unit,7379879,10711,4/5/2012,south,2. Premium (Full Mountain),400,8.5
35,11,Mid, A,1114,Large_Unit,16999640,15260,4/5/2012,north,1. Premium Plus (Full Harbour),600,9
38,6,Low, D,922,Large_Unit,9230142,10011,3/5/2012,south,6. Normal (Good Direction - S/E),600,6
27,18,Mid, G,530,Small_Unit,5969920,11264,2/5/2012,west,8. Normal (Poor Direction - N/W),400,4.5
47,20,Mid, H,580,Middle_Unit,7379920,12724,30/4/2012,north,8. Normal (Poor Direction - N/W),500,4.5
31,25,Mid, G,503,Small_Unit,6079761,12087,30/4/2012,west,8. Normal (Poor Direction - N/W),500,4.5
39,12,Mid, E,922,Large_Unit,10080226,10933,27/4/2012,south,6. Normal (Good Direction - S/E),600,6
7,6,Low, G,536,Small_Unit,6100216,11381,27/4/2012,west,8. Normal (Poor Direction - N/W),430,4.5
7,20,Mid, F,536,Small_Unit,6199912,11567,27/4/2012,west,8. Normal (Poor Direction - N/W),430,4.5
3,27,High, D,583,Middle_Unit,6379769,10943,27/4/2012,south,2. Premium (Full Mountain),400,8.5
27,5,Low, C,703,Large_Unit,7380094,10498,27/4/2012,east,6. Normal (Good Direction - S/E),400,6
14,15,Mid, A,530,Small_Unit,6230150,11755,27/4/2012,north,8. Normal (Poor Direction - N/W),400,4.5
48,25,Mid, F,580,Middle_Unit,7379920,12724,27/4/2012,west,8. Normal (Poor Direction - N/W),500,4.5
41,27,High, B,1015,Large_Unit,14300335,14089,26/4/2012,east,3. Premium Partial (Gap Harbour View),600,8
29,20,Mid, B,580,Middle_Unit,7179820,12379,26/4/2012,east,6. Normal (Good Direction - S/E),400,6
29,30,High, D,530,Small_Unit,6700260,12642,25/4/2012,south,6. Normal (Good Direction - S/E),400,6
49,23,Mid, D,502,Small_Unit,6219780,12390,25/4/2012,south,6. Normal (Good Direction - S/E),500,6
37,14,Mid, B,1015,Large_Unit,14360220,14148,24/4/2012,east,3. Premium Partial (Gap Harbour View),600,8
47,22,Mid, E,580,Middle_Unit,7299880,12586,24/4/2012,south,6. Normal (Good Direction - S/E),500,6
18,10,Low, E,593,Middle_Unit,5849945,9865,23/4/2012,south,2. Premium (Full Mountain),400,8.5
47,28,High, A,580,Middle_Unit,7679780,13241,23/4/2012,north,8. Normal (Poor Direction - N/W),500,4.5
34,29,High, B,1015,Large_Unit,13299545,13103,20/4/2012,east,3. Premium Partial (Gap Harbour View),650,8
11,5,Low, B,582,Middle_Unit,6479988,11134,20/4/2012,east,6. Normal (Good Direction - S/E),400,6
43,2,Low, C,897,Large_Unit,8929635,9955,20/4/2012,east,3. Premium Partial (Gap Harbour View),700,8
50,20,Mid, E,503,Small_Unit,6199978,12326,19/4/2012,south,6. Normal (Good Direction - S/E),350,6
7,14,Mid, G,536,Small_Unit,5950136,11101,18/4/2012,west,8. Normal (Poor Direction - N/W),430,4.5
24,4,Low, B,580,Middle_Unit,6349840,10948,18/4/2012,east,6. Normal (Good Direction - S/E),200,6
21,24,Mid, C,723,Large_Unit,7200357,9959,17/4/2012,east,6. Normal (Good Direction - S/E),150,6
34,17,Mid, H,1114,Large_Unit,15100270,13555,16/4/2012,north,1. Premium Plus (Full Harbour),650,9
6,28,High, B,797,Large_Unit,11180316,14028,16/4/2012,east,6. Normal (Good Direction - S/E),460,6
43,4,Low, E,922,Large_Unit,9480004,10282,16/4/2012,south,6. Normal (Good Direction - S/E),700,6
21,9,Low, E,702,Large_Unit,7700238,10969,16/4/2012,south,6. Normal (Good Direction - S/E),150,6
57,14,Mid, B,717,Large_Unit,8079873,11269,13/4/2012,east,6. Normal (Good Direction - S/E),200,6
22,4,Low, D,702,Large_Unit,7250256,10328,13/4/2012,south,6. Normal (Good Direction - S/E),150,6
35,6,Low, H,1114,Large_Unit,14180106,12729,13/4/2012,north,1. Premium Plus (Full Harbour),600,9
57,16,Mid, A,760,Large_Unit,9579800,12605,13/4/2012,north,8. Normal (Poor Direction - N/W),200,4.5
27,27,High, H,580,Middle_Unit,6820220,11759,12/4/2012,north,8. Normal (Poor Direction - N/W),400,4.5
26,18,Mid, D,747,Large_Unit,9599697,12851,12/4/2012,south,6. Normal (Good Direction - S/E),200,6
40,27,High, H,1114,Large_Unit,16750104,15036,12/4/2012,north,1. Premium Plus (Full Harbour),600,9
45,19,Mid, D,708,Large_Unit,8629812,12189,12/4/2012,south,6. Normal (Good Direction - S/E),650,6
54,7,Low, A,552,Middle_Unit,6800088,12319,12/4/2012,north,1. Premium Plus (Full Harbour),650,9
47,23,Mid, H,580,Middle_Unit,7499980,12931,12/4/2012,north,8. Normal (Poor Direction - N/W),500,4.5
35,17,Mid, H,1114,Large_Unit,15299676,13734,11/4/2012,north,1. Premium Plus (Full Harbour),600,9
62,13,Mid, B,680,Middle_Unit,9299680,13676,10/4/2012,east,6. Normal (Good Direction - S/E),200,6
20,8,Low, B,785,Large_Unit,8799850,11210,10/4/2012,east,6. Normal (Good Direction - S/E),150,6
30,8,Low, G,506,Small_Unit,5750184,11364,10/4/2012,west,8. Normal (Poor Direction - N/W),500,4.5
6,19,Mid, E,709,Large_Unit,8149955,11495,10/4/2012,south,2. Premium (Full Mountain),460,8.5
40,22,Mid, B,1015,Large_Unit,14749980,14532,5/4/2012,east,3. Premium Partial (Gap Harbour View),600,8
9,23,Mid, H,518,Small_Unit,6079766,11737,5/4/2012,north,8. Normal (Poor Direction - N/W),400,4.5
14,2,Low, D,689,Middle_Unit,5999812,8708,3/4/2012,south,2. Premium (Full Mountain),400,8.5
16,16,Mid, G,685,Middle_Unit,6900005,10073,3/4/2012,west,8. Normal (Poor Direction - N/W),400,4.5
51,5,Low, B,582,Middle_Unit,6479988,11134,3/4/2012,east,6. Normal (Good Direction - S/E),350,6
37,26,High, A,1114,Large_Unit,16999640,15260,3/4/2012,north,1. Premium Plus (Full Harbour),600,9
26,6,Low, B,785,Large_Unit,6999845,8917,3/4/2012,east,6. Normal (Good Direction - S/E),200,6
6,7,Low, E,709,Large_Unit,8200294,11566,3/4/2012,south,2. Premium (Full Mountain),460,8.5
13,20,Mid, H,689,Middle_Unit,7649967,11103,2/4/2012,north,8. Normal (Poor Direction - N/W),400,4.5
55,19,Mid, A,759,Large_Unit,9280293,12227,2/4/2012,north,8. Normal (Poor Direction - N/W),200,4.5
31,16,Mid, B,703,Large_Unit,7759714,11038,2/4/2012,east,6. Normal (Good Direction - S/E),500,6
61,18,Mid, F,682,Middle_Unit,8050328,11804,2/4/2012,west,8. Normal (Poor Direction - N/W),200,4.5
19,3,Low, A,489,Small_Unit,4890000,10000,2/4/2012,north,8. Normal (Poor Direction - N/W),150,4.5
15,18,Mid, A,530,Small_Unit,6060020,11434,30/3/2012,north,8. Normal (Poor Direction - N/W),400,4.5
18,7,Low, G,684,Middle_Unit,6450120,9430,30/3/2012,west,8. Normal (Poor Direction - N/W),400,4.5
58,26,High, D,708,Large_Unit,7999692,11299,30/3/2012,south,6. Normal (Good Direction - S/E),200,6
43,5,Low, B,1015,Large_Unit,13000120,12808,30/3/2012,east,3. Premium Partial (Gap Harbour View),700,8
63,12,Mid, H,592,Middle_Unit,7700144,13007,30/3/2012,north,8. Normal (Poor Direction - N/W),200,4.5
42,26,High, B,1015,Large_Unit,13999895,13793,29/3/2012,east,3. Premium Partial (Gap Harbour View),650,8
10,19,Mid, D,689,Middle_Unit,7200050,10450,29/3/2012,south,2. Premium (Full Mountain),400,8.5
54,4,Low, E,488,Small_Unit,5300168,10861,29/3/2012,south,6. Normal (Good Direction - S/E),650,6
14,10,Low, F,582,Middle_Unit,5899734,10137,28/3/2012,west,8. Normal (Poor Direction - N/W),400,4.5
41,3,Low, H,1114,Large_Unit,15010036,13474,27/3/2012,north,1. Premium Plus (Full Harbour),600,9
20,3,Low, B,785,Large_Unit,6799670,8662,27/3/2012,east,6. Normal (Good Direction - S/E),150,6
41,5,Low, B,1015,Large_Unit,12600210,12414,27/3/2012,east,3. Premium Partial (Gap Harbour View),600,8
1,12,Mid, F,580,Middle_Unit,5529720,9534,27/3/2012,west,8. Normal (Poor Direction - N/W),400,4.5
25,21,Mid, G,702,Large_Unit,8059662,11481,26/3/2012,west,8. Normal (Poor Direction - N/W),200,4.5
23,5,Low, F,580,Middle_Unit,6620120,11414,26/3/2012,west,8. Normal (Poor Direction - N/W),200,4.5
39,20,Mid, E,922,Large_Unit,10280300,11150,26/3/2012,south,6. Normal (Good Direction - S/E),600,6
16,19,Mid, C,685,Middle_Unit,6900005,10073,23/3/2012,east,6. Normal (Good Direction - S/E),400,6
34,7,Low, E,922,Large_Unit,9500288,10304,23/3/2012,south,6. Normal (Good Direction - S/E),650,6
59,19,Mid, D,584,Middle_Unit,7050048,12072,23/3/2012,south,6. Normal (Good Direction - S/E),200,6
19,15,Mid, F,583,Middle_Unit,6029969,10343,22/3/2012,west,8. Normal (Poor Direction - N/W),150,4.5
57,6,Low, F,792,Large_Unit,10699920,13510,22/3/2012,west,8. Normal (Poor Direction - N/W),200,4.5
42,19,Mid, F,897,Large_Unit,9849957,10981,21/3/2012,west,3. Premium Partial (Gap Harbour View),650,8
3,20,Mid, E,583,Middle_Unit,5500022,9434,21/3/2012,south,2. Premium (Full Mountain),400,8.5
41,17,Mid, G,1015,Large_Unit,14379505,14167,21/3/2012,west,3. Premium Partial (Gap Harbour View),600,8
33,29,High, E,922,Large_Unit,10879600,11800,21/3/2012,south,4. Good Open (High Floor City),700,6
40,16,Mid, D,922,Large_Unit,10000012,10846,20/3/2012,south,6. Normal (Good Direction - S/E),600,6
50,8,Low, D,503,Small_Unit,6050084,12028,20/3/2012,south,6. Normal (Good Direction - S/E),350,6
61,8,Low, D,714,Large_Unit,8780058,12297,20/3/2012,south,6. Normal (Good Direction - S/E),200,6
23,26,High, B,580,Middle_Unit,6900260,11897,20/3/2012,east,6. Normal (Good Direction - S/E),200,6
27,21,Mid, D,580,Middle_Unit,6299960,10862,20/3/2012,south,6. Normal (Good Direction - S/E),400,6
59,24,Mid, H,584,Middle_Unit,7350224,12586,20/3/2012,north,8. Normal (Poor Direction - N/W),200,4.5
30,22,Mid, F,506,Small_Unit,5820012,11502,19/3/2012,west,8. Normal (Poor Direction - N/W),500,4.5
15,20,Mid, C,582,Middle_Unit,6549828,11254,19/3/2012,east,6. Normal (Good Direction - S/E),400,6
11,4,Low, A,598,Middle_Unit,5899868,9866,19/3/2012,north,8. Normal (Poor Direction - N/W),400,4.5
23,13,Mid, G,580,Middle_Unit,6500060,11207,19/3/2012,west,8. Normal (Poor Direction - N/W),200,4.5
61,14,Mid, D,714,Large_Unit,8700090,12185,19/3/2012,south,6. Normal (Good Direction - S/E),200,6
46,12,Mid, B,809,Large_Unit,10199872,12608,19/3/2012,east,6. Normal (Good Direction - S/E),500,6
13,21,Mid, H,689,Middle_Unit,6949943,10087,19/3/2012,north,8. Normal (Poor Direction - N/W),400,4.5
26,10,Low, C,785,Large_Unit,9099720,11592,16/3/2012,east,6. Normal (Good Direction - S/E),200,6
43,27,High, E,922,Large_Unit,10600234,11497,16/3/2012,south,6. Normal (Good Direction - S/E),700,6
28,12,Mid, B,714,Large_Unit,7599816,10644,16/3/2012,east,6. Normal (Good Direction - S/E),400,6
61,6,Low, D,714,Large_Unit,9399810,13165,15/3/2012,south,6. Normal (Good Direction - S/E),200,6
53,24,Mid, C,809,Large_Unit,10449853,12917,15/3/2012,east,6. Normal (Good Direction - S/E),350,6
34,4,Low, G,1015,Large_Unit,10749865,10591,15/3/2012,west,3. Premium Partial (Gap Harbour View),650,8
40,28,High, A,1114,Large_Unit,24799868,22262,15/3/2012,north,1. Premium Plus (Full Harbour),600,9
54,28,High, B,587,Middle_Unit,7530036,12828,14/3/2012,east,3. Premium Partial (Gap Harbour View),650,8
8,7,Low, D,689,Middle_Unit,6380140,9260,14/3/2012,south,2. Premium (Full Mountain),400,8.5
54,10,Low, H,552,Middle_Unit,6460056,11703,14/3/2012,north,1. Premium Plus (Full Harbour),650,9
16,15,Mid, E,689,Middle_Unit,6300216,9144,14/3/2012,south,2. Premium (Full Mountain),400,8.5
54,3,Low, F,587,Middle_Unit,5999727,10221,14/3/2012,west,3. Premium Partial (Gap Harbour View),650,8
58,13,Mid, C,792,Large_Unit,9400248,11869,14/3/2012,east,6. Normal (Good Direction - S/E),200,6
57,5,Low, B,717,Large_Unit,7879830,10990,14/3/2012,east,6. Normal (Good Direction - S/E),200,6
27,27,High, D,580,Middle_Unit,6280240,10828,13/3/2012,south,6. Normal (Good Direction - S/E),400,6
39,20,Mid, D,922,Large_Unit,10800308,11714,13/3/2012,south,6. Normal (Good Direction - S/E),600,6
54,7,Low, H,552,Middle_Unit,6219936,11268,13/3/2012,north,1. Premium Plus (Full Harbour),650,9
12,14,Mid, F,581,Middle_Unit,6600160,11360,13/3/2012,west,8. Normal (Poor Direction - N/W),400,4.5
54,15,Mid, B,587,Middle_Unit,6999975,11925,13/3/2012,east,3. Premium Partial (Gap Harbour View),650,8
44,3,Low, B,723,Large_Unit,7850334,10858,12/3/2012,east,3. Premium Partial (Gap Harbour View),650,6
56,6,Low, D,759,Large_Unit,9499644,12516,12/3/2012,south,6. Normal (Good Direction - S/E),200,6
44,20,Mid, C,723,Large_Unit,8900130,12310,12/3/2012,east,3. Premium Partial (Gap Harbour View),650,8
63,8,Low, H,592,Middle_Unit,7479920,12635,12/3/2012,north,8. Normal (Poor Direction - N/W),200,4.5
15,9,Low, E,689,Middle_Unit,6559969,9521,12/3/2012,south,10. Poor Street (King's Road Noise Penalty),400,2
29,23,Mid, E,530,Small_Unit,5869750,11075,9/3/2012,south,6. Normal (Good Direction - S/E),400,6
13,7,Low, B,685,Middle_Unit,6499965,9489,9/3/2012,east,6. Normal (Good Direction - S/E),400,6
18,14,Mid, A,690,Middle_Unit,6900000,10000,8/3/2012,north,8. Normal (Poor Direction - N/W),400,4.5
48,18,Mid, B,662,Middle_Unit,7750034,11707,8/3/2012,east,6. Normal (Good Direction - S/E),500,6
53,4,Low, B,809,Large_Unit,8699986,10754,8/3/2012,east,6. Normal (Good Direction - S/E),350,6
19,3,Low, C,583,Middle_Unit,6080107,10429,8/3/2012,east,6. Normal (Good Direction - S/E),150,6
1,25,Mid, E,489,Small_Unit,4800024,9816,8/3/2012,south,2. Premium (Full Mountain),400,8.5
11,6,Low, D,689,Middle_Unit,6249919,9071,7/3/2012,south,2. Premium (Full Mountain),400,8.5
9,6,Low, A,518,Small_Unit,5949748,11486,7/3/2012,north,8. Normal (Poor Direction - N/W),400,4.5
48,20,Mid, D,503,Small_Unit,6029964,11988,7/3/2012,south,6. Normal (Good Direction - S/E),500,6
2,18,Mid, C,489,Small_Unit,4600023,9407,6/3/2012,east,6. Normal (Good Direction - S/E),400,6
55,24,Mid, B,797,Large_Unit,9080221,11393,5/3/2012,east,6. Normal (Good Direction - S/E),200,6
2,6,Low, C,489,Small_Unit,4400022,8998,5/3/2012,east,6. Normal (Good Direction - S/E),400,6
14,8,Low, E,689,Middle_Unit,6300216,9144,5/3/2012,south,10. Poor Street (King's Road Noise Penalty),400,2
51,28,High, B,582,Middle_Unit,7500234,12887,5/3/2012,east,6. Normal (Good Direction - S/E),350,6
12,26,High, G,581,Middle_Unit,6569948,11308,5/3/2012,west,8. Normal (Poor Direction - N/W),400,4.5
30,20,Mid, G,506,Small_Unit,5849866,11561,2/3/2012,west,8. Normal (Poor Direction - N/W),500,4.5
22,27,High, F,582,Middle_Unit,6499776,11168,2/3/2012,west,4. Good Open (High Floor City),150,7
59,26,High, D,477,Small_Unit,5299947,11111,2/3/2012,south,6. Normal (Good Direction - S/E),200,6
21,11,Mid, H,709,Large_Unit,7899678,11142,2/3/2012,north,8. Normal (Poor Direction - N/W),150,4.5
19,3,Low, G,583,Middle_Unit,5989742,10274,1/3/2012,west,8. Normal (Poor Direction - N/W),150,4.5
24,19,Mid, B,580,Middle_Unit,6429880,11086,29/2/2012,east,6. Normal (Good Direction - S/E),200,6
63,11,Mid, B,649,Middle_Unit,8080050,12450,24/2/2012,east,6. Normal (Good Direction - S/E),200,6
27,20,Mid, E,580,Middle_Unit,6200200,10690,17/2/2012,south,6. Normal (Good Direction - S/E),400,6
9,20,Mid, D,670,Middle_Unit,6649750,9925,17/2/2012,south,10. Poor Street (King's Road Noise Penalty),400,2
49,28,High, C,582,Middle_Unit,7479864,12852,15/2/2012,east,6. Normal (Good Direction - S/E),500,6
38,9,Low, B,1015,Large_Unit,11349730,11182,14/2/2012,east,3. Premium Partial (Gap Harbour View),600,8
42,9,Low, B,1015,Large_Unit,12699680,12512,14/2/2012,east,3. Premium Partial (Gap Harbour View),650,8
31,26,High, E,580,Middle_Unit,6820220,11759,13/2/2012,south,6. Normal (Good Direction - S/E),500,6
12,4,Low, B,684,Middle_Unit,7080084,10351,13/2/2012,east,6. Normal (Good Direction - S/E),400,6
43,25,Mid, B,1015,Large_Unit,13799940,13596,9/2/2012,east,3. Premium Partial (Gap Harbour View),700,8
31,26,High, F,503,Small_Unit,5699996,11332,9/2/2012,west,8. Normal (Poor Direction - N/W),500,4.5
24,15,Mid, C,580,Middle_Unit,6500060,11207,7/2/2012,east,6. Normal (Good Direction - S/E),200,6
52,24,Mid, B,701,Large_Unit,7849798,11198,6/2/2012,east,6. Normal (Good Direction - S/E),350,6
21,27,High, B,723,Large_Unit,8320284,11508,6/2/2012,east,6. Normal (Good Direction - S/E),150,6
32,18,Mid, A,580,Middle_Unit,6000100,10345,3/2/2012,north,8. Normal (Poor Direction - N/W),500,4.5
43,2,Low, A,1114,Large_Unit,10838106,9729,3/2/2012,north,1. Premium Plus (Full Harbour),700,9
53,23,Mid, F,719,Large_Unit,7499889,10431,1/2/2012,west,8. Normal (Poor Direction - N/W),350,4.5
63,7,Low, E,715,Large_Unit,7970105,11147,30/1/2012,south,6. Normal (Good Direction - S/E),200,6
61,21,Mid, D,714,Large_Unit,8600130,12045,27/1/2012,south,6. Normal (Good Direction - S/E),200,6
37,3,Low, C,897,Large_Unit,8760102,9766,19/1/2012,east,3. Premium Partial (Gap Harbour View),600,8
44,4,Low, E,708,Large_Unit,7199652,10169,18/1/2012,south,6. Normal (Good Direction - S/E),650,6
28,17,Mid, G,583,Middle_Unit,6800112,11664,17/1/2012,west,8. Normal (Poor Direction - N/W),400,4.5
45,3,Low, E,708,Large_Unit,6949728,9816,16/1/2012,south,6. Normal (Good Direction - S/E),650,6
25,28,High, G,702,Large_Unit,8549658,12179,16/1/2012,west,8. Normal (Poor Direction - N/W),200,4.5
38,16,Mid, C,897,Large_Unit,9150297,10201,13/1/2012,east,3. Premium Partial (Gap Harbour View),600,8
42,6,Low, B,1015,Large_Unit,10799600,10640,12/1/2012,east,3. Premium Partial (Gap Harbour View),650,8
36,12,Mid, B,1015,Large_Unit,13999895,13793,12/1/2012,east,3. Premium Partial (Gap Harbour View),600,8
13,14,Mid, C,685,Middle_Unit,7559660,11036,11/1/2012,east,6. Normal (Good Direction - S/E),400,6
48,19,Mid, F,580,Middle_Unit,6299960,10862,11/1/2012,west,8. Normal (Poor Direction - N/W),500,4.5
57,11,Mid, G,792,Large_Unit,10680120,13485,11/1/2012,west,8. Normal (Poor Direction - N/W),200,4.5
43,22,Mid, C,897,Large_Unit,9737832,10856,10/1/2012,east,3. Premium Partial (Gap Harbour View),700,8
56,13,Mid, B,792,Large_Unit,10799712,13636,10/1/2012,east,6. Normal (Good Direction - S/E),200,6
47,28,High, D,580,Middle_Unit,7437920,12824,9/1/2012,south,6. Normal (Good Direction - S/E),500,6
42,6,Low, E,922,Large_Unit,9380428,10174,6/1/2012,south,6. Normal (Good Direction - S/E),650,6
39,3,Low, H,1114,Large_Unit,11899748,10682,6/1/2012,north,1. Premium Plus (Full Harbour),600,9
31,29,High, A,580,Middle_Unit,6700160,11552,30/12/2011,north,4. Good Open (High Floor City),500,7
9,12,Mid, D,670,Middle_Unit,6379740,9522,23/12/2011,south,10. Poor Street (King's Road Noise Penalty),400,2
32,2,Low, A,580,Middle_Unit,6000100,10345,22/12/2011,north,8. Normal (Poor Direction - N/W),500,4.5
59,8,Low, G,567,Middle_Unit,6839721,12063,20/12/2011,west,8. Normal (Poor Direction - N/W),200,4.5
40,8,Low, E,922,Large_Unit,9500288,10304,19/12/2011,south,6. Normal (Good Direction - S/E),600,6
38,26,High, B,1015,Large_Unit,11380180,11212,19/12/2011,east,3. Premium Partial (Gap Harbour View),600,8
8,8,Low, B,722,Large_Unit,7300142,10111,15/12/2011,east,6. Normal (Good Direction - S/E),400,6
44,25,Mid, H,708,Large_Unit,7999692,11299,13/12/2011,north,1. Premium Plus (Full Harbour),650,9
32,11,Mid, D,580,Middle_Unit,6650280,11466,13/12/2011,south,6. Normal (Good Direction - S/E),500,6
20,10,Low, C,785,Large_Unit,9949875,12675,12/12/2011,east,6. Normal (Good Direction - S/E),150,6
13,6,Low, H,689,Middle_Unit,6320197,9173,8/12/2011,north,8. Normal (Poor Direction - N/W),400,4.5
21,22,Mid, H,709,Large_Unit,9060311,12779,7/12/2011,north,8. Normal (Poor Direction - N/W),150,4.5
15,8,Low, B,582,Middle_Unit,6599880,11340,6/12/2011,east,6. Normal (Good Direction - S/E),400,6
3,2,Low, C,484,Small_Unit,3979932,8223,6/12/2011,east,6. Normal (Good Direction - S/E),400,6
47,9,Low, B,707,Large_Unit,7999705,11315,6/12/2011,east,6. Normal (Good Direction - S/E),500,6
44,18,Mid, G,572,Middle_Unit,6449872,11276,6/12/2011,west,3. Premium Partial (Gap Harbour View),650,8
19,27,High, D,545,Small_Unit,6409745,11761,5/12/2011,south,6. Normal (Good Direction - S/E),150,6
48,20,Mid, F,580,Middle_Unit,6299960,10862,2/12/2011,west,8. Normal (Poor Direction - N/W),500,4.5
50,8,Low, F,582,Middle_Unit,6027774,10357,1/12/2011,west,8. Normal (Poor Direction - N/W),350,4.5
10,8,Low, G,582,Middle_Unit,5980050,10275,1/12/2011,west,8. Normal (Poor Direction - N/W),400,4.5
12,25,Mid, F,581,Middle_Unit,6479893,11153,30/11/2011,west,8. Normal (Poor Direction - N/W),400,4.5
63,5,Low, E,715,Large_Unit,7950085,11119,29/11/2011,south,6. Normal (Good Direction - S/E),200,6
59,10,Low, E,584,Middle_Unit,6000016,10274,25/11/2011,south,6. Normal (Good Direction - S/E),200,6
3,14,Mid, B,489,Small_Unit,4269948,8732,25/11/2011,east,6. Normal (Good Direction - S/E),400,6
54,13,Mid, F,587,Middle_Unit,6429998,10954,24/11/2011,west,3. Premium Partial (Gap Harbour View),650,8
31,8,Low, C,703,Large_Unit,7380094,10498,24/11/2011,east,6. Normal (Good Direction - S/E),500,6
11,8,Low, E,689,Middle_Unit,6307795,9155,23/11/2011,south,2. Premium (Full Mountain),400,8.5
45,22,Mid, F,572,Middle_Unit,5900180,10315,23/11/2011,west,3. Premium Partial (Gap Harbour View),650,8
56,8,Low, G,717,Large_Unit,7380081,10293,23/11/2011,west,8. Normal (Poor Direction - N/W),200,4.5
60,23,Mid, E,714,Large_Unit,8800050,12325,23/11/2011,south,6. Normal (Good Direction - S/E),200,6
31,11,Mid, D,580,Middle_Unit,6549940,11293,21/11/2011,south,6. Normal (Good Direction - S/E),500,6
43,3,Low, A,1114,Large_Unit,10800230,9695,21/11/2011,north,1. Premium Plus (Full Harbour),700,9
40,6,Low, B,1015,Large_Unit,12600210,12414,21/11/2011,east,3. Premium Partial (Gap Harbour View),600,8
27,15,Mid, D,580,Middle_Unit,6000100,10345,18/11/2011,south,6. Normal (Good Direction - S/E),400,6
58,25,Mid, B,795,Large_Unit,9179865,11547,17/11/2011,east,6. Normal (Good Direction - S/E),200,6
50,23,Mid, A,603,Middle_Unit,7120224,11808,16/11/2011,north,8. Normal (Poor Direction - N/W),350,4.5
36,21,Mid, E,922,Large_Unit,10299662,11171,15/11/2011,south,6. Normal (Good Direction - S/E),600,6
17,9,Low, E,593,Middle_Unit,5749728,9696,14/11/2011,south,2. Premium (Full Mountain),400,8.5
52,7,Low, E,582,Middle_Unit,6850140,11770,14/11/2011,south,6. Normal (Good Direction - S/E),350,6
11,9,Low, E,689,Middle_Unit,6167928,8952,11/11/2011,south,2. Premium (Full Mountain),400,8.5
2,24,Mid, E,583,Middle_Unit,5599715,9605,11/11/2011,south,2. Premium (Full Mountain),400,8.5
8,16,Mid, G,582,Middle_Unit,6300150,10825,11/11/2011,west,8. Normal (Poor Direction - N/W),400,4.5
21,12,Mid, E,702,Large_Unit,7300098,10399,11/11/2011,south,6. Normal (Good Direction - S/E),150,6
54,6,Low, E,488,Small_Unit,5300168,10861,11/11/2011,south,6. Normal (Good Direction - S/E),650,6
26,22,Mid, F,716,Large_Unit,7800104,10894,11/11/2011,west,8. Normal (Poor Direction - N/W),200,4.5
55,24,Mid, A,759,Large_Unit,9599832,12648,10/11/2011,north,8. Normal (Poor Direction - N/W),200,4.5
53,23,Mid, D,749,Large_Unit,9300333,12417,8/11/2011,south,6. Normal (Good Direction - S/E),350,6
14,22,Mid, B,582,Middle_Unit,6400254,10997,3/11/2011,east,6. Normal (Good Direction - S/E),400,6
50,6,Low, F,582,Middle_Unit,5399796,9278,3/11/2011,west,8. Normal (Poor Direction - N/W),350,4.5
49,5,Low, F,664,Middle_Unit,6800024,10241,2/11/2011,west,8. Normal (Poor Direction - N/W),500,4.5
52,14,Mid, C,701,Large_Unit,8259883,11783,2/11/2011,east,6. Normal (Good Direction - S/E),350,6
26,13,Mid, B,785,Large_Unit,9299895,11847,2/11/2011,east,6. Normal (Good Direction - S/E),200,6
46,6,Low, B,809,Large_Unit,9899733,12237,1/11/2011,east,6. Normal (Good Direction - S/E),500,6
16,6,Low, B,685,Middle_Unit,6380090,9314,28/10/2011,east,6. Normal (Good Direction - S/E),400,6
42,19,Mid, G,1015,Large_Unit,13499500,13300,28/10/2011,west,3. Premium Partial (Gap Harbour View),650,8
59,15,Mid, G,567,Middle_Unit,6839721,12063,27/10/2011,west,8. Normal (Poor Direction - N/W),200,4.5
10,10,Low, E,689,Middle_Unit,6480045,9405,27/10/2011,south,2. Premium (Full Mountain),400,8.5
36,1,Low, E,888,Large_Unit,7899648,8896,26/10/2011,south,6. Normal (Good Direction - S/E),600,6
55,26,High, B,720,Large_Unit,4999680,6944,26/10/2011,east,6. Normal (Good Direction - S/E),200,6
36,10,Low, G,1015,Large_Unit,13200075,13005,25/10/2011,west,8. Normal (Poor Direction - N/W),600,4.5
56,8,Low, B,792,Large_Unit,11000088,13889,25/10/2011,east,6. Normal (Good Direction - S/E),200,6
54,11,Mid, D,488,Small_Unit,5380200,11025,25/10/2011,south,6. Normal (Good Direction - S/E),650,6
9,7,Low, D,670,Middle_Unit,5989800,8940,24/10/2011,south,10. Poor Street (King's Road Noise Penalty),400,2
25,8,Low, G,702,Large_Unit,8299746,11823,21/10/2011,west,8. Normal (Poor Direction - N/W),200,4.5
7,10,Low, H,582,Middle_Unit,6637710,11405,19/10/2011,north,8. Normal (Poor Direction - N/W),430,4.5
49,27,High, E,502,Small_Unit,5999904,11952,18/10/2011,south,6. Normal (Good Direction - S/E),500,6
16,24,Mid, B,685,Middle_Unit,6950010,10146,17/10/2011,east,6. Normal (Good Direction - S/E),400,6
32,5,Low, A,580,Middle_Unit,6799920,11724,14/10/2011,north,8. Normal (Poor Direction - N/W),500,4.5
62,17,Mid, C,680,Middle_Unit,8049840,11838,14/10/2011,east,6. Normal (Good Direction - S/E),200,6
36,14,Mid, F,897,Large_Unit,9750390,10870,13/10/2011,west,3. Premium Partial (Gap Harbour View),600,4.5
25,27,High, H,580,Middle_Unit,6919980,11931,13/10/2011,north,8. Normal (Poor Direction - N/W),200,4.5
54,11,Mid, H,552,Middle_Unit,6700176,12138,12/10/2011,north,1. Premium Plus (Full Harbour),650,9
26,16,Mid, B,785,Large_Unit,9700245,12357,11/10/2011,east,6. Normal (Good Direction - S/E),200,6
10,16,Mid, G,582,Middle_Unit,6379884,10962,11/10/2011,west,8. Normal (Poor Direction - N/W),400,4.5
22,17,Mid, G,582,Middle_Unit,7199922,12371,11/10/2011,west,8. Normal (Poor Direction - N/W),150,4.5
22,22,Mid, F,582,Middle_Unit,6499776,11168,11/10/2011,west,4. Good Open (High Floor City),150,7
2,3,Low, D,583,Middle_Unit,4799839,8233,10/10/2011,south,2. Premium (Full Mountain),400,8.5
40,18,Mid, F,897,Large_Unit,10059855,11215,7/10/2011,west,3. Premium Partial (Gap Harbour View),600,8
63,10,Low, A,592,Middle_Unit,8050016,13598,7/10/2011,north,8. Normal (Poor Direction - N/W),200,4.5
9,10,Low, A,518,Small_Unit,6299916,12162,7/10/2011,north,8. Normal (Poor Direction - N/W),400,4.5
37,10,Low, D,922,Large_Unit,10538460,11430,7/10/2011,south,6. Normal (Good Direction - S/E),600,6
12,15,Mid, E,593,Middle_Unit,6550278,11046,6/10/2011,south,2. Premium (Full Mountain),400,8.5
61,3,Low, D,679,Middle_Unit,9260202,13638,6/10/2011,south,6. Normal (Good Direction - S/E),200,6
61,8,Low, E,714,Large_Unit,9499770,13305,4/10/2011,south,6. Normal (Good Direction - S/E),200,6
41,22,Mid, E,922,Large_Unit,10899884,11822,3/10/2011,south,6. Normal (Good Direction - S/E),600,6
22,13,Mid, D,702,Large_Unit,7649694,10897,30/9/2011,south,6. Normal (Good Direction - S/E),150,6
63,6,Low, B,649,Middle_Unit,8200115,12635,28/9/2011,east,6. Normal (Good Direction - S/E),200,6
27,21,Mid, A,580,Middle_Unit,6399720,11034,28/9/2011,north,8. Normal (Poor Direction - N/W),400,4.5
2,23,Mid, A,583,Middle_Unit,5779862,9914,28/9/2011,north,8. Normal (Poor Direction - N/W),400,4.5
28,13,Mid, A,706,Large_Unit,7760352,10992,27/9/2011,north,8. Normal (Poor Direction - N/W),400,4.5
45,4,Low, D,708,Large_Unit,7960044,11243,27/9/2011,south,6. Normal (Good Direction - S/E),650,6
29,5,Low, C,580,Middle_Unit,6299960,10862,26/9/2011,east,6. Normal (Good Direction - S/E),400,6
18,14,Mid, G,684,Middle_Unit,6930288,10132,23/9/2011,west,8. Normal (Poor Direction - N/W),400,4.5
62,7,Low, H,592,Middle_Unit,7780064,13142,21/9/2011,north,8. Normal (Poor Direction - N/W),200,4.5
24,17,Mid, H,709,Large_Unit,8179733,11537,21/9/2011,north,8. Normal (Poor Direction - N/W),200,4.5
57,9,Low, A,760,Large_Unit,9280360,12211,21/9/2011,north,8. Normal (Poor Direction - N/W),200,4.5
34,30,High, D,922,Large_Unit,17150122,18601,21/9/2011,south,6. Normal (Good Direction - S/E),650,6
41,17,Mid, E,922,Large_Unit,10468388,11354,21/9/2011,south,6. Normal (Good Direction - S/E),600,6
51,23,Mid, B,582,Middle_Unit,6829770,11735,20/9/2011,east,6. Normal (Good Direction - S/E),350,6
6,23,Mid, E,709,Large_Unit,7679888,10832,20/9/2011,south,2. Premium (Full Mountain),460,8.5
12,9,Low, G,581,Middle_Unit,6027875,10375,20/9/2011,west,8. Normal (Poor Direction - N/W),400,4.5
8,3,Low, C,722,Large_Unit,6549984,9072,19/9/2011,east,6. Normal (Good Direction - S/E),400,6
26,18,Mid, G,716,Large_Unit,7699864,10754,19/9/2011,west,8. Normal (Poor Direction - N/W),200,4.5
31,10,Low, A,580,Middle_Unit,6799920,11724,19/9/2011,north,4. Good Open (High Floor City),500,7
33,21,Mid, C,897,Large_Unit,10300251,11483,19/9/2011,east,3. Premium Partial (Gap Harbour View),700,8
2,14,Mid, C,489,Small_Unit,4699779,9611,19/9/2011,east,6. Normal (Good Direction - S/E),400,6
59,24,Mid, E,584,Middle_Unit,7499728,12842,16/9/2011,south,6. Normal (Good Direction - S/E),200,6
35,27,High, C,897,Large_Unit,9999756,11148,15/9/2011,east,3. Premium Partial (Gap Harbour View),600,8
25,16,Mid, C,702,Large_Unit,8080020,11510,15/9/2011,east,6. Normal (Good Direction - S/E),200,6
11,14,Mid, B,582,Middle_Unit,6420042,11031,14/9/2011,east,6. Normal (Good Direction - S/E),400,6
49,13,Mid, B,582,Middle_Unit,6999714,12027,14/9/2011,east,6. Normal (Good Direction - S/E),500,6
42,24,Mid, H,1114,Large_Unit,16300048,14632,14/9/2011,north,1. Premium Plus (Full Harbour),650,9
28,3,Low, G,583,Middle_Unit,6203120,10640,12/9/2011,west,8. Normal (Poor Direction - N/W),400,4.5
29,14,Mid, G,580,Middle_Unit,6740180,11621,12/9/2011,west,8. Normal (Poor Direction - N/W),400,4.5
21,28,High, F,580,Middle_Unit,6599820,11379,12/9/2011,west,8. Normal (Poor Direction - N/W),150,4.5
30,23,Mid, A,583,Middle_Unit,6899805,11835,8/9/2011,north,8. Normal (Poor Direction - N/W),500,4.5
43,12,Mid, D,922,Large_Unit,10400160,11280,8/9/2011,south,6. Normal (Good Direction - S/E),700,6
32,10,Low, D,580,Middle_Unit,6750040,11638,7/9/2011,south,6. Normal (Good Direction - S/E),500,6
9,17,Mid, B,589,Middle_Unit,6550269,11121,7/9/2011,east,6. Normal (Good Direction - S/E),400,6
16,20,Mid, E,689,Middle_Unit,6550323,9507,7/9/2011,south,2. Premium (Full Mountain),400,8.5
42,11,Mid, D,922,Large_Unit,9989870,10835,6/9/2011,south,6. Normal (Good Direction - S/E),650,6
16,9,Low, E,689,Middle_Unit,6400121,9289,5/9/2011,south,2. Premium (Full Mountain),400,8.5
50,7,Low, A,603,Middle_Unit,6979725,11575,2/9/2011,north,8. Normal (Poor Direction - N/W),350,4.5
7,16,Mid, D,582,Middle_Unit,6479988,11134,2/9/2011,south,2. Premium (Full Mountain),430,8.5
53,8,Low, B,809,Large_Unit,9479862,11718,31/8/2011,east,6. Normal (Good Direction - S/E),350,6
2,10,Low, E,583,Middle_Unit,4900115,8405,30/8/2011,south,2. Premium (Full Mountain),400,8.5
30,9,Low, G,506,Small_Unit,5780038,11423,29/8/2011,west,8. Normal (Poor Direction - N/W),500,4.5
57,19,Mid, A,760,Large_Unit,9237800,12155,24/8/2011,north,8. Normal (Poor Direction - N/W),200,4.5
39,8,Low, E,922,Large_Unit,9849726,10683,24/8/2011,south,6. Normal (Good Direction - S/E),600,6
7,10,Low, E,582,Middle_Unit,6900192,11856,23/8/2011,south,2. Premium (Full Mountain),430,8.5
57,26,High, B,624,Middle_Unit,6467760,10365,22/8/2011,east,6. Normal (Good Direction - S/E),200,6
10,24,Mid, A,536,Small_Unit,5789872,10802,19/8/2011,north,8. Normal (Poor Direction - N/W),400,4.5
29,6,Low, G,580,Middle_Unit,6099860,10517,18/8/2011,west,8. Normal (Poor Direction - N/W),400,4.5
60,16,Mid, G,563,Middle_Unit,7200207,12789,18/8/2011,west,8. Normal (Poor Direction - N/W),200,4.5
49,9,Low, D,502,Small_Unit,5900006,11753,17/8/2011,south,6. Normal (Good Direction - S/E),500,6
60,13,Mid, E,714,Large_Unit,8637972,12098,16/8/2011,south,6. Normal (Good Direction - S/E),200,6
3,3,Low, C,504,Small_Unit,4350024,8631,15/8/2011,east,6. Normal (Good Direction - S/E),400,6
8,5,Low, D,689,Middle_Unit,5999812,8708,12/8/2011,south,2. Premium (Full Mountain),400,8.5
44,14,Mid, D,708,Large_Unit,7700208,10876,12/8/2011,south,6. Normal (Good Direction - S/E),650,6
10,10,Low, G,582,Middle_Unit,6149994,10567,12/8/2011,west,8. Normal (Poor Direction - N/W),400,4.5
16,7,Low, E,689,Middle_Unit,6568237,9533,11/8/2011,south,2. Premium (Full Mountain),400,8.5
48,25,Mid, G,580,Middle_Unit,7299880,12586,11/8/2011,west,8. Normal (Poor Direction - N/W),500,4.5
59,23,Mid, G,567,Middle_Unit,7380072,13016,10/8/2011,west,8. Normal (Poor Direction - N/W),200,4.5
17,5,Low, B,582,Middle_Unit,6279780,10790,10/8/2011,east,6. Normal (Good Direction - S/E),400,6
56,11,Mid, C,792,Large_Unit,11000088,13889,9/8/2011,east,6. Normal (Good Direction - S/E),200,6
59,10,Low, F,567,Middle_Unit,7319970,12910,9/8/2011,west,8. Normal (Poor Direction - N/W),200,4.5
51,25,Mid, E,502,Small_Unit,5979824,11912,9/8/2011,south,6. Normal (Good Direction - S/E),350,6
50,12,Mid, B,664,Middle_Unit,8199736,12349,5/8/2011,east,6. Normal (Good Direction - S/E),350,6
2,5,Low, F,545,Small_Unit,4300050,7890,5/8/2011,west,8. Normal (Poor Direction - N/W),400,4.5
40,6,Low, G,1015,Large_Unit,12800165,12611,4/8/2011,west,3. Premium Partial (Gap Harbour View),600,8
16,8,Low, E,689,Middle_Unit,6249919,9071,4/8/2011,south,2. Premium (Full Mountain),400,8.5
33,20,Mid, G,1015,Large_Unit,12899635,12709,3/8/2011,west,3. Premium Partial (Gap Harbour View),700,8
38,14,Mid, A,1114,Large_Unit,13499452,12118,2/8/2011,north,1. Premium Plus (Full Harbour),600,9
15,10,Low, A,530,Small_Unit,5649800,10660,1/8/2011,north,8. Normal (Poor Direction - N/W),400,4.5
54,3,Low, C,587,Middle_Unit,5449708,9284,1/8/2011,east,6. Normal (Good Direction - S/E),650,6
50,19,Mid, G,582,Middle_Unit,6919980,11890,28/7/2011,west,8. Normal (Poor Direction - N/W),350,4.5
12,20,Mid, A,593,Middle_Unit,6750119,11383,28/7/2011,north,8. Normal (Poor Direction - N/W),400,4.5
3,12,Mid, D,583,Middle_Unit,5100084,8748,27/7/2011,south,2. Premium (Full Mountain),400,8.5
44,13,Mid, E,708,Large_Unit,8088192,11424,27/7/2011,south,6. Normal (Good Direction - S/E),650,6
29,6,Low, C,580,Middle_Unit,6679860,11517,26/7/2011,east,6. Normal (Good Direction - S/E),400,6
28,17,Mid, A,706,Large_Unit,6999990,9915,25/7/2011,north,8. Normal (Poor Direction - N/W),400,4.5
14,23,Mid, F,582,Middle_Unit,6190152,10636,22/7/2011,west,8. Normal (Poor Direction - N/W),400,4.5
26,8,Low, B,785,Large_Unit,9099720,11592,21/7/2011,east,6. Normal (Good Direction - S/E),200,6
56,17,Mid, H,759,Large_Unit,9120144,12016,15/7/2011,north,8. Normal (Poor Direction - N/W),200,4.5
21,22,Mid, E,702,Large_Unit,8200062,11681,15/7/2011,south,6. Normal (Good Direction - S/E),150,6
10,5,Low, C,582,Middle_Unit,6137772,10546,14/7/2011,east,6. Normal (Good Direction - S/E),400,6
32,23,Mid, C,701,Large_Unit,7999812,11412,14/7/2011,east,6. Normal (Good Direction - S/E),500,6
50,8,Low, B,664,Middle_Unit,7800008,11747,12/7/2011,east,6. Normal (Good Direction - S/E),350,6
62,7,Low, E,715,Large_Unit,8100235,11329,12/7/2011,south,6. Normal (Good Direction - S/E),200,6
53,14,Mid, F,719,Large_Unit,7860108,10932,11/7/2011,west,8. Normal (Poor Direction - N/W),350,4.5
62,10,Low, H,592,Middle_Unit,7379872,12466,11/7/2011,north,8. Normal (Poor Direction - N/W),200,4.5
55,5,Low, C,797,Large_Unit,10050170,12610,11/7/2011,east,6. Normal (Good Direction - S/E),200,6
51,26,High, G,664,Middle_Unit,7580224,11416,8/7/2011,west,8. Normal (Poor Direction - N/W),350,4.5
62,12,Mid, D,715,Large_Unit,8299720,11608,7/7/2011,south,6. Normal (Good Direction - S/E),200,6
58,20,Mid, C,792,Large_Unit,10330056,13043,7/7/2011,east,6. Normal (Good Direction - S/E),200,6
43,16,Mid, F,897,Large_Unit,10199787,11371,7/7/2011,west,3. Premium Partial (Gap Harbour View),700,8
36,11,Mid, C,897,Large_Unit,10199787,11371,7/7/2011,east,3. Premium Partial (Gap Harbour View),600,8
51,14,Mid, G,664,Middle_Unit,7780088,11717,6/7/2011,west,8. Normal (Poor Direction - N/W),350,4.5
47,25,Mid, H,580,Middle_Unit,7499980,12931,5/7/2011,north,8. Normal (Poor Direction - N/W),500,4.5
36,5,Low, F,897,Large_Unit,9300096,10368,5/7/2011,west,3. Premium Partial (Gap Harbour View),600,4.5
48,6,Low, B,662,Middle_Unit,7299874,11027,5/7/2011,east,6. Normal (Good Direction - S/E),500,6
28,15,Mid, D,602,Middle_Unit,7290220,12110,5/7/2011,south,6. Normal (Good Direction - S/E),400,6
53,5,Low, F,719,Large_Unit,7799712,10848,4/7/2011,west,8. Normal (Poor Direction - N/W),350,4.5
38,1,Low, D,897,Large_Unit,7480083,8339,4/7/2011,south,6. Normal (Good Direction - S/E),600,6
43,4,Low, A,1114,Large_Unit,12150398,10907,4/7/2011,north,1. Premium Plus (Full Harbour),700,9
30,11,Mid, A,583,Middle_Unit,6800112,11664,30/6/2011,north,8. Normal (Poor Direction - N/W),500,4.5
33,23,Mid, E,922,Large_Unit,12449766,13503,30/6/2011,south,4. Good Open (High Floor City),700,6
33,23,Mid, F,897,Large_Unit,11359608,12664,30/6/2011,west,3. Premium Partial (Gap Harbour View),700,4.5
31,11,Mid, F,503,Small_Unit,5800093,11531,29/6/2011,west,8. Normal (Poor Direction - N/W),500,4.5
28,18,Mid, B,714,Large_Unit,7799736,10924,28/6/2011,east,6. Normal (Good Direction - S/E),400,6
25,11,Mid, A,580,Middle_Unit,7150240,12328,28/6/2011,north,8. Normal (Poor Direction - N/W),200,4.5
23,17,Mid, B,580,Middle_Unit,7070200,12190,28/6/2011,east,6. Normal (Good Direction - S/E),200,6
51,22,Mid, G,664,Middle_Unit,7450080,11220,27/6/2011,west,8. Normal (Poor Direction - N/W),350,4.5
32,15,Mid, G,503,Small_Unit,5939927,11809,27/6/2011,west,8. Normal (Poor Direction - N/W),500,4.5
41,20,Mid, A,1114,Large_Unit,16999640,15260,24/6/2011,north,1. Premium Plus (Full Harbour),600,9
38,12,Mid, F,897,Large_Unit,10180053,11349,22/6/2011,west,3. Premium Partial (Gap Harbour View),600,8
57,26,High, E,766,Large_Unit,9379670,12245,21/6/2011,south,6. Normal (Good Direction - S/E),200,6
12,24,Mid, A,593,Middle_Unit,6649902,11214,21/6/2011,north,8. Normal (Poor Direction - N/W),400,4.5
57,9,Low, B,717,Large_Unit,8500035,11855,20/6/2011,east,6. Normal (Good Direction - S/E),200,6
12,8,Low, F,581,Middle_Unit,6579825,11325,17/6/2011,west,8. Normal (Poor Direction - N/W),400,4.5
1,2,Low, D,489,Small_Unit,4159923,8507,17/6/2011,south,10. Poor Street (King's Road Noise Penalty),400,2
54,9,Low, H,552,Middle_Unit,6299976,11413,16/6/2011,north,1. Premium Plus (Full Harbour),650,9
2,12,Mid, E,583,Middle_Unit,5139728,8816,15/6/2011,south,2. Premium (Full Mountain),400,8.5
19,4,Low, H,489,Small_Unit,5240124,10716,14/6/2011,north,8. Normal (Poor Direction - N/W),150,4.5
28,29,High, G,583,Middle_Unit,6990170,11990,14/6/2011,west,8. Normal (Poor Direction - N/W),400,4.5
33,3,Low, E,922,Large_Unit,9599864,10412,14/6/2011,south,4. Good Open (High Floor City),700,6
23,26,High, G,580,Middle_Unit,6990160,12052,13/6/2011,west,8. Normal (Poor Direction - N/W),200,4.5
51,24,Mid, A,701,Large_Unit,8400083,11983,13/6/2011,north,8. Normal (Poor Direction - N/W),350,4.5
34,5,Low, B,1015,Large_Unit,10300220,10148,13/6/2011,east,3. Premium Partial (Gap Harbour View),650,8
49,14,Mid, A,701,Large_Unit,8880268,12668,13/6/2011,north,8. Normal (Poor Direction - N/W),500,4.5
23,27,High, H,702,Large_Unit,8480160,12080,13/6/2011,north,8. Normal (Poor Direction - N/W),200,4.5
7,12,Mid, A,582,Middle_Unit,6680196,11478,13/6/2011,north,8. Normal (Poor Direction - N/W),430,4.5
1,2,Low, E,489,Small_Unit,4179972,8548,10/6/2011,south,2. Premium (Full Mountain),400,8.5
23,27,High, G,580,Middle_Unit,7400220,12759,10/6/2011,west,8. Normal (Poor Direction - N/W),200,4.5
41,26,High, H,1114,Large_Unit,17780554,15961,10/6/2011,north,1. Premium Plus (Full Harbour),600,9
22,21,Mid, C,582,Middle_Unit,5999838,10309,9/6/2011,east,6. Normal (Good Direction - S/E),150,6
50,24,Mid, A,603,Middle_Unit,7000227,11609,9/6/2011,north,8. Normal (Poor Direction - N/W),350,4.5
28,28,High, A,706,Large_Unit,8479766,12011,9/6/2011,north,8. Normal (Poor Direction - N/W),400,4.5
34,23,Mid, E,922,Large_Unit,11000382,11931,8/6/2011,south,6. Normal (Good Direction - S/E),650,6
28,5,Low, F,583,Middle_Unit,6579738,11286,8/6/2011,west,8. Normal (Poor Direction - N/W),400,4.5
25,6,Low, G,702,Large_Unit,7900308,11254,8/6/2011,west,8. Normal (Poor Direction - N/W),200,4.5
22,25,Mid, G,582,Middle_Unit,6979926,11993,7/6/2011,west,8. Normal (Poor Direction - N/W),150,4.5
28,5,Low, E,602,Middle_Unit,6750226,11213,7/6/2011,south,6. Normal (Good Direction - S/E),400,6
33,11,Mid, H,1114,Large_Unit,14379512,12908,7/6/2011,north,1. Premium Plus (Full Harbour),700,9
60,16,Mid, F,647,Middle_Unit,7600309,11747,3/6/2011,west,8. Normal (Poor Direction - N/W),200,4.5
31,6,Low, F,503,Small_Unit,5699996,11332,3/6/2011,west,8. Normal (Poor Direction - N/W),500,4.5
52,5,Low, H,582,Middle_Unit,6699984,11512,3/6/2011,north,8. Normal (Poor Direction - N/W),350,4.5
34,17,Mid, D,922,Large_Unit,11380246,12343,3/6/2011,south,6. Normal (Good Direction - S/E),650,6
10,20,Mid, G,582,Middle_Unit,6779718,11649,2/6/2011,west,8. Normal (Poor Direction - N/W),400,4.5
8,14,Mid, G,582,Middle_Unit,6379884,10962,2/6/2011,west,8. Normal (Poor Direction - N/W),400,4.5
1,21,Mid, H,545,Small_Unit,5355170,9826,2/6/2011,north,8. Normal (Poor Direction - N/W),400,4.5
26,4,Low, D,747,Large_Unit,8750358,11714,2/6/2011,south,6. Normal (Good Direction - S/E),200,6
50,17,Mid, E,503,Small_Unit,6060144,12048,1/6/2011,south,6. Normal (Good Direction - S/E),350,6
32,7,Low, G,503,Small_Unit,6429849,12783,1/6/2011,west,8. Normal (Poor Direction - N/W),500,4.5
60,10,Low, B,680,Middle_Unit,8100160,11912,31/5/2011,east,6. Normal (Good Direction - S/E),200,6
55,22,Mid, G,680,Middle_Unit,8149800,11985,31/5/2011,west,8. Normal (Poor Direction - N/W),200,4.5
30,16,Mid, A,583,Middle_Unit,7060130,12110,30/5/2011,north,8. Normal (Poor Direction - N/W),500,4.5
56,23,Mid, G,717,Large_Unit,8099949,11297,27/5/2011,west,8. Normal (Poor Direction - N/W),200,4.5
49,28,High, B,582,Middle_Unit,7280238,12509,27/5/2011,east,6. Normal (Good Direction - S/E),500,6
46,8,Low, G,718,Large_Unit,8600204,11978,26/5/2011,west,8. Normal (Poor Direction - N/W),500,4.5
39,9,Low, A,1114,Large_Unit,16880442,15153,26/5/2011,north,1. Premium Plus (Full Harbour),600,1
20,18,Mid, C,785,Large_Unit,8599675,10955,26/5/2011,east,6. Normal (Good Direction - S/E),150,6
61,5,Low, D,714,Large_Unit,8300250,11625,26/5/2011,south,6. Normal (Good Direction - S/E),200,6
47,20,Mid, C,707,Large_Unit,8199786,11598,25/5/2011,east,6. Normal (Good Direction - S/E),500,6
61,7,Low, G,682,Middle_Unit,8259702,12111,25/5/2011,west,8. Normal (Poor Direction - N/W),200,4.5
63,21,Mid, A,592,Middle_Unit,7430192,12551,25/5/2011,north,8. Normal (Poor Direction - N/W),200,4.5
56,17,Mid, E,759,Large_Unit,9800208,12912,25/5/2011,south,6. Normal (Good Direction - S/E),200,6
9,9,Low, B,589,Middle_Unit,6430113,10917,25/5/2011,east,6. Normal (Good Direction - S/E),400,6
61,4,Low, C,707,Large_Unit,7550053,10679,24/5/2011,east,6. Normal (Good Direction - S/E),200,6
7,20,Mid, E,582,Middle_Unit,6250098,10739,24/5/2011,south,2. Premium (Full Mountain),430,8.5
2,9,Low, A,583,Middle_Unit,5350191,9177,24/5/2011,north,8. Normal (Poor Direction - N/W),400,4.5
23,4,Low, D,702,Large_Unit,7199712,10256,20/5/2011,south,6. Normal (Good Direction - S/E),200,6
16,18,Mid, B,685,Middle_Unit,7080160,10336,19/5/2011,east,6. Normal (Good Direction - S/E),400,6
31,16,Mid, A,580,Middle_Unit,6750040,11638,19/5/2011,north,4. Good Open (High Floor City),500,7
27,11,Mid, G,530,Small_Unit,6060020,11434,19/5/2011,west,8. Normal (Poor Direction - N/W),400,4.5
35,25,Mid, H,1114,Large_Unit,15150400,13600,17/5/2011,north,1. Premium Plus (Full Harbour),600,9
25,28,High, A,580,Middle_Unit,7227960,12462,17/5/2011,north,8. Normal (Poor Direction - N/W),200,4.5
27,12,Mid, G,530,Small_Unit,5940240,11208,13/5/2011,west,8. Normal (Poor Direction - N/W),400,4.5
20,14,Mid, E,747,Large_Unit,8999856,12048,13/5/2011,south,6. Normal (Good Direction - S/E),150,6
39,2,Low, H,1114,Large_Unit,11949878,10727,12/5/2011,north,1. Premium Plus (Full Harbour),600,9
3,16,Mid, G,545,Small_Unit,5187855,9519,12/5/2011,west,8. Normal (Poor Direction - N/W),400,4.5
2,14,Mid, A,583,Middle_Unit,4999808,8576,12/5/2011,north,8. Normal (Poor Direction - N/W),400,4.5
53,15,Mid, F,719,Large_Unit,7880240,10960,12/5/2011,west,8. Normal (Poor Direction - N/W),350,4.5
28,22,Mid, C,714,Large_Unit,8390214,11751,12/5/2011,east,6. Normal (Good Direction - S/E),400,6
1,17,Mid, H,545,Small_Unit,4900095,8991,12/5/2011,north,8. Normal (Poor Direction - N/W),400,4.5
60,7,Low, C,680,Middle_Unit,7579960,11147,11/5/2011,east,6. Normal (Good Direction - S/E),200,6
47,4,Low, A,580,Middle_Unit,6200200,10690,9/5/2011,north,8. Normal (Poor Direction - N/W),500,4.5
43,9,Low, B,1015,Large_Unit,11250260,11084,9/5/2011,east,3. Premium Partial (Gap Harbour View),700,8
22,23,Mid, D,702,Large_Unit,7580196,10798,6/5/2011,south,6. Normal (Good Direction - S/E),150,6
48,17,Mid, E,503,Small_Unit,5949987,11829,5/5/2011,south,6. Normal (Good Direction - S/E),500,6
21,11,Mid, F,580,Middle_Unit,6620120,11414,5/5/2011,west,8. Normal (Poor Direction - N/W),150,4.5
45,21,Mid, D,708,Large_Unit,8330328,11766,4/5/2011,south,6. Normal (Good Direction - S/E),650,6
13,14,Mid, D,593,Middle_Unit,6600090,11130,4/5/2011,south,10. Poor Street (King's Road Noise Penalty),400,2
2,21,Mid, D,583,Middle_Unit,5399746,9262,29/4/2011,south,2. Premium (Full Mountain),400,8.5
26,6,Low, D,747,Large_Unit,8899758,11914,29/4/2011,south,6. Normal (Good Direction - S/E),200,6
7,9,Low, G,536,Small_Unit,6167752,11507,29/4/2011,west,8. Normal (Poor Direction - N/W),430,4.5
20,10,Low, H,747,Large_Unit,8999856,12048,29/4/2011,north,8. Normal (Poor Direction - N/W),150,4.5
53,25,Mid, F,719,Large_Unit,8249806,11474,29/4/2011,west,8. Normal (Poor Direction - N/W),350,4.5
26,16,Mid, A,747,Large_Unit,9150003,12249,29/4/2011,north,8. Normal (Poor Direction - N/W),200,4.5
61,18,Mid, D,714,Large_Unit,8500170,11905,29/4/2011,south,6. Normal (Good Direction - S/E),200,6
7,8,Low, H,582,Middle_Unit,4999962,8591,27/4/2011,north,8. Normal (Poor Direction - N/W),430,4.5
1,19,Mid, A,545,Small_Unit,5249985,9633,27/4/2011,north,8. Normal (Poor Direction - N/W),400,4.5
55,10,Low, B,797,Large_Unit,8350169,10477,27/4/2011,east,6. Normal (Good Direction - S/E),200,6
46,3,Low, E,748,Large_Unit,7937776,10612,27/4/2011,south,6. Normal (Good Direction - S/E),500,6
28,5,Low, C,714,Large_Unit,7599816,10644,21/4/2011,east,6. Normal (Good Direction - S/E),400,6
48,6,Low, E,503,Small_Unit,5200014,10338,21/4/2011,south,6. Normal (Good Direction - S/E),500,6
44,21,Mid, C,723,Large_Unit,9500220,13140,21/4/2011,east,3. Premium Partial (Gap Harbour View),650,8
35,23,Mid, F,897,Large_Unit,9849957,10981,21/4/2011,west,3. Premium Partial (Gap Harbour View),600,8
55,23,Mid, E,759,Large_Unit,9099651,11989,19/4/2011,south,6. Normal (Good Direction - S/E),200,6
61,11,Mid, C,707,Large_Unit,7600250,10750,19/4/2011,east,6. Normal (Good Direction - S/E),200,6
7,2,Low, A,582,Middle_Unit,6229728,10704,18/4/2011,north,8. Normal (Poor Direction - N/W),430,4.5
51,6,Low, G,664,Middle_Unit,6930168,10437,15/4/2011,west,8. Normal (Poor Direction - N/W),350,4.5
60,22,Mid, G,563,Middle_Unit,6749807,11989,14/4/2011,west,8. Normal (Poor Direction - N/W),200,4.5
8,9,Low, A,706,Large_Unit,7350166,10411,14/4/2011,north,8. Normal (Poor Direction - N/W),400,4.5
16,12,Mid, F,685,Middle_Unit,4999815,7299,12/4/2011,west,8. Normal (Poor Direction - N/W),400,4.5
2,16,Mid, D,583,Middle_Unit,5599715,9605,11/4/2011,south,2. Premium (Full Mountain),400,8.5
51,9,Low, D,502,Small_Unit,5800108,11554,11/4/2011,south,6. Normal (Good Direction - S/E),350,6
6,2,Low, H,760,Large_Unit,6979840,9184,8/4/2011,north,8. Normal (Poor Direction - N/W),460,4.5
21,7,Low, F,580,Middle_Unit,6250080,10776,8/4/2011,west,8. Normal (Poor Direction - N/W),150,4.5
29,25,Mid, A,703,Large_Unit,8279934,11778,8/4/2011,north,8. Normal (Poor Direction - N/W),400,4.5
60,25,Mid, E,717,Large_Unit,8550225,11925,8/4/2011,south,6. Normal (Good Direction - S/E),200,6
14,21,Mid, H,530,Small_Unit,6329790,11943,8/4/2011,north,8. Normal (Poor Direction - N/W),400,4.5
52,7,Low, G,701,Large_Unit,7570099,10799,8/4/2011,west,8. Normal (Poor Direction - N/W),350,4.5
25,3,Low, D,580,Middle_Unit,5979800,10310,7/4/2011,south,6. Normal (Good Direction - S/E),200,6
28,11,Mid, C,714,Large_Unit,7399896,10364,7/4/2011,east,6. Normal (Good Direction - S/E),400,6
22,10,Low, B,582,Middle_Unit,6699984,11512,7/4/2011,east,6. Normal (Good Direction - S/E),150,6
46,26,High, H,748,Large_Unit,9450232,12634,7/4/2011,north,8. Normal (Poor Direction - N/W),500,4.5
54,12,Mid, B,587,Middle_Unit,6930122,11806,6/4/2011,east,3. Premium Partial (Gap Harbour View),650,8
52,15,Mid, G,701,Large_Unit,7900270,11270,6/4/2011,west,8. Normal (Poor Direction - N/W),350,4.5
55,4,Low, G,680,Middle_Unit,7180120,10559,6/4/2011,west,8. Normal (Poor Direction - N/W),200,4.5
25,3,Low, G,702,Large_Unit,6770088,9644,6/4/2011,west,8. Normal (Poor Direction - N/W),200,4.5
22,6,Low, A,702,Large_Unit,6949800,9900,4/4/2011,north,8. Normal (Poor Direction - N/W),150,4.5
43,9,Low, A,1114,Large_Unit,13999638,12567,4/4/2011,north,1. Premium Plus (Full Harbour),700,9
30,24,Mid, C,606,Middle_Unit,6187866,10211,1/4/2011,east,6. Normal (Good Direction - S/E),500,6
56,12,Mid, A,759,Large_Unit,8880300,11700,1/4/2011,north,8. Normal (Poor Direction - N/W),200,4.5
1,6,Low, D,489,Small_Unit,4249899,8691,1/4/2011,south,10. Poor Street (King's Road Noise Penalty),400,2
30,23,Mid, H,583,Middle_Unit,6499867,11149,31/3/2011,north,8. Normal (Poor Direction - N/W),500,4.5
59,21,Mid, G,567,Middle_Unit,7199766,12698,31/3/2011,west,8. Normal (Poor Direction - N/W),200,4.5
63,19,Mid, F,541,Small_Unit,7109822,13142,31/3/2011,west,8. Normal (Poor Direction - N/W),200,4.5
58,4,Low, H,760,Large_Unit,7780120,10237,30/3/2011,north,8. Normal (Poor Direction - N/W),200,4.5
56,7,Low, A,759,Large_Unit,9199839,12121,30/3/2011,north,8. Normal (Poor Direction - N/W),200,4.5
9,3,Low, F,589,Middle_Unit,5600212,9508,30/3/2011,west,8. Normal (Poor Direction - N/W),400,4.5
29,15,Mid, B,580,Middle_Unit,6960000,12000,29/3/2011,east,6. Normal (Good Direction - S/E),400,6
56,4,Low, A,759,Large_Unit,7980126,10514,29/3/2011,north,8. Normal (Poor Direction - N/W),200,4.5
61,6,Low, C,707,Large_Unit,7999705,11315,29/3/2011,east,6. Normal (Good Direction - S/E),200,6
15,4,Low, B,582,Middle_Unit,6300150,10825,28/3/2011,east,6. Normal (Good Direction - S/E),400,6
13,4,Low, D,593,Middle_Unit,6259708,10556,25/3/2011,south,10. Poor Street (King's Road Noise Penalty),400,2
54,26,High, D,488,Small_Unit,5588088,11451,25/3/2011,south,6. Normal (Good Direction - S/E),650,6
63,24,Mid, F,541,Small_Unit,7200169,13309,25/3/2011,west,8. Normal (Poor Direction - N/W),200,4.5
11,14,Mid, E,689,Middle_Unit,6630247,9623,24/3/2011,south,2. Premium (Full Mountain),400,8.5
38,26,High, F,897,Large_Unit,10500282,11706,23/3/2011,west,3. Premium Partial (Gap Harbour View),600,8
1,27,High, H,545,Small_Unit,5859840,10752,23/3/2011,north,8. Normal (Poor Direction - N/W),400,4.5
19,18,Mid, F,583,Middle_Unit,6350036,10892,23/3/2011,west,8. Normal (Poor Direction - N/W),150,4.5
42,13,Mid, F,897,Large_Unit,9319830,10390,23/3/2011,west,3. Premium Partial (Gap Harbour View),650,8
44,6,Low, F,572,Middle_Unit,6500208,11364,23/3/2011,west,3. Premium Partial (Gap Harbour View),650,8
59,13,Mid, C,714,Large_Unit,8310246,11639,22/3/2011,east,6. Normal (Good Direction - S/E),200,6
63,12,Mid, C,707,Large_Unit,7929712,11216,22/3/2011,east,6. Normal (Good Direction - S/E),200,6
49,18,Mid, E,502,Small_Unit,5920086,11793,21/3/2011,south,6. Normal (Good Direction - S/E),500,6
52,9,Low, A,582,Middle_Unit,6719772,11546,17/3/2011,north,8. Normal (Poor Direction - N/W),350,4.5
61,7,Low, B,563,Middle_Unit,6700263,11901,16/3/2011,east,6. Normal (Good Direction - S/E),200,6
43,3,Low, F,897,Large_Unit,8400405,9365,16/3/2011,west,3. Premium Partial (Gap Harbour View),700,8
18,13,Mid, A,690,Middle_Unit,7000050,10145,16/3/2011,north,8. Normal (Poor Direction - N/W),400,4.5
27,25,Mid, A,580,Middle_Unit,5780280,9966,15/3/2011,north,8. Normal (Poor Direction - N/W),400,4.5
63,24,Mid, G,541,Small_Unit,7599968,14048,15/3/2011,west,8. Normal (Poor Direction - N/W),200,4.5
21,28,High, E,702,Large_Unit,7599852,10826,14/3/2011,south,6. Normal (Good Direction - S/E),150,6
47,8,Low, F,707,Large_Unit,8199786,11598,11/3/2011,west,8. Normal (Poor Direction - N/W),500,4.5
12,6,Low, F,581,Middle_Unit,5700191,9811,11/3/2011,west,8. Normal (Poor Direction - N/W),400,4.5
28,10,Low, A,706,Large_Unit,7679868,10878,11/3/2011,north,8. Normal (Poor Direction - N/W),400,4.5
18,7,Low, B,684,Middle_Unit,5469948,7997,11/3/2011,east,6. Normal (Good Direction - S/E),400,6
16,9,Low, H,593,Middle_Unit,5500075,9275,10/3/2011,north,8. Normal (Poor Direction - N/W),400,4.5
55,9,Low, A,759,Large_Unit,8480307,11173,10/3/2011,north,8. Normal (Poor Direction - N/W),200,4.5
57,26,High, F,716,Large_Unit,8200348,11453,9/3/2011,west,8. Normal (Poor Direction - N/W),200,4.5
49,23,Mid, F,664,Middle_Unit,7379696,11114,9/3/2011,west,8. Normal (Poor Direction - N/W),500,4.5
45,4,Low, F,572,Middle_Unit,5349916,9353,8/3/2011,west,3. Premium Partial (Gap Harbour View),650,8
55,7,Low, A,759,Large_Unit,7879938,10382,8/3/2011,north,8. Normal (Poor Direction - N/W),200,4.5
17,16,Mid, B,582,Middle_Unit,6485808,11144,7/3/2011,east,6. Normal (Good Direction - S/E),400,6
25,24,Mid, E,580,Middle_Unit,6250080,10776,7/3/2011,south,6. Normal (Good Direction - S/E),200,6
53,16,Mid, F,719,Large_Unit,7799712,10848,7/3/2011,west,8. Normal (Poor Direction - N/W),350,4.5
57,16,Mid, H,760,Large_Unit,9779680,12868,4/3/2011,north,8. Normal (Poor Direction - N/W),200,4.5
26,15,Mid, D,747,Large_Unit,8830287,11821,3/3/2011,south,6. Normal (Good Direction - S/E),200,6
47,8,Low, A,580,Middle_Unit,6500060,11207,3/3/2011,north,8. Normal (Poor Direction - N/W),500,4.5
34,14,Mid, B,1015,Large_Unit,12800165,12611,3/3/2011,east,3. Premium Partial (Gap Harbour View),650,8
59,17,Mid, E,584,Middle_Unit,7380008,12637,2/3/2011,south,6. Normal (Good Direction - S/E),200,6
31,29,High, E,580,Middle_Unit,6229780,10741,2/3/2011,south,6. Normal (Good Direction - S/E),500,6
7,11,Mid, D,582,Middle_Unit,5800212,9966,2/3/2011,south,2. Premium (Full Mountain),430,8.5
51,5,Low, F,664,Middle_Unit,6300032,9488,2/3/2011,west,8. Normal (Poor Direction - N/W),350,4.5
61,25,Mid, H,596,Middle_Unit,7479800,12550,1/3/2011,north,8. Normal (Poor Direction - N/W),200,4.5
22,14,Mid, B,582,Middle_Unit,6499776,11168,1/3/2011,east,6. Normal (Good Direction - S/E),150,6
47,23,Mid, E,580,Middle_Unit,6299960,10862,28/2/2011,south,6. Normal (Good Direction - S/E),500,6
27,25,Mid, B,703,Large_Unit,7150213,10171,28/2/2011,east,6. Normal (Good Direction - S/E),400,6
25,6,Low, H,580,Middle_Unit,6299960,10862,28/2/2011,north,8. Normal (Poor Direction - N/W),200,4.5
55,26,High, D,763,Large_Unit,8299914,10878,28/2/2011,south,6. Normal (Good Direction - S/E),200,6
52,25,Mid, C,701,Large_Unit,7950041,11341,25/2/2011,east,6. Normal (Good Direction - S/E),350,6
38,5,Low, E,922,Large_Unit,10000012,10846,25/2/2011,south,6. Normal (Good Direction - S/E),600,6
37,7,Low, A,1114,Large_Unit,14499824,13016,25/2/2011,north,1. Premium Plus (Full Harbour),600,9
8,21,Mid, F,582,Middle_Unit,6499776,11168,25/2/2011,west,8. Normal (Poor Direction - N/W),400,4.5
47,11,Mid, A,580,Middle_Unit,6500060,11207,25/2/2011,north,8. Normal (Poor Direction - N/W),500,4.5
15,8,Low, D,689,Middle_Unit,6387719,9271,25/2/2011,south,10. Poor Street (King's Road Noise Penalty),400,2
55,24,Mid, E,759,Large_Unit,8679924,11436,25/2/2011,south,6. Normal (Good Direction - S/E),200,6
17,10,Low, B,582,Middle_Unit,6350202,10911,24/2/2011,east,6. Normal (Good Direction - S/E),400,6
41,27,High, E,922,Large_Unit,11000382,11931,24/2/2011,south,6. Normal (Good Direction - S/E),600,6
21,8,Low, A,709,Large_Unit,6999957,9873,24/2/2011,north,8. Normal (Poor Direction - N/W),150,4.5
7,5,Low, G,536,Small_Unit,5950136,11101,24/2/2011,west,8. Normal (Poor Direction - N/W),430,4.5
25,23,Mid, B,702,Large_Unit,7750080,11040,24/2/2011,east,6. Normal (Good Direction - S/E),200,6
20,10,Low, G,716,Large_Unit,7600340,10615,24/2/2011,west,8. Normal (Poor Direction - N/W),150,4.5
21,3,Low, B,723,Large_Unit,7200357,9959,23/2/2011,east,6. Normal (Good Direction - S/E),150,6
11,27,High, A,598,Middle_Unit,6680258,11171,23/2/2011,north,8. Normal (Poor Direction - N/W),400,4.5
31,10,Low, C,703,Large_Unit,7749872,11024,23/2/2011,east,6. Normal (Good Direction - S/E),500,6
55,7,Low, E,759,Large_Unit,8679924,11436,23/2/2011,south,6. Normal (Good Direction - S/E),200,6
49,20,Mid, D,502,Small_Unit,5650010,11255,23/2/2011,south,6. Normal (Good Direction - S/E),500,6
22,5,Low, B,582,Middle_Unit,6350202,10911,23/2/2011,east,6. Normal (Good Direction - S/E),150,6
19,3,Low, H,489,Small_Unit,4600023,9407,23/2/2011,north,8. Normal (Poor Direction - N/W),150,4.5
45,26,High, G,572,Middle_Unit,6650072,11626,23/2/2011,west,3. Premium Partial (Gap Harbour View),650,8
12,5,Low, C,684,Middle_Unit,6599916,9649,23/2/2011,east,6. Normal (Good Direction - S/E),400,6
12,2,Low, A,548,Small_Unit,5147912,9394,22/2/2011,north,8. Normal (Poor Direction - N/W),400,4.5
17,19,Mid, B,582,Middle_Unit,6099942,10481,22/2/2011,east,6. Normal (Good Direction - S/E),400,6
61,12,Mid, B,563,Middle_Unit,6320238,11226,22/2/2011,east,6. Normal (Good Direction - S/E),200,6
51,6,Low, A,701,Large_Unit,6899943,9843,22/2/2011,north,8. Normal (Poor Direction - N/W),350,4.5
10,25,Mid, D,689,Middle_Unit,7049848,10232,21/2/2011,south,2. Premium (Full Mountain),400,8.5
18,20,Mid, A,690,Middle_Unit,7200150,10435,21/2/2011,north,8. Normal (Poor Direction - N/W),400,4.5
27,29,High, E,580,Middle_Unit,6149740,10603,21/2/2011,south,6. Normal (Good Direction - S/E),400,6
33,4,Low, G,1015,Large_Unit,11299995,11133,21/2/2011,west,3. Premium Partial (Gap Harbour View),700,8
50,22,Mid, D,503,Small_Unit,5730176,11392,21/2/2011,south,6. Normal (Good Direction - S/E),350,6
27,26,High, G,530,Small_Unit,5300000,10000,21/2/2011,west,8. Normal (Poor Direction - N/W),400,4.5
44,3,Low, G,572,Middle_Unit,5908188,10329,21/2/2011,west,3. Premium Partial (Gap Harbour View),650,8
43,11,Mid, G,1015,Large_Unit,12680395,12493,21/2/2011,west,3. Premium Partial (Gap Harbour View),700,8
8,3,Low, B,722,Large_Unit,6450348,8934,21/2/2011,east,6. Normal (Good Direction - S/E),400,6
15,25,Mid, A,530,Small_Unit,5548040,10468,18/2/2011,north,8. Normal (Poor Direction - N/W),400,4.5
20,24,Mid, C,785,Large_Unit,8599675,10955,18/2/2011,east,6. Normal (Good Direction - S/E),150,6
62,4,Low, F,646,Middle_Unit,7200316,11146,18/2/2011,west,8. Normal (Poor Direction - N/W),200,4.5
62,23,Mid, H,592,Middle_Unit,7079728,11959,18/2/2011,north,8. Normal (Poor Direction - N/W),200,4.5
18,22,Mid, D,593,Middle_Unit,6429899,10843,18/2/2011,south,2. Premium (Full Mountain),400,8.5
36,19,Mid, H,1114,Large_Unit,15379884,13806,18/2/2011,north,1. Premium Plus (Full Harbour),600,9
32,28,High, E,580,Middle_Unit,6299960,10862,18/2/2011,south,6. Normal (Good Direction - S/E),500,6
19,17,Mid, D,545,Small_Unit,5279960,9688,17/2/2011,south,6. Normal (Good Direction - S/E),150,6
2,6,Low, B,489,Small_Unit,4080216,8344,17/2/2011,east,6. Normal (Good Direction - S/E),400,6
8,28,High, H,596,Middle_Unit,6319984,10604,17/2/2011,north,8. Normal (Poor Direction - N/W),400,4.5
19,13,Mid, H,489,Small_Unit,5159928,10552,17/2/2011,north,8. Normal (Poor Direction - N/W),150,4.5
17,16,Mid, H,593,Middle_Unit,5520237,9309,17/2/2011,north,8. Normal (Poor Direction - N/W),400,4.5
15,9,Low, H,530,Small_Unit,5398580,10186,17/2/2011,north,8. Normal (Poor Direction - N/W),400,4.5
42,15,Mid, C,897,Large_Unit,9830223,10959,17/2/2011,east,3. Premium Partial (Gap Harbour View),650,8
29,5,Low, D,530,Small_Unit,5338160,10072,17/2/2011,south,6. Normal (Good Direction - S/E),400,6
56,18,Mid, B,792,Large_Unit,9999792,12626,17/2/2011,east,6. Normal (Good Direction - S/E),200,6
44,20,Mid, F,572,Middle_Unit,6380088,11154,17/2/2011,west,3. Premium Partial (Gap Harbour View),650,8
48,6,Low, C,662,Middle_Unit,6829854,10317,16/2/2011,east,6. Normal (Good Direction - S/E),500,6
13,26,High, F,685,Middle_Unit,7100025,10365,16/2/2011,west,8. Normal (Poor Direction - N/W),400,4.5
39,13,Mid, E,922,Large_Unit,9500288,10304,16/2/2011,south,6. Normal (Good Direction - S/E),600,6
30,28,High, B,606,Middle_Unit,6370272,10512,16/2/2011,east,6. Normal (Good Direction - S/E),500,6
11,20,Mid, E,689,Middle_Unit,6699836,9724,16/2/2011,south,2. Premium (Full Mountain),400,8.5
29,23,Mid, F,580,Middle_Unit,6149740,10603,16/2/2011,west,8. Normal (Poor Direction - N/W),400,4.5
63,16,Mid, C,707,Large_Unit,8230187,11641,16/2/2011,east,6. Normal (Good Direction - S/E),200,6
48,9,Low, E,503,Small_Unit,5560162,11054,15/2/2011,south,6. Normal (Good Direction - S/E),500,6
54,27,High, E,488,Small_Unit,5599800,11475,15/2/2011,south,6. Normal (Good Direction - S/E),650,6
51,8,Low, B,582,Middle_Unit,6275124,10782,15/2/2011,east,6. Normal (Good Direction - S/E),350,6
1,16,Mid, B,580,Middle_Unit,4779780,8241,15/2/2011,east,6. Normal (Good Direction - S/E),400,6
12,18,Mid, C,684,Middle_Unit,7080084,10351,15/2/2011,east,6. Normal (Good Direction - S/E),400,6
46,25,Mid, H,748,Large_Unit,8599756,11497,15/2/2011,north,8. Normal (Poor Direction - N/W),500,4.5
35,4,Low, C,897,Large_Unit,8900034,9922,15/2/2011,east,3. Premium Partial (Gap Harbour View),600,8
48,13,Mid, F,580,Middle_Unit,6200200,10690,15/2/2011,west,8. Normal (Poor Direction - N/W),500,4.5
29,29,High, D,530,Small_Unit,5630190,10623,15/2/2011,south,6. Normal (Good Direction - S/E),400,6
38,10,Low, C,897,Large_Unit,8950266,9978,14/2/2011,east,3. Premium Partial (Gap Harbour View),600,8
32,2,Low, G,503,Small_Unit,4380124,8708,11/2/2011,west,8. Normal (Poor Direction - N/W),500,4.5
56,15,Mid, E,759,Large_Unit,8760378,11542,11/2/2011,south,6. Normal (Good Direction - S/E),200,6
38,7,Low, F,897,Large_Unit,9599694,10702,11/2/2011,west,3. Premium Partial (Gap Harbour View),600,8
15,13,Mid, D,689,Middle_Unit,6500026,9434,11/2/2011,south,10. Poor Street (King's Road Noise Penalty),400,2
48,21,Mid, G,580,Middle_Unit,6549940,11293,11/2/2011,west,8. Normal (Poor Direction - N/W),500,4.5
27,17,Mid, G,530,Small_Unit,5300000,10000,11/2/2011,west,8. Normal (Poor Direction - N/W),400,4.5
22,16,Mid, D,702,Large_Unit,6949800,9900,11/2/2011,south,6. Normal (Good Direction - S/E),150,6
20,28,High, H,747,Large_Unit,9049905,12115,11/2/2011,north,8. Normal (Poor Direction - N/W),150,4.5
50,9,Low, D,503,Small_Unit,5400208,10736,10/2/2011,south,6. Normal (Good Direction - S/E),350,6
9,27,High, D,670,Middle_Unit,6600170,9851,10/2/2011,south,10. Poor Street (King's Road Noise Penalty),400,2
50,11,Mid, E,503,Small_Unit,5238242,10414,10/2/2011,south,6. Normal (Good Direction - S/E),350,6
38,7,Low, A,1114,Large_Unit,13988498,12557,10/2/2011,north,1. Premium Plus (Full Harbour),600,9
59,23,Mid, H,584,Middle_Unit,6800096,11644,10/2/2011,north,8. Normal (Poor Direction - N/W),200,4.5
56,4,Low, H,759,Large_Unit,7800243,10277,10/2/2011,north,8. Normal (Poor Direction - N/W),200,4.5
49,7,Low, F,664,Middle_Unit,5600176,8434,10/2/2011,west,8. Normal (Poor Direction - N/W),500,4.5
20,4,Low, D,747,Large_Unit,7349733,9839,10/2/2011,south,6. Normal (Good Direction - S/E),150,6
19,8,Low, F,583,Middle_Unit,5659764,9708,10/2/2011,west,8. Normal (Poor Direction - N/W),150,4.5
58,10,Low, B,792,Large_Unit,8879904,11212,9/2/2011,east,6. Normal (Good Direction - S/E),200,6
6,18,Mid, C,797,Large_Unit,7980361,10013,9/2/2011,east,6. Normal (Good Direction - S/E),460,6
1,25,Mid, H,545,Small_Unit,4900095,8991,9/2/2011,north,8. Normal (Poor Direction - N/W),400,4.5
11,26,High, E,689,Middle_Unit,6850038,9942,9/2/2011,south,2. Premium (Full Mountain),400,8.5
23,3,Low, G,580,Middle_Unit,5330200,9190,9/2/2011,west,8. Normal (Poor Direction - N/W),200,4.5
41,12,Mid, G,1015,Large_Unit,13350295,13153,9/2/2011,west,3. Premium Partial (Gap Harbour View),600,8
63,6,Low, H,592,Middle_Unit,6549888,11064,9/2/2011,north,8. Normal (Poor Direction - N/W),200,4.5
33,8,Low, F,897,Large_Unit,8799570,9810,8/2/2011,west,3. Premium Partial (Gap Harbour View),700,4.5
31,12,Mid, H,580,Middle_Unit,6099860,10517,8/2/2011,north,8. Normal (Poor Direction - N/W),500,4.5
18,21,Mid, F,684,Middle_Unit,6669684,9751,8/2/2011,west,8. Normal (Poor Direction - N/W),400,4.5
8,2,Low, B,722,Large_Unit,6017870,8335,8/2/2011,east,6. Normal (Good Direction - S/E),400,6
39,11,Mid, A,1114,Large_Unit,14280366,12819,8/2/2011,north,1. Premium Plus (Full Harbour),600,1
9,20,Mid, C,589,Middle_Unit,5399952,9168,8/2/2011,east,6. Normal (Good Direction - S/E),400,6
50,15,Mid, F,582,Middle_Unit,6149994,10567,7/2/2011,west,8. Normal (Poor Direction - N/W),350,4.5
30,27,High, F,506,Small_Unit,3900248,7708,7/2/2011,west,8. Normal (Poor Direction - N/W),500,4.5
51,22,Mid, B,582,Middle_Unit,6400254,10997,7/2/2011,east,6. Normal (Good Direction - S/E),350,6
2,1,Low, G,558,Middle_Unit,3738042,6699,7/2/2011,west,8. Normal (Poor Direction - N/W),400,4.5
14,11,Mid, D,689,Middle_Unit,6599931,9579,7/2/2011,south,2. Premium (Full Mountain),400,8.5
60,6,Low, E,714,Large_Unit,7199976,10084,2/2/2011,south,6. Normal (Good Direction - S/E),200,6
11,26,High, G,691,Middle_Unit,6900326,9986,2/2/2011,west,8. Normal (Poor Direction - N/W),400,4.5
54,22,Mid, F,587,Middle_Unit,6199894,10562,2/2/2011,west,3. Premium Partial (Gap Harbour View),650,8
61,11,Mid, B,563,Middle_Unit,6299970,11190,2/2/2011,east,6. Normal (Good Direction - S/E),200,6
52,28,High, D,582,Middle_Unit,7120188,12234,2/2/2011,south,6. Normal (Good Direction - S/E),350,6
50,10,Low, D,503,Small_Unit,5060180,10060,2/2/2011,south,6. Normal (Good Direction - S/E),350,6
54,16,Mid, E,488,Small_Unit,5460232,11189,1/2/2011,south,6. Normal (Good Direction - S/E),650,6
43,18,Mid, C,897,Large_Unit,9760257,10881,1/2/2011,east,3. Premium Partial (Gap Harbour View),700,8
15,5,Low, H,530,Small_Unit,5180220,9774,1/2/2011,north,8. Normal (Poor Direction - N/W),400,4.5
22,12,Mid, B,582,Middle_Unit,6099942,10481,1/2/2011,east,6. Normal (Good Direction - S/E),150,6
39,2,Low, F,897,Large_Unit,8700003,9699,1/2/2011,west,8. Normal (Poor Direction - N/W),600,4.5
1,15,Mid, C,580,Middle_Unit,4550100,7845,1/2/2011,east,6. Normal (Good Direction - S/E),400,6
22,9,Low, D,702,Large_Unit,6749730,9615,1/2/2011,south,6. Normal (Good Direction - S/E),150,6
10,14,Mid, B,582,Middle_Unit,5899734,10137,31/1/2011,east,6. Normal (Good Direction - S/E),400,6
49,16,Mid, F,664,Middle_Unit,7029768,10587,31/1/2011,west,8. Normal (Poor Direction - N/W),500,4.5
15,27,High, E,689,Middle_Unit,7499765,10885,31/1/2011,south,10. Poor Street (King's Road Noise Penalty),400,2
19,7,Low, F,583,Middle_Unit,5080262,8714,31/1/2011,west,8. Normal (Poor Direction - N/W),150,4.5
53,13,Mid, A,749,Large_Unit,8200052,10948,31/1/2011,north,8. Normal (Poor Direction - N/W),350,4.5
48,14,Mid, C,662,Middle_Unit,6819924,10302,31/1/2011,east,6. Normal (Good Direction - S/E),500,6
48,4,Low, F,580,Middle_Unit,5800000,10000,31/1/2011,west,8. Normal (Poor Direction - N/W),500,4.5
47,18,Mid, E,580,Middle_Unit,6179900,10655,31/1/2011,south,6. Normal (Good Direction - S/E),500,6
19,3,Low, D,545,Small_Unit,4819980,8844,28/1/2011,south,6. Normal (Good Direction - S/E),150,6
35,14,Mid, C,897,Large_Unit,9249864,10312,28/1/2011,east,3. Premium Partial (Gap Harbour View),600,8
19,7,Low, E,545,Small_Unit,5079945,9321,28/1/2011,south,6. Normal (Good Direction - S/E),150,6
11,9,Low, H,598,Middle_Unit,5600270,9365,28/1/2011,north,8. Normal (Poor Direction - N/W),400,4.5
43,3,Low, E,922,Large_Unit,8400342,9111,28/1/2011,south,6. Normal (Good Direction - S/E),700,6
16,6,Low, C,685,Middle_Unit,5699885,8321,28/1/2011,east,6. Normal (Good Direction - S/E),400,6
19,17,Mid, A,489,Small_Unit,4838166,9894,28/1/2011,north,8. Normal (Poor Direction - N/W),150,4.5
45,7,Low, H,708,Large_Unit,7424796,10487,27/1/2011,north,1. Premium Plus (Full Harbour),650,9
19,7,Low, H,489,Small_Unit,4809804,9836,27/1/2011,north,8. Normal (Poor Direction - N/W),150,4.5
51,15,Mid, F,664,Middle_Unit,6950088,10467,27/1/2011,west,8. Normal (Poor Direction - N/W),350,4.5
24,3,Low, C,580,Middle_Unit,5120240,8828,27/1/2011,east,6. Normal (Good Direction - S/E),200,6
27,8,Low, H,580,Middle_Unit,5719960,9862,27/1/2011,north,8. Normal (Poor Direction - N/W),400,4.5
19,24,Mid, G,583,Middle_Unit,5649853,9691,27/1/2011,west,8. Normal (Poor Direction - N/W),150,4.5
58,22,Mid, A,760,Large_Unit,9230200,12145,26/1/2011,north,8. Normal (Poor Direction - N/W),200,4.5
18,11,Mid, F,684,Middle_Unit,6850260,10015,26/1/2011,west,8. Normal (Poor Direction - N/W),400,4.5
2,6,Low, A,583,Middle_Unit,4650008,7976,26/1/2011,north,8. Normal (Poor Direction - N/W),400,4.5
13,12,Mid, G,685,Middle_Unit,6519830,9518,26/1/2011,west,8. Normal (Poor Direction - N/W),400,4.5
6,4,Low, A,760,Large_Unit,6799720,8947,26/1/2011,north,8. Normal (Poor Direction - N/W),460,4.5
58,24,Mid, G,717,Large_Unit,8180253,11409,26/1/2011,west,8. Normal (Poor Direction - N/W),200,4.5
37,13,Mid, D,922,Large_Unit,9799938,10629,26/1/2011,south,6. Normal (Good Direction - S/E),600,6
40,26,High, D,922,Large_Unit,10800308,11714,26/1/2011,south,6. Normal (Good Direction - S/E),600,6
60,12,Mid, B,680,Middle_Unit,7080160,10412,25/1/2011,east,6. Normal (Good Direction - S/E),200,6
7,4,Low, F,536,Small_Unit,4979976,9291,25/1/2011,west,8. Normal (Poor Direction - N/W),430,4.5
40,15,Mid, H,1114,Large_Unit,14700344,13196,25/1/2011,north,1. Premium Plus (Full Harbour),600,9
46,15,Mid, B,809,Large_Unit,8800302,10878,24/1/2011,east,6. Normal (Good Direction - S/E),500,6
58,26,High, H,764,Large_Unit,7750016,10144,24/1/2011,north,8. Normal (Poor Direction - N/W),200,4.5
61,4,Low, D,714,Large_Unit,7379904,10336,21/1/2011,south,6. Normal (Good Direction - S/E),200,6
32,2,Low, E,577,Middle_Unit,5280127,9151,21/1/2011,south,6. Normal (Good Direction - S/E),500,6
15,22,Mid, A,530,Small_Unit,5419780,10226,21/1/2011,north,8. Normal (Poor Direction - N/W),400,4.5
8,11,Mid, D,689,Middle_Unit,6400121,9289,21/1/2011,south,2. Premium (Full Mountain),400,8.5
12,13,Mid, H,593,Middle_Unit,5580130,9410,21/1/2011,north,8. Normal (Poor Direction - N/W),400,4.5
3,15,Mid, G,545,Small_Unit,4879930,8954,20/1/2011,west,8. Normal (Poor Direction - N/W),400,4.5
13,7,Low, D,593,Middle_Unit,5549887,9359,20/1/2011,south,10. Poor Street (King's Road Noise Penalty),400,2
31,18,Mid, G,503,Small_Unit,5200014,10338,20/1/2011,west,8. Normal (Poor Direction - N/W),500,4.5
38,4,Low, G,1015,Large_Unit,10999555,10837,20/1/2011,west,3. Premium Partial (Gap Harbour View),600,8
14,27,High, H,530,Small_Unit,5449990,10283,20/1/2011,north,8. Normal (Poor Direction - N/W),400,4.5
44,19,Mid, C,723,Large_Unit,8550198,11826,19/1/2011,east,3. Premium Partial (Gap Harbour View),650,8
16,8,Low, C,685,Middle_Unit,5819760,8496,19/1/2011,east,6. Normal (Good Direction - S/E),400,6
24,6,Low, C,580,Middle_Unit,5599900,9655,19/1/2011,east,6. Normal (Good Direction - S/E),200,6
51,10,Low, C,582,Middle_Unit,5870052,10086,19/1/2011,east,6. Normal (Good Direction - S/E),350,6
11,22,Mid, A,598,Middle_Unit,5579938,9331,19/1/2011,north,8. Normal (Poor Direction - N/W),400,4.5
54,24,Mid, D,488,Small_Unit,5120096,10492,19/1/2011,south,6. Normal (Good Direction - S/E),650,6
21,24,Mid, A,709,Large_Unit,7699740,10860,18/1/2011,north,8. Normal (Poor Direction - N/W),150,4.5
23,7,Low, B,580,Middle_Unit,6349840,10948,18/1/2011,east,6. Normal (Good Direction - S/E),200,6
44,27,High, D,708,Large_Unit,8280060,11695,18/1/2011,south,6. Normal (Good Direction - S/E),650,6
48,24,Mid, H,603,Middle_Unit,6259743,10381,18/1/2011,north,8. Normal (Poor Direction - N/W),500,4.5
8,25,Mid, H,596,Middle_Unit,5800272,9732,17/1/2011,north,8. Normal (Poor Direction - N/W),400,4.5
49,3,Low, C,582,Middle_Unit,5080278,8729,17/1/2011,east,6. Normal (Good Direction - S/E),500,6
27,19,Mid, B,703,Large_Unit,6989929,9943,17/1/2011,east,6. Normal (Good Direction - S/E),400,6
15,21,Mid, H,530,Small_Unit,5300000,10000,17/1/2011,north,8. Normal (Poor Direction - N/W),400,4.5
11,11,Mid, D,689,Middle_Unit,5950204,8636,17/1/2011,south,2. Premium (Full Mountain),400,8.5
29,9,Low, A,703,Large_Unit,6918223,9841,17/1/2011,north,8. Normal (Poor Direction - N/W),400,4.5
62,4,Low, D,715,Large_Unit,6750315,9441,17/1/2011,south,6. Normal (Good Direction - S/E),200,6
13,3,Low, H,689,Middle_Unit,5890261,8549,17/1/2011,north,8. Normal (Poor Direction - N/W),400,4.5
41,19,Mid, D,922,Large_Unit,10600234,11497,17/1/2011,south,6. Normal (Good Direction - S/E),600,6
35,10,Low, D,922,Large_Unit,9550076,10358,14/1/2011,south,6. Normal (Good Direction - S/E),600,6
62,26,High, A,597,Middle_Unit,6279843,10519,14/1/2011,north,8. Normal (Poor Direction - N/W),200,4.5
30,16,Mid, B,606,Middle_Unit,5932740,9790,14/1/2011,east,6. Normal (Good Direction - S/E),500,6
60,6,Low, F,647,Middle_Unit,6559933,10139,14/1/2011,west,8. Normal (Poor Direction - N/W),200,4.5
26,24,Mid, B,785,Large_Unit,8499980,10828,14/1/2011,east,6. Normal (Good Direction - S/E),200,6
45,10,Low, H,708,Large_Unit,7800036,11017,14/1/2011,north,1. Premium Plus (Full Harbour),650,9
28,28,High, F,583,Middle_Unit,5800267,9949,13/1/2011,west,8. Normal (Poor Direction - N/W),400,4.5
21,6,Low, G,580,Middle_Unit,5500140,9483,13/1/2011,west,8. Normal (Poor Direction - N/W),150,4.5
2,28,High, H,583,Middle_Unit,5449884,9348,13/1/2011,north,8. Normal (Poor Direction - N/W),400,4.5
21,3,Low, E,702,Large_Unit,5790096,8248,13/1/2011,south,6. Normal (Good Direction - S/E),150,6
54,27,High, B,587,Middle_Unit,6570291,11193,12/1/2011,east,3. Premium Partial (Gap Harbour View),650,8
19,1,Low, A,447,Small_Unit,3449946,7718,12/1/2011,north,8. Normal (Poor Direction - N/W),150,4.5
13,27,High, C,685,Middle_Unit,7350050,10730,12/1/2011,east,6. Normal (Good Direction - S/E),400,6
19,15,Mid, G,583,Middle_Unit,5540249,9503,12/1/2011,west,8. Normal (Poor Direction - N/W),150,4.5
33,1,Low, F,945,Large_Unit,7699860,8148,12/1/2011,west,3. Premium Partial (Gap Harbour View),700,4.5
6,15,Mid, A,760,Large_Unit,7950360,10461,11/1/2011,north,8. Normal (Poor Direction - N/W),460,4.5
2,2,Low, B,482,Small_Unit,3480040,7220,11/1/2011,east,6. Normal (Good Direction - S/E),400,6
49,8,Low, E,502,Small_Unit,5099818,10159,11/1/2011,south,6. Normal (Good Direction - S/E),500,6
2,3,Low, C,502,Small_Unit,3700242,7371,10/1/2011,east,6. Normal (Good Direction - S/E),400,6
28,4,Low, D,602,Middle_Unit,5599804,9302,7/1/2011,south,6. Normal (Good Direction - S/E),400,6
46,4,Low, F,718,Large_Unit,6849720,9540,7/1/2011,west,8. Normal (Poor Direction - N/W),500,4.5
54,17,Mid, H,552,Middle_Unit,5680080,10290,6/1/2011,north,1. Premium Plus (Full Harbour),650,9
50,24,Mid, C,664,Middle_Unit,6679840,10060,6/1/2011,east,6. Normal (Good Direction - S/E),350,6
34,13,Mid, E,922,Large_Unit,9100140,9870,6/1/2011,south,6. Normal (Good Direction - S/E),650,6
53,4,Low, F,719,Large_Unit,6499760,9040,5/1/2011,west,8. Normal (Poor Direction - N/W),350,4.5
10,10,Low, A,536,Small_Unit,5269952,9832,5/1/2011,north,8. Normal (Poor Direction - N/W),400,4.5
33,26,High, D,922,Large_Unit,10379876,11258,5/1/2011,south,6. Normal (Good Direction - S/E),700,6
19,22,Mid, F,583,Middle_Unit,5100084,8748,3/1/2011,west,8. Normal (Poor Direction - N/W),150,4.5
